Country,Code,Year,DALYs (Disability-Adjusted Life Years) - Non-communicable diseases 
Afghanistan,AFG,1990,41788.96546
Afghanistan,AFG,1991,40755.93715
Afghanistan,AFG,1992,40117.48897
Afghanistan,AFG,1993,40401.652
Afghanistan,AFG,1994,40826.3074
Afghanistan,AFG,1995,40779.74579
Afghanistan,AFG,1996,40851.3491
Afghanistan,AFG,1997,41017.34234
Afghanistan,AFG,1998,41134.32584
Afghanistan,AFG,1999,41298.35895
Afghanistan,AFG,2000,41350.56424
Afghanistan,AFG,2001,41264.833
Afghanistan,AFG,2002,40341.89358
Afghanistan,AFG,2003,40390.94973
Afghanistan,AFG,2004,40169.57372
Afghanistan,AFG,2005,39608.26228
Afghanistan,AFG,2006,39096.50117
Afghanistan,AFG,2007,38384.11333
Afghanistan,AFG,2008,37674.61461
Afghanistan,AFG,2009,36974.17434
Afghanistan,AFG,2010,36399.17187
Afghanistan,AFG,2011,35856.02055
Afghanistan,AFG,2012,35352.33349
Afghanistan,AFG,2013,34938.87215
Afghanistan,AFG,2014,34614.10617
Afghanistan,AFG,2015,34346.12379
Afghanistan,AFG,2016,34049.1891
Afghanistan,AFG,2017,33845.09909
Afghanistan,AFG,2018,33588.60378
Afghanistan,AFG,2019,33303.39076
African Region (WHO),,1990,25429.65204
African Region (WHO),,1991,25351.66379
African Region (WHO),,1992,25378.54571
African Region (WHO),,1993,25240.68406
African Region (WHO),,1994,25206.51829
African Region (WHO),,1995,25118.63817
African Region (WHO),,1996,25088.82242
African Region (WHO),,1997,25149.44945
African Region (WHO),,1998,25120.60466
African Region (WHO),,1999,24974.80703
African Region (WHO),,2000,24900.1103
African Region (WHO),,2001,24686.93488
African Region (WHO),,2002,24584.4981
African Region (WHO),,2003,24468.80586
African Region (WHO),,2004,24325.01992
African Region (WHO),,2005,24144.47357
African Region (WHO),,2006,24032.67712
African Region (WHO),,2007,23815.38021
African Region (WHO),,2008,23629.32762
African Region (WHO),,2009,23503.64328
African Region (WHO),,2010,23359.12346
African Region (WHO),,2011,23229.04989
African Region (WHO),,2012,23117.32209
African Region (WHO),,2013,22997.3645
African Region (WHO),,2014,22881.3575
African Region (WHO),,2015,22774.37142
African Region (WHO),,2016,22622.81917
African Region (WHO),,2017,22462.51212
African Region (WHO),,2018,22264.77243
African Region (WHO),,2019,22077.99628
Albania,ALB,1990,21036.37279
Albania,ALB,1991,21253.27334
Albania,ALB,1992,20649.66749
Albania,ALB,1993,20035.90948
Albania,ALB,1994,19242.23352
Albania,ALB,1995,19349.90305
Albania,ALB,1996,19463.99378
Albania,ALB,1997,19366.21158
Albania,ALB,1998,19253.0285
Albania,ALB,1999,19283.46908
Albania,ALB,2000,19207.69066
Albania,ALB,2001,18746.30612
Albania,ALB,2002,19026.02928
Albania,ALB,2003,19579.09549
Albania,ALB,2004,19618.51158
Albania,ALB,2005,19407.53883
Albania,ALB,2006,18829.95882
Albania,ALB,2007,18279.53699
Albania,ALB,2008,18267.26364
Albania,ALB,2009,18032.92481
Albania,ALB,2010,17856.82442
Albania,ALB,2011,17917.27942
Albania,ALB,2012,17837.57316
Albania,ALB,2013,17806.12135
Albania,ALB,2014,17875.6185
Albania,ALB,2015,17947.8459
Albania,ALB,2016,17869.75002
Albania,ALB,2017,17786.7098
Albania,ALB,2018,17693.1881
Albania,ALB,2019,17621.16608
Algeria,DZA,1990,28582.03362
Algeria,DZA,1991,28025.22736
Algeria,DZA,1992,27597.69908
Algeria,DZA,1993,27230.20574
Algeria,DZA,1994,26900.83729
Algeria,DZA,1995,26520.36931
Algeria,DZA,1996,26120.06193
Algeria,DZA,1997,25764.17002
Algeria,DZA,1998,25325.59391
Algeria,DZA,1999,25111.67934
Algeria,DZA,2000,24788.28488
Algeria,DZA,2001,24457.85159
Algeria,DZA,2002,24109.30592
Algeria,DZA,2003,23754.19137
Algeria,DZA,2004,23468.3432
Algeria,DZA,2005,23158.9402
Algeria,DZA,2006,22849.75083
Algeria,DZA,2007,22552.50736
Algeria,DZA,2008,22283.29089
Algeria,DZA,2009,22029.40657
Algeria,DZA,2010,21800.78737
Algeria,DZA,2011,21635.16289
Algeria,DZA,2012,21435.20687
Algeria,DZA,2013,21260.16728
Algeria,DZA,2014,21153.14525
Algeria,DZA,2015,21039.10568
Algeria,DZA,2016,20847.65702
Algeria,DZA,2017,20694.14594
Algeria,DZA,2018,20637.15023
Algeria,DZA,2019,20551.24718
American Samoa,ASM,1990,26536.93664
American Samoa,ASM,1991,26572.26991
American Samoa,ASM,1992,26569.55528
American Samoa,ASM,1993,26498.00354
American Samoa,ASM,1994,26550.49511
American Samoa,ASM,1995,26579.15279
American Samoa,ASM,1996,26589.47569
American Samoa,ASM,1997,26617.80254
American Samoa,ASM,1998,26634.20858
American Samoa,ASM,1999,26638.11711
American Samoa,ASM,2000,26635.52276
American Samoa,ASM,2001,26643.45601
American Samoa,ASM,2002,26678.6395
American Samoa,ASM,2003,26640.74394
American Samoa,ASM,2004,26597.64371
American Samoa,ASM,2005,26492.33169
American Samoa,ASM,2006,26448.48064
American Samoa,ASM,2007,26358.25758
American Samoa,ASM,2008,26337.92193
American Samoa,ASM,2009,26353.20225
American Samoa,ASM,2010,26234.66675
American Samoa,ASM,2011,26281.62957
American Samoa,ASM,2012,26327.78459
American Samoa,ASM,2013,26377.15302
American Samoa,ASM,2014,26389.64178
American Samoa,ASM,2015,26421.78393
American Samoa,ASM,2016,26423.28631
American Samoa,ASM,2017,26372.33775
American Samoa,ASM,2018,26316.38898
American Samoa,ASM,2019,26266.74277
Andorra,AND,1990,18238.51753
Andorra,AND,1991,18146.07605
Andorra,AND,1992,18126.80026
Andorra,AND,1993,17997.46147
Andorra,AND,1994,17909.13808
Andorra,AND,1995,17734.43775
Andorra,AND,1996,17593.24652
Andorra,AND,1997,17407.72355
Andorra,AND,1998,17263.54038
Andorra,AND,1999,17119.0619
Andorra,AND,2000,17023.17423
Andorra,AND,2001,16915.68761
Andorra,AND,2002,16788.83139
Andorra,AND,2003,16695.86443
Andorra,AND,2004,16667.57661
Andorra,AND,2005,16583.04496
Andorra,AND,2006,16520.05812
Andorra,AND,2007,16430.54888
Andorra,AND,2008,16357.70056
Andorra,AND,2009,16342.8946
Andorra,AND,2010,16289.78109
Andorra,AND,2011,16256.08853
Andorra,AND,2012,16223.79762
Andorra,AND,2013,16215.81813
Andorra,AND,2014,16190.59068
Andorra,AND,2015,16136.33787
Andorra,AND,2016,16131.17127
Andorra,AND,2017,16114.48061
Andorra,AND,2018,16083.89527
Andorra,AND,2019,16039.70769
Angola,AGO,1990,28494.80514
Angola,AGO,1991,28385.42452
Angola,AGO,1992,28364.94944
Angola,AGO,1993,28509.21102
Angola,AGO,1994,28578.86583
Angola,AGO,1995,28331.60497
Angola,AGO,1996,27746.25797
Angola,AGO,1997,27495.14552
Angola,AGO,1998,27680.9917
Angola,AGO,1999,27735.26909
Angola,AGO,2000,27517.91818
Angola,AGO,2001,27098.16525
Angola,AGO,2002,26692.32206
Angola,AGO,2003,26598.35477
Angola,AGO,2004,26728.07678
Angola,AGO,2005,26240.28819
Angola,AGO,2006,26014.27773
Angola,AGO,2007,25621.76452
Angola,AGO,2008,25463.46017
Angola,AGO,2009,25296.53753
Angola,AGO,2010,25141.99439
Angola,AGO,2011,24952.79676
Angola,AGO,2012,24772.57491
Angola,AGO,2013,24458.84373
Angola,AGO,2014,23936.18686
Angola,AGO,2015,23752.02129
Angola,AGO,2016,23497.23432
Angola,AGO,2017,23419.29696
Angola,AGO,2018,23342.59903
Angola,AGO,2019,23277.67688
Antigua and Barbuda,ATG,1990,21890.96768
Antigua and Barbuda,ATG,1991,21962.93243
Antigua and Barbuda,ATG,1992,22030.18871
Antigua and Barbuda,ATG,1993,22564.73288
Antigua and Barbuda,ATG,1994,22573.91948
Antigua and Barbuda,ATG,1995,22589.37634
Antigua and Barbuda,ATG,1996,21810.05503
Antigua and Barbuda,ATG,1997,21482.32091
Antigua and Barbuda,ATG,1998,21254.5268
Antigua and Barbuda,ATG,1999,21076.79639
Antigua and Barbuda,ATG,2000,20893.45363
Antigua and Barbuda,ATG,2001,20611.28043
Antigua and Barbuda,ATG,2002,20431.97326
Antigua and Barbuda,ATG,2003,20290.84703
Antigua and Barbuda,ATG,2004,20183.31057
Antigua and Barbuda,ATG,2005,20087.89283
Antigua and Barbuda,ATG,2006,20161.40218
Antigua and Barbuda,ATG,2007,21076.87605
Antigua and Barbuda,ATG,2008,21055.62525
Antigua and Barbuda,ATG,2009,20308.06004
Antigua and Barbuda,ATG,2010,20293.86111
Antigua and Barbuda,ATG,2011,20306.24881
Antigua and Barbuda,ATG,2012,20274.30835
Antigua and Barbuda,ATG,2013,20212.76704
Antigua and Barbuda,ATG,2014,20357.72088
Antigua and Barbuda,ATG,2015,20362.96537
Antigua and Barbuda,ATG,2016,20353.46737
Antigua and Barbuda,ATG,2017,20298.25097
Antigua and Barbuda,ATG,2018,20241.40106
Antigua and Barbuda,ATG,2019,20217.27898
Argentina,ARG,1990,23508.6616
Argentina,ARG,1991,23268.2069
Argentina,ARG,1992,23207.69738
Argentina,ARG,1993,22907.50642
Argentina,ARG,1994,22535.74823
Argentina,ARG,1995,22412.07225
Argentina,ARG,1996,22327.4925
Argentina,ARG,1997,22184.18944
Argentina,ARG,1998,22104.89601
Argentina,ARG,1999,21968.7482
Argentina,ARG,2000,21483.1991
Argentina,ARG,2001,21350.9187
Argentina,ARG,2002,21363.81866
Argentina,ARG,2003,21238.06182
Argentina,ARG,2004,20812.32585
Argentina,ARG,2005,20495.42444
Argentina,ARG,2006,20339.87478
Argentina,ARG,2007,20414.76045
Argentina,ARG,2008,20056.81369
Argentina,ARG,2009,19904.49239
Argentina,ARG,2010,19784.42773
Argentina,ARG,2011,19665.9073
Argentina,ARG,2012,19541.14772
Argentina,ARG,2013,19412.62267
Argentina,ARG,2014,19228.94194
Argentina,ARG,2015,19228.56828
Argentina,ARG,2016,19456.34098
Argentina,ARG,2017,19455.03639
Argentina,ARG,2018,19329.91439
Argentina,ARG,2019,19303.80822
Armenia,ARM,1990,24233.60452
Armenia,ARM,1991,24763.22369
Armenia,ARM,1992,26218.46278
Armenia,ARM,1993,26828.45995
Armenia,ARM,1994,25999.14129
Armenia,ARM,1995,25616.80305
Armenia,ARM,1996,25501.08798
Armenia,ARM,1997,24714.68805
Armenia,ARM,1998,24365.65548
Armenia,ARM,1999,24240.15317
Armenia,ARM,2000,23831.3646
Armenia,ARM,2001,23865.90819
Armenia,ARM,2002,23759.07249
Armenia,ARM,2003,23818.6913
Armenia,ARM,2004,23578.18187
Armenia,ARM,2005,23553.44959
Armenia,ARM,2006,23527.78582
Armenia,ARM,2007,23095.50737
Armenia,ARM,2008,23169.34454
Armenia,ARM,2009,22992.61042
Armenia,ARM,2010,22700.79408
Armenia,ARM,2011,22374.46924
Armenia,ARM,2012,21927.20118
Armenia,ARM,2013,21389.64624
Armenia,ARM,2014,21235.36321
Armenia,ARM,2015,21320.9372
Armenia,ARM,2016,21059.85079
Armenia,ARM,2017,20938.77033
Armenia,ARM,2018,20873.61153
Armenia,ARM,2019,20789.97485
Australia,AUS,1990,20910.31213
Australia,AUS,1991,20483.92408
Australia,AUS,1992,20294.05826
Australia,AUS,1993,19978.85738
Australia,AUS,1994,19876.853
Australia,AUS,1995,19624.50667
Australia,AUS,1996,19461.13168
Australia,AUS,1997,19233.2202
Australia,AUS,1998,18992.07189
Australia,AUS,1999,18740.97123
Australia,AUS,2000,18467.3098
Australia,AUS,2001,18181.01306
Australia,AUS,2002,17997.19385
Australia,AUS,2003,17746.35817
Australia,AUS,2004,17522.60854
Australia,AUS,2005,17302.04149
Australia,AUS,2006,17112.47377
Australia,AUS,2007,17053.31511
Australia,AUS,2008,16955.95022
Australia,AUS,2009,16788.48313
Australia,AUS,2010,16625.33325
Australia,AUS,2011,16480.75747
Australia,AUS,2012,16255.88077
Australia,AUS,2013,16133.95141
Australia,AUS,2014,16086.15701
Australia,AUS,2015,16053.35164
Australia,AUS,2016,15950.45791
Australia,AUS,2017,15976.50086
Australia,AUS,2018,16048.14386
Australia,AUS,2019,16056.01973
Austria,AUT,1990,21662.70987
Austria,AUT,1991,21542.25005
Austria,AUT,1992,21372.06362
Austria,AUT,1993,21170.85683
Austria,AUT,1994,20886.5394
Austria,AUT,1995,20650.40027
Austria,AUT,1996,20467.27836
Austria,AUT,1997,20137.08922
Austria,AUT,1998,19910.11828
Austria,AUT,1999,19644.50255
Austria,AUT,2000,19347.63824
Austria,AUT,2001,19018.03165
Austria,AUT,2002,18862.9388
Austria,AUT,2003,18768.03826
Austria,AUT,2004,18479.06682
Austria,AUT,2005,18258.38468
Austria,AUT,2006,17955.43114
Austria,AUT,2007,17782.4657
Austria,AUT,2008,17603.79802
Austria,AUT,2009,17567.616
Austria,AUT,2010,17387.35905
Austria,AUT,2011,17237.4301
Austria,AUT,2012,17108.23189
Austria,AUT,2013,16974.19262
Austria,AUT,2014,16838.82955
Austria,AUT,2015,16760.85446
Austria,AUT,2016,16605.03404
Austria,AUT,2017,16430.93
Austria,AUT,2018,16325.339
Austria,AUT,2019,16238.87616
Azerbaijan,AZE,1990,26336.0842
Azerbaijan,AZE,1991,26999.36202
Azerbaijan,AZE,1992,28270.81001
Azerbaijan,AZE,1993,29127.83514
Azerbaijan,AZE,1994,29878.31555
Azerbaijan,AZE,1995,29576.22616
Azerbaijan,AZE,1996,29149.41103
Azerbaijan,AZE,1997,28732.75659
Azerbaijan,AZE,1998,28552.33672
Azerbaijan,AZE,1999,28461.55829
Azerbaijan,AZE,2000,28393.79669
Azerbaijan,AZE,2001,28177.08636
Azerbaijan,AZE,2002,28415.6316
Azerbaijan,AZE,2003,28907.10049
Azerbaijan,AZE,2004,29088.04896
Azerbaijan,AZE,2005,29372.90727
Azerbaijan,AZE,2006,29168.77292
Azerbaijan,AZE,2007,28765.92377
Azerbaijan,AZE,2008,28688.63306
Azerbaijan,AZE,2009,28504.71272
Azerbaijan,AZE,2010,28358.31204
Azerbaijan,AZE,2011,28214.61059
Azerbaijan,AZE,2012,28062.1528
Azerbaijan,AZE,2013,27875.96635
Azerbaijan,AZE,2014,27831.50477
Azerbaijan,AZE,2015,27609.07169
Azerbaijan,AZE,2016,27506.58545
Azerbaijan,AZE,2017,27457.08941
Azerbaijan,AZE,2018,26743.61063
Azerbaijan,AZE,2019,26391.42469
Bahamas,BHS,1990,24629.93184
Bahamas,BHS,1991,24291.40817
Bahamas,BHS,1992,23977.17972
Bahamas,BHS,1993,23945.65945
Bahamas,BHS,1994,23844.09574
Bahamas,BHS,1995,23767.27148
Bahamas,BHS,1996,23929.44529
Bahamas,BHS,1997,23504.85949
Bahamas,BHS,1998,23333.53921
Bahamas,BHS,1999,23447.92942
Bahamas,BHS,2000,22944.08069
Bahamas,BHS,2001,23019.88427
Bahamas,BHS,2002,22582.73781
Bahamas,BHS,2003,22589.60482
Bahamas,BHS,2004,22530.67559
Bahamas,BHS,2005,22031.10794
Bahamas,BHS,2006,22171.43597
Bahamas,BHS,2007,21832.15839
Bahamas,BHS,2008,21944.49335
Bahamas,BHS,2009,22168.10339
Bahamas,BHS,2010,22191.88604
Bahamas,BHS,2011,22185.92037
Bahamas,BHS,2012,22094.44121
Bahamas,BHS,2013,21961.94306
Bahamas,BHS,2014,21964.99276
Bahamas,BHS,2015,22028.33933
Bahamas,BHS,2016,22023.89294
Bahamas,BHS,2017,22006.65045
Bahamas,BHS,2018,22032.68072
Bahamas,BHS,2019,22044.6056
Bahrain,BHR,1990,31056.98855
Bahrain,BHR,1991,31204.21052
Bahrain,BHR,1992,30917.66857
Bahrain,BHR,1993,30244.9372
Bahrain,BHR,1994,29815.03078
Bahrain,BHR,1995,29626.01249
Bahrain,BHR,1996,29547.96889
Bahrain,BHR,1997,29252.42083
Bahrain,BHR,1998,29077.27453
Bahrain,BHR,1999,28847.00814
Bahrain,BHR,2000,26865.00642
Bahrain,BHR,2001,25030.63345
Bahrain,BHR,2002,26263.86866
Bahrain,BHR,2003,27357.94293
Bahrain,BHR,2004,27156.56459
Bahrain,BHR,2005,26677.05744
Bahrain,BHR,2006,25934.36718
Bahrain,BHR,2007,25207.24181
Bahrain,BHR,2008,24565.67726
Bahrain,BHR,2009,23896.26788
Bahrain,BHR,2010,23344.23804
Bahrain,BHR,2011,22890.34573
Bahrain,BHR,2012,22494.57521
Bahrain,BHR,2013,21813.70092
Bahrain,BHR,2014,21218.56109
Bahrain,BHR,2015,20932.22747
Bahrain,BHR,2016,20878.03663
Bahrain,BHR,2017,20931.86976
Bahrain,BHR,2018,20788.13761
Bahrain,BHR,2019,20772.1852
Bangladesh,BGD,1990,27163.07342
Bangladesh,BGD,1991,25837.66548
Bangladesh,BGD,1992,25708.5054
Bangladesh,BGD,1993,25385.17428
Bangladesh,BGD,1994,25089.87628
Bangladesh,BGD,1995,25165.2217
Bangladesh,BGD,1996,24791.23048
Bangladesh,BGD,1997,24340.53645
Bangladesh,BGD,1998,24057.79077
Bangladesh,BGD,1999,23913.02217
Bangladesh,BGD,2000,24154.22999
Bangladesh,BGD,2001,23983.48205
Bangladesh,BGD,2002,24081.56023
Bangladesh,BGD,2003,24144.48073
Bangladesh,BGD,2004,24038.80112
Bangladesh,BGD,2005,24173.28806
Bangladesh,BGD,2006,24268.15009
Bangladesh,BGD,2007,24017.02667
Bangladesh,BGD,2008,23475.02588
Bangladesh,BGD,2009,23122.34486
Bangladesh,BGD,2010,22845.98108
Bangladesh,BGD,2011,21859.87454
Bangladesh,BGD,2012,21100.21241
Bangladesh,BGD,2013,20741.48385
Bangladesh,BGD,2014,20618.22841
Bangladesh,BGD,2015,20344.31859
Bangladesh,BGD,2016,20176.16786
Bangladesh,BGD,2017,20274.73796
Bangladesh,BGD,2018,20173.31287
Bangladesh,BGD,2019,20089.94172
Barbados,BRB,1990,21809.20288
Barbados,BRB,1991,21630.99189
Barbados,BRB,1992,21723.22703
Barbados,BRB,1993,21704.71436
Barbados,BRB,1994,21701.08966
Barbados,BRB,1995,21616.16235
Barbados,BRB,1996,21506.94127
Barbados,BRB,1997,21454.79328
Barbados,BRB,1998,21238.70675
Barbados,BRB,1999,20837.78224
Barbados,BRB,2000,20723.91322
Barbados,BRB,2001,20297.57587
Barbados,BRB,2002,20579.39047
Barbados,BRB,2003,20861.69474
Barbados,BRB,2004,20832.75678
Barbados,BRB,2005,20527.10504
Barbados,BRB,2006,20424.99079
Barbados,BRB,2007,20378.86219
Barbados,BRB,2008,20211.93484
Barbados,BRB,2009,20014.74551
Barbados,BRB,2010,19931.30434
Barbados,BRB,2011,19829.16003
Barbados,BRB,2012,19682.02754
Barbados,BRB,2013,19700.97017
Barbados,BRB,2014,19746.07477
Barbados,BRB,2015,19728.80949
Barbados,BRB,2016,19722.48302
Barbados,BRB,2017,19741.195
Barbados,BRB,2018,19846.5926
Barbados,BRB,2019,20106.956
Belarus,BLR,1990,25078.7836
Belarus,BLR,1991,25636.38181
Belarus,BLR,1992,26227.7834
Belarus,BLR,1993,27690.03758
Belarus,BLR,1994,27816.93536
Belarus,BLR,1995,28362.62246
Belarus,BLR,1996,28133.40821
Belarus,BLR,1997,28316.75344
Belarus,BLR,1998,28583.86265
Belarus,BLR,1999,28952.31989
Belarus,BLR,2000,27807.28777
Belarus,BLR,2001,28573.08344
Belarus,BLR,2002,29488.19337
Belarus,BLR,2003,28778.70324
Belarus,BLR,2004,28204.87412
Belarus,BLR,2005,28390.08408
Belarus,BLR,2006,27535.78721
Belarus,BLR,2007,26433.19572
Belarus,BLR,2008,26149.16232
Belarus,BLR,2009,26114.66153
Belarus,BLR,2010,26299.91426
Belarus,BLR,2011,26403.2182
Belarus,BLR,2012,24261.60854
Belarus,BLR,2013,23864.95548
Belarus,BLR,2014,23491.97796
Belarus,BLR,2015,22901.1566
Belarus,BLR,2016,22719.39608
Belarus,BLR,2017,22713.62009
Belarus,BLR,2018,22528.00691
Belarus,BLR,2019,22491.14122
Belgium,BEL,1990,21104.59238
Belgium,BEL,1991,20901.51821
Belgium,BEL,1992,20780.48996
Belgium,BEL,1993,20639.79792
Belgium,BEL,1994,20411.22285
Belgium,BEL,1995,20180.84829
Belgium,BEL,1996,19883.58725
Belgium,BEL,1997,19673.07375
Belgium,BEL,1998,19492.31475
Belgium,BEL,1999,19291.72112
Belgium,BEL,2000,19084.70371
Belgium,BEL,2001,18844.05265
Belgium,BEL,2002,18711.82154
Belgium,BEL,2003,18516.34219
Belgium,BEL,2004,18200.70921
Belgium,BEL,2005,18032.6019
Belgium,BEL,2006,17786.96519
Belgium,BEL,2007,17707.17183
Belgium,BEL,2008,17608.1642
Belgium,BEL,2009,17521.10241
Belgium,BEL,2010,17391.1476
Belgium,BEL,2011,17266.74367
Belgium,BEL,2012,17198.61035
Belgium,BEL,2013,17047.55146
Belgium,BEL,2014,16784.85403
Belgium,BEL,2015,16721.416
Belgium,BEL,2016,16547.70335
Belgium,BEL,2017,16526.14742
Belgium,BEL,2018,16501.06025
Belgium,BEL,2019,16512.62551
Belize,BLZ,1990,20050.74245
Belize,BLZ,1991,19836.13584
Belize,BLZ,1992,19744.31325
Belize,BLZ,1993,19765.58946
Belize,BLZ,1994,19950.45094
Belize,BLZ,1995,20442.83044
Belize,BLZ,1996,21059.37929
Belize,BLZ,1997,21884.54676
Belize,BLZ,1998,22573.42183
Belize,BLZ,1999,23116.70498
Belize,BLZ,2000,23346.94689
Belize,BLZ,2001,22525.47786
Belize,BLZ,2002,21833.0404
Belize,BLZ,2003,21528.31939
Belize,BLZ,2004,21454.14305
Belize,BLZ,2005,21249.27656
Belize,BLZ,2006,21201.77063
Belize,BLZ,2007,20886.32158
Belize,BLZ,2008,20398.70016
Belize,BLZ,2009,20350.45658
Belize,BLZ,2010,20411.37135
Belize,BLZ,2011,20246.50032
Belize,BLZ,2012,19992.91275
Belize,BLZ,2013,19974.21545
Belize,BLZ,2014,20077.83726
Belize,BLZ,2015,20095.59073
Belize,BLZ,2016,20055.58395
Belize,BLZ,2017,20022.85213
Belize,BLZ,2018,20168.52623
Belize,BLZ,2019,20164.34778
Benin,BEN,1990,25592.71729
Benin,BEN,1991,25535.74328
Benin,BEN,1992,25439.81154
Benin,BEN,1993,25333.484
Benin,BEN,1994,25379.17567
Benin,BEN,1995,25389.34181
Benin,BEN,1996,25405.15742
Benin,BEN,1997,25254.9055
Benin,BEN,1998,25145.00046
Benin,BEN,1999,25011.18353
Benin,BEN,2000,25005.27866
Benin,BEN,2001,24753.35531
Benin,BEN,2002,24743.48818
Benin,BEN,2003,24480.81213
Benin,BEN,2004,24349.44795
Benin,BEN,2005,24126.47855
Benin,BEN,2006,23995.20519
Benin,BEN,2007,23807.41529
Benin,BEN,2008,23774.74208
Benin,BEN,2009,23854.86428
Benin,BEN,2010,23927.69077
Benin,BEN,2011,23978.53804
Benin,BEN,2012,23940.86005
Benin,BEN,2013,23765.69035
Benin,BEN,2014,23541.16778
Benin,BEN,2015,23513.92023
Benin,BEN,2016,23371.82154
Benin,BEN,2017,23277.84656
Benin,BEN,2018,22851.35524
Benin,BEN,2019,22656.17478
Bermuda,BMU,1990,23022.77243
Bermuda,BMU,1991,22561.07824
Bermuda,BMU,1992,21903.05447
Bermuda,BMU,1993,21644.73408
Bermuda,BMU,1994,21208.4784
Bermuda,BMU,1995,20570.79333
Bermuda,BMU,1996,20331.46245
Bermuda,BMU,1997,19669.64144
Bermuda,BMU,1998,19213.05382
Bermuda,BMU,1999,18919.07665
Bermuda,BMU,2000,18669.10737
Bermuda,BMU,2001,18199.53083
Bermuda,BMU,2002,17895.66293
Bermuda,BMU,2003,17609.48239
Bermuda,BMU,2004,17346.05937
Bermuda,BMU,2005,17169.91217
Bermuda,BMU,2006,17032.82165
Bermuda,BMU,2007,16815.26014
Bermuda,BMU,2008,16639.18546
Bermuda,BMU,2009,16472.9374
Bermuda,BMU,2010,16316.84925
Bermuda,BMU,2011,16181.14279
Bermuda,BMU,2012,16087.12834
Bermuda,BMU,2013,16031.1832
Bermuda,BMU,2014,15970.0428
Bermuda,BMU,2015,15892.55963
Bermuda,BMU,2016,15853.92434
Bermuda,BMU,2017,15830.49783
Bermuda,BMU,2018,15807.71813
Bermuda,BMU,2019,15777.07779
Bhutan,BTN,1990,24655.26388
Bhutan,BTN,1991,24736.76906
Bhutan,BTN,1992,24612.9587
Bhutan,BTN,1993,24495.61499
Bhutan,BTN,1994,24347.62268
Bhutan,BTN,1995,24249.22078
Bhutan,BTN,1996,23977.98211
Bhutan,BTN,1997,23995.25652
Bhutan,BTN,1998,23929.25104
Bhutan,BTN,1999,23442.67409
Bhutan,BTN,2000,23606.03224
Bhutan,BTN,2001,23356.35911
Bhutan,BTN,2002,23041.89536
Bhutan,BTN,2003,23003.68482
Bhutan,BTN,2004,22824.97481
Bhutan,BTN,2005,22617.31464
Bhutan,BTN,2006,22276.34103
Bhutan,BTN,2007,22392.99034
Bhutan,BTN,2008,22238.80825
Bhutan,BTN,2009,22091.05343
Bhutan,BTN,2010,21958.38665
Bhutan,BTN,2011,21813.84082
Bhutan,BTN,2012,21653.0852
Bhutan,BTN,2013,21556.52953
Bhutan,BTN,2014,21462.27178
Bhutan,BTN,2015,21384.59866
Bhutan,BTN,2016,21282.45323
Bhutan,BTN,2017,21188.47717
Bhutan,BTN,2018,21138.35524
Bhutan,BTN,2019,21044.61961
Bolivia,BOL,1990,27155.35007
Bolivia,BOL,1991,26983.22653
Bolivia,BOL,1992,26845.74028
Bolivia,BOL,1993,26686.14774
Bolivia,BOL,1994,26368.597
Bolivia,BOL,1995,26158.63088
Bolivia,BOL,1996,25788.45472
Bolivia,BOL,1997,25733.56583
Bolivia,BOL,1998,25439.55928
Bolivia,BOL,1999,25139.0649
Bolivia,BOL,2000,24891.43307
Bolivia,BOL,2001,24566.37536
Bolivia,BOL,2002,24359.96103
Bolivia,BOL,2003,24098.02934
Bolivia,BOL,2004,23832.73148
Bolivia,BOL,2005,23638.77395
Bolivia,BOL,2006,23453.78187
Bolivia,BOL,2007,23399.02403
Bolivia,BOL,2008,23285.58913
Bolivia,BOL,2009,23173.08512
Bolivia,BOL,2010,23074.16254
Bolivia,BOL,2011,23010.86077
Bolivia,BOL,2012,22939.20026
Bolivia,BOL,2013,22852.111
Bolivia,BOL,2014,22709.75378
Bolivia,BOL,2015,22656.15838
Bolivia,BOL,2016,22658.01042
Bolivia,BOL,2017,22584.21434
Bolivia,BOL,2018,22517.1077
Bolivia,BOL,2019,22441.18251
Bosnia and Herzegovina,BIH,1990,22345.03732
Bosnia and Herzegovina,BIH,1991,23386.81082
Bosnia and Herzegovina,BIH,1992,23413.09399
Bosnia and Herzegovina,BIH,1993,23456.19599
Bosnia and Herzegovina,BIH,1994,23418.60709
Bosnia and Herzegovina,BIH,1995,23248.4528
Bosnia and Herzegovina,BIH,1996,22736.08211
Bosnia and Herzegovina,BIH,1997,22294.19616
Bosnia and Herzegovina,BIH,1998,21249.64032
Bosnia and Herzegovina,BIH,1999,20871.55167
Bosnia and Herzegovina,BIH,2000,20870.05029
Bosnia and Herzegovina,BIH,2001,21157.75249
Bosnia and Herzegovina,BIH,2002,21400.32186
Bosnia and Herzegovina,BIH,2003,21269.41062
Bosnia and Herzegovina,BIH,2004,21101.58816
Bosnia and Herzegovina,BIH,2005,21354.73334
Bosnia and Herzegovina,BIH,2006,21022.82259
Bosnia and Herzegovina,BIH,2007,21398.77998
Bosnia and Herzegovina,BIH,2008,20568.6251
Bosnia and Herzegovina,BIH,2009,20358.79256
Bosnia and Herzegovina,BIH,2010,20097.51863
Bosnia and Herzegovina,BIH,2011,19997.66994
Bosnia and Herzegovina,BIH,2012,19787.63461
Bosnia and Herzegovina,BIH,2013,19851.63974
Bosnia and Herzegovina,BIH,2014,19844.59925
Bosnia and Herzegovina,BIH,2015,20078.98308
Bosnia and Herzegovina,BIH,2016,19839.50664
Bosnia and Herzegovina,BIH,2017,19671.02997
Bosnia and Herzegovina,BIH,2018,19664.2316
Bosnia and Herzegovina,BIH,2019,19619.52587
Botswana,BWA,1990,26190.62056
Botswana,BWA,1991,26509.03982
Botswana,BWA,1992,27015.21555
Botswana,BWA,1993,27528.11607
Botswana,BWA,1994,28218.3241
Botswana,BWA,1995,28895.38075
Botswana,BWA,1996,29361.37438
Botswana,BWA,1997,29736.85856
Botswana,BWA,1998,30315.11922
Botswana,BWA,1999,30743.29021
Botswana,BWA,2000,31281.8626
Botswana,BWA,2001,31559.42522
Botswana,BWA,2002,31665.11887
Botswana,BWA,2003,31268.71069
Botswana,BWA,2004,30380.28111
Botswana,BWA,2005,29328.61631
Botswana,BWA,2006,28672.04859
Botswana,BWA,2007,27904.02049
Botswana,BWA,2008,27746.62638
Botswana,BWA,2009,27480.14857
Botswana,BWA,2010,27403.35274
Botswana,BWA,2011,27281.79374
Botswana,BWA,2012,27011.70077
Botswana,BWA,2013,26801.49171
Botswana,BWA,2014,26616.80725
Botswana,BWA,2015,26407.15217
Botswana,BWA,2016,26063.5481
Botswana,BWA,2017,25947.88927
Botswana,BWA,2018,25835.50906
Botswana,BWA,2019,25671.72534
Brazil,BRA,1990,26878.17942
Brazil,BRA,1991,26274.16439
Brazil,BRA,1992,25980.82496
Brazil,BRA,1993,25987.44583
Brazil,BRA,1994,25642.49607
Brazil,BRA,1995,25320.93401
Brazil,BRA,1996,25135.56278
Brazil,BRA,1997,24790.30765
Brazil,BRA,1998,24678.36447
Brazil,BRA,1999,24505.37795
Brazil,BRA,2000,24259.14378
Brazil,BRA,2001,24054.18211
Brazil,BRA,2002,23876.8503
Brazil,BRA,2003,23726.83451
Brazil,BRA,2004,23577.01416
Brazil,BRA,2005,23171.7902
Brazil,BRA,2006,22954.67685
Brazil,BRA,2007,22684.4449
Brazil,BRA,2008,22432.91925
Brazil,BRA,2009,22202.47351
Brazil,BRA,2010,22005.0331
Brazil,BRA,2011,21845.06257
Brazil,BRA,2012,21549.33127
Brazil,BRA,2013,21327.60675
Brazil,BRA,2014,21068.12157
Brazil,BRA,2015,20914.63313
Brazil,BRA,2016,20920.48575
Brazil,BRA,2017,20629.32388
Brazil,BRA,2018,20465.80605
Brazil,BRA,2019,20309.16625
Brunei,BRN,1990,29769.73667
Brunei,BRN,1991,29192.58291
Brunei,BRN,1992,28694.21513
Brunei,BRN,1993,28181.40687
Brunei,BRN,1994,27201.24267
Brunei,BRN,1995,26569.96533
Brunei,BRN,1996,25848.91266
Brunei,BRN,1997,25972.16991
Brunei,BRN,1998,25911.14232
Brunei,BRN,1999,25767.12204
Brunei,BRN,2000,25561.98612
Brunei,BRN,2001,25067.34113
Brunei,BRN,2002,24968.82054
Brunei,BRN,2003,25113.3348
Brunei,BRN,2004,25023.13177
Brunei,BRN,2005,24977.84791
Brunei,BRN,2006,24710.74693
Brunei,BRN,2007,24177.08668
Brunei,BRN,2008,23641.58066
Brunei,BRN,2009,23597.06913
Brunei,BRN,2010,23555.26509
Brunei,BRN,2011,23408.47641
Brunei,BRN,2012,23299.4515
Brunei,BRN,2013,23390.06343
Brunei,BRN,2014,23337.90101
Brunei,BRN,2015,23250.59069
Brunei,BRN,2016,23110.6275
Brunei,BRN,2017,22952.46545
Brunei,BRN,2018,22834.63667
Brunei,BRN,2019,22663.01671
Bulgaria,BGR,1990,27625.47532
Bulgaria,BGR,1991,27351.0929
Bulgaria,BGR,1992,27817.40106
Bulgaria,BGR,1993,28452.46221
Bulgaria,BGR,1994,29102.2547
Bulgaria,BGR,1995,29090.10263
Bulgaria,BGR,1996,29196.06406
Bulgaria,BGR,1997,29807.80583
Bulgaria,BGR,1998,29059.17155
Bulgaria,BGR,1999,28237.78234
Bulgaria,BGR,2000,28075.77732
Bulgaria,BGR,2001,27775.05228
Bulgaria,BGR,2002,27467.91486
Bulgaria,BGR,2003,27154.04292
Bulgaria,BGR,2004,27018.43454
Bulgaria,BGR,2005,27022.51554
Bulgaria,BGR,2006,26926.79126
Bulgaria,BGR,2007,26471.95035
Bulgaria,BGR,2008,26012.9595
Bulgaria,BGR,2009,25675.20899
Bulgaria,BGR,2010,25434.52008
Bulgaria,BGR,2011,25077.9185
Bulgaria,BGR,2012,24572.97366
Bulgaria,BGR,2013,24246.79849
Bulgaria,BGR,2014,24673.40768
Bulgaria,BGR,2015,24450.91838
Bulgaria,BGR,2016,24359.50056
Bulgaria,BGR,2017,24299.24588
Bulgaria,BGR,2018,24383.97025
Bulgaria,BGR,2019,24342.4109
Burkina Faso,BFA,1990,24769.78471
Burkina Faso,BFA,1991,24505.71846
Burkina Faso,BFA,1992,24386.23148
Burkina Faso,BFA,1993,24335.06901
Burkina Faso,BFA,1994,24297.62257
Burkina Faso,BFA,1995,24288.17827
Burkina Faso,BFA,1996,24194.68879
Burkina Faso,BFA,1997,24180.68888
Burkina Faso,BFA,1998,24100.31329
Burkina Faso,BFA,1999,24231.85365
Burkina Faso,BFA,2000,24578.86077
Burkina Faso,BFA,2001,24343.95886
Burkina Faso,BFA,2002,24380.588
Burkina Faso,BFA,2003,24219.42246
Burkina Faso,BFA,2004,24217.20721
Burkina Faso,BFA,2005,24193.33096
Burkina Faso,BFA,2006,24105.2705
Burkina Faso,BFA,2007,23816.58033
Burkina Faso,BFA,2008,23690.47363
Burkina Faso,BFA,2009,23609.92709
Burkina Faso,BFA,2010,23725.00479
Burkina Faso,BFA,2011,23757.16568
Burkina Faso,BFA,2012,23998.99403
Burkina Faso,BFA,2013,24306.47565
Burkina Faso,BFA,2014,24444.04958
Burkina Faso,BFA,2015,24715.502
Burkina Faso,BFA,2016,24945.55137
Burkina Faso,BFA,2017,25069.2043
Burkina Faso,BFA,2018,25025.74933
Burkina Faso,BFA,2019,24698.78451
Burundi,BDI,1990,29994.5516
Burundi,BDI,1991,30115.53022
Burundi,BDI,1992,30161.49978
Burundi,BDI,1993,30103.22576
Burundi,BDI,1994,29908.07801
Burundi,BDI,1995,30025.08537
Burundi,BDI,1996,29853.02676
Burundi,BDI,1997,29319.26018
Burundi,BDI,1998,28811.25365
Burundi,BDI,1999,28145.95107
Burundi,BDI,2000,27538.46207
Burundi,BDI,2001,26702.09496
Burundi,BDI,2002,26368.8826
Burundi,BDI,2003,26098.82561
Burundi,BDI,2004,25950.77843
Burundi,BDI,2005,25723.95365
Burundi,BDI,2006,25272.64528
Burundi,BDI,2007,24774.07983
Burundi,BDI,2008,24279.10964
Burundi,BDI,2009,23952.95771
Burundi,BDI,2010,23945.4713
Burundi,BDI,2011,23842.655
Burundi,BDI,2012,23742.64733
Burundi,BDI,2013,23590.42302
Burundi,BDI,2014,23396.76349
Burundi,BDI,2015,23108.81392
Burundi,BDI,2016,22726.42109
Burundi,BDI,2017,22515.94945
Burundi,BDI,2018,22630.18657
Burundi,BDI,2019,22518.77472
Cambodia,KHM,1990,29766.39567
Cambodia,KHM,1991,29535.93406
Cambodia,KHM,1992,29367.31997
Cambodia,KHM,1993,29295.04705
Cambodia,KHM,1994,29280.5337
Cambodia,KHM,1995,29220.28959
Cambodia,KHM,1996,29014.30035
Cambodia,KHM,1997,28738.07963
Cambodia,KHM,1998,28528.62837
Cambodia,KHM,1999,28279.2075
Cambodia,KHM,2000,27932.03196
Cambodia,KHM,2001,27672.97889
Cambodia,KHM,2002,27410.74627
Cambodia,KHM,2003,27062.29888
Cambodia,KHM,2004,26759.66397
Cambodia,KHM,2005,26396.91089
Cambodia,KHM,2006,25959.62525
Cambodia,KHM,2007,25658.0439
Cambodia,KHM,2008,25323.06963
Cambodia,KHM,2009,25042.24422
Cambodia,KHM,2010,24917.48274
Cambodia,KHM,2011,24745.82175
Cambodia,KHM,2012,24603.09094
Cambodia,KHM,2013,24430.85465
Cambodia,KHM,2014,24327.34992
Cambodia,KHM,2015,24249.51234
Cambodia,KHM,2016,24164.36706
Cambodia,KHM,2017,24091.32385
Cambodia,KHM,2018,24037.70391
Cambodia,KHM,2019,23979.08086
Cameroon,CMR,1990,23834.27362
Cameroon,CMR,1991,23923.29649
Cameroon,CMR,1992,24090.36722
Cameroon,CMR,1993,24248.27515
Cameroon,CMR,1994,24283.0279
Cameroon,CMR,1995,24324.83577
Cameroon,CMR,1996,24420.38374
Cameroon,CMR,1997,24648.36049
Cameroon,CMR,1998,24841.19154
Cameroon,CMR,1999,24933.53414
Cameroon,CMR,2000,25108.66469
Cameroon,CMR,2001,25020.62047
Cameroon,CMR,2002,25258.55437
Cameroon,CMR,2003,25198.23349
Cameroon,CMR,2004,25069.23445
Cameroon,CMR,2005,25012.85539
Cameroon,CMR,2006,24974.56627
Cameroon,CMR,2007,24736.89573
Cameroon,CMR,2008,24599.91585
Cameroon,CMR,2009,24557.26057
Cameroon,CMR,2010,24560.98179
Cameroon,CMR,2011,24576.16792
Cameroon,CMR,2012,24498.32797
Cameroon,CMR,2013,24381.42883
Cameroon,CMR,2014,24164.49468
Cameroon,CMR,2015,23861.85592
Cameroon,CMR,2016,23630.89224
Cameroon,CMR,2017,23367.5136
Cameroon,CMR,2018,23174.42651
Cameroon,CMR,2019,22920.36038
Canada,CAN,1990,19593.92698
Canada,CAN,1991,19377.91313
Canada,CAN,1992,19209.89005
Canada,CAN,1993,19149.74446
Canada,CAN,1994,19003.9032
Canada,CAN,1995,18860.0789
Canada,CAN,1996,18655.65084
Canada,CAN,1997,18457.67631
Canada,CAN,1998,18276.43934
Canada,CAN,1999,18076.19178
Canada,CAN,2000,17862.20913
Canada,CAN,2001,17679.89636
Canada,CAN,2002,17536.39522
Canada,CAN,2003,17390.17953
Canada,CAN,2004,17198.10493
Canada,CAN,2005,17049.11323
Canada,CAN,2006,16861.82199
Canada,CAN,2007,16789.43273
Canada,CAN,2008,16682.25592
Canada,CAN,2009,16539.79069
Canada,CAN,2010,16379.08821
Canada,CAN,2011,16225.63873
Canada,CAN,2012,16165.93332
Canada,CAN,2013,16102.23258
Canada,CAN,2014,16093.63748
Canada,CAN,2015,16054.63021
Canada,CAN,2016,16161.81714
Canada,CAN,2017,16233.63531
Canada,CAN,2018,16335.44403
Canada,CAN,2019,16352.53611
Cape Verde,CPV,1990,19892.72149
Cape Verde,CPV,1991,19902.73778
Cape Verde,CPV,1992,19857.14759
Cape Verde,CPV,1993,19901.59592
Cape Verde,CPV,1994,19903.75754
Cape Verde,CPV,1995,19890.01131
Cape Verde,CPV,1996,20108.34713
Cape Verde,CPV,1997,20355.0511
Cape Verde,CPV,1998,20215.6099
Cape Verde,CPV,1999,20187.995
Cape Verde,CPV,2000,20031.37341
Cape Verde,CPV,2001,19949.46061
Cape Verde,CPV,2002,19889.61931
Cape Verde,CPV,2003,19788.66616
Cape Verde,CPV,2004,19709.71321
Cape Verde,CPV,2005,19629.58842
Cape Verde,CPV,2006,19045.53735
Cape Verde,CPV,2007,18779.75658
Cape Verde,CPV,2008,18654.20694
Cape Verde,CPV,2009,18561.19614
Cape Verde,CPV,2010,18501.55802
Cape Verde,CPV,2011,18547.84906
Cape Verde,CPV,2012,18621.47062
Cape Verde,CPV,2013,18566.24491
Cape Verde,CPV,2014,18596.6775
Cape Verde,CPV,2015,18673.87657
Cape Verde,CPV,2016,18887.83884
Cape Verde,CPV,2017,18968.36976
Cape Verde,CPV,2018,20366.53829
Cape Verde,CPV,2019,20231.66922
Central African Republic,CAF,1990,32673.93524
Central African Republic,CAF,1991,32736.80762
Central African Republic,CAF,1992,32304.94523
Central African Republic,CAF,1993,32418.14064
Central African Republic,CAF,1994,32419.23154
Central African Republic,CAF,1995,32328.43046
Central African Republic,CAF,1996,32660.2044
Central African Republic,CAF,1997,32503.15293
Central African Republic,CAF,1998,32549.6866
Central African Republic,CAF,1999,32562.29179
Central African Republic,CAF,2000,32236.89699
Central African Republic,CAF,2001,32076.79181
Central African Republic,CAF,2002,32047.76354
Central African Republic,CAF,2003,31921.57999
Central African Republic,CAF,2004,31766.12708
Central African Republic,CAF,2005,31599.68583
Central African Republic,CAF,2006,31612.37146
Central African Republic,CAF,2007,31455.04178
Central African Republic,CAF,2008,31193.00454
Central African Republic,CAF,2009,31128.29092
Central African Republic,CAF,2010,31291.32099
Central African Republic,CAF,2011,31277.48323
Central African Republic,CAF,2012,31084.67249
Central African Republic,CAF,2013,31108.23599
Central African Republic,CAF,2014,30857.98975
Central African Republic,CAF,2015,30632.51259
Central African Republic,CAF,2016,30401.45474
Central African Republic,CAF,2017,30216.83003
Central African Republic,CAF,2018,30011.44107
Central African Republic,CAF,2019,29741.37586
Chad,TCD,1990,24065.71563
Chad,TCD,1991,23811.25908
Chad,TCD,1992,23924.88024
Chad,TCD,1993,24109.50528
Chad,TCD,1994,24059.21055
Chad,TCD,1995,24094.33798
Chad,TCD,1996,24485.22875
Chad,TCD,1997,24685.48589
Chad,TCD,1998,24807.92492
Chad,TCD,1999,24902.41176
Chad,TCD,2000,24912.56406
Chad,TCD,2001,24960.58513
Chad,TCD,2002,25019.44727
Chad,TCD,2003,25145.12042
Chad,TCD,2004,25009.37125
Chad,TCD,2005,24805.67037
Chad,TCD,2006,24750.10943
Chad,TCD,2007,24831.89466
Chad,TCD,2008,24834.32689
Chad,TCD,2009,24779.54383
Chad,TCD,2010,24793.95341
Chad,TCD,2011,24717.80857
Chad,TCD,2012,24628.27408
Chad,TCD,2013,24480.55318
Chad,TCD,2014,24275.68916
Chad,TCD,2015,24183.6964
Chad,TCD,2016,24039.29488
Chad,TCD,2017,23934.16952
Chad,TCD,2018,23840.09658
Chad,TCD,2019,23640.21702
Chile,CHL,1990,21933.48949
Chile,CHL,1991,21218.33225
Chile,CHL,1992,20733.97436
Chile,CHL,1993,20548.87731
Chile,CHL,1994,20399.81457
Chile,CHL,1995,20393.65516
Chile,CHL,1996,20264.60807
Chile,CHL,1997,19942.09152
Chile,CHL,1998,19875.98474
Chile,CHL,1999,19768.79481
Chile,CHL,2000,19527.7724
Chile,CHL,2001,19607.8739
Chile,CHL,2002,19415.92942
Chile,CHL,2003,19436.40324
Chile,CHL,2004,19345.28522
Chile,CHL,2005,19033.37583
Chile,CHL,2006,18756.14162
Chile,CHL,2007,18578.95661
Chile,CHL,2008,18241.07207
Chile,CHL,2009,18272.07783
Chile,CHL,2010,18165.12154
Chile,CHL,2011,17980.1176
Chile,CHL,2012,17845.30149
Chile,CHL,2013,17754.60491
Chile,CHL,2014,17623.48134
Chile,CHL,2015,17519.5933
Chile,CHL,2016,17312.99744
Chile,CHL,2017,17277.76805
Chile,CHL,2018,17225.81261
Chile,CHL,2019,17179.45592
China,CHN,1990,26899.54345
China,CHN,1991,26620.3612
China,CHN,1992,26298.01753
China,CHN,1993,25968.72952
China,CHN,1994,25578.52749
China,CHN,1995,25225.82039
China,CHN,1996,24890.39874
China,CHN,1997,24492.28078
China,CHN,1998,24173.11578
China,CHN,1999,24025.05773
China,CHN,2000,23974.23521
China,CHN,2001,23681.8101
China,CHN,2002,23420.50505
China,CHN,2003,23131.23448
China,CHN,2004,22983.46099
China,CHN,2005,22531.39525
China,CHN,2006,21746.73749
China,CHN,2007,21170.7767
China,CHN,2008,20850.7499
China,CHN,2009,20605.97658
China,CHN,2010,20410.23828
China,CHN,2011,20090.71791
China,CHN,2012,19665.64941
China,CHN,2013,19303.81055
China,CHN,2014,18996.79081
China,CHN,2015,18688.30889
China,CHN,2016,18522.67334
China,CHN,2017,18354.48221
China,CHN,2018,18185.73568
China,CHN,2019,18058.9635
Colombia,COL,1990,20901.7082
Colombia,COL,1991,21078.3434
Colombia,COL,1992,20920.62747
Colombia,COL,1993,20683.76406
Colombia,COL,1994,20471.91362
Colombia,COL,1995,20104.76927
Colombia,COL,1996,19979.46635
Colombia,COL,1997,19305.5666
Colombia,COL,1998,18923.91064
Colombia,COL,1999,18944.62407
Colombia,COL,2000,18736.6202
Colombia,COL,2001,18552.74279
Colombia,COL,2002,19168.71474
Colombia,COL,2003,18551.58229
Colombia,COL,2004,18311.86031
Colombia,COL,2005,17822.86224
Colombia,COL,2006,17752.5546
Colombia,COL,2007,17349.15069
Colombia,COL,2008,17229.66453
Colombia,COL,2009,17267.87
Colombia,COL,2010,17041.14648
Colombia,COL,2011,16603.0895
Colombia,COL,2012,16478.65587
Colombia,COL,2013,16324.47211
Colombia,COL,2014,16201.17198
Colombia,COL,2015,16214.66634
Colombia,COL,2016,16155.68043
Colombia,COL,2017,16105.5062
Colombia,COL,2018,16068.5063
Colombia,COL,2019,16020.65448
Comoros,COM,1990,24364.43044
Comoros,COM,1991,24204.70239
Comoros,COM,1992,24626.369
Comoros,COM,1993,24574.58235
Comoros,COM,1994,24811.80231
Comoros,COM,1995,24830.11186
Comoros,COM,1996,24763.26971
Comoros,COM,1997,24521.7165
Comoros,COM,1998,23931.66939
Comoros,COM,1999,23519.86254
Comoros,COM,2000,23584.5586
Comoros,COM,2001,23284.38059
Comoros,COM,2002,23000.95158
Comoros,COM,2003,22509.58496
Comoros,COM,2004,21869.32243
Comoros,COM,2005,22049.03882
Comoros,COM,2006,21267.14962
Comoros,COM,2007,22002.29418
Comoros,COM,2008,22077.24553
Comoros,COM,2009,21313.92943
Comoros,COM,2010,20785.95636
Comoros,COM,2011,20967.86746
Comoros,COM,2012,20924.90582
Comoros,COM,2013,20891.68283
Comoros,COM,2014,21886.21952
Comoros,COM,2015,21767.40421
Comoros,COM,2016,21625.76744
Comoros,COM,2017,21512.60032
Comoros,COM,2018,21064.79048
Comoros,COM,2019,20846.33488
Congo,COG,1990,31570.51168
Congo,COG,1991,31073.10455
Congo,COG,1992,30743.11832
Congo,COG,1993,30657.20854
Congo,COG,1994,31237.78561
Congo,COG,1995,31350.57174
Congo,COG,1996,31541.74838
Congo,COG,1997,31555.96062
Congo,COG,1998,30621.02408
Congo,COG,1999,30247.19744
Congo,COG,2000,29459.48742
Congo,COG,2001,28439.32543
Congo,COG,2002,27720.93861
Congo,COG,2003,27686.91678
Congo,COG,2004,27455.79593
Congo,COG,2005,27237.7764
Congo,COG,2006,26995.15993
Congo,COG,2007,26843.6582
Congo,COG,2008,26688.53593
Congo,COG,2009,26400.84775
Congo,COG,2010,26073.96975
Congo,COG,2011,25718.44017
Congo,COG,2012,25660.20494
Congo,COG,2013,25493.782
Congo,COG,2014,25348.41278
Congo,COG,2015,25104.91042
Congo,COG,2016,24835.88595
Congo,COG,2017,24688.83667
Congo,COG,2018,24606.01826
Congo,COG,2019,24508.74466
Cook Islands,COK,1990,26707.10743
Cook Islands,COK,1991,26320.56295
Cook Islands,COK,1992,25951.97642
Cook Islands,COK,1993,25580.40224
Cook Islands,COK,1994,25264.46991
Cook Islands,COK,1995,24991.73795
Cook Islands,COK,1996,24728.65959
Cook Islands,COK,1997,24527.77622
Cook Islands,COK,1998,24294.65444
Cook Islands,COK,1999,24112.63249
Cook Islands,COK,2000,23899.95062
Cook Islands,COK,2001,23563.04594
Cook Islands,COK,2002,23362.11683
Cook Islands,COK,2003,23125.2093
Cook Islands,COK,2004,22940.082
Cook Islands,COK,2005,22753.40106
Cook Islands,COK,2006,22488.21318
Cook Islands,COK,2007,22316.2676
Cook Islands,COK,2008,22095.67506
Cook Islands,COK,2009,21983.0389
Cook Islands,COK,2010,22022.44353
Cook Islands,COK,2011,22099.13269
Cook Islands,COK,2012,22094.33077
Cook Islands,COK,2013,22058.33505
Cook Islands,COK,2014,22007.77076
Cook Islands,COK,2015,22001.0782
Cook Islands,COK,2016,21997.38654
Cook Islands,COK,2017,21934.09664
Cook Islands,COK,2018,21867.38719
Cook Islands,COK,2019,21803.1209
Costa Rica,CRI,1990,18979.33576
Costa Rica,CRI,1991,18957.23008
Costa Rica,CRI,1992,18984.1676
Costa Rica,CRI,1993,18806.71843
Costa Rica,CRI,1994,19106.45317
Costa Rica,CRI,1995,19346.84327
Costa Rica,CRI,1996,18784.53729
Costa Rica,CRI,1997,18801.02095
Costa Rica,CRI,1998,18718.73846
Costa Rica,CRI,1999,18813.71706
Costa Rica,CRI,2000,18329.57863
Costa Rica,CRI,2001,18369.44888
Costa Rica,CRI,2002,17997.40018
Costa Rica,CRI,2003,17954.72592
Costa Rica,CRI,2004,17932.6421
Costa Rica,CRI,2005,17300.46166
Costa Rica,CRI,2006,17602.93148
Costa Rica,CRI,2007,16704.24547
Costa Rica,CRI,2008,16797.19327
Costa Rica,CRI,2009,16645.23813
Costa Rica,CRI,2010,17428.75432
Costa Rica,CRI,2011,17007.04474
Costa Rica,CRI,2012,16886.19008
Costa Rica,CRI,2013,16842.25052
Costa Rica,CRI,2014,16744.96061
Costa Rica,CRI,2015,16873.51494
Costa Rica,CRI,2016,17171.33419
Costa Rica,CRI,2017,17159.97467
Costa Rica,CRI,2018,17140.06713
Costa Rica,CRI,2019,17073.79243
Cote d'Ivoire,CIV,1990,24669.94812
Cote d'Ivoire,CIV,1991,24776.74348
Cote d'Ivoire,CIV,1992,24959.65738
Cote d'Ivoire,CIV,1993,25253.51267
Cote d'Ivoire,CIV,1994,25479.53259
Cote d'Ivoire,CIV,1995,25671.20753
Cote d'Ivoire,CIV,1996,25672.21588
Cote d'Ivoire,CIV,1997,25563.58773
Cote d'Ivoire,CIV,1998,25549.43769
Cote d'Ivoire,CIV,1999,25489.05838
Cote d'Ivoire,CIV,2000,25499.75651
Cote d'Ivoire,CIV,2001,25338.975
Cote d'Ivoire,CIV,2002,25204.16498
Cote d'Ivoire,CIV,2003,25021.5805
Cote d'Ivoire,CIV,2004,24844.73068
Cote d'Ivoire,CIV,2005,24569.61923
Cote d'Ivoire,CIV,2006,24418.92855
Cote d'Ivoire,CIV,2007,24050.51462
Cote d'Ivoire,CIV,2008,23767.88218
Cote d'Ivoire,CIV,2009,23614.49275
Cote d'Ivoire,CIV,2010,23485.97902
Cote d'Ivoire,CIV,2011,23341.94766
Cote d'Ivoire,CIV,2012,23341.18247
Cote d'Ivoire,CIV,2013,23467.89925
Cote d'Ivoire,CIV,2014,23330.63945
Cote d'Ivoire,CIV,2015,23165.93546
Cote d'Ivoire,CIV,2016,22605.31308
Cote d'Ivoire,CIV,2017,22262.44818
Cote d'Ivoire,CIV,2018,22205.92284
Cote d'Ivoire,CIV,2019,21850.34059
Croatia,HRV,1990,24271.19772
Croatia,HRV,1991,23758.10758
Croatia,HRV,1992,23556.49335
Croatia,HRV,1993,23388.30825
Croatia,HRV,1994,23145.21288
Croatia,HRV,1995,23037.9207
Croatia,HRV,1996,23136.93558
Croatia,HRV,1997,23256.6556
Croatia,HRV,1998,22871.75574
Croatia,HRV,1999,22539.07879
Croatia,HRV,2000,21865.9513
Croatia,HRV,2001,21558.17057
Croatia,HRV,2002,21449.66083
Croatia,HRV,2003,21474.19817
Croatia,HRV,2004,20889.06949
Croatia,HRV,2005,20945.70973
Croatia,HRV,2006,20539.09423
Croatia,HRV,2007,20612.21949
Croatia,HRV,2008,20629.38444
Croatia,HRV,2009,20034.17799
Croatia,HRV,2010,19719.03181
Croatia,HRV,2011,19408.3463
Croatia,HRV,2012,19182.55333
Croatia,HRV,2013,18705.5268
Croatia,HRV,2014,18653.92397
Croatia,HRV,2015,18894.92883
Croatia,HRV,2016,18190.0709
Croatia,HRV,2017,18080.60276
Croatia,HRV,2018,17984.12757
Croatia,HRV,2019,17974.42078
Cuba,CUB,1990,20683.16642
Cuba,CUB,1991,20502.5111
Cuba,CUB,1992,20552.92095
Cuba,CUB,1993,20569.70725
Cuba,CUB,1994,20476.49784
Cuba,CUB,1995,20273.60773
Cuba,CUB,1996,19945.16359
Cuba,CUB,1997,19646.99756
Cuba,CUB,1998,19570.29917
Cuba,CUB,1999,19400.52392
Cuba,CUB,2000,19063.57839
Cuba,CUB,2001,18947.88902
Cuba,CUB,2002,18391.93794
Cuba,CUB,2003,18466.79834
Cuba,CUB,2004,18446.48759
Cuba,CUB,2005,18566.04638
Cuba,CUB,2006,18051.59357
Cuba,CUB,2007,18023.46024
Cuba,CUB,2008,18035.56379
Cuba,CUB,2009,18009.49721
Cuba,CUB,2010,18008.9087
Cuba,CUB,2011,17508.29217
Cuba,CUB,2012,17714.39865
Cuba,CUB,2013,17745.99635
Cuba,CUB,2014,17806.23042
Cuba,CUB,2015,18060.06559
Cuba,CUB,2016,18000.26693
Cuba,CUB,2017,18223.67543
Cuba,CUB,2018,18195.36885
Cuba,CUB,2019,17953.75243
Cyprus,CYP,1990,22332.38801
Cyprus,CYP,1991,22549.34165
Cyprus,CYP,1992,22721.61167
Cyprus,CYP,1993,22657.8649
Cyprus,CYP,1994,22312.76001
Cyprus,CYP,1995,21995.77215
Cyprus,CYP,1996,21577.98863
Cyprus,CYP,1997,21287.11198
Cyprus,CYP,1998,21091.4251
Cyprus,CYP,1999,20810.77802
Cyprus,CYP,2000,20372.85304
Cyprus,CYP,2001,19956.40635
Cyprus,CYP,2002,19684.23959
Cyprus,CYP,2003,19389.51572
Cyprus,CYP,2004,19217.28871
Cyprus,CYP,2005,19120.65496
Cyprus,CYP,2006,18999.06191
Cyprus,CYP,2007,18825.61854
Cyprus,CYP,2008,18455.20307
Cyprus,CYP,2009,18109.35583
Cyprus,CYP,2010,17805.66302
Cyprus,CYP,2011,17509.85755
Cyprus,CYP,2012,17287.56428
Cyprus,CYP,2013,17143.49249
Cyprus,CYP,2014,17081.45681
Cyprus,CYP,2015,17005.90566
Cyprus,CYP,2016,16805.95556
Cyprus,CYP,2017,16645.57476
Cyprus,CYP,2018,16594.6024
Cyprus,CYP,2019,16598.88252
Czechia,CZE,1990,25897.47259
Czechia,CZE,1991,25093.42017
Czechia,CZE,1992,24584.23024
Czechia,CZE,1993,23833.11521
Czechia,CZE,1994,23504.68415
Czechia,CZE,1995,23344.26242
Czechia,CZE,1996,22557.42738
Czechia,CZE,1997,22391.19227
Czechia,CZE,1998,21652.18298
Czechia,CZE,1999,21291.22959
Czechia,CZE,2000,21049.76165
Czechia,CZE,2001,20706.43913
Czechia,CZE,2002,20489.74975
Czechia,CZE,2003,20618.36838
Czechia,CZE,2004,20043.88554
Czechia,CZE,2005,19791.27065
Czechia,CZE,2006,19244.33196
Czechia,CZE,2007,19023.71948
Czechia,CZE,2008,18878.47941
Czechia,CZE,2009,18617.31921
Czechia,CZE,2010,18412.18601
Czechia,CZE,2011,18253.93803
Czechia,CZE,2012,18037.43321
Czechia,CZE,2013,17832.94232
Czechia,CZE,2014,17481.78802
Czechia,CZE,2015,17438.81112
Czechia,CZE,2016,17306.76715
Czechia,CZE,2017,17210.4456
Czechia,CZE,2018,17221.41923
Czechia,CZE,2019,17124.76424
Democratic Republic of Congo,COD,1990,27197.62982
Democratic Republic of Congo,COD,1991,27182.4573
Democratic Republic of Congo,COD,1992,27030.24526
Democratic Republic of Congo,COD,1993,26753.35732
Democratic Republic of Congo,COD,1994,26604.35322
Democratic Republic of Congo,COD,1995,26626.30275
Democratic Republic of Congo,COD,1996,26811.69813
Democratic Republic of Congo,COD,1997,26288.57319
Democratic Republic of Congo,COD,1998,26203.70905
Democratic Republic of Congo,COD,1999,26062.03359
Democratic Republic of Congo,COD,2000,26011.04043
Democratic Republic of Congo,COD,2001,25900.35613
Democratic Republic of Congo,COD,2002,25627.25984
Democratic Republic of Congo,COD,2003,25720.72869
Democratic Republic of Congo,COD,2004,25453.62563
Democratic Republic of Congo,COD,2005,25191.03394
Democratic Republic of Congo,COD,2006,25064.23619
Democratic Republic of Congo,COD,2007,24898.60384
Democratic Republic of Congo,COD,2008,24879.72645
Democratic Republic of Congo,COD,2009,24762.24552
Democratic Republic of Congo,COD,2010,24600.14805
Democratic Republic of Congo,COD,2011,24556.85879
Democratic Republic of Congo,COD,2012,24480.46656
Democratic Republic of Congo,COD,2013,24300.21837
Democratic Republic of Congo,COD,2014,24107.2077
Democratic Republic of Congo,COD,2015,23827.81462
Democratic Republic of Congo,COD,2016,23563.01806
Democratic Republic of Congo,COD,2017,23384.55984
Democratic Republic of Congo,COD,2018,23393.75424
Democratic Republic of Congo,COD,2019,23259.94742
Denmark,DNK,1990,22794.87061
Denmark,DNK,1991,22582.4751
Denmark,DNK,1992,22525.88036
Denmark,DNK,1993,22480.03575
Denmark,DNK,1994,22476.69174
Denmark,DNK,1995,22338.36977
Denmark,DNK,1996,22063.3719
Denmark,DNK,1997,21759.72867
Denmark,DNK,1998,21404.95112
Denmark,DNK,1999,21391.70741
Denmark,DNK,2000,20911.30224
Denmark,DNK,2001,20755.99111
Denmark,DNK,2002,20607.24311
Denmark,DNK,2003,20314.44159
Denmark,DNK,2004,20000.9839
Denmark,DNK,2005,19641.37819
Denmark,DNK,2006,19477.18488
Denmark,DNK,2007,19315.5915
Denmark,DNK,2008,19035.54881
Denmark,DNK,2009,18805.55981
Denmark,DNK,2010,18530.93732
Denmark,DNK,2011,18145.73844
Denmark,DNK,2012,17871.4121
Denmark,DNK,2013,17634.15805
Denmark,DNK,2014,17402.65743
Denmark,DNK,2015,17234.56326
Denmark,DNK,2016,17200.79026
Denmark,DNK,2017,17167.18939
Denmark,DNK,2018,17154.41399
Denmark,DNK,2019,17165.59277
Djibouti,DJI,1990,22962.55452
Djibouti,DJI,1991,23088.98738
Djibouti,DJI,1992,23202.48714
Djibouti,DJI,1993,23432.78321
Djibouti,DJI,1994,23123.52363
Djibouti,DJI,1995,23472.76255
Djibouti,DJI,1996,23407.56789
Djibouti,DJI,1997,23150.78408
Djibouti,DJI,1998,23291.21058
Djibouti,DJI,1999,23150.43282
Djibouti,DJI,2000,22959.01651
Djibouti,DJI,2001,22786.69253
Djibouti,DJI,2002,22753.83264
Djibouti,DJI,2003,22552.81756
Djibouti,DJI,2004,23023.8478
Djibouti,DJI,2005,22982.41982
Djibouti,DJI,2006,22817.34044
Djibouti,DJI,2007,22826.54309
Djibouti,DJI,2008,22719.64301
Djibouti,DJI,2009,22479.35951
Djibouti,DJI,2010,22522.87207
Djibouti,DJI,2011,22431.08155
Djibouti,DJI,2012,22365.99895
Djibouti,DJI,2013,22245.04992
Djibouti,DJI,2014,21826.61202
Djibouti,DJI,2015,21790.50948
Djibouti,DJI,2016,21664.64801
Djibouti,DJI,2017,21692.6006
Djibouti,DJI,2018,21731.48165
Djibouti,DJI,2019,21673.82842
Dominica,DMA,1990,25075.89608
Dominica,DMA,1991,25106.1222
Dominica,DMA,1992,24678.06798
Dominica,DMA,1993,24522.24157
Dominica,DMA,1994,24464.24378
Dominica,DMA,1995,24379.41549
Dominica,DMA,1996,24302.0403
Dominica,DMA,1997,24082.32769
Dominica,DMA,1998,23934.21096
Dominica,DMA,1999,24123.77114
Dominica,DMA,2000,24094.44699
Dominica,DMA,2001,23974.53254
Dominica,DMA,2002,24028.00587
Dominica,DMA,2003,24075.06536
Dominica,DMA,2004,23899.27936
Dominica,DMA,2005,23718.67142
Dominica,DMA,2006,23719.89436
Dominica,DMA,2007,23691.34771
Dominica,DMA,2008,23613.41131
Dominica,DMA,2009,23629.32706
Dominica,DMA,2010,23748.35937
Dominica,DMA,2011,23915.74579
Dominica,DMA,2012,24085.69312
Dominica,DMA,2013,24201.66178
Dominica,DMA,2014,24256.41773
Dominica,DMA,2015,24263.6654
Dominica,DMA,2016,24164.14908
Dominica,DMA,2017,24172.69651
Dominica,DMA,2018,24209.70659
Dominica,DMA,2019,24217.72378
Dominican Republic,DOM,1990,20255.60736
Dominican Republic,DOM,1991,19825.06744
Dominican Republic,DOM,1992,19380.0542
Dominican Republic,DOM,1993,19272.71233
Dominican Republic,DOM,1994,18961.59011
Dominican Republic,DOM,1995,18859.72067
Dominican Republic,DOM,1996,18975.81094
Dominican Republic,DOM,1997,19135.23834
Dominican Republic,DOM,1998,19142.88834
Dominican Republic,DOM,1999,19071.42444
Dominican Republic,DOM,2000,18840.72578
Dominican Republic,DOM,2001,18802.02
Dominican Republic,DOM,2002,18892.14158
Dominican Republic,DOM,2003,19319.08074
Dominican Republic,DOM,2004,19912.7665
Dominican Republic,DOM,2005,20238.79773
Dominican Republic,DOM,2006,20378.13485
Dominican Republic,DOM,2007,20301.65758
Dominican Republic,DOM,2008,20129.29709
Dominican Republic,DOM,2009,20082.15196
Dominican Republic,DOM,2010,20012.30979
Dominican Republic,DOM,2011,20101.03099
Dominican Republic,DOM,2012,20651.55007
Dominican Republic,DOM,2013,21348.40609
Dominican Republic,DOM,2014,21719.6415
Dominican Republic,DOM,2015,22078.41352
Dominican Republic,DOM,2016,22139.33487
Dominican Republic,DOM,2017,21896.8077
Dominican Republic,DOM,2018,21666.90579
Dominican Republic,DOM,2019,21486.57743
East Asia & Pacific (WB),,1990,25103.21014
East Asia & Pacific (WB),,1991,24851.59912
East Asia & Pacific (WB),,1992,24584.46774
East Asia & Pacific (WB),,1993,24315.74779
East Asia & Pacific (WB),,1994,24009.4587
East Asia & Pacific (WB),,1995,23745.72413
East Asia & Pacific (WB),,1996,23465.7571
East Asia & Pacific (WB),,1997,23116.26149
East Asia & Pacific (WB),,1998,22885.1872
East Asia & Pacific (WB),,1999,22774.21866
East Asia & Pacific (WB),,2000,22672.44889
East Asia & Pacific (WB),,2001,22421.47283
East Asia & Pacific (WB),,2002,22222.77604
East Asia & Pacific (WB),,2003,22013.56639
East Asia & Pacific (WB),,2004,21881.95021
East Asia & Pacific (WB),,2005,21576.43697
East Asia & Pacific (WB),,2006,21043.95395
East Asia & Pacific (WB),,2007,20635.80517
East Asia & Pacific (WB),,2008,20399.88326
East Asia & Pacific (WB),,2009,20194.85518
East Asia & Pacific (WB),,2010,20023.95472
East Asia & Pacific (WB),,2011,19798.23673
East Asia & Pacific (WB),,2012,19501.53835
East Asia & Pacific (WB),,2013,19238.67171
East Asia & Pacific (WB),,2014,19027.68058
East Asia & Pacific (WB),,2015,18815.25163
East Asia & Pacific (WB),,2016,18687.98701
East Asia & Pacific (WB),,2017,18560.92485
East Asia & Pacific (WB),,2018,18444.24194
East Asia & Pacific (WB),,2019,18354.79154
Eastern Mediterranean Region (WHO),,1990,28082.42399
Eastern Mediterranean Region (WHO),,1991,27993.61431
Eastern Mediterranean Region (WHO),,1992,27977.85659
Eastern Mediterranean Region (WHO),,1993,28044.09987
Eastern Mediterranean Region (WHO),,1994,28087.56435
Eastern Mediterranean Region (WHO),,1995,28084.28385
Eastern Mediterranean Region (WHO),,1996,28005.65595
Eastern Mediterranean Region (WHO),,1997,27985.85798
Eastern Mediterranean Region (WHO),,1998,27834.86274
Eastern Mediterranean Region (WHO),,1999,27704.92971
Eastern Mediterranean Region (WHO),,2000,27467.56459
Eastern Mediterranean Region (WHO),,2001,27442.12757
Eastern Mediterranean Region (WHO),,2002,27382.73142
Eastern Mediterranean Region (WHO),,2003,27355.64418
Eastern Mediterranean Region (WHO),,2004,27186.25071
Eastern Mediterranean Region (WHO),,2005,26985.07497
Eastern Mediterranean Region (WHO),,2006,26796.29683
Eastern Mediterranean Region (WHO),,2007,26544.5687
Eastern Mediterranean Region (WHO),,2008,26437.30829
Eastern Mediterranean Region (WHO),,2009,26279.5394
Eastern Mediterranean Region (WHO),,2010,26074.95932
Eastern Mediterranean Region (WHO),,2011,25836.21649
Eastern Mediterranean Region (WHO),,2012,25697.84636
Eastern Mediterranean Region (WHO),,2013,25579.21011
Eastern Mediterranean Region (WHO),,2014,25473.36904
Eastern Mediterranean Region (WHO),,2015,25451.54672
Eastern Mediterranean Region (WHO),,2016,25295.18761
Eastern Mediterranean Region (WHO),,2017,25096.38589
Eastern Mediterranean Region (WHO),,2018,24922.5043
Eastern Mediterranean Region (WHO),,2019,24763.85308
Ecuador,ECU,1990,20117.69837
Ecuador,ECU,1991,20601.00891
Ecuador,ECU,1992,20283.36176
Ecuador,ECU,1993,19858.45036
Ecuador,ECU,1994,19612.73453
Ecuador,ECU,1995,19255.92595
Ecuador,ECU,1996,19326.54962
Ecuador,ECU,1997,18788.77123
Ecuador,ECU,1998,18852.40942
Ecuador,ECU,1999,18710.83539
Ecuador,ECU,2000,18549.56057
Ecuador,ECU,2001,18257.72151
Ecuador,ECU,2002,19129.02542
Ecuador,ECU,2003,19471.44359
Ecuador,ECU,2004,19572.64204
Ecuador,ECU,2005,19894.97726
Ecuador,ECU,2006,19977.77922
Ecuador,ECU,2007,19991.47775
Ecuador,ECU,2008,19985.24361
Ecuador,ECU,2009,19815.68614
Ecuador,ECU,2010,19739.68805
Ecuador,ECU,2011,19402.77282
Ecuador,ECU,2012,19462.13967
Ecuador,ECU,2013,19317.10779
Ecuador,ECU,2014,19102.84722
Ecuador,ECU,2015,18917.70498
Ecuador,ECU,2016,18920.6597
Ecuador,ECU,2017,18905.7658
Ecuador,ECU,2018,18807.53298
Ecuador,ECU,2019,18685.83432
Egypt,EGY,1990,32401.1991
Egypt,EGY,1991,31805.28818
Egypt,EGY,1992,31145.72753
Egypt,EGY,1993,31244.21418
Egypt,EGY,1994,31168.03198
Egypt,EGY,1995,30479.67953
Egypt,EGY,1996,30074.6882
Egypt,EGY,1997,29982.55741
Egypt,EGY,1998,29685.3072
Egypt,EGY,1999,29413.31425
Egypt,EGY,2000,28575.96829
Egypt,EGY,2001,29164.16216
Egypt,EGY,2002,29535.43696
Egypt,EGY,2003,30062.46551
Egypt,EGY,2004,29875.85038
Egypt,EGY,2005,29452.9647
Egypt,EGY,2006,29274.87976
Egypt,EGY,2007,28933.00884
Egypt,EGY,2008,29011.05334
Egypt,EGY,2009,29231.84024
Egypt,EGY,2010,29159.82752
Egypt,EGY,2011,28909.63476
Egypt,EGY,2012,29075.38622
Egypt,EGY,2013,28423.00177
Egypt,EGY,2014,28397.9398
Egypt,EGY,2015,29000.65036
Egypt,EGY,2016,28791.89893
Egypt,EGY,2017,28294.42882
Egypt,EGY,2018,28048.67008
Egypt,EGY,2019,27807.1473
El Salvador,SLV,1990,22071.61181
El Salvador,SLV,1991,21866.46205
El Salvador,SLV,1992,22034.50745
El Salvador,SLV,1993,22076.40012
El Salvador,SLV,1994,22000.01041
El Salvador,SLV,1995,21341.99807
El Salvador,SLV,1996,20888.79
El Salvador,SLV,1997,20995.80113
El Salvador,SLV,1998,21494.65077
El Salvador,SLV,1999,20665.77185
El Salvador,SLV,2000,20543.64085
El Salvador,SLV,2001,20293.42301
El Salvador,SLV,2002,19835.98799
El Salvador,SLV,2003,20083.08632
El Salvador,SLV,2004,20453.83598
El Salvador,SLV,2005,20548.20232
El Salvador,SLV,2006,20611.12976
El Salvador,SLV,2007,20371.23277
El Salvador,SLV,2008,19996.54246
El Salvador,SLV,2009,20456.06557
El Salvador,SLV,2010,19752.80588
El Salvador,SLV,2011,19966.05994
El Salvador,SLV,2012,19242.4034
El Salvador,SLV,2013,19531.34596
El Salvador,SLV,2014,20195.09342
El Salvador,SLV,2015,20147.33805
El Salvador,SLV,2016,19968.7987
El Salvador,SLV,2017,19815.77035
El Salvador,SLV,2018,19706.89384
El Salvador,SLV,2019,19698.81165
England,,1990,22599.27301
England,,1991,22330.32004
England,,1992,22034.77027
England,,1993,21864.52454
England,,1994,21515.72114
England,,1995,21389.05892
England,,1996,21172.34904
England,,1997,20941.60761
England,,1998,20810.00903
England,,1999,20667.84939
England,,2000,20365.72689
England,,2001,20136.31421
England,,2002,20006.65222
England,,2003,19839.74347
England,,2004,19488.01869
England,,2005,19247.0299
England,,2006,19066.39698
England,,2007,18851.85002
England,,2008,18666.04358
England,,2009,18368.76067
England,,2010,18148.13995
England,,2011,17950.34039
England,,2012,17847.49837
England,,2013,17826.76604
England,,2014,17760.688
England,,2015,17779.11095
England,,2016,17745.30179
England,,2017,17677.85458
England,,2018,17733.04738
England,,2019,17781.09965
Equatorial Guinea,GNQ,1990,29502.18872
Equatorial Guinea,GNQ,1991,29228.83481
Equatorial Guinea,GNQ,1992,28753.15869
Equatorial Guinea,GNQ,1993,28514.32484
Equatorial Guinea,GNQ,1994,28210.5897
Equatorial Guinea,GNQ,1995,28102.0609
Equatorial Guinea,GNQ,1996,27935.66113
Equatorial Guinea,GNQ,1997,26829.62916
Equatorial Guinea,GNQ,1998,26138.21938
Equatorial Guinea,GNQ,1999,25614.40154
Equatorial Guinea,GNQ,2000,25010.06036
Equatorial Guinea,GNQ,2001,24107.01138
Equatorial Guinea,GNQ,2002,23252.08418
Equatorial Guinea,GNQ,2003,22923.51991
Equatorial Guinea,GNQ,2004,22755.40875
Equatorial Guinea,GNQ,2005,22576.41525
Equatorial Guinea,GNQ,2006,22447.9309
Equatorial Guinea,GNQ,2007,22156.18907
Equatorial Guinea,GNQ,2008,21910.78779
Equatorial Guinea,GNQ,2009,21837.51541
Equatorial Guinea,GNQ,2010,21742.9786
Equatorial Guinea,GNQ,2011,21883.18007
Equatorial Guinea,GNQ,2012,21718.02299
Equatorial Guinea,GNQ,2013,21369.46032
Equatorial Guinea,GNQ,2014,21188.85751
Equatorial Guinea,GNQ,2015,21214.7608
Equatorial Guinea,GNQ,2016,21356.39081
Equatorial Guinea,GNQ,2017,21344.87009
Equatorial Guinea,GNQ,2018,21351.22971
Equatorial Guinea,GNQ,2019,21242.29791
Eritrea,ERI,1990,26334.97836
Eritrea,ERI,1991,26385.2761
Eritrea,ERI,1992,26180.0821
Eritrea,ERI,1993,26084.53483
Eritrea,ERI,1994,26340.31836
Eritrea,ERI,1995,26935.05833
Eritrea,ERI,1996,26769.60957
Eritrea,ERI,1997,26689.2185
Eritrea,ERI,1998,26433.50535
Eritrea,ERI,1999,26471.62444
Eritrea,ERI,2000,26427.22131
Eritrea,ERI,2001,26107.46948
Eritrea,ERI,2002,26372.50032
Eritrea,ERI,2003,26323.60737
Eritrea,ERI,2004,26444.36393
Eritrea,ERI,2005,26344.45223
Eritrea,ERI,2006,26185.7924
Eritrea,ERI,2007,25990.51206
Eritrea,ERI,2008,25862.41858
Eritrea,ERI,2009,25632.6738
Eritrea,ERI,2010,25419.36566
Eritrea,ERI,2011,25202.60778
Eritrea,ERI,2012,25100.26273
Eritrea,ERI,2013,25039.74201
Eritrea,ERI,2014,24920.98203
Eritrea,ERI,2015,24896.9288
Eritrea,ERI,2016,24768.56211
Eritrea,ERI,2017,24632.04362
Eritrea,ERI,2018,24533.70384
Eritrea,ERI,2019,24453.39065
Estonia,EST,1990,26036.62725
Estonia,EST,1991,26578.9964
Estonia,EST,1992,26339.42089
Estonia,EST,1993,27642.21726
Estonia,EST,1994,29067.40989
Estonia,EST,1995,28019.77079
Estonia,EST,1996,25720.70156
Estonia,EST,1997,25530.1368
Estonia,EST,1998,26205.06997
Estonia,EST,1999,25281.37709
Estonia,EST,2000,25095.23534
Estonia,EST,2001,25498.91587
Estonia,EST,2002,24863.39101
Estonia,EST,2003,24269.75096
Estonia,EST,2004,23907.45369
Estonia,EST,2005,23453.91846
Estonia,EST,2006,23245.11301
Estonia,EST,2007,23281.30905
Estonia,EST,2008,22143.28236
Estonia,EST,2009,21408.98626
Estonia,EST,2010,20364.45313
Estonia,EST,2011,20385.92945
Estonia,EST,2012,20200.86055
Estonia,EST,2013,19511.71615
Estonia,EST,2014,19546.92686
Estonia,EST,2015,19055.09131
Estonia,EST,2016,19156.96919
Estonia,EST,2017,19071.6588
Estonia,EST,2018,18973.82214
Estonia,EST,2019,18873.54286
Eswatini,SWZ,1990,26891.82377
Eswatini,SWZ,1991,26950.087
Eswatini,SWZ,1992,26752.93718
Eswatini,SWZ,1993,26485.38458
Eswatini,SWZ,1994,26613.2078
Eswatini,SWZ,1995,27097.74431
Eswatini,SWZ,1996,27654.41128
Eswatini,SWZ,1997,27797.13888
Eswatini,SWZ,1998,28535.19399
Eswatini,SWZ,1999,29397.85972
Eswatini,SWZ,2000,30870.52901
Eswatini,SWZ,2001,32019.15121
Eswatini,SWZ,2002,33136.67544
Eswatini,SWZ,2003,33826.86375
Eswatini,SWZ,2004,34201.36535
Eswatini,SWZ,2005,34286.38796
Eswatini,SWZ,2006,33808.82811
Eswatini,SWZ,2007,33472.99669
Eswatini,SWZ,2008,33194.17748
Eswatini,SWZ,2009,32859.94986
Eswatini,SWZ,2010,32168.23738
Eswatini,SWZ,2011,31367.00024
Eswatini,SWZ,2012,30879.06927
Eswatini,SWZ,2013,30359.4086
Eswatini,SWZ,2014,29846.35846
Eswatini,SWZ,2015,29351.61644
Eswatini,SWZ,2016,28871.00314
Eswatini,SWZ,2017,28494.55248
Eswatini,SWZ,2018,28272.46047
Eswatini,SWZ,2019,28159.052
Ethiopia,ETH,1990,29898.41156
Ethiopia,ETH,1991,29486.17414
Ethiopia,ETH,1992,29343.39996
Ethiopia,ETH,1993,28937.70878
Ethiopia,ETH,1994,28462.61474
Ethiopia,ETH,1995,28014.17171
Ethiopia,ETH,1996,27395.15031
Ethiopia,ETH,1997,26917.13303
Ethiopia,ETH,1998,26579.43124
Ethiopia,ETH,1999,26154.17432
Ethiopia,ETH,2000,25458.75985
Ethiopia,ETH,2001,24804.31926
Ethiopia,ETH,2002,24315.75433
Ethiopia,ETH,2003,23866.14907
Ethiopia,ETH,2004,23455.24096
Ethiopia,ETH,2005,23124.48241
Ethiopia,ETH,2006,22664.13517
Ethiopia,ETH,2007,22222.70483
Ethiopia,ETH,2008,21799.9392
Ethiopia,ETH,2009,21396.34312
Ethiopia,ETH,2010,20976.45526
Ethiopia,ETH,2011,20750.25368
Ethiopia,ETH,2012,20462.5271
Ethiopia,ETH,2013,20229.39945
Ethiopia,ETH,2014,20138.48256
Ethiopia,ETH,2015,19970.89589
Ethiopia,ETH,2016,19853.5096
Ethiopia,ETH,2017,19809.50202
Ethiopia,ETH,2018,19766.89292
Ethiopia,ETH,2019,19689.4572
Europe & Central Asia (WB),,1990,23986.32793
Europe & Central Asia (WB),,1991,24001.18964
Europe & Central Asia (WB),,1992,24186.99426
Europe & Central Asia (WB),,1993,24808.41196
Europe & Central Asia (WB),,1994,25129.03885
Europe & Central Asia (WB),,1995,24882.59083
Europe & Central Asia (WB),,1996,24335.11693
Europe & Central Asia (WB),,1997,23832.53245
Europe & Central Asia (WB),,1998,23471.59894
Europe & Central Asia (WB),,1999,23549.4657
Europe & Central Asia (WB),,2000,23463.31182
Europe & Central Asia (WB),,2001,23311.30965
Europe & Central Asia (WB),,2002,23290.04044
Europe & Central Asia (WB),,2003,23236.41585
Europe & Central Asia (WB),,2004,22905.84896
Europe & Central Asia (WB),,2005,22915.27127
Europe & Central Asia (WB),,2006,22288.67934
Europe & Central Asia (WB),,2007,21914.64967
Europe & Central Asia (WB),,2008,21689.41447
Europe & Central Asia (WB),,2009,21192.8782
Europe & Central Asia (WB),,2010,20926.67212
Europe & Central Asia (WB),,2011,20460.09849
Europe & Central Asia (WB),,2012,20210.36482
Europe & Central Asia (WB),,2013,19967.75397
Europe & Central Asia (WB),,2014,19794.99423
Europe & Central Asia (WB),,2015,19848.6175
Europe & Central Asia (WB),,2016,19604.41771
Europe & Central Asia (WB),,2017,19354.28697
Europe & Central Asia (WB),,2018,19306.89717
Europe & Central Asia (WB),,2019,19267.96319
European Region (WHO),,1990,23965.77405
European Region (WHO),,1991,23980.16206
European Region (WHO),,1992,24165.94597
European Region (WHO),,1993,24780.60521
European Region (WHO),,1994,25096.94098
European Region (WHO),,1995,24850.84128
European Region (WHO),,1996,24305.32888
European Region (WHO),,1997,23804.55852
European Region (WHO),,1998,23444.95171
European Region (WHO),,1999,23519.90474
European Region (WHO),,2000,23432.19866
European Region (WHO),,2001,23279.14222
European Region (WHO),,2002,23256.85876
European Region (WHO),,2003,23200.9585
European Region (WHO),,2004,22869.20134
European Region (WHO),,2005,22876.1397
European Region (WHO),,2006,22253.36249
European Region (WHO),,2007,21881.12268
European Region (WHO),,2008,21654.20461
European Region (WHO),,2009,21159.79294
European Region (WHO),,2010,20893.3521
European Region (WHO),,2011,20428.9817
European Region (WHO),,2012,20179.75868
European Region (WHO),,2013,19936.95826
European Region (WHO),,2014,19764.44306
European Region (WHO),,2015,19816.68393
European Region (WHO),,2016,19573.35478
European Region (WHO),,2017,19324.35051
European Region (WHO),,2018,19276.80044
European Region (WHO),,2019,19237.66555
Fiji,FJI,1990,33021.23864
Fiji,FJI,1991,33255.69415
Fiji,FJI,1992,33377.87543
Fiji,FJI,1993,33731.02335
Fiji,FJI,1994,34012.58242
Fiji,FJI,1995,34326.43317
Fiji,FJI,1996,34694.27732
Fiji,FJI,1997,34733.25166
Fiji,FJI,1998,33957.29462
Fiji,FJI,1999,35010.17213
Fiji,FJI,2000,35475.95778
Fiji,FJI,2001,34532.11474
Fiji,FJI,2002,33820.27856
Fiji,FJI,2003,33929.4968
Fiji,FJI,2004,32855.55263
Fiji,FJI,2005,32912.82513
Fiji,FJI,2006,32992.39532
Fiji,FJI,2007,33210.72129
Fiji,FJI,2008,33296.00911
Fiji,FJI,2009,32543.51943
Fiji,FJI,2010,32461.2757
Fiji,FJI,2011,32427.89815
Fiji,FJI,2012,32343.27309
Fiji,FJI,2013,32203.2187
Fiji,FJI,2014,32128.13402
Fiji,FJI,2015,32068.7547
Fiji,FJI,2016,31971.11453
Fiji,FJI,2017,31862.41612
Fiji,FJI,2018,31774.96734
Fiji,FJI,2019,31693.75083
Finland,FIN,1990,21395.89218
Finland,FIN,1991,21014.71629
Finland,FIN,1992,20722.76694
Finland,FIN,1993,20374.90121
Finland,FIN,1994,19874.77466
Finland,FIN,1995,19740.91477
Finland,FIN,1996,19532.10352
Finland,FIN,1997,19438.34546
Finland,FIN,1998,19270.45296
Finland,FIN,1999,19087.2629
Finland,FIN,2000,18899.74972
Finland,FIN,2001,18621.72028
Finland,FIN,2002,18476.13765
Finland,FIN,2003,18359.99049
Finland,FIN,2004,18285.52619
Finland,FIN,2005,18137.07419
Finland,FIN,2006,17913.31919
Finland,FIN,2007,17854.32454
Finland,FIN,2008,17704.79652
Finland,FIN,2009,17586.49857
Finland,FIN,2010,17430.36343
Finland,FIN,2011,17222.00867
Finland,FIN,2012,17081.0144
Finland,FIN,2013,16888.08298
Finland,FIN,2014,16697.89811
Finland,FIN,2015,16485.1837
Finland,FIN,2016,16437.83526
Finland,FIN,2017,16422.08804
Finland,FIN,2018,16402.04435
Finland,FIN,2019,16427.51395
France,FRA,1990,19554.21926
France,FRA,1991,19336.89216
France,FRA,1992,19082.00363
France,FRA,1993,18891.74534
France,FRA,1994,18621.92591
France,FRA,1995,18467.20284
France,FRA,1996,18347.98103
France,FRA,1997,18179.30965
France,FRA,1998,18194.14088
France,FRA,1999,18097.54535
France,FRA,2000,17944.30808
France,FRA,2001,17848.7534
France,FRA,2002,17727.69905
France,FRA,2003,17572.23798
France,FRA,2004,17191.79895
France,FRA,2005,17034.77372
France,FRA,2006,16850.07182
France,FRA,2007,16674.85821
France,FRA,2008,16568.67764
France,FRA,2009,16473.42503
France,FRA,2010,16332.34937
France,FRA,2011,16178.73608
France,FRA,2012,16043.59212
France,FRA,2013,15883.68052
France,FRA,2014,15703.07841
France,FRA,2015,15706.56685
France,FRA,2016,15505.11996
France,FRA,2017,15486.22998
France,FRA,2018,15445.7359
France,FRA,2019,15461.1673
G20,,1990,24672.83304
G20,,1991,24489.94769
G20,,1992,24345.07907
G20,,1993,24338.04027
G20,,1994,24209.44404
G20,,1995,23911.69451
G20,,1996,23632.08981
G20,,1997,23447.8716
G20,,1998,23242.1269
G20,,1999,23106.3635
G20,,2000,22968.08857
G20,,2001,22777.44814
G20,,2002,22614.74568
G20,,2003,22393.09871
G20,,2004,22069.79102
G20,,2005,21910.84883
G20,,2006,21524.41105
G20,,2007,21232.38399
G20,,2008,21071.25247
G20,,2009,20790.68416
G20,,2010,20618.45877
G20,,2011,20409.86774
G20,,2012,20185.79961
G20,,2013,19986.55934
G20,,2014,19778.59133
G20,,2015,19656.18084
G20,,2016,19527.93259
G20,,2017,19386.31517
G20,,2018,19332.10077
G20,,2019,19274.75173
Gabon,GAB,1990,27850.68212
Gabon,GAB,1991,27674.43374
Gabon,GAB,1992,27514.31225
Gabon,GAB,1993,27235.92029
Gabon,GAB,1994,27385.99857
Gabon,GAB,1995,27705.53991
Gabon,GAB,1996,27713.0893
Gabon,GAB,1997,27460.46034
Gabon,GAB,1998,27275.80127
Gabon,GAB,1999,27057.74643
Gabon,GAB,2000,27173.0581
Gabon,GAB,2001,27225.32337
Gabon,GAB,2002,26905.40587
Gabon,GAB,2003,27004.23481
Gabon,GAB,2004,26919.3283
Gabon,GAB,2005,26658.94317
Gabon,GAB,2006,26594.9658
Gabon,GAB,2007,26417.3443
Gabon,GAB,2008,26367.63805
Gabon,GAB,2009,25986.69501
Gabon,GAB,2010,25427.40192
Gabon,GAB,2011,25178.11616
Gabon,GAB,2012,24761.67669
Gabon,GAB,2013,24340.42995
Gabon,GAB,2014,24153.04272
Gabon,GAB,2015,24096.35204
Gabon,GAB,2016,23994.35524
Gabon,GAB,2017,23924.77342
Gabon,GAB,2018,23814.19341
Gabon,GAB,2019,23685.97883
Gambia,GMB,1990,23157.44597
Gambia,GMB,1991,23242.77388
Gambia,GMB,1992,23485.9031
Gambia,GMB,1993,23024.2804
Gambia,GMB,1994,22800.48232
Gambia,GMB,1995,23723.35919
Gambia,GMB,1996,22770.17782
Gambia,GMB,1997,22779.63407
Gambia,GMB,1998,23237.40794
Gambia,GMB,1999,23950.97356
Gambia,GMB,2000,23029.26249
Gambia,GMB,2001,22672.29759
Gambia,GMB,2002,22737.4826
Gambia,GMB,2003,23027.61531
Gambia,GMB,2004,24149.64184
Gambia,GMB,2005,24299.20669
Gambia,GMB,2006,23909.8882
Gambia,GMB,2007,23802.6981
Gambia,GMB,2008,23180.35816
Gambia,GMB,2009,23261.67001
Gambia,GMB,2010,22973.22089
Gambia,GMB,2011,21841.81022
Gambia,GMB,2012,21862.82543
Gambia,GMB,2013,22018.37293
Gambia,GMB,2014,22811.43809
Gambia,GMB,2015,22337.02878
Gambia,GMB,2016,22871.63779
Gambia,GMB,2017,23483.47114
Gambia,GMB,2018,23284.65918
Gambia,GMB,2019,23228.57942
Georgia,GEO,1990,26747.63834
Georgia,GEO,1991,26908.66339
Georgia,GEO,1992,27084.47608
Georgia,GEO,1993,26402.97666
Georgia,GEO,1994,26524.63939
Georgia,GEO,1995,24940.33973
Georgia,GEO,1996,23870.36903
Georgia,GEO,1997,24028.3606
Georgia,GEO,1998,24322.86917
Georgia,GEO,1999,24526.55262
Georgia,GEO,2000,24711.47531
Georgia,GEO,2001,24736.89264
Georgia,GEO,2002,25513.34889
Georgia,GEO,2003,25645.03263
Georgia,GEO,2004,25742.24706
Georgia,GEO,2005,25414.63169
Georgia,GEO,2006,25059.49185
Georgia,GEO,2007,24568.17167
Georgia,GEO,2008,24672.02912
Georgia,GEO,2009,24987.41501
Georgia,GEO,2010,24864.409
Georgia,GEO,2011,24542.29856
Georgia,GEO,2012,24107.48992
Georgia,GEO,2013,23593.37386
Georgia,GEO,2014,23273.22887
Georgia,GEO,2015,23158.40427
Georgia,GEO,2016,23475.25775
Georgia,GEO,2017,23469.34902
Georgia,GEO,2018,23451.75542
Georgia,GEO,2019,23376.55778
Germany,DEU,1990,22295.9942
Germany,DEU,1991,22123.93103
Germany,DEU,1992,21812.4775
Germany,DEU,1993,21663.97757
Germany,DEU,1994,21399.00584
Germany,DEU,1995,21137.76202
Germany,DEU,1996,20876.57999
Germany,DEU,1997,20545.62769
Germany,DEU,1998,20215.4797
Germany,DEU,1999,19945.15932
Germany,DEU,2000,19696.00477
Germany,DEU,2001,19458.41611
Germany,DEU,2002,19366.27453
Germany,DEU,2003,19251.49119
Germany,DEU,2004,18892.56589
Germany,DEU,2005,18653.50136
Germany,DEU,2006,18425.72561
Germany,DEU,2007,18281.95487
Germany,DEU,2008,18173.17202
Germany,DEU,2009,18057.93277
Germany,DEU,2010,17892.32012
Germany,DEU,2011,17744.34461
Germany,DEU,2012,17627.3499
Germany,DEU,2013,17617.38779
Germany,DEU,2014,17448.13673
Germany,DEU,2015,17534.19554
Germany,DEU,2016,17451.39589
Germany,DEU,2017,17331.06938
Germany,DEU,2018,17291.55307
Germany,DEU,2019,17277.05059
Ghana,GHA,1990,23834.63762
Ghana,GHA,1991,23738.53228
Ghana,GHA,1992,23729.19323
Ghana,GHA,1993,23627.98703
Ghana,GHA,1994,23517.60908
Ghana,GHA,1995,23414.67202
Ghana,GHA,1996,23449.32313
Ghana,GHA,1997,23667.81047
Ghana,GHA,1998,23648.53678
Ghana,GHA,1999,23702.78842
Ghana,GHA,2000,23789.36671
Ghana,GHA,2001,23860.6944
Ghana,GHA,2002,23917.47056
Ghana,GHA,2003,23933.54108
Ghana,GHA,2004,23933.72339
Ghana,GHA,2005,23967.60363
Ghana,GHA,2006,23982.08106
Ghana,GHA,2007,23947.43917
Ghana,GHA,2008,23758.24296
Ghana,GHA,2009,23676.60482
Ghana,GHA,2010,23608.8365
Ghana,GHA,2011,23596.50681
Ghana,GHA,2012,23460.97507
Ghana,GHA,2013,23332.25337
Ghana,GHA,2014,23297.29555
Ghana,GHA,2015,23349.28558
Ghana,GHA,2016,23380.49857
Ghana,GHA,2017,23324.07716
Ghana,GHA,2018,22905.58065
Ghana,GHA,2019,22702.8986
Greece,GRC,1990,20011.30445
Greece,GRC,1991,19917.78094
Greece,GRC,1992,19898.19407
Greece,GRC,1993,19704.16307
Greece,GRC,1994,19605.19878
Greece,GRC,1995,19544.40552
Greece,GRC,1996,19443.976
Greece,GRC,1997,19302.52112
Greece,GRC,1998,19306.60354
Greece,GRC,1999,19290.81822
Greece,GRC,2000,19154.27189
Greece,GRC,2001,18993.13301
Greece,GRC,2002,18839.61095
Greece,GRC,2003,18724.20608
Greece,GRC,2004,18626.98783
Greece,GRC,2005,18456.13792
Greece,GRC,2006,18277.51336
Greece,GRC,2007,18336.14493
Greece,GRC,2008,18055.74613
Greece,GRC,2009,17962.15163
Greece,GRC,2010,17784.51579
Greece,GRC,2011,17710.95802
Greece,GRC,2012,17609.11086
Greece,GRC,2013,17316.27743
Greece,GRC,2014,17089.74073
Greece,GRC,2015,17053.90766
Greece,GRC,2016,17039.71417
Greece,GRC,2017,17020.04855
Greece,GRC,2018,17131.79373
Greece,GRC,2019,17222.35774
Greenland,GRL,1990,32260.53888
Greenland,GRL,1991,31964.67858
Greenland,GRL,1992,31668.5539
Greenland,GRL,1993,32507.06623
Greenland,GRL,1994,32461.06575
Greenland,GRL,1995,32305.75275
Greenland,GRL,1996,31997.33084
Greenland,GRL,1997,31695.88794
Greenland,GRL,1998,31208.1496
Greenland,GRL,1999,30921.48609
Greenland,GRL,2000,30487.04264
Greenland,GRL,2001,30017.66842
Greenland,GRL,2002,29664.31381
Greenland,GRL,2003,28852.16637
Greenland,GRL,2004,27629.78518
Greenland,GRL,2005,27340.20996
Greenland,GRL,2006,27046.06111
Greenland,GRL,2007,26772.13326
Greenland,GRL,2008,26440.20585
Greenland,GRL,2009,26102.20189
Greenland,GRL,2010,25777.82015
Greenland,GRL,2011,25411.42665
Greenland,GRL,2012,25056.51003
Greenland,GRL,2013,24766.78315
Greenland,GRL,2014,24473.75897
Greenland,GRL,2015,24176.71778
Greenland,GRL,2016,24068.26075
Greenland,GRL,2017,23982.96673
Greenland,GRL,2018,23868.47829
Greenland,GRL,2019,23733.83268
Grenada,GRD,1990,27501.23779
Grenada,GRD,1991,27083.20189
Grenada,GRD,1992,26908.41148
Grenada,GRD,1993,26883.86327
Grenada,GRD,1994,26435.81267
Grenada,GRD,1995,25879.56234
Grenada,GRD,1996,25209.83185
Grenada,GRD,1997,24656.87996
Grenada,GRD,1998,24268.14327
Grenada,GRD,1999,24283.14817
Grenada,GRD,2000,24108.33535
Grenada,GRD,2001,24148.49464
Grenada,GRD,2002,24228.02974
Grenada,GRD,2003,24204.55498
Grenada,GRD,2004,24282.36697
Grenada,GRD,2005,24073.66917
Grenada,GRD,2006,23981.14843
Grenada,GRD,2007,24004.17345
Grenada,GRD,2008,24093.156
Grenada,GRD,2009,24146.98958
Grenada,GRD,2010,24196.66143
Grenada,GRD,2011,24124.49022
Grenada,GRD,2012,23540.02723
Grenada,GRD,2013,23578.55294
Grenada,GRD,2014,23676.10888
Grenada,GRD,2015,23635.7027
Grenada,GRD,2016,23966.34319
Grenada,GRD,2017,23743.86769
Grenada,GRD,2018,23692.38101
Grenada,GRD,2019,23589.5586
Guam,GUM,1990,22766.63007
Guam,GUM,1991,22806.53451
Guam,GUM,1992,22640.64115
Guam,GUM,1993,22407.16756
Guam,GUM,1994,22057.98359
Guam,GUM,1995,21321.69847
Guam,GUM,1996,20790.74022
Guam,GUM,1997,20674.78977
Guam,GUM,1998,20556.74957
Guam,GUM,1999,20525.81757
Guam,GUM,2000,20592.77982
Guam,GUM,2001,20577.82362
Guam,GUM,2002,20570.65678
Guam,GUM,2003,20319.03206
Guam,GUM,2004,19957.66348
Guam,GUM,2005,19535.32407
Guam,GUM,2006,19576.48572
Guam,GUM,2007,19589.9708
Guam,GUM,2008,19666.25073
Guam,GUM,2009,19838.78398
Guam,GUM,2010,19861.68882
Guam,GUM,2011,19750.27331
Guam,GUM,2012,19905.16654
Guam,GUM,2013,20164.04868
Guam,GUM,2014,20383.29316
Guam,GUM,2015,20504.05713
Guam,GUM,2016,20480.2319
Guam,GUM,2017,20488.30568
Guam,GUM,2018,20531.1053
Guam,GUM,2019,20657.78528
Guatemala,GTM,1990,24734.41062
Guatemala,GTM,1991,25478.17634
Guatemala,GTM,1992,25896.07896
Guatemala,GTM,1993,26254.00076
Guatemala,GTM,1994,26004.09238
Guatemala,GTM,1995,24465.71628
Guatemala,GTM,1996,23685.70956
Guatemala,GTM,1997,23862.38119
Guatemala,GTM,1998,24018.38934
Guatemala,GTM,1999,23523.10845
Guatemala,GTM,2000,23404.79446
Guatemala,GTM,2001,23191.9494
Guatemala,GTM,2002,22829.82044
Guatemala,GTM,2003,22775.11852
Guatemala,GTM,2004,22827.55972
Guatemala,GTM,2005,22718.07749
Guatemala,GTM,2006,22678.74686
Guatemala,GTM,2007,22380.39769
Guatemala,GTM,2008,22172.53823
Guatemala,GTM,2009,22346.86585
Guatemala,GTM,2010,22592.9567
Guatemala,GTM,2011,22681.20673
Guatemala,GTM,2012,22571.68635
Guatemala,GTM,2013,22476.68731
Guatemala,GTM,2014,22430.59954
Guatemala,GTM,2015,22430.34709
Guatemala,GTM,2016,22365.16317
Guatemala,GTM,2017,22069.24871
Guatemala,GTM,2018,21878.39514
Guatemala,GTM,2019,21808.70419
Guinea,GIN,1990,26409.09359
Guinea,GIN,1991,26204.43579
Guinea,GIN,1992,26126.48957
Guinea,GIN,1993,25987.80549
Guinea,GIN,1994,25924.56424
Guinea,GIN,1995,25824.00154
Guinea,GIN,1996,25722.25838
Guinea,GIN,1997,25580.539
Guinea,GIN,1998,25655.0537
Guinea,GIN,1999,25750.11926
Guinea,GIN,2000,25575.4103
Guinea,GIN,2001,25572.05216
Guinea,GIN,2002,25598.79688
Guinea,GIN,2003,25627.947
Guinea,GIN,2004,25872.75468
Guinea,GIN,2005,25905.89607
Guinea,GIN,2006,26064.05503
Guinea,GIN,2007,26099.41272
Guinea,GIN,2008,25955.24674
Guinea,GIN,2009,25911.76168
Guinea,GIN,2010,26022.82058
Guinea,GIN,2011,25986.42599
Guinea,GIN,2012,25958.05545
Guinea,GIN,2013,26052.678
Guinea,GIN,2014,26170.01838
Guinea,GIN,2015,26174.00206
Guinea,GIN,2016,26030.48551
Guinea,GIN,2017,25780.07573
Guinea,GIN,2018,25560.25123
Guinea,GIN,2019,25112.673
Guinea-Bissau,GNB,1990,32302.27486
Guinea-Bissau,GNB,1991,32096.39986
Guinea-Bissau,GNB,1992,31909.43956
Guinea-Bissau,GNB,1993,31723.11981
Guinea-Bissau,GNB,1994,31540.77822
Guinea-Bissau,GNB,1995,31368.73294
Guinea-Bissau,GNB,1996,31148.35237
Guinea-Bissau,GNB,1997,30853.51887
Guinea-Bissau,GNB,1998,30684.61122
Guinea-Bissau,GNB,1999,30491.36752
Guinea-Bissau,GNB,2000,30506.72275
Guinea-Bissau,GNB,2001,30492.61999
Guinea-Bissau,GNB,2002,30561.6638
Guinea-Bissau,GNB,2003,30600.0428
Guinea-Bissau,GNB,2004,30807.14607
Guinea-Bissau,GNB,2005,30530.02264
Guinea-Bissau,GNB,2006,30459.00336
Guinea-Bissau,GNB,2007,30835.97659
Guinea-Bissau,GNB,2008,30681.54902
Guinea-Bissau,GNB,2009,30481.63247
Guinea-Bissau,GNB,2010,30256.36081
Guinea-Bissau,GNB,2011,29922.23067
Guinea-Bissau,GNB,2012,29511.20083
Guinea-Bissau,GNB,2013,29401.59388
Guinea-Bissau,GNB,2014,29246.91155
Guinea-Bissau,GNB,2015,29044.07397
Guinea-Bissau,GNB,2016,28907.42699
Guinea-Bissau,GNB,2017,28572.06966
Guinea-Bissau,GNB,2018,28016.65859
Guinea-Bissau,GNB,2019,27689.54573
Guyana,GUY,1990,34330.36125
Guyana,GUY,1991,33062.57335
Guyana,GUY,1992,32200.3923
Guyana,GUY,1993,33095.52362
Guyana,GUY,1994,32448.74999
Guyana,GUY,1995,32518.74418
Guyana,GUY,1996,32939.20936
Guyana,GUY,1997,32369.71072
Guyana,GUY,1998,31833.97281
Guyana,GUY,1999,30924.32266
Guyana,GUY,2000,31504.4582
Guyana,GUY,2001,31256.35745
Guyana,GUY,2002,31495.88866
Guyana,GUY,2003,31366.37258
Guyana,GUY,2004,31397.81399
Guyana,GUY,2005,31063.90674
Guyana,GUY,2006,30575.60708
Guyana,GUY,2007,30644.59236
Guyana,GUY,2008,30506.97327
Guyana,GUY,2009,30010.86366
Guyana,GUY,2010,30152.0892
Guyana,GUY,2011,29933.51415
Guyana,GUY,2012,30081.48461
Guyana,GUY,2013,29744.43222
Guyana,GUY,2014,30078.95522
Guyana,GUY,2015,29761.87317
Guyana,GUY,2016,29525.25347
Guyana,GUY,2017,29343.66613
Guyana,GUY,2018,29320.24769
Guyana,GUY,2019,29197.85262
Haiti,HTI,1990,38326.8858
Haiti,HTI,1991,37327.9063
Haiti,HTI,1992,36875.03087
Haiti,HTI,1993,36363.9444
Haiti,HTI,1994,35719.35757
Haiti,HTI,1995,35147.86301
Haiti,HTI,1996,34335.8158
Haiti,HTI,1997,33933.6737
Haiti,HTI,1998,32957.77073
Haiti,HTI,1999,32763.89297
Haiti,HTI,2000,32511.78284
Haiti,HTI,2001,32462.1397
Haiti,HTI,2002,32252.7433
Haiti,HTI,2003,32259.4965
Haiti,HTI,2004,32334.49867
Haiti,HTI,2005,32312.81738
Haiti,HTI,2006,32176.73625
Haiti,HTI,2007,32071.53563
Haiti,HTI,2008,31894.3858
Haiti,HTI,2009,31714.44607
Haiti,HTI,2010,31706.5478
Haiti,HTI,2011,31803.92246
Haiti,HTI,2012,31739.30453
Haiti,HTI,2013,31677.87558
Haiti,HTI,2014,31562.37466
Haiti,HTI,2015,31531.56201
Haiti,HTI,2016,31323.58485
Haiti,HTI,2017,31043.11423
Haiti,HTI,2018,30874.43638
Haiti,HTI,2019,30689.55656
Honduras,HND,1990,23293.60161
Honduras,HND,1991,22977.97034
Honduras,HND,1992,23360.63724
Honduras,HND,1993,23087.47081
Honduras,HND,1994,22886.37941
Honduras,HND,1995,23689.60829
Honduras,HND,1996,23989.02354
Honduras,HND,1997,23922.57197
Honduras,HND,1998,23889.08633
Honduras,HND,1999,23907.19725
Honduras,HND,2000,23930.11364
Honduras,HND,2001,23931.30821
Honduras,HND,2002,23941.69768
Honduras,HND,2003,23974.1886
Honduras,HND,2004,23934.87786
Honduras,HND,2005,23844.35437
Honduras,HND,2006,23735.4927
Honduras,HND,2007,23615.96227
Honduras,HND,2008,23582.46701
Honduras,HND,2009,23679.04363
Honduras,HND,2010,23932.6416
Honduras,HND,2011,24447.30957
Honduras,HND,2012,25040.11728
Honduras,HND,2013,24934.19736
Honduras,HND,2014,24772.61643
Honduras,HND,2015,24620.4413
Honduras,HND,2016,24454.67041
Honduras,HND,2017,24281.85041
Honduras,HND,2018,24133.36756
Honduras,HND,2019,23995.8193
Hungary,HUN,1990,28728.83646
Hungary,HUN,1991,28711.2744
Hungary,HUN,1992,29524.01668
Hungary,HUN,1993,29682.05981
Hungary,HUN,1994,29197.73076
Hungary,HUN,1995,28739.41153
Hungary,HUN,1996,27551.98201
Hungary,HUN,1997,27226.69364
Hungary,HUN,1998,27346.51492
Hungary,HUN,1999,27137.05582
Hungary,HUN,2000,26012.55523
Hungary,HUN,2001,25267.73715
Hungary,HUN,2002,25098.72495
Hungary,HUN,2003,25043.37077
Hungary,HUN,2004,24604.18774
Hungary,HUN,2005,24658.43621
Hungary,HUN,2006,24108.94791
Hungary,HUN,2007,24025.11016
Hungary,HUN,2008,23301.49309
Hungary,HUN,2009,23072.0617
Hungary,HUN,2010,22564.1586
Hungary,HUN,2011,22142.07057
Hungary,HUN,2012,21776.36987
Hungary,HUN,2013,21202.90009
Hungary,HUN,2014,21070.88567
Hungary,HUN,2015,21145.79476
Hungary,HUN,2016,20667.7954
Hungary,HUN,2017,20654.85701
Hungary,HUN,2018,20708.9949
Hungary,HUN,2019,20458.05765
Iceland,ISL,1990,19005.37599
Iceland,ISL,1991,18880.05992
Iceland,ISL,1992,18711.39563
Iceland,ISL,1993,18526.1873
Iceland,ISL,1994,18428.33107
Iceland,ISL,1995,18386.12028
Iceland,ISL,1996,18258.49753
Iceland,ISL,1997,18090.73745
Iceland,ISL,1998,17910.41936
Iceland,ISL,1999,17634.60108
Iceland,ISL,2000,17339.00137
Iceland,ISL,2001,17161.40902
Iceland,ISL,2002,17011.27566
Iceland,ISL,2003,16759.78193
Iceland,ISL,2004,16550.81591
Iceland,ISL,2005,16406.43167
Iceland,ISL,2006,16299.3058
Iceland,ISL,2007,16138.28184
Iceland,ISL,2008,15921.11202
Iceland,ISL,2009,15784.13898
Iceland,ISL,2010,15645.20233
Iceland,ISL,2011,15518.0274
Iceland,ISL,2012,15442.20252
Iceland,ISL,2013,15291.76248
Iceland,ISL,2014,15021.2352
Iceland,ISL,2015,14989.78126
Iceland,ISL,2016,14934.41904
Iceland,ISL,2017,14897.13217
Iceland,ISL,2018,14864.21228
Iceland,ISL,2019,14844.9466
India,IND,1990,26554.08838
India,IND,1991,26596.63147
India,IND,1992,26494.61901
India,IND,1993,26294.25547
India,IND,1994,26072.97736
India,IND,1995,25704.34497
India,IND,1996,25794.07688
India,IND,1997,26355.52303
India,IND,1998,26193.80742
India,IND,1999,25628.72216
India,IND,2000,25402.27895
India,IND,2001,25326.26657
India,IND,2002,25087.92534
India,IND,2003,24536.36259
India,IND,2004,23726.89919
India,IND,2005,23809.74109
India,IND,2006,23947.91811
India,IND,2007,23997.50874
India,IND,2008,24014.73277
India,IND,2009,23396.44554
India,IND,2010,23134.67878
India,IND,2011,23120.88835
India,IND,2012,23002.84551
India,IND,2013,22981.06822
India,IND,2014,22676.67377
India,IND,2015,22608.58949
India,IND,2016,22389.00133
India,IND,2017,22197.81206
India,IND,2018,22204.25767
India,IND,2019,22071.56546
Indonesia,IDN,1990,25656.16878
Indonesia,IDN,1991,25538.97621
Indonesia,IDN,1992,25465.69667
Indonesia,IDN,1993,25416.74069
Indonesia,IDN,1994,25340.90947
Indonesia,IDN,1995,25276.92109
Indonesia,IDN,1996,25229.18429
Indonesia,IDN,1997,25218.05367
Indonesia,IDN,1998,25235.08497
Indonesia,IDN,1999,25232.08982
Indonesia,IDN,2000,25280.71219
Indonesia,IDN,2001,25309.97986
Indonesia,IDN,2002,25342.31246
Indonesia,IDN,2003,25360.13116
Indonesia,IDN,2004,25390.37922
Indonesia,IDN,2005,25426.99881
Indonesia,IDN,2006,25423.46686
Indonesia,IDN,2007,25407.02936
Indonesia,IDN,2008,25418.14237
Indonesia,IDN,2009,25390.84176
Indonesia,IDN,2010,25283.50889
Indonesia,IDN,2011,25210.53026
Indonesia,IDN,2012,25168.76152
Indonesia,IDN,2013,25093.04091
Indonesia,IDN,2014,24972.31656
Indonesia,IDN,2015,24879.52012
Indonesia,IDN,2016,24699.10093
Indonesia,IDN,2017,24568.66668
Indonesia,IDN,2018,24433.72393
Indonesia,IDN,2019,24284.05653
Iran,IRN,1990,26480.24638
Iran,IRN,1991,26242.32513
Iran,IRN,1992,26026.30202
Iran,IRN,1993,25709.62549
Iran,IRN,1994,25417.48311
Iran,IRN,1995,25151.01406
Iran,IRN,1996,24880.6358
Iran,IRN,1997,24628.79108
Iran,IRN,1998,24366.10874
Iran,IRN,1999,24104.80111
Iran,IRN,2000,23889.0975
Iran,IRN,2001,23681.93852
Iran,IRN,2002,23450.07706
Iran,IRN,2003,23201.57521
Iran,IRN,2004,22979.59302
Iran,IRN,2005,22706.01005
Iran,IRN,2006,22432.89117
Iran,IRN,2007,22076.60612
Iran,IRN,2008,21769.47395
Iran,IRN,2009,21512.02277
Iran,IRN,2010,21257.09528
Iran,IRN,2011,21007.46235
Iran,IRN,2012,20810.29588
Iran,IRN,2013,20690.19522
Iran,IRN,2014,20544.49165
Iran,IRN,2015,20399.55114
Iran,IRN,2016,20106.69949
Iran,IRN,2017,19929.26849
Iran,IRN,2018,19750.47357
Iran,IRN,2019,19632.90312
Iraq,IRQ,1990,27918.66143
Iraq,IRQ,1991,27847.10253
Iraq,IRQ,1992,27974.83695
Iraq,IRQ,1993,28079.82214
Iraq,IRQ,1994,27917.97838
Iraq,IRQ,1995,27972.42438
Iraq,IRQ,1996,27997.43271
Iraq,IRQ,1997,27872.7109
Iraq,IRQ,1998,27550.75036
Iraq,IRQ,1999,27170.50862
Iraq,IRQ,2000,26805.99757
Iraq,IRQ,2001,26458.82725
Iraq,IRQ,2002,26207.43031
Iraq,IRQ,2003,26150.87969
Iraq,IRQ,2004,25872.48628
Iraq,IRQ,2005,25692.87542
Iraq,IRQ,2006,25474.87294
Iraq,IRQ,2007,25353.68524
Iraq,IRQ,2008,25245.02339
Iraq,IRQ,2009,24968.31025
Iraq,IRQ,2010,24677.47949
Iraq,IRQ,2011,24370.82052
Iraq,IRQ,2012,24089.28829
Iraq,IRQ,2013,23856.46559
Iraq,IRQ,2014,23644.94207
Iraq,IRQ,2015,23453.05025
Iraq,IRQ,2016,23220.28606
Iraq,IRQ,2017,23040.34528
Iraq,IRQ,2018,23111.68611
Iraq,IRQ,2019,23229.02979
Ireland,IRL,1990,23037.33219
Ireland,IRL,1991,22742.04955
Ireland,IRL,1992,22506.52841
Ireland,IRL,1993,22398.19151
Ireland,IRL,1994,22090.04844
Ireland,IRL,1995,22074.1991
Ireland,IRL,1996,21775.82178
Ireland,IRL,1997,21594.11181
Ireland,IRL,1998,21387.27489
Ireland,IRL,1999,21250.2849
Ireland,IRL,2000,20896.96239
Ireland,IRL,2001,20386.00174
Ireland,IRL,2002,19989.01568
Ireland,IRL,2003,19615.69245
Ireland,IRL,2004,19334.98482
Ireland,IRL,2005,18967.34585
Ireland,IRL,2006,18744.6082
Ireland,IRL,2007,18486.77998
Ireland,IRL,2008,18340.9986
Ireland,IRL,2009,18186.60014
Ireland,IRL,2010,17732.98395
Ireland,IRL,2011,17720.83764
Ireland,IRL,2012,17539.075
Ireland,IRL,2013,17355.24105
Ireland,IRL,2014,17134.67443
Ireland,IRL,2015,17014.75908
Ireland,IRL,2016,16879.91054
Ireland,IRL,2017,16872.75946
Ireland,IRL,2018,16844.70997
Ireland,IRL,2019,16792.22023
Israel,ISR,1990,19764.50781
Israel,ISR,1991,19945.50871
Israel,ISR,1992,20058.41002
Israel,ISR,1993,19726.57357
Israel,ISR,1994,19550.02926
Israel,ISR,1995,19428.79544
Israel,ISR,1996,19178.13878
Israel,ISR,1997,18996.9919
Israel,ISR,1998,18839.4876
Israel,ISR,1999,18560.60075
Israel,ISR,2000,18319.00046
Israel,ISR,2001,18031.06257
Israel,ISR,2002,17849.55443
Israel,ISR,2003,17583.32846
Israel,ISR,2004,17258.6423
Israel,ISR,2005,17057.68095
Israel,ISR,2006,16809.32782
Israel,ISR,2007,16657.46021
Israel,ISR,2008,16360.68572
Israel,ISR,2009,16106.13733
Israel,ISR,2010,15908.47597
Israel,ISR,2011,15801.66831
Israel,ISR,2012,15619.5606
Israel,ISR,2013,15470.5282
Israel,ISR,2014,15316.19659
Israel,ISR,2015,15261.54699
Israel,ISR,2016,15113.88202
Israel,ISR,2017,15050.69421
Israel,ISR,2018,15079.66065
Israel,ISR,2019,15090.44104
Italy,ITA,1990,20877.86871
Italy,ITA,1991,20762.08214
Italy,ITA,1992,20497.97598
Italy,ITA,1993,20255.6583
Italy,ITA,1994,20046.15273
Italy,ITA,1995,19788.15866
Italy,ITA,1996,19523.2109
Italy,ITA,1997,19292.41189
Italy,ITA,1998,19142.45751
Italy,ITA,1999,18843.48945
Italy,ITA,2000,18524.4654
Italy,ITA,2001,18276.96466
Italy,ITA,2002,18107.07397
Italy,ITA,2003,18011.68969
Italy,ITA,2004,17669.5621
Italy,ITA,2005,17472.7412
Italy,ITA,2006,17244.55945
Italy,ITA,2007,17071.57288
Italy,ITA,2008,16916.92813
Italy,ITA,2009,16762.82772
Italy,ITA,2010,16548.51308
Italy,ITA,2011,16430.22823
Italy,ITA,2012,16296.88081
Italy,ITA,2013,16104.26809
Italy,ITA,2014,15936.92009
Italy,ITA,2015,15959.83582
Italy,ITA,2016,15787.12451
Italy,ITA,2017,15777.44898
Italy,ITA,2018,15782.74609
Italy,ITA,2019,15752.49666
Jamaica,JAM,1990,19810.0214
Jamaica,JAM,1991,18940.08001
Jamaica,JAM,1992,19240.87525
Jamaica,JAM,1993,19607.41201
Jamaica,JAM,1994,19769.61687
Jamaica,JAM,1995,19815.05536
Jamaica,JAM,1996,19836.91213
Jamaica,JAM,1997,20025.826
Jamaica,JAM,1998,20207.37677
Jamaica,JAM,1999,20561.55486
Jamaica,JAM,2000,20609.39614
Jamaica,JAM,2001,20487.45372
Jamaica,JAM,2002,19821.4332
Jamaica,JAM,2003,19281.47988
Jamaica,JAM,2004,18708.45976
Jamaica,JAM,2005,18049.97726
Jamaica,JAM,2006,18155.31899
Jamaica,JAM,2007,19079.75409
Jamaica,JAM,2008,20294.86811
Jamaica,JAM,2009,20745.34244
Jamaica,JAM,2010,19370.82508
Jamaica,JAM,2011,20012.85771
Jamaica,JAM,2012,19248.53781
Jamaica,JAM,2013,19155.21098
Jamaica,JAM,2014,20024.15695
Jamaica,JAM,2015,20090.10143
Jamaica,JAM,2016,20086.61453
Jamaica,JAM,2017,20067.9469
Jamaica,JAM,2018,20052.80604
Jamaica,JAM,2019,20140.32039
Japan,JPN,1990,16689.09316
Japan,JPN,1991,16543.76245
Japan,JPN,1992,16441.45923
Japan,JPN,1993,16290.80419
Japan,JPN,1994,16063.29566
Japan,JPN,1995,15984.614
Japan,JPN,1996,15725.44332
Japan,JPN,1997,15534.85929
Japan,JPN,1998,15503.03853
Japan,JPN,1999,15407.90698
Japan,JPN,2000,15153.20283
Japan,JPN,2001,14939.19381
Japan,JPN,2002,14755.16431
Japan,JPN,2003,14651.76541
Japan,JPN,2004,14528.03432
Japan,JPN,2005,14474.04639
Japan,JPN,2006,14320.57061
Japan,JPN,2007,14193.21795
Japan,JPN,2008,14076.68493
Japan,JPN,2009,13961.98874
Japan,JPN,2010,13910.76132
Japan,JPN,2011,13876.17689
Japan,JPN,2012,13743.23441
Japan,JPN,2013,13623.87049
Japan,JPN,2014,13510.4335
Japan,JPN,2015,13385.78542
Japan,JPN,2016,13304.17894
Japan,JPN,2017,13172.34612
Japan,JPN,2018,13105.66369
Japan,JPN,2019,13027.95209
Jordan,JOR,1990,25736.21651
Jordan,JOR,1991,25524.71195
Jordan,JOR,1992,25180.76324
Jordan,JOR,1993,25454.71926
Jordan,JOR,1994,25355.25376
Jordan,JOR,1995,25403.63094
Jordan,JOR,1996,25417.83036
Jordan,JOR,1997,25138.8888
Jordan,JOR,1998,24950.41751
Jordan,JOR,1999,24676.9077
Jordan,JOR,2000,24207.02635
Jordan,JOR,2001,24057.27264
Jordan,JOR,2002,23766.0027
Jordan,JOR,2003,23126.89281
Jordan,JOR,2004,22970.04593
Jordan,JOR,2005,22856.17069
Jordan,JOR,2006,22515.32076
Jordan,JOR,2007,21509.03595
Jordan,JOR,2008,20656.90177
Jordan,JOR,2009,20183.23308
Jordan,JOR,2010,19934.29891
Jordan,JOR,2011,19708.6465
Jordan,JOR,2012,19384.65777
Jordan,JOR,2013,19043.5777
Jordan,JOR,2014,18938.23881
Jordan,JOR,2015,18853.18246
Jordan,JOR,2016,18856.55423
Jordan,JOR,2017,18831.20563
Jordan,JOR,2018,18848.35455
Jordan,JOR,2019,18842.23796
Kazakhstan,KAZ,1990,27224.34449
Kazakhstan,KAZ,1991,28032.62596
Kazakhstan,KAZ,1992,29231.81443
Kazakhstan,KAZ,1993,31133.203
Kazakhstan,KAZ,1994,32641.56956
Kazakhstan,KAZ,1995,33993.00486
Kazakhstan,KAZ,1996,34263.85439
Kazakhstan,KAZ,1997,33907.15949
Kazakhstan,KAZ,1998,33322.21479
Kazakhstan,KAZ,1999,32924.56308
Kazakhstan,KAZ,2000,33145.49141
Kazakhstan,KAZ,2001,33284.02957
Kazakhstan,KAZ,2002,33543.80185
Kazakhstan,KAZ,2003,33926.03876
Kazakhstan,KAZ,2004,33808.60254
Kazakhstan,KAZ,2005,33949.98296
Kazakhstan,KAZ,2006,33755.26448
Kazakhstan,KAZ,2007,33159.30914
Kazakhstan,KAZ,2008,31836.03337
Kazakhstan,KAZ,2009,30645.45856
Kazakhstan,KAZ,2010,30302.71078
Kazakhstan,KAZ,2011,29753.72304
Kazakhstan,KAZ,2012,29133.99668
Kazakhstan,KAZ,2013,28001.83464
Kazakhstan,KAZ,2014,27098.19332
Kazakhstan,KAZ,2015,26445.66031
Kazakhstan,KAZ,2016,25985.03679
Kazakhstan,KAZ,2017,25428.06329
Kazakhstan,KAZ,2018,25246.25869
Kazakhstan,KAZ,2019,24916.92987
Kenya,KEN,1990,20354.81777
Kenya,KEN,1991,20339.57228
Kenya,KEN,1992,20339.99714
Kenya,KEN,1993,20271.11287
Kenya,KEN,1994,20204.08529
Kenya,KEN,1995,20149.6508
Kenya,KEN,1996,20127.11847
Kenya,KEN,1997,20191.31102
Kenya,KEN,1998,20305.8574
Kenya,KEN,1999,20344.42976
Kenya,KEN,2000,20601.02178
Kenya,KEN,2001,20723.41763
Kenya,KEN,2002,21065.23884
Kenya,KEN,2003,21378.1702
Kenya,KEN,2004,21616.72925
Kenya,KEN,2005,21790.16719
Kenya,KEN,2006,21891.77384
Kenya,KEN,2007,21925.86834
Kenya,KEN,2008,21910.39407
Kenya,KEN,2009,21919.55476
Kenya,KEN,2010,21950.12243
Kenya,KEN,2011,21927.98149
Kenya,KEN,2012,21775.12707
Kenya,KEN,2013,21570.73842
Kenya,KEN,2014,21379.63235
Kenya,KEN,2015,21182.03649
Kenya,KEN,2016,21012.47325
Kenya,KEN,2017,20907.66221
Kenya,KEN,2018,20832.74966
Kenya,KEN,2019,20749.3859
Kiribati,KIR,1990,46864.99026
Kiribati,KIR,1991,47176.08661
Kiribati,KIR,1992,47439.20064
Kiribati,KIR,1993,47630.74777
Kiribati,KIR,1994,47289.04192
Kiribati,KIR,1995,47027.53663
Kiribati,KIR,1996,47007.22438
Kiribati,KIR,1997,47113.66668
Kiribati,KIR,1998,47047.00688
Kiribati,KIR,1999,47168.61661
Kiribati,KIR,2000,46994.46196
Kiribati,KIR,2001,46675.52611
Kiribati,KIR,2002,46354.44703
Kiribati,KIR,2003,46069.65593
Kiribati,KIR,2004,45745.26462
Kiribati,KIR,2005,45430.87715
Kiribati,KIR,2006,45054.86672
Kiribati,KIR,2007,44819.34414
Kiribati,KIR,2008,44638.48439
Kiribati,KIR,2009,44323.78194
Kiribati,KIR,2010,43966.2352
Kiribati,KIR,2011,43650.93388
Kiribati,KIR,2012,43348.26842
Kiribati,KIR,2013,43073.18397
Kiribati,KIR,2014,42779.98119
Kiribati,KIR,2015,42566.61785
Kiribati,KIR,2016,42426.54473
Kiribati,KIR,2017,42253.7456
Kiribati,KIR,2018,42168.38633
Kiribati,KIR,2019,42018.82979
Kuwait,KWT,1990,19978.54542
Kuwait,KWT,1991,18383.80007
Kuwait,KWT,1992,17698.61778
Kuwait,KWT,1993,17658.2894
Kuwait,KWT,1994,18378.2441
Kuwait,KWT,1995,18678.78231
Kuwait,KWT,1996,18241.51627
Kuwait,KWT,1997,19183.21054
Kuwait,KWT,1998,18609.5631
Kuwait,KWT,1999,19317.74666
Kuwait,KWT,2000,19140.17137
Kuwait,KWT,2001,18094.43041
Kuwait,KWT,2002,18658.84057
Kuwait,KWT,2003,18383.90281
Kuwait,KWT,2004,18416.9173
Kuwait,KWT,2005,18476.61928
Kuwait,KWT,2006,18442.97239
Kuwait,KWT,2007,18245.69689
Kuwait,KWT,2008,18946.99932
Kuwait,KWT,2009,18396.49021
Kuwait,KWT,2010,17263.3721
Kuwait,KWT,2011,16591.15434
Kuwait,KWT,2012,16499.71797
Kuwait,KWT,2013,16208.12394
Kuwait,KWT,2014,16038.06625
Kuwait,KWT,2015,16125.09003
Kuwait,KWT,2016,16091.34301
Kuwait,KWT,2017,16124.24297
Kuwait,KWT,2018,16160.09971
Kuwait,KWT,2019,16280.53093
Kyrgyzstan,KGZ,1990,26551.92443
Kyrgyzstan,KGZ,1991,26924.26666
Kyrgyzstan,KGZ,1992,27283.22013
Kyrgyzstan,KGZ,1993,28593.90715
Kyrgyzstan,KGZ,1994,30035.63233
Kyrgyzstan,KGZ,1995,30202.7174
Kyrgyzstan,KGZ,1996,29247.82869
Kyrgyzstan,KGZ,1997,28580.71002
Kyrgyzstan,KGZ,1998,28204.05247
Kyrgyzstan,KGZ,1999,27715.35653
Kyrgyzstan,KGZ,2000,28393.33335
Kyrgyzstan,KGZ,2001,28615.30534
Kyrgyzstan,KGZ,2002,29010.91137
Kyrgyzstan,KGZ,2003,29455.04631
Kyrgyzstan,KGZ,2004,29117.28613
Kyrgyzstan,KGZ,2005,29256.30653
Kyrgyzstan,KGZ,2006,29685.57888
Kyrgyzstan,KGZ,2007,29236.58572
Kyrgyzstan,KGZ,2008,28377.6398
Kyrgyzstan,KGZ,2009,27178.70354
Kyrgyzstan,KGZ,2010,26547.47384
Kyrgyzstan,KGZ,2011,26066.56362
Kyrgyzstan,KGZ,2012,25480.81232
Kyrgyzstan,KGZ,2013,24818.95957
Kyrgyzstan,KGZ,2014,24320.04378
Kyrgyzstan,KGZ,2015,24081.28491
Kyrgyzstan,KGZ,2016,23192.72568
Kyrgyzstan,KGZ,2017,22959.72795
Kyrgyzstan,KGZ,2018,22639.98591
Kyrgyzstan,KGZ,2019,22541.78148
Laos,LAO,1990,32891.27452
Laos,LAO,1991,32702.52223
Laos,LAO,1992,32560.3048
Laos,LAO,1993,32421.90467
Laos,LAO,1994,32263.67983
Laos,LAO,1995,32095.44766
Laos,LAO,1996,31843.26179
Laos,LAO,1997,31619.98972
Laos,LAO,1998,31409.31021
Laos,LAO,1999,31161.59448
Laos,LAO,2000,30805.32837
Laos,LAO,2001,30675.20889
Laos,LAO,2002,30256.0394
Laos,LAO,2003,29909.76024
Laos,LAO,2004,29507.29512
Laos,LAO,2005,29177.27606
Laos,LAO,2006,28829.79937
Laos,LAO,2007,28422.92516
Laos,LAO,2008,28211.33657
Laos,LAO,2009,27820.71185
Laos,LAO,2010,27345.40743
Laos,LAO,2011,26880.63723
Laos,LAO,2012,26505.00961
Laos,LAO,2013,26248.06223
Laos,LAO,2014,26008.10194
Laos,LAO,2015,25817.05145
Laos,LAO,2016,25612.53737
Laos,LAO,2017,25419.05562
Laos,LAO,2018,25337.07954
Laos,LAO,2019,25287.21331
Latin America & Caribbean (WB),,1990,23953.82872
Latin America & Caribbean (WB),,1991,23594.92519
Latin America & Caribbean (WB),,1992,23465.11209
Latin America & Caribbean (WB),,1993,23391.57645
Latin America & Caribbean (WB),,1994,23156.84431
Latin America & Caribbean (WB),,1995,22958.6407
Latin America & Caribbean (WB),,1996,22756.78663
Latin America & Caribbean (WB),,1997,22490.51968
Latin America & Caribbean (WB),,1998,22391.57958
Latin America & Caribbean (WB),,1999,22201.19551
Latin America & Caribbean (WB),,2000,21935.09925
Latin America & Caribbean (WB),,2001,21760.92371
Latin America & Caribbean (WB),,2002,21714.86203
Latin America & Caribbean (WB),,2003,21635.9104
Latin America & Caribbean (WB),,2004,21434.83793
Latin America & Caribbean (WB),,2005,21215.04365
Latin America & Caribbean (WB),,2006,21035.58141
Latin America & Caribbean (WB),,2007,20865.18415
Latin America & Caribbean (WB),,2008,20769.80758
Latin America & Caribbean (WB),,2009,20726.75176
Latin America & Caribbean (WB),,2010,20532.71209
Latin America & Caribbean (WB),,2011,20360.32431
Latin America & Caribbean (WB),,2012,20217.80135
Latin America & Caribbean (WB),,2013,20153.9591
Latin America & Caribbean (WB),,2014,20023.85535
Latin America & Caribbean (WB),,2015,19942.52788
Latin America & Caribbean (WB),,2016,19975.2626
Latin America & Caribbean (WB),,2017,19906.74365
Latin America & Caribbean (WB),,2018,19809.88813
Latin America & Caribbean (WB),,2019,19742.67256
Latvia,LVA,1990,26253.69122
Latvia,LVA,1991,26537.46689
Latvia,LVA,1992,27191.10526
Latvia,LVA,1993,29498.15392
Latvia,LVA,1994,31290.90571
Latvia,LVA,1995,29942.11716
Latvia,LVA,1996,27055.64994
Latvia,LVA,1997,26230.67923
Latvia,LVA,1998,26889.35529
Latvia,LVA,1999,25851.51165
Latvia,LVA,2000,25348.57196
Latvia,LVA,2001,26131.24825
Latvia,LVA,2002,25806.63059
Latvia,LVA,2003,25420.94958
Latvia,LVA,2004,25172.66262
Latvia,LVA,2005,25711.12386
Latvia,LVA,2006,26410.71845
Latvia,LVA,2007,25991.41558
Latvia,LVA,2008,24549.36663
Latvia,LVA,2009,23704.00845
Latvia,LVA,2010,23252.9988
Latvia,LVA,2011,22623.24546
Latvia,LVA,2012,22214.14506
Latvia,LVA,2013,22238.05905
Latvia,LVA,2014,21766.30118
Latvia,LVA,2015,21359.57918
Latvia,LVA,2016,20761.40833
Latvia,LVA,2017,20679.35509
Latvia,LVA,2018,20625.48114
Latvia,LVA,2019,20565.50405
Lebanon,LBN,1990,25643.41893
Lebanon,LBN,1991,25232.31694
Lebanon,LBN,1992,24944.61538
Lebanon,LBN,1993,24657.41365
Lebanon,LBN,1994,24203.59899
Lebanon,LBN,1995,23804.22294
Lebanon,LBN,1996,23455.91227
Lebanon,LBN,1997,23175.02618
Lebanon,LBN,1998,22892.38866
Lebanon,LBN,1999,22605.79797
Lebanon,LBN,2000,22375.9248
Lebanon,LBN,2001,22246.66326
Lebanon,LBN,2002,22125.74439
Lebanon,LBN,2003,22066.06365
Lebanon,LBN,2004,22036.38378
Lebanon,LBN,2005,22037.24245
Lebanon,LBN,2006,22034.88289
Lebanon,LBN,2007,22093.70283
Lebanon,LBN,2008,22147.47067
Lebanon,LBN,2009,22204.55511
Lebanon,LBN,2010,22180.47844
Lebanon,LBN,2011,22186.05944
Lebanon,LBN,2012,22108.06944
Lebanon,LBN,2013,22072.86026
Lebanon,LBN,2014,22069.76644
Lebanon,LBN,2015,22021.71351
Lebanon,LBN,2016,21913.55716
Lebanon,LBN,2017,21790.02209
Lebanon,LBN,2018,21628.66842
Lebanon,LBN,2019,21417.96666
Lesotho,LSO,1990,24372.87896
Lesotho,LSO,1991,24180.53075
Lesotho,LSO,1992,24115.05418
Lesotho,LSO,1993,24033.77845
Lesotho,LSO,1994,24112.54016
Lesotho,LSO,1995,24094.9877
Lesotho,LSO,1996,24069.48493
Lesotho,LSO,1997,24194.13881
Lesotho,LSO,1998,24810.39464
Lesotho,LSO,1999,25467.16034
Lesotho,LSO,2000,26553.64158
Lesotho,LSO,2001,27071.89979
Lesotho,LSO,2002,27897.61192
Lesotho,LSO,2003,28876.98029
Lesotho,LSO,2004,29637.0737
Lesotho,LSO,2005,30195.20822
Lesotho,LSO,2006,30491.7705
Lesotho,LSO,2007,30714.22911
Lesotho,LSO,2008,31015.4784
Lesotho,LSO,2009,30970.48417
Lesotho,LSO,2010,31195.43033
Lesotho,LSO,2011,31255.658
Lesotho,LSO,2012,31598.40401
Lesotho,LSO,2013,31869.05259
Lesotho,LSO,2014,31989.71648
Lesotho,LSO,2015,31865.52102
Lesotho,LSO,2016,31335.22373
Lesotho,LSO,2017,30822.71877
Lesotho,LSO,2018,30554.92303
Lesotho,LSO,2019,30424.25478
Liberia,LBR,1990,26558.49418
Liberia,LBR,1991,26028.99996
Liberia,LBR,1992,25953.72242
Liberia,LBR,1993,25830.89832
Liberia,LBR,1994,25524.14898
Liberia,LBR,1995,24800.00329
Liberia,LBR,1996,24835.94423
Liberia,LBR,1997,24256.96215
Liberia,LBR,1998,23844.73446
Liberia,LBR,1999,23267.11132
Liberia,LBR,2000,22922.4417
Liberia,LBR,2001,22487.40263
Liberia,LBR,2002,22247.52724
Liberia,LBR,2003,22020.64515
Liberia,LBR,2004,21835.99541
Liberia,LBR,2005,21808.14367
Liberia,LBR,2006,21846.25188
Liberia,LBR,2007,21871.91776
Liberia,LBR,2008,21960.98776
Liberia,LBR,2009,22205.31525
Liberia,LBR,2010,22327.3332
Liberia,LBR,2011,22326.29589
Liberia,LBR,2012,22549.44314
Liberia,LBR,2013,22405.00201
Liberia,LBR,2014,21970.3567
Liberia,LBR,2015,21726.7096
Liberia,LBR,2016,21415.04421
Liberia,LBR,2017,21091.65851
Liberia,LBR,2018,20961.83849
Liberia,LBR,2019,20875.68848
Libya,LBY,1990,23235.99174
Libya,LBY,1991,22939.04689
Libya,LBY,1992,22554.13261
Libya,LBY,1993,22306.10688
Libya,LBY,1994,22049.07934
Libya,LBY,1995,21791.68871
Libya,LBY,1996,21473.29115
Libya,LBY,1997,21587.2471
Libya,LBY,1998,21779.84559
Libya,LBY,1999,21847.62002
Libya,LBY,2000,21821.89992
Libya,LBY,2001,21751.15311
Libya,LBY,2002,21705.66508
Libya,LBY,2003,21364.10038
Libya,LBY,2004,20725.60933
Libya,LBY,2005,20518.81121
Libya,LBY,2006,20504.58334
Libya,LBY,2007,21278.49597
Libya,LBY,2008,21276.11653
Libya,LBY,2009,21467.93853
Libya,LBY,2010,21096.53231
Libya,LBY,2011,20999.37734
Libya,LBY,2012,20753.40824
Libya,LBY,2013,20737.68591
Libya,LBY,2014,20850.51316
Libya,LBY,2015,20950.28296
Libya,LBY,2016,21077.28409
Libya,LBY,2017,21142.90677
Libya,LBY,2018,21170.23699
Libya,LBY,2019,21167.49215
Lithuania,LTU,1990,24620.3725
Lithuania,LTU,1991,25503.87152
Lithuania,LTU,1992,25491.88186
Lithuania,LTU,1993,27202.31553
Lithuania,LTU,1994,27749.89434
Lithuania,LTU,1995,27194.10927
Lithuania,LTU,1996,25749.08706
Lithuania,LTU,1997,24529.30883
Lithuania,LTU,1998,24215.22576
Lithuania,LTU,1999,23595.22155
Lithuania,LTU,2000,23227.83378
Lithuania,LTU,2001,23785.69794
Lithuania,LTU,2002,23551.32118
Lithuania,LTU,2003,23585.49663
Lithuania,LTU,2004,23629.68413
Lithuania,LTU,2005,24555.96935
Lithuania,LTU,2006,25067.64082
Lithuania,LTU,2007,25556.31935
Lithuania,LTU,2008,24702.91129
Lithuania,LTU,2009,23023.93516
Lithuania,LTU,2010,22815.14803
Lithuania,LTU,2011,22442.55123
Lithuania,LTU,2012,22131.31292
Lithuania,LTU,2013,22132.25207
Lithuania,LTU,2014,21574.82655
Lithuania,LTU,2015,21638.75785
Lithuania,LTU,2016,21393.60401
Lithuania,LTU,2017,20357.44438
Lithuania,LTU,2018,20234.85402
Lithuania,LTU,2019,20070.26638
Luxembourg,LUX,1990,22227.28775
Luxembourg,LUX,1991,22039.43373
Luxembourg,LUX,1992,21726.33084
Luxembourg,LUX,1993,21509.05246
Luxembourg,LUX,1994,21176.93055
Luxembourg,LUX,1995,20943.74299
Luxembourg,LUX,1996,20738.84149
Luxembourg,LUX,1997,20415.27759
Luxembourg,LUX,1998,20179.71547
Luxembourg,LUX,1999,19891.4758
Luxembourg,LUX,2000,19687.94701
Luxembourg,LUX,2001,19314.21055
Luxembourg,LUX,2002,19078.53851
Luxembourg,LUX,2003,18791.88082
Luxembourg,LUX,2004,18595.82291
Luxembourg,LUX,2005,18321.52447
Luxembourg,LUX,2006,18101.17437
Luxembourg,LUX,2007,17755.94345
Luxembourg,LUX,2008,17447.667
Luxembourg,LUX,2009,17272.82756
Luxembourg,LUX,2010,17078.23586
Luxembourg,LUX,2011,16884.92859
Luxembourg,LUX,2012,16695.5323
Luxembourg,LUX,2013,16517.89306
Luxembourg,LUX,2014,16301.67674
Luxembourg,LUX,2015,16078.07497
Luxembourg,LUX,2016,15811.77106
Luxembourg,LUX,2017,15765.85592
Luxembourg,LUX,2018,15738.80124
Luxembourg,LUX,2019,15739.5317
Madagascar,MDG,1990,28035.00817
Madagascar,MDG,1991,27949.92607
Madagascar,MDG,1992,27831.93769
Madagascar,MDG,1993,28186.8845
Madagascar,MDG,1994,27477.88089
Madagascar,MDG,1995,27873.72577
Madagascar,MDG,1996,27838.36853
Madagascar,MDG,1997,27826.82302
Madagascar,MDG,1998,27886.92789
Madagascar,MDG,1999,27482.43999
Madagascar,MDG,2000,27236.45926
Madagascar,MDG,2001,26956.93535
Madagascar,MDG,2002,27061.93678
Madagascar,MDG,2003,27053.54487
Madagascar,MDG,2004,26852.48285
Madagascar,MDG,2005,26575.46804
Madagascar,MDG,2006,26209.37687
Madagascar,MDG,2007,25921.30807
Madagascar,MDG,2008,25992.87535
Madagascar,MDG,2009,25957.53468
Madagascar,MDG,2010,25781.67676
Madagascar,MDG,2011,25625.55312
Madagascar,MDG,2012,25455.11122
Madagascar,MDG,2013,25234.78939
Madagascar,MDG,2014,25068.14063
Madagascar,MDG,2015,24915.3692
Madagascar,MDG,2016,24780.66204
Madagascar,MDG,2017,24682.26147
Madagascar,MDG,2018,24616.47963
Madagascar,MDG,2019,24476.9463
Malawi,MWI,1990,26110.73183
Malawi,MWI,1991,25958.65896
Malawi,MWI,1992,25916.86166
Malawi,MWI,1993,25906.61626
Malawi,MWI,1994,26069.36217
Malawi,MWI,1995,26047.46061
Malawi,MWI,1996,25974.51662
Malawi,MWI,1997,25977.71613
Malawi,MWI,1998,26173.10133
Malawi,MWI,1999,26245.3373
Malawi,MWI,2000,26124.75046
Malawi,MWI,2001,25721.94905
Malawi,MWI,2002,25552.49746
Malawi,MWI,2003,25440.97048
Malawi,MWI,2004,25237.83284
Malawi,MWI,2005,24813.50764
Malawi,MWI,2006,24457.66158
Malawi,MWI,2007,24066.02127
Malawi,MWI,2008,23745.78874
Malawi,MWI,2009,23676.73158
Malawi,MWI,2010,23695.53685
Malawi,MWI,2011,23639.66271
Malawi,MWI,2012,23378.73273
Malawi,MWI,2013,23074.74247
Malawi,MWI,2014,22817.02814
Malawi,MWI,2015,22639.25048
Malawi,MWI,2016,22459.70352
Malawi,MWI,2017,22233.31776
Malawi,MWI,2018,22179.48371
Malawi,MWI,2019,22082.07026
Malaysia,MYS,1990,23170.86437
Malaysia,MYS,1991,22760.24053
Malaysia,MYS,1992,22581.23603
Malaysia,MYS,1993,22579.69222
Malaysia,MYS,1994,22822.65543
Malaysia,MYS,1995,23285.33707
Malaysia,MYS,1996,22772.59989
Malaysia,MYS,1997,22450.77981
Malaysia,MYS,1998,22044.06664
Malaysia,MYS,1999,23103.82133
Malaysia,MYS,2000,22150.98477
Malaysia,MYS,2001,21812.6932
Malaysia,MYS,2002,21727.40015
Malaysia,MYS,2003,21711.18395
Malaysia,MYS,2004,21303.29382
Malaysia,MYS,2005,21003.10404
Malaysia,MYS,2006,20721.07825
Malaysia,MYS,2007,20476.21787
Malaysia,MYS,2008,20561.51822
Malaysia,MYS,2009,20598.98124
Malaysia,MYS,2010,20242.75917
Malaysia,MYS,2011,20005.49182
Malaysia,MYS,2012,19813.23213
Malaysia,MYS,2013,19344.36566
Malaysia,MYS,2014,19576.42082
Malaysia,MYS,2015,19655.65997
Malaysia,MYS,2016,19696.68256
Malaysia,MYS,2017,19697.87766
Malaysia,MYS,2018,19710.63085
Malaysia,MYS,2019,19936.1634
Maldives,MDV,1990,28759.60386
Maldives,MDV,1991,28633.48655
Maldives,MDV,1992,28384.06958
Maldives,MDV,1993,27758.93245
Maldives,MDV,1994,26844.81496
Maldives,MDV,1995,26407.58188
Maldives,MDV,1996,26249.24502
Maldives,MDV,1997,25773.94267
Maldives,MDV,1998,24611.73006
Maldives,MDV,1999,23600.96553
Maldives,MDV,2000,23110.78704
Maldives,MDV,2001,22586.61386
Maldives,MDV,2002,21487.92968
Maldives,MDV,2003,20768.76009
Maldives,MDV,2004,20072.84387
Maldives,MDV,2005,19518.83946
Maldives,MDV,2006,19181.78459
Maldives,MDV,2007,18766.79665
Maldives,MDV,2008,18427.85156
Maldives,MDV,2009,18172.54001
Maldives,MDV,2010,17933.30296
Maldives,MDV,2011,17667.15372
Maldives,MDV,2012,17453.74046
Maldives,MDV,2013,17273.66624
Maldives,MDV,2014,17110.47282
Maldives,MDV,2015,16951.86287
Maldives,MDV,2016,16921.6336
Maldives,MDV,2017,16877.71859
Maldives,MDV,2018,16868.35931
Maldives,MDV,2019,16863.35477
Mali,MLI,1990,26604.21881
Mali,MLI,1991,26377.96196
Mali,MLI,1992,26304.72774
Mali,MLI,1993,26121.19898
Mali,MLI,1994,26003.55708
Mali,MLI,1995,25883.17694
Mali,MLI,1996,25655.25197
Mali,MLI,1997,25292.46875
Mali,MLI,1998,24835.18971
Mali,MLI,1999,24455.90898
Mali,MLI,2000,24303.60442
Mali,MLI,2001,24035.24021
Mali,MLI,2002,24123.10712
Mali,MLI,2003,23903.33741
Mali,MLI,2004,23719.50311
Mali,MLI,2005,23563.0542
Mali,MLI,2006,23468.7188
Mali,MLI,2007,23452.33146
Mali,MLI,2008,23513.16993
Mali,MLI,2009,23534.76766
Mali,MLI,2010,23416.57294
Mali,MLI,2011,23215.1403
Mali,MLI,2012,23056.78806
Mali,MLI,2013,22929.5372
Mali,MLI,2014,22862.97013
Mali,MLI,2015,22979.1311
Mali,MLI,2016,23349.99428
Mali,MLI,2017,23431.40939
Mali,MLI,2018,23266.75607
Mali,MLI,2019,23054.98549
Malta,MLT,1990,20925.24323
Malta,MLT,1991,20612.19981
Malta,MLT,1992,20380.14367
Malta,MLT,1993,20078.17811
Malta,MLT,1994,19709.84387
Malta,MLT,1995,19540.53702
Malta,MLT,1996,19396.95567
Malta,MLT,1997,19259.70043
Malta,MLT,1998,18973.6894
Malta,MLT,1999,18841.15944
Malta,MLT,2000,18660.25145
Malta,MLT,2001,18499.88987
Malta,MLT,2002,18415.02349
Malta,MLT,2003,18274.57474
Malta,MLT,2004,18026.11454
Malta,MLT,2005,17764.47734
Malta,MLT,2006,17566.13703
Malta,MLT,2007,17455.77597
Malta,MLT,2008,17330.59156
Malta,MLT,2009,17151.34174
Malta,MLT,2010,16974.52608
Malta,MLT,2011,16889.41996
Malta,MLT,2012,16761.52766
Malta,MLT,2013,16584.37263
Malta,MLT,2014,16436.54059
Malta,MLT,2015,16223.16324
Malta,MLT,2016,16192.12302
Malta,MLT,2017,16111.61657
Malta,MLT,2018,16034.52382
Malta,MLT,2019,15953.23274
Marshall Islands,MHL,1990,35733.76656
Marshall Islands,MHL,1991,36113.72825
Marshall Islands,MHL,1992,36494.73372
Marshall Islands,MHL,1993,36446.96386
Marshall Islands,MHL,1994,35129.59542
Marshall Islands,MHL,1995,35471.6678
Marshall Islands,MHL,1996,35646.14441
Marshall Islands,MHL,1997,35982.91758
Marshall Islands,MHL,1998,36178.07898
Marshall Islands,MHL,1999,36387.92442
Marshall Islands,MHL,2000,36585.30142
Marshall Islands,MHL,2001,36760.73326
Marshall Islands,MHL,2002,36931.22206
Marshall Islands,MHL,2003,37077.19616
Marshall Islands,MHL,2004,37161.12737
Marshall Islands,MHL,2005,37226.23634
Marshall Islands,MHL,2006,37355.34863
Marshall Islands,MHL,2007,37186.23884
Marshall Islands,MHL,2008,37013.47357
Marshall Islands,MHL,2009,36816.94425
Marshall Islands,MHL,2010,36608.76475
Marshall Islands,MHL,2011,36401.94771
Marshall Islands,MHL,2012,36165.4906
Marshall Islands,MHL,2013,35933.33709
Marshall Islands,MHL,2014,35731.36049
Marshall Islands,MHL,2015,35576.23625
Marshall Islands,MHL,2016,35412.12185
Marshall Islands,MHL,2017,35248.21012
Marshall Islands,MHL,2018,35106.7095
Marshall Islands,MHL,2019,34967.81126
Mauritania,MRT,1990,25365.63439
Mauritania,MRT,1991,24953.06807
Mauritania,MRT,1992,24709.26673
Mauritania,MRT,1993,24434.43703
Mauritania,MRT,1994,23782.16882
Mauritania,MRT,1995,23234.8434
Mauritania,MRT,1996,23068.32015
Mauritania,MRT,1997,22747.62933
Mauritania,MRT,1998,22600.18753
Mauritania,MRT,1999,22078.11565
Mauritania,MRT,2000,21922.69319
Mauritania,MRT,2001,21843.79348
Mauritania,MRT,2002,21637.43898
Mauritania,MRT,2003,21239.77551
Mauritania,MRT,2004,21218.93655
Mauritania,MRT,2005,21054.47363
Mauritania,MRT,2006,21045.40867
Mauritania,MRT,2007,20580.5504
Mauritania,MRT,2008,20225.49541
Mauritania,MRT,2009,20367.0214
Mauritania,MRT,2010,20061.73294
Mauritania,MRT,2011,19953.14017
Mauritania,MRT,2012,20103.92702
Mauritania,MRT,2013,19989.273
Mauritania,MRT,2014,19484.82139
Mauritania,MRT,2015,19370.13411
Mauritania,MRT,2016,19035.13153
Mauritania,MRT,2017,19095.32277
Mauritania,MRT,2018,18823.35845
Mauritania,MRT,2019,18648.30681
Mauritius,MUS,1990,27560.80935
Mauritius,MUS,1991,26847.51381
Mauritius,MUS,1992,26926.63485
Mauritius,MUS,1993,27123.67921
Mauritius,MUS,1994,26937.47449
Mauritius,MUS,1995,26577.75662
Mauritius,MUS,1996,26455.28622
Mauritius,MUS,1997,26782.62509
Mauritius,MUS,1998,26010.88573
Mauritius,MUS,1999,25951.72333
Mauritius,MUS,2000,25651.43102
Mauritius,MUS,2001,25462.51914
Mauritius,MUS,2002,25518.9193
Mauritius,MUS,2003,25396.2183
Mauritius,MUS,2004,24974.18988
Mauritius,MUS,2005,24996.91644
Mauritius,MUS,2006,24743.58283
Mauritius,MUS,2007,24223.83626
Mauritius,MUS,2008,24329.86533
Mauritius,MUS,2009,24285.2934
Mauritius,MUS,2010,23772.02848
Mauritius,MUS,2011,23298.01484
Mauritius,MUS,2012,23047.68964
Mauritius,MUS,2013,22560.90902
Mauritius,MUS,2014,22672.51502
Mauritius,MUS,2015,22564.78157
Mauritius,MUS,2016,22454.0638
Mauritius,MUS,2017,22414.18386
Mauritius,MUS,2018,22435.3392
Mauritius,MUS,2019,22359.15943
Mexico,MEX,1990,22537.01233
Mexico,MEX,1991,22329.98525
Mexico,MEX,1992,22260.65963
Mexico,MEX,1993,22256.58477
Mexico,MEX,1994,22176.26663
Mexico,MEX,1995,22186.59591
Mexico,MEX,1996,22049.20579
Mexico,MEX,1997,22027.21683
Mexico,MEX,1998,21956.93556
Mexico,MEX,1999,21688.57965
Mexico,MEX,2000,21374.94584
Mexico,MEX,2001,21172.4221
Mexico,MEX,2002,21218.7329
Mexico,MEX,2003,21235.67718
Mexico,MEX,2004,20959.4183
Mexico,MEX,2005,21051.5959
Mexico,MEX,2006,20786.43966
Mexico,MEX,2007,20643.5257
Mexico,MEX,2008,20912.37746
Mexico,MEX,2009,21046.65294
Mexico,MEX,2010,20727.00917
Mexico,MEX,2011,20488.72901
Mexico,MEX,2012,20460.0936
Mexico,MEX,2013,20763.36495
Mexico,MEX,2014,20788.62583
Mexico,MEX,2015,20715.0541
Mexico,MEX,2016,20807.48555
Mexico,MEX,2017,21077.8205
Mexico,MEX,2018,21024.09185
Mexico,MEX,2019,21022.82404
Micronesia (country),FSM,1990,37920.32962
Micronesia (country),FSM,1991,37947.76771
Micronesia (country),FSM,1992,37927.79321
Micronesia (country),FSM,1993,37852.98319
Micronesia (country),FSM,1994,37827.2451
Micronesia (country),FSM,1995,37714.14509
Micronesia (country),FSM,1996,37690.69046
Micronesia (country),FSM,1997,37668.12152
Micronesia (country),FSM,1998,37598.74138
Micronesia (country),FSM,1999,37537.47492
Micronesia (country),FSM,2000,37449.74782
Micronesia (country),FSM,2001,37386.04763
Micronesia (country),FSM,2002,37333.9798
Micronesia (country),FSM,2003,37236.70371
Micronesia (country),FSM,2004,37261.85811
Micronesia (country),FSM,2005,37265.08275
Micronesia (country),FSM,2006,37167.75593
Micronesia (country),FSM,2007,37075.07648
Micronesia (country),FSM,2008,37024.13673
Micronesia (country),FSM,2009,36932.19196
Micronesia (country),FSM,2010,36820.13984
Micronesia (country),FSM,2011,36720.39551
Micronesia (country),FSM,2012,36624.56344
Micronesia (country),FSM,2013,36593.64154
Micronesia (country),FSM,2014,36639.38747
Micronesia (country),FSM,2015,36697.67841
Micronesia (country),FSM,2016,36704.21534
Micronesia (country),FSM,2017,36686.99337
Micronesia (country),FSM,2018,36706.42003
Micronesia (country),FSM,2019,36712.77746
Middle East & North Africa (WB),,1990,27708.72827
Middle East & North Africa (WB),,1991,27443.88182
Middle East & North Africa (WB),,1992,27223.18793
Middle East & North Africa (WB),,1993,27084.57031
Middle East & North Africa (WB),,1994,26880.43041
Middle East & North Africa (WB),,1995,26598.63462
Middle East & North Africa (WB),,1996,26333.32059
Middle East & North Africa (WB),,1997,26162.73751
Middle East & North Africa (WB),,1998,25917.2854
Middle East & North Africa (WB),,1999,25689.54616
Middle East & North Africa (WB),,2000,25256.32829
Middle East & North Africa (WB),,2001,25146.53163
Middle East & North Africa (WB),,2002,25054.00381
Middle East & North Africa (WB),,2003,24972.32347
Middle East & North Africa (WB),,2004,24740.52985
Middle East & North Africa (WB),,2005,24485.68433
Middle East & North Africa (WB),,2006,24292.38723
Middle East & North Africa (WB),,2007,24069.08702
Middle East & North Africa (WB),,2008,23936.69781
Middle East & North Africa (WB),,2009,23786.97649
Middle East & North Africa (WB),,2010,23576.23608
Middle East & North Africa (WB),,2011,23356.04793
Middle East & North Africa (WB),,2012,23215.02385
Middle East & North Africa (WB),,2013,23053.39104
Middle East & North Africa (WB),,2014,22934.56158
Middle East & North Africa (WB),,2015,22972.77112
Middle East & North Africa (WB),,2016,22788.13005
Middle East & North Africa (WB),,2017,22592.50243
Middle East & North Africa (WB),,2018,22471.10568
Middle East & North Africa (WB),,2019,22351.64083
Moldova,MDA,1990,28518.67268
Moldova,MDA,1991,29691.19608
Moldova,MDA,1992,28745.32185
Moldova,MDA,1993,29434.06768
Moldova,MDA,1994,31933.89835
Moldova,MDA,1995,32524.85447
Moldova,MDA,1996,31124.07901
Moldova,MDA,1997,29074.5211
Moldova,MDA,1998,27983.11455
Moldova,MDA,1999,28094.09886
Moldova,MDA,2000,28052.73261
Moldova,MDA,2001,27710.40949
Moldova,MDA,2002,27996.50791
Moldova,MDA,2003,28161.76181
Moldova,MDA,2004,27779.56769
Moldova,MDA,2005,28450.07815
Moldova,MDA,2006,27776.78764
Moldova,MDA,2007,27467.22331
Moldova,MDA,2008,27000.1247
Moldova,MDA,2009,26845.56613
Moldova,MDA,2010,27047.11904
Moldova,MDA,2011,24867.90639
Moldova,MDA,2012,24571.69195
Moldova,MDA,2013,23843.5229
Moldova,MDA,2014,24280.48969
Moldova,MDA,2015,24585.06758
Moldova,MDA,2016,23874.99568
Moldova,MDA,2017,22681.86921
Moldova,MDA,2018,22304.93897
Moldova,MDA,2019,21961.40604
Monaco,MCO,1990,19544.25672
Monaco,MCO,1991,19413.19345
Monaco,MCO,1992,19287.83784
Monaco,MCO,1993,19220.32818
Monaco,MCO,1994,19158.34063
Monaco,MCO,1995,19106.09805
Monaco,MCO,1996,19071.26952
Monaco,MCO,1997,19033.07221
Monaco,MCO,1998,19010.53855
Monaco,MCO,1999,18977.7337
Monaco,MCO,2000,18947.80593
Monaco,MCO,2001,18925.45023
Monaco,MCO,2002,18894.24993
Monaco,MCO,2003,18883.76561
Monaco,MCO,2004,18870.37766
Monaco,MCO,2005,18861.74985
Monaco,MCO,2006,18847.52362
Monaco,MCO,2007,18800.04169
Monaco,MCO,2008,18762.40302
Monaco,MCO,2009,18758.9388
Monaco,MCO,2010,18754.20909
Monaco,MCO,2011,18720.77884
Monaco,MCO,2012,18680.20707
Monaco,MCO,2013,18633.14899
Monaco,MCO,2014,18549.81499
Monaco,MCO,2015,18454.20163
Monaco,MCO,2016,18354.9188
Monaco,MCO,2017,18257.35481
Monaco,MCO,2018,18172.9855
Monaco,MCO,2019,18085.99286
Mongolia,MNG,1990,35959.83923
Mongolia,MNG,1991,36513.86399
Mongolia,MNG,1992,37149.2153
Mongolia,MNG,1993,37574.54594
Mongolia,MNG,1994,37972.9175
Mongolia,MNG,1995,39259.77927
Mongolia,MNG,1996,39928.75156
Mongolia,MNG,1997,39958.83264
Mongolia,MNG,1998,39786.97296
Mongolia,MNG,1999,39867.84687
Mongolia,MNG,2000,39963.30462
Mongolia,MNG,2001,39987.22958
Mongolia,MNG,2002,39546.48069
Mongolia,MNG,2003,39002.9411
Mongolia,MNG,2004,38306.31173
Mongolia,MNG,2005,37812.05227
Mongolia,MNG,2006,37114.88285
Mongolia,MNG,2007,36139.14246
Mongolia,MNG,2008,35386.37235
Mongolia,MNG,2009,35264.21907
Mongolia,MNG,2010,34877.75952
Mongolia,MNG,2011,34209.23233
Mongolia,MNG,2012,33369.49899
Mongolia,MNG,2013,32439.94792
Mongolia,MNG,2014,31522.2717
Mongolia,MNG,2015,30952.02655
Mongolia,MNG,2016,30919.97162
Mongolia,MNG,2017,30837.09102
Mongolia,MNG,2018,30672.84062
Mongolia,MNG,2019,30697.13665
Montenegro,MNE,1990,20978.57642
Montenegro,MNE,1991,20591.3101
Montenegro,MNE,1992,20633.6686
Montenegro,MNE,1993,21068.20302
Montenegro,MNE,1994,21508.51965
Montenegro,MNE,1995,21660.83524
Montenegro,MNE,1996,21887.56663
Montenegro,MNE,1997,22297.46178
Montenegro,MNE,1998,22374.09777
Montenegro,MNE,1999,22398.57348
Montenegro,MNE,2000,22360.44557
Montenegro,MNE,2001,22364.0184
Montenegro,MNE,2002,22357.74301
Montenegro,MNE,2003,22535.45042
Montenegro,MNE,2004,22589.6869
Montenegro,MNE,2005,22649.38237
Montenegro,MNE,2006,22620.83351
Montenegro,MNE,2007,22457.89604
Montenegro,MNE,2008,22253.84123
Montenegro,MNE,2009,22110.71901
Montenegro,MNE,2010,21820.27003
Montenegro,MNE,2011,21645.67073
Montenegro,MNE,2012,21387.33948
Montenegro,MNE,2013,21364.47082
Montenegro,MNE,2014,21404.96342
Montenegro,MNE,2015,21359.73236
Montenegro,MNE,2016,21283.46843
Montenegro,MNE,2017,21222.70267
Montenegro,MNE,2018,20976.01923
Montenegro,MNE,2019,20739.63515
Morocco,MAR,1990,25512.66033
Morocco,MAR,1991,25442.21896
Morocco,MAR,1992,25703.06885
Morocco,MAR,1993,25803.87055
Morocco,MAR,1994,25555.12299
Morocco,MAR,1995,25446.96986
Morocco,MAR,1996,25230.22088
Morocco,MAR,1997,25133.22999
Morocco,MAR,1998,24940.68412
Morocco,MAR,1999,24950.30232
Morocco,MAR,2000,24428.23813
Morocco,MAR,2001,24152.24373
Morocco,MAR,2002,23959.3227
Morocco,MAR,2003,24085.26747
Morocco,MAR,2004,24021.79145
Morocco,MAR,2005,23998.86687
Morocco,MAR,2006,23974.41825
Morocco,MAR,2007,23986.20615
Morocco,MAR,2008,23920.10348
Morocco,MAR,2009,23820.71852
Morocco,MAR,2010,23686.09163
Morocco,MAR,2011,23514.18599
Morocco,MAR,2012,23432.65321
Morocco,MAR,2013,24018.14781
Morocco,MAR,2014,23923.84531
Morocco,MAR,2015,23824.22725
Morocco,MAR,2016,23723.4526
Morocco,MAR,2017,23638.74574
Morocco,MAR,2018,23535.8071
Morocco,MAR,2019,23380.86294
Mozambique,MOZ,1990,23308.62783
Mozambique,MOZ,1991,23150.08294
Mozambique,MOZ,1992,23053.10523
Mozambique,MOZ,1993,22901.03496
Mozambique,MOZ,1994,22702.91823
Mozambique,MOZ,1995,22610.46911
Mozambique,MOZ,1996,22559.92831
Mozambique,MOZ,1997,22566.39849
Mozambique,MOZ,1998,22574.94287
Mozambique,MOZ,1999,22624.16786
Mozambique,MOZ,2000,22737.2412
Mozambique,MOZ,2001,22482.32986
Mozambique,MOZ,2002,22540.53807
Mozambique,MOZ,2003,22562.93892
Mozambique,MOZ,2004,22801.82183
Mozambique,MOZ,2005,23115.27911
Mozambique,MOZ,2006,23610.37839
Mozambique,MOZ,2007,23892.63541
Mozambique,MOZ,2008,24261.65258
Mozambique,MOZ,2009,24466.65787
Mozambique,MOZ,2010,24734.83541
Mozambique,MOZ,2011,24874.33234
Mozambique,MOZ,2012,25089.73773
Mozambique,MOZ,2013,25175.16476
Mozambique,MOZ,2014,25121.70168
Mozambique,MOZ,2015,24996.45694
Mozambique,MOZ,2016,24758.84985
Mozambique,MOZ,2017,24569.81647
Mozambique,MOZ,2018,24405.90874
Mozambique,MOZ,2019,24334.44557
Myanmar,MMR,1990,34950.44372
Myanmar,MMR,1991,34941.53395
Myanmar,MMR,1992,34821.72446
Myanmar,MMR,1993,34677.28946
Myanmar,MMR,1994,34469.35178
Myanmar,MMR,1995,34274.65334
Myanmar,MMR,1996,34041.93495
Myanmar,MMR,1997,33790.91193
Myanmar,MMR,1998,33565.92545
Myanmar,MMR,1999,33278.10995
Myanmar,MMR,2000,33070.749
Myanmar,MMR,2001,32799.95518
Myanmar,MMR,2002,32478.40725
Myanmar,MMR,2003,32136.28982
Myanmar,MMR,2004,31923.10289
Myanmar,MMR,2005,31394.14438
Myanmar,MMR,2006,30890.4904
Myanmar,MMR,2007,30159.12674
Myanmar,MMR,2008,29542.14305
Myanmar,MMR,2009,29033.5452
Myanmar,MMR,2010,28410.34655
Myanmar,MMR,2011,27989.4625
Myanmar,MMR,2012,27426.49678
Myanmar,MMR,2013,27202.88385
Myanmar,MMR,2014,26915.26676
Myanmar,MMR,2015,26644.10388
Myanmar,MMR,2016,26454.94997
Myanmar,MMR,2017,26259.74623
Myanmar,MMR,2018,26057.49355
Myanmar,MMR,2019,25830.84083
Namibia,NAM,1990,24637.88239
Namibia,NAM,1991,24523.44813
Namibia,NAM,1992,24536.77719
Namibia,NAM,1993,24460.84891
Namibia,NAM,1994,24619.52886
Namibia,NAM,1995,24744.0892
Namibia,NAM,1996,24816.28333
Namibia,NAM,1997,25031.32829
Namibia,NAM,1998,25446.56248
Namibia,NAM,1999,25954.55179
Namibia,NAM,2000,26500.26052
Namibia,NAM,2001,26333.38922
Namibia,NAM,2002,26582.89356
Namibia,NAM,2003,26464.44164
Namibia,NAM,2004,26054.82164
Namibia,NAM,2005,25614.81894
Namibia,NAM,2006,24943.42627
Namibia,NAM,2007,24384.55545
Namibia,NAM,2008,23913.55054
Namibia,NAM,2009,23595.1015
Namibia,NAM,2010,23383.48804
Namibia,NAM,2011,22940.42784
Namibia,NAM,2012,22743.13163
Namibia,NAM,2013,22710.46281
Namibia,NAM,2014,22753.82001
Namibia,NAM,2015,22781.15944
Namibia,NAM,2016,22750.77827
Namibia,NAM,2017,22678.63178
Namibia,NAM,2018,22636.11196
Namibia,NAM,2019,22518.32678
Nauru,NRU,1990,39857.31218
Nauru,NRU,1991,40225.07719
Nauru,NRU,1992,40692.96172
Nauru,NRU,1993,40977.88892
Nauru,NRU,1994,41560.60597
Nauru,NRU,1995,42429.46538
Nauru,NRU,1996,43289.07953
Nauru,NRU,1997,44174.98786
Nauru,NRU,1998,44913.74065
Nauru,NRU,1999,45480.78376
Nauru,NRU,2000,45809.35788
Nauru,NRU,2001,46375.31958
Nauru,NRU,2002,46586.53472
Nauru,NRU,2003,46587.14073
Nauru,NRU,2004,46590.51303
Nauru,NRU,2005,46486.26962
Nauru,NRU,2006,46204.81434
Nauru,NRU,2007,46040.80097
Nauru,NRU,2008,45608.3
Nauru,NRU,2009,45183.60658
Nauru,NRU,2010,44442.86276
Nauru,NRU,2011,43675.19529
Nauru,NRU,2012,43105.13364
Nauru,NRU,2013,42361.44354
Nauru,NRU,2014,41487.69395
Nauru,NRU,2015,40877.11811
Nauru,NRU,2016,40339.5161
Nauru,NRU,2017,39898.81536
Nauru,NRU,2018,39568.19465
Nauru,NRU,2019,39308.13421
Nepal,NPL,1990,27090.34756
Nepal,NPL,1991,26790.46997
Nepal,NPL,1992,26426.50212
Nepal,NPL,1993,26277.66737
Nepal,NPL,1994,25937.40283
Nepal,NPL,1995,25613.35379
Nepal,NPL,1996,25169.63682
Nepal,NPL,1997,24882.65086
Nepal,NPL,1998,24571.87937
Nepal,NPL,1999,24260.23311
Nepal,NPL,2000,23978.59196
Nepal,NPL,2001,23620.86923
Nepal,NPL,2002,23274.36443
Nepal,NPL,2003,23051.95296
Nepal,NPL,2004,22956.96712
Nepal,NPL,2005,22982.20346
Nepal,NPL,2006,23023.78407
Nepal,NPL,2007,23051.33069
Nepal,NPL,2008,23067.40892
Nepal,NPL,2009,23101.60306
Nepal,NPL,2010,23114.89986
Nepal,NPL,2011,23210.44653
Nepal,NPL,2012,23276.23557
Nepal,NPL,2013,23377.33403
Nepal,NPL,2014,23354.05695
Nepal,NPL,2015,23412.62958
Nepal,NPL,2016,23397.43976
Nepal,NPL,2017,23394.4817
Nepal,NPL,2018,23347.75805
Nepal,NPL,2019,23282.38356
Netherlands,NLD,1990,20389.00469
Netherlands,NLD,1991,20244.21318
Netherlands,NLD,1992,20108.99386
Netherlands,NLD,1993,20153.07903
Netherlands,NLD,1994,19900.19056
Netherlands,NLD,1995,19753.8588
Netherlands,NLD,1996,19688.33784
Netherlands,NLD,1997,19485.54775
Netherlands,NLD,1998,19385.72799
Netherlands,NLD,1999,19352.1696
Netherlands,NLD,2000,19201.12105
Netherlands,NLD,2001,19034.35268
Netherlands,NLD,2002,18850.31361
Netherlands,NLD,2003,18562.99231
Netherlands,NLD,2004,18188.5849
Netherlands,NLD,2005,17864.64191
Netherlands,NLD,2006,17585.59698
Netherlands,NLD,2007,17271.20213
Netherlands,NLD,2008,17083.63859
Netherlands,NLD,2009,16878.51445
Netherlands,NLD,2010,16728.61555
Netherlands,NLD,2011,16603.18146
Netherlands,NLD,2012,16547.24141
Netherlands,NLD,2013,16428.60492
Netherlands,NLD,2014,16283.64533
Netherlands,NLD,2015,16279.72905
Netherlands,NLD,2016,16265.2122
Netherlands,NLD,2017,16217.35506
Netherlands,NLD,2018,16215.27059
Netherlands,NLD,2019,16214.97871
New Zealand,NZL,1990,22304.6686
New Zealand,NZL,1991,21930.03794
New Zealand,NZL,1992,21711.35926
New Zealand,NZL,1993,21540.30287
New Zealand,NZL,1994,21120.33088
New Zealand,NZL,1995,21000.97122
New Zealand,NZL,1996,20695.77074
New Zealand,NZL,1997,20299.19593
New Zealand,NZL,1998,19785.11446
New Zealand,NZL,1999,19624.01537
New Zealand,NZL,2000,19263.27714
New Zealand,NZL,2001,19034.19002
New Zealand,NZL,2002,18782.96586
New Zealand,NZL,2003,18499.08245
New Zealand,NZL,2004,18251.05607
New Zealand,NZL,2005,17905.90596
New Zealand,NZL,2006,17689.71423
New Zealand,NZL,2007,17549.29128
New Zealand,NZL,2008,17372.00239
New Zealand,NZL,2009,17128.20687
New Zealand,NZL,2010,16914.74336
New Zealand,NZL,2011,16808.92241
New Zealand,NZL,2012,16702.40471
New Zealand,NZL,2013,16570.77271
New Zealand,NZL,2014,16582.48172
New Zealand,NZL,2015,16472.9305
New Zealand,NZL,2016,16378.73116
New Zealand,NZL,2017,16348.9203
New Zealand,NZL,2018,16500.36245
New Zealand,NZL,2019,16536.7331
Nicaragua,NIC,1990,19958.25637
Nicaragua,NIC,1991,20721.22799
Nicaragua,NIC,1992,20408.86276
Nicaragua,NIC,1993,20471.98096
Nicaragua,NIC,1994,20376.72233
Nicaragua,NIC,1995,21936.36393
Nicaragua,NIC,1996,22173.32151
Nicaragua,NIC,1997,21449.48548
Nicaragua,NIC,1998,21038.78076
Nicaragua,NIC,1999,21000.13184
Nicaragua,NIC,2000,20724.46352
Nicaragua,NIC,2001,20916.2607
Nicaragua,NIC,2002,21224.56712
Nicaragua,NIC,2003,21391.07322
Nicaragua,NIC,2004,21476.96934
Nicaragua,NIC,2005,21827.67204
Nicaragua,NIC,2006,21026.58556
Nicaragua,NIC,2007,21478.96172
Nicaragua,NIC,2008,21697.50035
Nicaragua,NIC,2009,21660.28774
Nicaragua,NIC,2010,21442.56686
Nicaragua,NIC,2011,21618.74986
Nicaragua,NIC,2012,21640.63003
Nicaragua,NIC,2013,21627.00331
Nicaragua,NIC,2014,21660.18819
Nicaragua,NIC,2015,21269.06037
Nicaragua,NIC,2016,21487.58742
Nicaragua,NIC,2017,21246.44128
Nicaragua,NIC,2018,21143.7426
Nicaragua,NIC,2019,20984.36112
Niger,NER,1990,25689.80028
Niger,NER,1991,25373.0555
Niger,NER,1992,25309.88498
Niger,NER,1993,25210.273
Niger,NER,1994,24886.95122
Niger,NER,1995,24743.12457
Niger,NER,1996,24211.17353
Niger,NER,1997,24114.70818
Niger,NER,1998,23965.69403
Niger,NER,1999,23878.97538
Niger,NER,2000,23816.29494
Niger,NER,2001,23806.89545
Niger,NER,2002,23666.62842
Niger,NER,2003,23616.73297
Niger,NER,2004,23147.82098
Niger,NER,2005,23225.20369
Niger,NER,2006,22887.46218
Niger,NER,2007,22610.62321
Niger,NER,2008,22108.06815
Niger,NER,2009,21931.39706
Niger,NER,2010,21732.49661
Niger,NER,2011,21789.24616
Niger,NER,2012,21782.89088
Niger,NER,2013,21885.56746
Niger,NER,2014,22002.54096
Niger,NER,2015,22226.77723
Niger,NER,2016,22361.14153
Niger,NER,2017,22415.51447
Niger,NER,2018,22268.30421
Niger,NER,2019,22014.66502
Nigeria,NGA,1990,23994.43283
Nigeria,NGA,1991,24005.55313
Nigeria,NGA,1992,24073.40986
Nigeria,NGA,1993,24103.21043
Nigeria,NGA,1994,24068.17246
Nigeria,NGA,1995,23947.07124
Nigeria,NGA,1996,23875.0031
Nigeria,NGA,1997,23852.26172
Nigeria,NGA,1998,23844.54915
Nigeria,NGA,1999,23833.43181
Nigeria,NGA,2000,23763.60479
Nigeria,NGA,2001,23631.42558
Nigeria,NGA,2002,23629.68809
Nigeria,NGA,2003,23472.64107
Nigeria,NGA,2004,23329.15158
Nigeria,NGA,2005,23101.87201
Nigeria,NGA,2006,23016.5937
Nigeria,NGA,2007,22813.20001
Nigeria,NGA,2008,22528.84027
Nigeria,NGA,2009,22435.615
Nigeria,NGA,2010,22360.90977
Nigeria,NGA,2011,22343.36019
Nigeria,NGA,2012,22376.80013
Nigeria,NGA,2013,22276.30752
Nigeria,NGA,2014,22064.37538
Nigeria,NGA,2015,21964.46743
Nigeria,NGA,2016,21802.05348
Nigeria,NGA,2017,21594.53359
Nigeria,NGA,2018,21350.80023
Nigeria,NGA,2019,21141.60948
Niue,NIU,1990,29356.84
Niue,NIU,1991,29647.41409
Niue,NIU,1992,30074.10421
Niue,NIU,1993,30127.78759
Niue,NIU,1994,30168.13311
Niue,NIU,1995,30336.48301
Niue,NIU,1996,30458.16654
Niue,NIU,1997,30528.47185
Niue,NIU,1998,30300.13608
Niue,NIU,1999,30178.32155
Niue,NIU,2000,30068.6424
Niue,NIU,2001,29964.79852
Niue,NIU,2002,29927.54476
Niue,NIU,2003,29873.3424
Niue,NIU,2004,29864.23954
Niue,NIU,2005,29684.96435
Niue,NIU,2006,29615.92009
Niue,NIU,2007,29419.58978
Niue,NIU,2008,29292.79454
Niue,NIU,2009,28850.4786
Niue,NIU,2010,28534.46877
Niue,NIU,2011,28421.31551
Niue,NIU,2012,28270.99624
Niue,NIU,2013,28150.38025
Niue,NIU,2014,28042.52404
Niue,NIU,2015,27944.68174
Niue,NIU,2016,27881.6319
Niue,NIU,2017,27799.77359
Niue,NIU,2018,27725.80422
Niue,NIU,2019,27636.19108
North America (WB),,1990,22737.35497
North America (WB),,1991,22489.83221
North America (WB),,1992,22247.25433
North America (WB),,1993,22245.29013
North America (WB),,1994,22124.42633
North America (WB),,1995,22040.9234
North America (WB),,1996,21877.94393
North America (WB),,1997,21761.90893
North America (WB),,1998,21721.85271
North America (WB),,1999,21770.65986
North America (WB),,2000,21730.33308
North America (WB),,2001,21678.48954
North America (WB),,2002,21624.77339
North America (WB),,2003,21485.89517
North America (WB),,2004,21224.33256
North America (WB),,2005,21147.48695
North America (WB),,2006,21003.37173
North America (WB),,2007,20853.4057
North America (WB),,2008,20777.91539
North America (WB),,2009,20667.15089
North America (WB),,2010,20499.94954
North America (WB),,2011,20477.28339
North America (WB),,2012,20439.20616
North America (WB),,2013,20451.61968
North America (WB),,2014,20518.2372
North America (WB),,2015,20638.79473
North America (WB),,2016,20849.69587
North America (WB),,2017,20904.36376
North America (WB),,2018,21028.22981
North America (WB),,2019,21162.74033
North Korea,PRK,1990,26227.52344
North Korea,PRK,1991,26132.79966
North Korea,PRK,1992,26042.35598
North Korea,PRK,1993,26004.79481
North Korea,PRK,1994,25961.53036
North Korea,PRK,1995,26017.60015
North Korea,PRK,1996,25998.15689
North Korea,PRK,1997,25983.25147
North Korea,PRK,1998,25922.36296
North Korea,PRK,1999,25883.65723
North Korea,PRK,2000,25832.11943
North Korea,PRK,2001,25761.21711
North Korea,PRK,2002,25694.35483
North Korea,PRK,2003,25545.23099
North Korea,PRK,2004,25448.68306
North Korea,PRK,2005,25348.27552
North Korea,PRK,2006,25256.98417
North Korea,PRK,2007,25142.29775
North Korea,PRK,2008,25118.02278
North Korea,PRK,2009,24956.42775
North Korea,PRK,2010,24763.90823
North Korea,PRK,2011,24560.1399
North Korea,PRK,2012,24314.26762
North Korea,PRK,2013,24053.03668
North Korea,PRK,2014,23790.99107
North Korea,PRK,2015,23536.00683
North Korea,PRK,2016,23274.79852
North Korea,PRK,2017,23049.09292
North Korea,PRK,2018,22843.54205
North Korea,PRK,2019,22644.72851
North Macedonia,MKD,1990,25908.37226
North Macedonia,MKD,1991,25743.5705
North Macedonia,MKD,1992,26609.78939
North Macedonia,MKD,1993,26776.00306
North Macedonia,MKD,1994,26741.53404
North Macedonia,MKD,1995,26822.38608
North Macedonia,MKD,1996,26859.11512
North Macedonia,MKD,1997,26783.59812
North Macedonia,MKD,1998,26921.87579
North Macedonia,MKD,1999,26722.86122
North Macedonia,MKD,2000,26628.02668
North Macedonia,MKD,2001,26786.54523
North Macedonia,MKD,2002,27058.23908
North Macedonia,MKD,2003,26882.56214
North Macedonia,MKD,2004,26265.44038
North Macedonia,MKD,2005,26045.77984
North Macedonia,MKD,2006,26208.61964
North Macedonia,MKD,2007,26197.90455
North Macedonia,MKD,2008,25506.91445
North Macedonia,MKD,2009,25316.10836
North Macedonia,MKD,2010,24859.24729
North Macedonia,MKD,2011,24336.83018
North Macedonia,MKD,2012,24258.38797
North Macedonia,MKD,2013,23795.70924
North Macedonia,MKD,2014,23779.56668
North Macedonia,MKD,2015,23715.21468
North Macedonia,MKD,2016,23647.63882
North Macedonia,MKD,2017,23407.13819
North Macedonia,MKD,2018,23285.24299
North Macedonia,MKD,2019,23171.12798
Northern Ireland,,1990,23058.51329
Northern Ireland,,1991,22663.38213
Northern Ireland,,1992,22215.02523
Northern Ireland,,1993,22290.395
Northern Ireland,,1994,21837.6905
Northern Ireland,,1995,21653.41789
Northern Ireland,,1996,21142.47325
Northern Ireland,,1997,20930.22535
Northern Ireland,,1998,20815.70349
Northern Ireland,,1999,20808.90874
Northern Ireland,,2000,20397.12985
Northern Ireland,,2001,20013.47269
Northern Ireland,,2002,19981.5494
Northern Ireland,,2003,19712.02283
Northern Ireland,,2004,19608.40288
Northern Ireland,,2005,19419.35025
Northern Ireland,,2006,19377.56904
Northern Ireland,,2007,19266.55124
Northern Ireland,,2008,19077.53344
Northern Ireland,,2009,18854.04267
Northern Ireland,,2010,18727.9804
Northern Ireland,,2011,18368.92429
Northern Ireland,,2012,18282.71577
Northern Ireland,,2013,18173.13475
Northern Ireland,,2014,18029.28479
Northern Ireland,,2015,18047.34551
Northern Ireland,,2016,17936.14809
Northern Ireland,,2017,17906.24995
Northern Ireland,,2018,18054.44788
Northern Ireland,,2019,18059.18398
Northern Mariana Islands,MNP,1990,26225.84273
Northern Mariana Islands,MNP,1991,26065.00292
Northern Mariana Islands,MNP,1992,25872.75452
Northern Mariana Islands,MNP,1993,25678.30519
Northern Mariana Islands,MNP,1994,25518.96665
Northern Mariana Islands,MNP,1995,25433.49868
Northern Mariana Islands,MNP,1996,25377.47581
Northern Mariana Islands,MNP,1997,25380.52849
Northern Mariana Islands,MNP,1998,25374.80698
Northern Mariana Islands,MNP,1999,25257.43183
Northern Mariana Islands,MNP,2000,25112.13734
Northern Mariana Islands,MNP,2001,25027.10768
Northern Mariana Islands,MNP,2002,24930.05437
Northern Mariana Islands,MNP,2003,24902.40007
Northern Mariana Islands,MNP,2004,24912.26971
Northern Mariana Islands,MNP,2005,24969.38728
Northern Mariana Islands,MNP,2006,24914.82173
Northern Mariana Islands,MNP,2007,24830.51623
Northern Mariana Islands,MNP,2008,24805.77495
Northern Mariana Islands,MNP,2009,24886.28067
Northern Mariana Islands,MNP,2010,24794.64235
Northern Mariana Islands,MNP,2011,24794.56985
Northern Mariana Islands,MNP,2012,24751.30689
Northern Mariana Islands,MNP,2013,24762.50162
Northern Mariana Islands,MNP,2014,24763.2167
Northern Mariana Islands,MNP,2015,24824.34337
Northern Mariana Islands,MNP,2016,24716.4372
Northern Mariana Islands,MNP,2017,24517.18029
Northern Mariana Islands,MNP,2018,24339.40795
Northern Mariana Islands,MNP,2019,24166.59651
Norway,NOR,1990,20601.08304
Norway,NOR,1991,20335.86676
Norway,NOR,1992,20208.17375
Norway,NOR,1993,20057.44447
Norway,NOR,1994,19880.9029
Norway,NOR,1995,19630.68263
Norway,NOR,1996,19445.69425
Norway,NOR,1997,19291.96793
Norway,NOR,1998,19205.90847
Norway,NOR,1999,19046.85898
Norway,NOR,2000,18854.56607
Norway,NOR,2001,18635.98073
Norway,NOR,2002,18444.45995
Norway,NOR,2003,18091.86924
Norway,NOR,2004,17806.76694
Norway,NOR,2005,17537.32816
Norway,NOR,2006,17391.28972
Norway,NOR,2007,17295.23167
Norway,NOR,2008,17142.53734
Norway,NOR,2009,16994.09414
Norway,NOR,2010,16796.63719
Norway,NOR,2011,16697.57577
Norway,NOR,2012,16453.63735
Norway,NOR,2013,16265.33306
Norway,NOR,2014,15975.57925
Norway,NOR,2015,15765.59177
Norway,NOR,2016,15683.04354
Norway,NOR,2017,15504.86332
Norway,NOR,2018,15555.277
Norway,NOR,2019,15642.44071
OECD Countries,,1990,21933.30314
OECD Countries,,1991,21716.49952
OECD Countries,,1992,21455.07884
OECD Countries,,1993,21290.06485
OECD Countries,,1994,21073.45617
OECD Countries,,1995,20908.47485
OECD Countries,,1996,20634.05527
OECD Countries,,1997,20412.31087
OECD Countries,,1998,20267.70997
OECD Countries,,1999,20123.14837
OECD Countries,,2000,19861.33857
OECD Countries,,2001,19664.19674
OECD Countries,,2002,19508.87849
OECD Countries,,2003,19362.73268
OECD Countries,,2004,19089.29329
OECD Countries,,2005,18943.06634
OECD Countries,,2006,18742.45218
OECD Countries,,2007,18588.18864
OECD Countries,,2008,18467.53999
OECD Countries,,2009,18351.67577
OECD Countries,,2010,18175.93835
OECD Countries,,2011,18061.47302
OECD Countries,,2012,17959.33172
OECD Countries,,2013,17890.74285
OECD Countries,,2014,17809.42057
OECD Countries,,2015,17812.34687
OECD Countries,,2016,17795.03041
OECD Countries,,2017,17779.75847
OECD Countries,,2018,17794.74749
OECD Countries,,2019,17809.867
Oman,OMN,1990,28329.20164
Oman,OMN,1991,28163.54669
Oman,OMN,1992,27999.30535
Oman,OMN,1993,27839.00363
Oman,OMN,1994,27831.76768
Oman,OMN,1995,27798.23803
Oman,OMN,1996,27675.02843
Oman,OMN,1997,27511.33379
Oman,OMN,1998,27340.16341
Oman,OMN,1999,27177.70116
Oman,OMN,2000,26995.68946
Oman,OMN,2001,26482.26645
Oman,OMN,2002,26340.79649
Oman,OMN,2003,26128.54453
Oman,OMN,2004,25663.46826
Oman,OMN,2005,25801.53674
Oman,OMN,2006,26146.27729
Oman,OMN,2007,26247.05738
Oman,OMN,2008,26318.91959
Oman,OMN,2009,26114.40165
Oman,OMN,2010,25900.27198
Oman,OMN,2011,25247.17083
Oman,OMN,2012,24368.3104
Oman,OMN,2013,24060.39387
Oman,OMN,2014,23891.23636
Oman,OMN,2015,23968.60962
Oman,OMN,2016,23873.05665
Oman,OMN,2017,23502.62121
Oman,OMN,2018,22476.84613
Oman,OMN,2019,22001.96015
Pakistan,PAK,1990,26067.23094
Pakistan,PAK,1991,26426.2061
Pakistan,PAK,1992,26851.36439
Pakistan,PAK,1993,27264.41439
Pakistan,PAK,1994,27782.96841
Pakistan,PAK,1995,28415.25311
Pakistan,PAK,1996,28718.03989
Pakistan,PAK,1997,29011.363
Pakistan,PAK,1998,29065.72392
Pakistan,PAK,1999,29212.80755
Pakistan,PAK,2000,29472.47105
Pakistan,PAK,2001,29641.31108
Pakistan,PAK,2002,29716.30877
Pakistan,PAK,2003,29738.22864
Pakistan,PAK,2004,29707.14639
Pakistan,PAK,2005,29654.71946
Pakistan,PAK,2006,29522.95346
Pakistan,PAK,2007,29265.41911
Pakistan,PAK,2008,29244.00211
Pakistan,PAK,2009,29111.87474
Pakistan,PAK,2010,28970.01289
Pakistan,PAK,2011,28776.34465
Pakistan,PAK,2012,28656.23988
Pakistan,PAK,2013,28650.8536
Pakistan,PAK,2014,28570.68524
Pakistan,PAK,2015,28407.94755
Pakistan,PAK,2016,28278.42753
Pakistan,PAK,2017,28095.70937
Pakistan,PAK,2018,27844.85306
Pakistan,PAK,2019,27623.54277
Palau,PLW,1990,31231.16915
Palau,PLW,1991,31031.50464
Palau,PLW,1992,30874.41356
Palau,PLW,1993,30839.2892
Palau,PLW,1994,30802.08882
Palau,PLW,1995,30819.03001
Palau,PLW,1996,30836.87362
Palau,PLW,1997,30884.05322
Palau,PLW,1998,30948.2984
Palau,PLW,1999,31056.79645
Palau,PLW,2000,30917.49964
Palau,PLW,2001,30787.13448
Palau,PLW,2002,30641.81318
Palau,PLW,2003,30462.88974
Palau,PLW,2004,30516.31188
Palau,PLW,2005,30503.00675
Palau,PLW,2006,30447.79236
Palau,PLW,2007,30406.11133
Palau,PLW,2008,30417.072
Palau,PLW,2009,30466.68587
Palau,PLW,2010,30468.64749
Palau,PLW,2011,30496.0302
Palau,PLW,2012,30456.80609
Palau,PLW,2013,30433.96787
Palau,PLW,2014,30348.21815
Palau,PLW,2015,30223.12136
Palau,PLW,2016,30140.57881
Palau,PLW,2017,30086.11407
Palau,PLW,2018,30037.27695
Palau,PLW,2019,29982.28142
Palestine,PSE,1990,28065.45596
Palestine,PSE,1991,27850.96388
Palestine,PSE,1992,27551.80302
Palestine,PSE,1993,27268.60663
Palestine,PSE,1994,26948.47214
Palestine,PSE,1995,26674.49341
Palestine,PSE,1996,26478.92896
Palestine,PSE,1997,26253.35221
Palestine,PSE,1998,25966.02017
Palestine,PSE,1999,25665.71787
Palestine,PSE,2000,25470.21396
Palestine,PSE,2001,25323.0975
Palestine,PSE,2002,25243.09545
Palestine,PSE,2003,25011.00384
Palestine,PSE,2004,24833.40518
Palestine,PSE,2005,24613.95677
Palestine,PSE,2006,24412.98758
Palestine,PSE,2007,24025.7147
Palestine,PSE,2008,23731.82337
Palestine,PSE,2009,23519.06584
Palestine,PSE,2010,23423.61052
Palestine,PSE,2011,23316.3899
Palestine,PSE,2012,22806.85104
Palestine,PSE,2013,22605.70473
Palestine,PSE,2014,22960.55974
Palestine,PSE,2015,23167.11282
Palestine,PSE,2016,23050.30883
Palestine,PSE,2017,22926.71901
Palestine,PSE,2018,22878.79324
Palestine,PSE,2019,22924.00204
Panama,PAN,1990,18428.74394
Panama,PAN,1991,18213.31039
Panama,PAN,1992,18326.8056
Panama,PAN,1993,18487.63433
Panama,PAN,1994,18150.72183
Panama,PAN,1995,18199.41233
Panama,PAN,1996,17961.81368
Panama,PAN,1997,18186.96711
Panama,PAN,1998,18002.1595
Panama,PAN,1999,17666.01756
Panama,PAN,2000,17249.53971
Panama,PAN,2001,17176.89731
Panama,PAN,2002,17191.66187
Panama,PAN,2003,17343.19165
Panama,PAN,2004,17208.02542
Panama,PAN,2005,17167.15354
Panama,PAN,2006,17193.5062
Panama,PAN,2007,16971.32485
Panama,PAN,2008,17013.71027
Panama,PAN,2009,17006.52378
Panama,PAN,2010,16915.62357
Panama,PAN,2011,16980.31244
Panama,PAN,2012,17048.75248
Panama,PAN,2013,17010.43369
Panama,PAN,2014,16991.38268
Panama,PAN,2015,16842.90357
Panama,PAN,2016,16770.39006
Panama,PAN,2017,16685.27204
Panama,PAN,2018,16602.91266
Panama,PAN,2019,16552.33199
Papua New Guinea,PNG,1990,29358.20321
Papua New Guinea,PNG,1991,29470.21867
Papua New Guinea,PNG,1992,29509.87113
Papua New Guinea,PNG,1993,29378.12333
Papua New Guinea,PNG,1994,29258.33321
Papua New Guinea,PNG,1995,29251.55717
Papua New Guinea,PNG,1996,29361.07925
Papua New Guinea,PNG,1997,29426.67118
Papua New Guinea,PNG,1998,29708.90805
Papua New Guinea,PNG,1999,29888.95432
Papua New Guinea,PNG,2000,29932.25548
Papua New Guinea,PNG,2001,30077.61204
Papua New Guinea,PNG,2002,30281.95431
Papua New Guinea,PNG,2003,30434.08337
Papua New Guinea,PNG,2004,30669.66494
Papua New Guinea,PNG,2005,30974.71614
Papua New Guinea,PNG,2006,31071.21554
Papua New Guinea,PNG,2007,31106.09072
Papua New Guinea,PNG,2008,30958.16729
Papua New Guinea,PNG,2009,30755.2663
Papua New Guinea,PNG,2010,30933.44867
Papua New Guinea,PNG,2011,30963.22258
Papua New Guinea,PNG,2012,30830.25637
Papua New Guinea,PNG,2013,30564.48132
Papua New Guinea,PNG,2014,30410.09602
Papua New Guinea,PNG,2015,30413.04897
Papua New Guinea,PNG,2016,30192.93125
Papua New Guinea,PNG,2017,30134.75578
Papua New Guinea,PNG,2018,30158.91204
Papua New Guinea,PNG,2019,30048.11392
Paraguay,PRY,1990,19123.10683
Paraguay,PRY,1991,18670.28212
Paraguay,PRY,1992,19097.80085
Paraguay,PRY,1993,19237.78194
Paraguay,PRY,1994,19288.11421
Paraguay,PRY,1995,19417.20227
Paraguay,PRY,1996,19535.06771
Paraguay,PRY,1997,19160.41505
Paraguay,PRY,1998,19133.06392
Paraguay,PRY,1999,19252.45062
Paraguay,PRY,2000,19212.14787
Paraguay,PRY,2001,19013.74554
Paraguay,PRY,2002,19040.95847
Paraguay,PRY,2003,19337.07932
Paraguay,PRY,2004,19737.40793
Paraguay,PRY,2005,19718.06602
Paraguay,PRY,2006,19814.03638
Paraguay,PRY,2007,19615.56739
Paraguay,PRY,2008,19627.11846
Paraguay,PRY,2009,19906.50212
Paraguay,PRY,2010,19950.6786
Paraguay,PRY,2011,19754.09866
Paraguay,PRY,2012,19650.26131
Paraguay,PRY,2013,19825.44462
Paraguay,PRY,2014,19583.66416
Paraguay,PRY,2015,19583.56461
Paraguay,PRY,2016,19934.42108
Paraguay,PRY,2017,19857.03703
Paraguay,PRY,2018,19768.52402
Paraguay,PRY,2019,19730.56428
Peru,PER,1990,20704.2375
Peru,PER,1991,19826.77374
Peru,PER,1992,20300.90189
Peru,PER,1993,20138.02742
Peru,PER,1994,19928.45357
Peru,PER,1995,19823.32289
Peru,PER,1996,19192.60192
Peru,PER,1997,18981.45928
Peru,PER,1998,18760.34587
Peru,PER,1999,18181.20776
Peru,PER,2000,18124.38899
Peru,PER,2001,17633.23713
Peru,PER,2002,17441.94983
Peru,PER,2003,17395.93692
Peru,PER,2004,16983.02478
Peru,PER,2005,16736.27086
Peru,PER,2006,16423.564
Peru,PER,2007,16045.44284
Peru,PER,2008,16040.21494
Peru,PER,2009,16743.18813
Peru,PER,2010,16812.83718
Peru,PER,2011,16634.51274
Peru,PER,2012,16391.05179
Peru,PER,2013,16146.02582
Peru,PER,2014,15805.53873
Peru,PER,2015,15579.31478
Peru,PER,2016,15501.0126
Peru,PER,2017,15407.10632
Peru,PER,2018,15353.098
Peru,PER,2019,15303.03943
Philippines,PHL,1990,22350.96598
Philippines,PHL,1991,21920.05122
Philippines,PHL,1992,21940.05657
Philippines,PHL,1993,21981.9153
Philippines,PHL,1994,22029.13355
Philippines,PHL,1995,22047.08366
Philippines,PHL,1996,22232.67452
Philippines,PHL,1997,22223.43811
Philippines,PHL,1998,22374.93645
Philippines,PHL,1999,22489.80072
Philippines,PHL,2000,22813.13741
Philippines,PHL,2001,23142.41517
Philippines,PHL,2002,23430.58674
Philippines,PHL,2003,23360.65407
Philippines,PHL,2004,23347.24778
Philippines,PHL,2005,23666.45431
Philippines,PHL,2006,23721.65588
Philippines,PHL,2007,23607.68286
Philippines,PHL,2008,23776.59057
Philippines,PHL,2009,23818.85206
Philippines,PHL,2010,23719.6106
Philippines,PHL,2011,23697.51183
Philippines,PHL,2012,23778.89082
Philippines,PHL,2013,23769.65477
Philippines,PHL,2014,23751.01557
Philippines,PHL,2015,23840.80193
Philippines,PHL,2016,23738.3859
Philippines,PHL,2017,23552.32398
Philippines,PHL,2018,23330.99725
Philippines,PHL,2019,23163.47122
Poland,POL,1990,26339.92293
Poland,POL,1991,26846.47312
Poland,POL,1992,26295.46656
Poland,POL,1993,25482.9993
Poland,POL,1994,25358.75952
Poland,POL,1995,25215.00706
Poland,POL,1996,24602.40069
Poland,POL,1997,24257.98215
Poland,POL,1998,23721.8579
Poland,POL,1999,23553.65071
Poland,POL,2000,22672.48293
Poland,POL,2001,22203.86499
Poland,POL,2002,21772.97047
Poland,POL,2003,21468.16047
Poland,POL,2004,21369.35621
Poland,POL,2005,21189.72261
Poland,POL,2006,21070.19304
Poland,POL,2007,20964.36032
Poland,POL,2008,20682.51954
Poland,POL,2009,20378.91886
Poland,POL,2010,19841.41675
Poland,POL,2011,19558.18257
Poland,POL,2012,19448.62705
Poland,POL,2013,19112.8964
Poland,POL,2014,18655.75287
Poland,POL,2015,18682.54312
Poland,POL,2016,18447.63666
Poland,POL,2017,18355.60927
Poland,POL,2018,18335.64804
Poland,POL,2019,18312.98092
Portugal,PRT,1990,23069.69788
Portugal,PRT,1991,23078.20552
Portugal,PRT,1992,22756.24317
Portugal,PRT,1993,22629.64036
Portugal,PRT,1994,22025.73667
Portugal,PRT,1995,21891.80392
Portugal,PRT,1996,21760.42412
Portugal,PRT,1997,21456.72814
Portugal,PRT,1998,21231.12458
Portugal,PRT,1999,20977.25391
Portugal,PRT,2000,20630.16332
Portugal,PRT,2001,20339.56684
Portugal,PRT,2002,20106.79011
Portugal,PRT,2003,19826.09171
Portugal,PRT,2004,19316.85088
Portugal,PRT,2005,19051.32081
Portugal,PRT,2006,18702.42441
Portugal,PRT,2007,18537.2489
Portugal,PRT,2008,18334.96701
Portugal,PRT,2009,18176.68793
Portugal,PRT,2010,17945.32536
Portugal,PRT,2011,17720.55848
Portugal,PRT,2012,17476.89286
Portugal,PRT,2013,17209.93595
Portugal,PRT,2014,16949.55489
Portugal,PRT,2015,16750.02084
Portugal,PRT,2016,16729.11274
Portugal,PRT,2017,16686.84122
Portugal,PRT,2018,16669.69562
Portugal,PRT,2019,16664.48574
Puerto Rico,PRI,1990,20724.6643
Puerto Rico,PRI,1991,20602.76938
Puerto Rico,PRI,1992,20618.80453
Puerto Rico,PRI,1993,20785.33999
Puerto Rico,PRI,1994,20461.85172
Puerto Rico,PRI,1995,20901.13733
Puerto Rico,PRI,1996,20682.4298
Puerto Rico,PRI,1997,20153.73013
Puerto Rico,PRI,1998,20584.97549
Puerto Rico,PRI,1999,19892.69345
Puerto Rico,PRI,2000,19643.65167
Puerto Rico,PRI,2001,19624.67964
Puerto Rico,PRI,2002,18944.2114
Puerto Rico,PRI,2003,18775.85183
Puerto Rico,PRI,2004,18667.91518
Puerto Rico,PRI,2005,18523.53194
Puerto Rico,PRI,2006,18176.11148
Puerto Rico,PRI,2007,18030.27248
Puerto Rico,PRI,2008,17829.88633
Puerto Rico,PRI,2009,17826.56019
Puerto Rico,PRI,2010,17276.6557
Puerto Rico,PRI,2011,17599.28296
Puerto Rico,PRI,2012,17030.59405
Puerto Rico,PRI,2013,17024.28627
Puerto Rico,PRI,2014,16741.68365
Puerto Rico,PRI,2015,16329.35244
Puerto Rico,PRI,2016,16546.81852
Puerto Rico,PRI,2017,16629.38348
Puerto Rico,PRI,2018,16683.67276
Puerto Rico,PRI,2019,16660.80375
Qatar,QAT,1990,27595.06129
Qatar,QAT,1991,28047.17051
Qatar,QAT,1992,28349.24027
Qatar,QAT,1993,28443.0279
Qatar,QAT,1994,26201.84993
Qatar,QAT,1995,24893.33735
Qatar,QAT,1996,27003.08468
Qatar,QAT,1997,28173.7173
Qatar,QAT,1998,28261.76869
Qatar,QAT,1999,27762.35886
Qatar,QAT,2000,26684.79798
Qatar,QAT,2001,26223.5637
Qatar,QAT,2002,26396.2422
Qatar,QAT,2003,26141.3328
Qatar,QAT,2004,25392.0039
Qatar,QAT,2005,25296.54959
Qatar,QAT,2006,25727.19241
Qatar,QAT,2007,25874.24057
Qatar,QAT,2008,25333.82596
Qatar,QAT,2009,24806.86398
Qatar,QAT,2010,24127.01545
Qatar,QAT,2011,23423.25828
Qatar,QAT,2012,22855.10957
Qatar,QAT,2013,22462.91815
Qatar,QAT,2014,22290.48923
Qatar,QAT,2015,22265.41923
Qatar,QAT,2016,21928.97072
Qatar,QAT,2017,21621.31698
Qatar,QAT,2018,21249.51562
Qatar,QAT,2019,20983.27962
Region of the Americas (WHO),,1990,23546.54719
Region of the Americas (WHO),,1991,23238.55364
Region of the Americas (WHO),,1992,23041.77277
Region of the Americas (WHO),,1993,23001.08247
Region of the Americas (WHO),,1994,22825.26313
Region of the Americas (WHO),,1995,22678.50231
Region of the Americas (WHO),,1996,22489.34424
Region of the Americas (WHO),,1997,22292.49793
Region of the Americas (WHO),,1998,22208.76171
Region of the Americas (WHO),,1999,22133.64518
Region of the Americas (WHO),,2000,21967.57266
Region of the Americas (WHO),,2001,21838.80636
Region of the Americas (WHO),,2002,21775.37408
Region of the Americas (WHO),,2003,21651.38752
Region of the Americas (WHO),,2004,21405.26518
Region of the Americas (WHO),,2005,21242.64006
Region of the Americas (WHO),,2006,21066.9517
Region of the Americas (WHO),,2007,20891.74216
Region of the Americas (WHO),,2008,20798.92843
Region of the Americas (WHO),,2009,20713.5815
Region of the Americas (WHO),,2010,20525.46864
Region of the Americas (WHO),,2011,20412.90471
Region of the Americas (WHO),,2012,20310.11863
Region of the Americas (WHO),,2013,20264.68449
Region of the Americas (WHO),,2014,20206.73408
Region of the Americas (WHO),,2015,20193.8704
Region of the Americas (WHO),,2016,20279.17341
Region of the Americas (WHO),,2017,20246.2391
Region of the Americas (WHO),,2018,20247.39173
Region of the Americas (WHO),,2019,20260.54625
Romania,ROU,1990,26252.02486
Romania,ROU,1991,26031.94
Romania,ROU,1992,26698.82791
Romania,ROU,1993,26788.65057
Romania,ROU,1994,26946.91033
Romania,ROU,1995,27380.37054
Romania,ROU,1996,27974.39021
Romania,ROU,1997,27802.50206
Romania,ROU,1998,26787.38019
Romania,ROU,1999,25661.69425
Romania,ROU,2000,24994.7118
Romania,ROU,2001,25181.31803
Romania,ROU,2002,25271.03532
Romania,ROU,2003,24964.3836
Romania,ROU,2004,24262.12722
Romania,ROU,2005,23952.06756
Romania,ROU,2006,23381.98051
Romania,ROU,2007,22830.23625
Romania,ROU,2008,22794.72695
Romania,ROU,2009,22725.47873
Romania,ROU,2010,22434.70022
Romania,ROU,2011,21489.8061
Romania,ROU,2012,21407.03774
Romania,ROU,2013,20772.24827
Romania,ROU,2014,21085.50598
Romania,ROU,2015,20873.86447
Romania,ROU,2016,20802.99035
Romania,ROU,2017,20757.33181
Romania,ROU,2018,20704.6127
Romania,ROU,2019,20643.14743
Russia,RUS,1990,26792.32709
Russia,RUS,1991,26968.42847
Russia,RUS,1992,28291.42496
Russia,RUS,1993,31834.57608
Russia,RUS,1994,33888.89489
Russia,RUS,1995,32666.96598
Russia,RUS,1996,31003.12981
Russia,RUS,1997,29636.42182
Russia,RUS,1998,29279.28423
Russia,RUS,1999,30806.52668
Russia,RUS,2000,31751.11808
Russia,RUS,2001,32026.77391
Russia,RUS,2002,32506.44427
Russia,RUS,2003,32934.74325
Russia,RUS,2004,32316.51644
Russia,RUS,2005,33185.64801
Russia,RUS,2006,31134.4078
Russia,RUS,2007,29780.0172
Russia,RUS,2008,29559.50465
Russia,RUS,2009,28325.56247
Russia,RUS,2010,28122.66219
Russia,RUS,2011,26562.4337
Russia,RUS,2012,25898.028
Russia,RUS,2013,25339.13166
Russia,RUS,2014,25363.23026
Russia,RUS,2015,24781.57532
Russia,RUS,2016,24248.85756
Russia,RUS,2017,23271.46091
Russia,RUS,2018,23174.22514
Russia,RUS,2019,23206.69131
Rwanda,RWA,1990,31763.94904
Rwanda,RWA,1991,32157.75958
Rwanda,RWA,1992,32632.33564
Rwanda,RWA,1993,32984.41205
Rwanda,RWA,1994,33316.92201
Rwanda,RWA,1995,33001.81345
Rwanda,RWA,1996,32501.86706
Rwanda,RWA,1997,31879.44335
Rwanda,RWA,1998,31252.73237
Rwanda,RWA,1999,30030.16315
Rwanda,RWA,2000,28681.48372
Rwanda,RWA,2001,27374.48837
Rwanda,RWA,2002,26652.86012
Rwanda,RWA,2003,25961.03584
Rwanda,RWA,2004,25487.12223
Rwanda,RWA,2005,24756.5456
Rwanda,RWA,2006,24027.33734
Rwanda,RWA,2007,23522.16447
Rwanda,RWA,2008,23071.47458
Rwanda,RWA,2009,22449.45676
Rwanda,RWA,2010,22228.82104
Rwanda,RWA,2011,22019.42616
Rwanda,RWA,2012,21947.19345
Rwanda,RWA,2013,21637.59071
Rwanda,RWA,2014,21677.76726
Rwanda,RWA,2015,21634.7835
Rwanda,RWA,2016,21504.53675
Rwanda,RWA,2017,21394.5712
Rwanda,RWA,2018,21470.20194
Rwanda,RWA,2019,21414.44934
Saint Kitts and Nevis,KNA,1990,32547.09496
Saint Kitts and Nevis,KNA,1991,30179.33445
Saint Kitts and Nevis,KNA,1992,29673.36652
Saint Kitts and Nevis,KNA,1993,29091.955
Saint Kitts and Nevis,KNA,1994,29074.07819
Saint Kitts and Nevis,KNA,1995,29164.0299
Saint Kitts and Nevis,KNA,1996,28713.70988
Saint Kitts and Nevis,KNA,1997,28041.78634
Saint Kitts and Nevis,KNA,1998,27568.01308
Saint Kitts and Nevis,KNA,1999,26872.89204
Saint Kitts and Nevis,KNA,2000,26317.9392
Saint Kitts and Nevis,KNA,2001,25738.46718
Saint Kitts and Nevis,KNA,2002,25271.24814
Saint Kitts and Nevis,KNA,2003,24720.75726
Saint Kitts and Nevis,KNA,2004,24583.42087
Saint Kitts and Nevis,KNA,2005,24320.62952
Saint Kitts and Nevis,KNA,2006,24220.58948
Saint Kitts and Nevis,KNA,2007,23997.96586
Saint Kitts and Nevis,KNA,2008,23073.63064
Saint Kitts and Nevis,KNA,2009,22854.89056
Saint Kitts and Nevis,KNA,2010,22809.14829
Saint Kitts and Nevis,KNA,2011,22682.4971
Saint Kitts and Nevis,KNA,2012,22725.04955
Saint Kitts and Nevis,KNA,2013,22756.32186
Saint Kitts and Nevis,KNA,2014,22878.48274
Saint Kitts and Nevis,KNA,2015,22937.67932
Saint Kitts and Nevis,KNA,2016,22887.63779
Saint Kitts and Nevis,KNA,2017,22900.24252
Saint Kitts and Nevis,KNA,2018,22981.09581
Saint Kitts and Nevis,KNA,2019,23475.03629
Saint Lucia,LCA,1990,26509.56604
Saint Lucia,LCA,1991,26384.27283
Saint Lucia,LCA,1992,26303.00024
Saint Lucia,LCA,1993,26016.01685
Saint Lucia,LCA,1994,25501.24814
Saint Lucia,LCA,1995,25171.76691
Saint Lucia,LCA,1996,24631.33749
Saint Lucia,LCA,1997,24054.11095
Saint Lucia,LCA,1998,23535.24754
Saint Lucia,LCA,1999,23127.46889
Saint Lucia,LCA,2000,22707.02238
Saint Lucia,LCA,2001,22471.63179
Saint Lucia,LCA,2002,22253.69087
Saint Lucia,LCA,2003,22078.18163
Saint Lucia,LCA,2004,21890.577
Saint Lucia,LCA,2005,21629.17338
Saint Lucia,LCA,2006,21341.46965
Saint Lucia,LCA,2007,20998.41666
Saint Lucia,LCA,2008,20869.07329
Saint Lucia,LCA,2009,20601.18552
Saint Lucia,LCA,2010,20325.53763
Saint Lucia,LCA,2011,20227.73729
Saint Lucia,LCA,2012,20289.46327
Saint Lucia,LCA,2013,20523.71744
Saint Lucia,LCA,2014,20701.87036
Saint Lucia,LCA,2015,20757.57846
Saint Lucia,LCA,2016,21250.90957
Saint Lucia,LCA,2017,21318.89041
Saint Lucia,LCA,2018,21361.98676
Saint Lucia,LCA,2019,21338.41006
Saint Vincent and the Grenadines,VCT,1990,25179.58144
Saint Vincent and the Grenadines,VCT,1991,25263.6677
Saint Vincent and the Grenadines,VCT,1992,25346.10837
Saint Vincent and the Grenadines,VCT,1993,25343.92247
Saint Vincent and the Grenadines,VCT,1994,25311.59187
Saint Vincent and the Grenadines,VCT,1995,24990.03369
Saint Vincent and the Grenadines,VCT,1996,24880.62841
Saint Vincent and the Grenadines,VCT,1997,24527.37934
Saint Vincent and the Grenadines,VCT,1998,24405.92774
Saint Vincent and the Grenadines,VCT,1999,24329.33542
Saint Vincent and the Grenadines,VCT,2000,24115.43476
Saint Vincent and the Grenadines,VCT,2001,23621.12643
Saint Vincent and the Grenadines,VCT,2002,23397.9808
Saint Vincent and the Grenadines,VCT,2003,23280.00544
Saint Vincent and the Grenadines,VCT,2004,22993.21138
Saint Vincent and the Grenadines,VCT,2005,22692.76933
Saint Vincent and the Grenadines,VCT,2006,22496.50852
Saint Vincent and the Grenadines,VCT,2007,22293.15207
Saint Vincent and the Grenadines,VCT,2008,22535.24767
Saint Vincent and the Grenadines,VCT,2009,22628.43602
Saint Vincent and the Grenadines,VCT,2010,22642.29249
Saint Vincent and the Grenadines,VCT,2011,22691.23915
Saint Vincent and the Grenadines,VCT,2012,22992.0354
Saint Vincent and the Grenadines,VCT,2013,23282.00239
Saint Vincent and the Grenadines,VCT,2014,23485.43311
Saint Vincent and the Grenadines,VCT,2015,23522.34499
Saint Vincent and the Grenadines,VCT,2016,23556.3716
Saint Vincent and the Grenadines,VCT,2017,23569.44397
Saint Vincent and the Grenadines,VCT,2018,23535.32002
Saint Vincent and the Grenadines,VCT,2019,23487.2937
Samoa,WSM,1990,29629.25045
Samoa,WSM,1991,29580.44279
Samoa,WSM,1992,29543.438
Samoa,WSM,1993,29433.55233
Samoa,WSM,1994,29348.12815
Samoa,WSM,1995,29287.77615
Samoa,WSM,1996,29170.61002
Samoa,WSM,1997,29017.22287
Samoa,WSM,1998,28837.38121
Samoa,WSM,1999,28826.37783
Samoa,WSM,2000,28731.67715
Samoa,WSM,2001,28613.08634
Samoa,WSM,2002,28490.99962
Samoa,WSM,2003,28405.81875
Samoa,WSM,2004,28314.17195
Samoa,WSM,2005,28218.39966
Samoa,WSM,2006,28125.69734
Samoa,WSM,2007,27976.13797
Samoa,WSM,2008,27844.54795
Samoa,WSM,2009,27766.0748
Samoa,WSM,2010,27666.03415
Samoa,WSM,2011,27609.15261
Samoa,WSM,2012,27522.30028
Samoa,WSM,2013,27401.37559
Samoa,WSM,2014,27305.48131
Samoa,WSM,2015,27234.72531
Samoa,WSM,2016,27156.07112
Samoa,WSM,2017,27076.40334
Samoa,WSM,2018,27016.19544
Samoa,WSM,2019,26856.18731
San Marino,SMR,1990,17561.25778
San Marino,SMR,1991,17415.33202
San Marino,SMR,1992,17279.23089
San Marino,SMR,1993,17133.61866
San Marino,SMR,1994,17058.13677
San Marino,SMR,1995,16873.79177
San Marino,SMR,1996,16714.40986
San Marino,SMR,1997,16570.04602
San Marino,SMR,1998,16474.92416
San Marino,SMR,1999,16380.76969
San Marino,SMR,2000,16349.14304
San Marino,SMR,2001,16305.39519
San Marino,SMR,2002,16269.25154
San Marino,SMR,2003,16284.76738
San Marino,SMR,2004,16361.52818
San Marino,SMR,2005,16398.2017
San Marino,SMR,2006,16385.55176
San Marino,SMR,2007,16344.75563
San Marino,SMR,2008,16299.61538
San Marino,SMR,2009,16283.09582
San Marino,SMR,2010,16267.99372
San Marino,SMR,2011,16257.53018
San Marino,SMR,2012,16259.6127
San Marino,SMR,2013,16262.85501
San Marino,SMR,2014,16270.85258
San Marino,SMR,2015,16272.60746
San Marino,SMR,2016,16276.30794
San Marino,SMR,2017,16262.58582
San Marino,SMR,2018,16230.29641
San Marino,SMR,2019,16186.85252
Sao Tome and Principe,STP,1990,24757.52843
Sao Tome and Principe,STP,1991,24854.5488
Sao Tome and Principe,STP,1992,25003.89767
Sao Tome and Principe,STP,1993,24979.49019
Sao Tome and Principe,STP,1994,25084.52742
Sao Tome and Principe,STP,1995,25210.53722
Sao Tome and Principe,STP,1996,25592.22956
Sao Tome and Principe,STP,1997,25875.08994
Sao Tome and Principe,STP,1998,26170.31425
Sao Tome and Principe,STP,1999,26246.16797
Sao Tome and Principe,STP,2000,25518.42199
Sao Tome and Principe,STP,2001,25466.60506
Sao Tome and Principe,STP,2002,25896.50553
Sao Tome and Principe,STP,2003,25063.25087
Sao Tome and Principe,STP,2004,25751.90211
Sao Tome and Principe,STP,2005,24464.47536
Sao Tome and Principe,STP,2006,25142.06181
Sao Tome and Principe,STP,2007,25174.59101
Sao Tome and Principe,STP,2008,24628.32609
Sao Tome and Principe,STP,2009,24559.23688
Sao Tome and Principe,STP,2010,24762.99189
Sao Tome and Principe,STP,2011,24078.50661
Sao Tome and Principe,STP,2012,23830.93494
Sao Tome and Principe,STP,2013,23978.99616
Sao Tome and Principe,STP,2014,24564.5807
Sao Tome and Principe,STP,2015,24441.73422
Sao Tome and Principe,STP,2016,24309.77844
Sao Tome and Principe,STP,2017,24265.71961
Sao Tome and Principe,STP,2018,24131.66038
Sao Tome and Principe,STP,2019,23949.95265
Saudi Arabia,SAU,1990,25487.59355
Saudi Arabia,SAU,1991,25587.47496
Saudi Arabia,SAU,1992,25577.34869
Saudi Arabia,SAU,1993,25550.05024
Saudi Arabia,SAU,1994,25538.83614
Saudi Arabia,SAU,1995,25546.04192
Saudi Arabia,SAU,1996,25482.73701
Saudi Arabia,SAU,1997,25380.20426
Saudi Arabia,SAU,1998,25250.02424
Saudi Arabia,SAU,1999,25168.32702
Saudi Arabia,SAU,2000,25037.79006
Saudi Arabia,SAU,2001,24873.26223
Saudi Arabia,SAU,2002,24705.22949
Saudi Arabia,SAU,2003,24575.57745
Saudi Arabia,SAU,2004,24377.6583
Saudi Arabia,SAU,2005,24316.00554
Saudi Arabia,SAU,2006,24279.94847
Saudi Arabia,SAU,2007,24233.74738
Saudi Arabia,SAU,2008,24152.09071
Saudi Arabia,SAU,2009,23917.44545
Saudi Arabia,SAU,2010,23680.79379
Saudi Arabia,SAU,2011,23273.58929
Saudi Arabia,SAU,2012,22878.66476
Saudi Arabia,SAU,2013,22595.55095
Saudi Arabia,SAU,2014,22301.44552
Saudi Arabia,SAU,2015,22071.92972
Saudi Arabia,SAU,2016,21828.16097
Saudi Arabia,SAU,2017,21577.0629
Saudi Arabia,SAU,2018,21371.97907
Saudi Arabia,SAU,2019,21219.19963
Scotland,,1990,24737.63832
Scotland,,1991,24439.87647
Scotland,,1992,24246.96436
Scotland,,1993,24248.54317
Scotland,,1994,23801.32774
Scotland,,1995,23617.9385
Scotland,,1996,23532.69595
Scotland,,1997,23203.49051
Scotland,,1998,23087.55328
Scotland,,1999,23039.12333
Scotland,,2000,22673.07253
Scotland,,2001,22435.89931
Scotland,,2002,22325.75836
Scotland,,2003,22121.80749
Scotland,,2004,21753.09251
Scotland,,2005,21475.70379
Scotland,,2006,21381.48894
Scotland,,2007,21289.61015
Scotland,,2008,21148.05635
Scotland,,2009,20801.18029
Scotland,,2010,20571.56904
Scotland,,2011,20386.3853
Scotland,,2012,20190.48024
Scotland,,2013,20046.36699
Scotland,,2014,19812.80967
Scotland,,2015,19843.98123
Scotland,,2016,19941.02951
Scotland,,2017,19883.0886
Scotland,,2018,20095.40274
Scotland,,2019,20043.44315
Senegal,SEN,1990,24101.86256
Senegal,SEN,1991,23997.47228
Senegal,SEN,1992,23747.0824
Senegal,SEN,1993,23527.48839
Senegal,SEN,1994,23445.73943
Senegal,SEN,1995,22895.80985
Senegal,SEN,1996,22429.3735
Senegal,SEN,1997,22075.69263
Senegal,SEN,1998,21971.86189
Senegal,SEN,1999,21877.16755
Senegal,SEN,2000,21317.59182
Senegal,SEN,2001,23478.31788
Senegal,SEN,2002,23369.76197
Senegal,SEN,2003,22516.91934
Senegal,SEN,2004,22936.05011
Senegal,SEN,2005,22776.36383
Senegal,SEN,2006,22406.83406
Senegal,SEN,2007,22342.98471
Senegal,SEN,2008,22358.30562
Senegal,SEN,2009,22570.4034
Senegal,SEN,2010,21478.8816
Senegal,SEN,2011,21588.56096
Senegal,SEN,2012,21341.64862
Senegal,SEN,2013,21518.71593
Senegal,SEN,2014,21948.82704
Senegal,SEN,2015,21931.44367
Senegal,SEN,2016,22051.1586
Senegal,SEN,2017,21798.52313
Senegal,SEN,2018,21451.33924
Senegal,SEN,2019,21401.13846
Serbia,SRB,1990,26121.69135
Serbia,SRB,1991,25577.5377
Serbia,SRB,1992,25904.14879
Serbia,SRB,1993,26284.51565
Serbia,SRB,1994,26767.53688
Serbia,SRB,1995,27069.23676
Serbia,SRB,1996,27476.29257
Serbia,SRB,1997,28102.90385
Serbia,SRB,1998,26497.7732
Serbia,SRB,1999,26002.84472
Serbia,SRB,2000,26048.21773
Serbia,SRB,2001,25556.89692
Serbia,SRB,2002,25267.55178
Serbia,SRB,2003,25364.13567
Serbia,SRB,2004,25330.93421
Serbia,SRB,2005,25406.65551
Serbia,SRB,2006,24934.37374
Serbia,SRB,2007,24446.73957
Serbia,SRB,2008,24205.06652
Serbia,SRB,2009,23877.52375
Serbia,SRB,2010,23280.6101
Serbia,SRB,2011,22837.71357
Serbia,SRB,2012,22384.9756
Serbia,SRB,2013,22255.13016
Serbia,SRB,2014,22227.57907
Serbia,SRB,2015,22159.85786
Serbia,SRB,2016,21604.99781
Serbia,SRB,2017,21476.17008
Serbia,SRB,2018,21433.29902
Serbia,SRB,2019,21378.14323
Seychelles,SYC,1990,24504.99585
Seychelles,SYC,1991,24381.59763
Seychelles,SYC,1992,24444.89692
Seychelles,SYC,1993,24494.88629
Seychelles,SYC,1994,24813.0826
Seychelles,SYC,1995,24716.17225
Seychelles,SYC,1996,24702.73374
Seychelles,SYC,1997,24478.32362
Seychelles,SYC,1998,24291.62841
Seychelles,SYC,1999,24057.0234
Seychelles,SYC,2000,23667.02025
Seychelles,SYC,2001,23548.60673
Seychelles,SYC,2002,23778.08251
Seychelles,SYC,2003,24015.23755
Seychelles,SYC,2004,23743.65225
Seychelles,SYC,2005,23641.28121
Seychelles,SYC,2006,23445.8205
Seychelles,SYC,2007,23244.12657
Seychelles,SYC,2008,23041.45963
Seychelles,SYC,2009,22799.3396
Seychelles,SYC,2010,22421.70444
Seychelles,SYC,2011,22162.90954
Seychelles,SYC,2012,22191.04534
Seychelles,SYC,2013,22080.18669
Seychelles,SYC,2014,22038.54778
Seychelles,SYC,2015,22146.28002
Seychelles,SYC,2016,22291.96317
Seychelles,SYC,2017,22248.46058
Seychelles,SYC,2018,22251.22199
Seychelles,SYC,2019,22285.68297
Sierra Leone,SLE,1990,26101.75431
Sierra Leone,SLE,1991,25973.4497
Sierra Leone,SLE,1992,25728.79293
Sierra Leone,SLE,1993,25349.59583
Sierra Leone,SLE,1994,25031.4803
Sierra Leone,SLE,1995,24838.89085
Sierra Leone,SLE,1996,24735.89267
Sierra Leone,SLE,1997,24863.7262
Sierra Leone,SLE,1998,24714.30764
Sierra Leone,SLE,1999,24447.49323
Sierra Leone,SLE,2000,24342.86957
Sierra Leone,SLE,2001,24358.69224
Sierra Leone,SLE,2002,24503.58228
Sierra Leone,SLE,2003,24683.2369
Sierra Leone,SLE,2004,25015.05223
Sierra Leone,SLE,2005,25247.86349
Sierra Leone,SLE,2006,25248.31726
Sierra Leone,SLE,2007,25218.19609
Sierra Leone,SLE,2008,24759.55107
Sierra Leone,SLE,2009,24608.53591
Sierra Leone,SLE,2010,24694.35022
Sierra Leone,SLE,2011,24575.3152
Sierra Leone,SLE,2012,24503.10665
Sierra Leone,SLE,2013,24311.82122
Sierra Leone,SLE,2014,24128.56033
Sierra Leone,SLE,2015,23906.36264
Sierra Leone,SLE,2016,23703.97817
Sierra Leone,SLE,2017,23663.33368
Sierra Leone,SLE,2018,23615.58794
Sierra Leone,SLE,2019,23375.72446
Singapore,SGP,1990,20306.50124
Singapore,SGP,1991,19724.14396
Singapore,SGP,1992,19261.27851
Singapore,SGP,1993,18885.28851
Singapore,SGP,1994,18683.80103
Singapore,SGP,1995,18466.11338
Singapore,SGP,1996,18158.33437
Singapore,SGP,1997,17703.58344
Singapore,SGP,1998,17304.78531
Singapore,SGP,1999,16786.17559
Singapore,SGP,2000,16297.92538
Singapore,SGP,2001,15908.57535
Singapore,SGP,2002,15604.7042
Singapore,SGP,2003,15313.62212
Singapore,SGP,2004,15050.88485
Singapore,SGP,2005,14602.67585
Singapore,SGP,2006,14388.86334
Singapore,SGP,2007,14206.46109
Singapore,SGP,2008,14004.12796
Singapore,SGP,2009,13719.49583
Singapore,SGP,2010,13531.31055
Singapore,SGP,2011,13327.28897
Singapore,SGP,2012,13210.22161
Singapore,SGP,2013,13026.057
Singapore,SGP,2014,12838.99845
Singapore,SGP,2015,12695.23146
Singapore,SGP,2016,12512.34739
Singapore,SGP,2017,12324.7849
Singapore,SGP,2018,12317.40099
Singapore,SGP,2019,12309.91128
Slovakia,SVK,1990,25702.67864
Slovakia,SVK,1991,25367.91724
Slovakia,SVK,1992,24917.56549
Slovakia,SVK,1993,24347.73351
Slovakia,SVK,1994,23763.27696
Slovakia,SVK,1995,23803.38498
Slovakia,SVK,1996,23244.79074
Slovakia,SVK,1997,23636.47094
Slovakia,SVK,1998,23669.12554
Slovakia,SVK,1999,23407.16118
Slovakia,SVK,2000,22924.42368
Slovakia,SVK,2001,22711.32345
Slovakia,SVK,2002,22464.63741
Slovakia,SVK,2003,22301.30963
Slovakia,SVK,2004,21865.72077
Slovakia,SVK,2005,21987.70891
Slovakia,SVK,2006,21714.7301
Slovakia,SVK,2007,21772.61921
Slovakia,SVK,2008,21373.20416
Slovakia,SVK,2009,21103.63831
Slovakia,SVK,2010,20532.03167
Slovakia,SVK,2011,20330.65347
Slovakia,SVK,2012,19970.26883
Slovakia,SVK,2013,19626.41941
Slovakia,SVK,2014,19376.62858
Slovakia,SVK,2015,19511.94582
Slovakia,SVK,2016,19005.96973
Slovakia,SVK,2017,18920.1724
Slovakia,SVK,2018,18819.98434
Slovakia,SVK,2019,18755.24777
Slovenia,SVN,1990,21861.12744
Slovenia,SVN,1991,21597.98108
Slovenia,SVN,1992,21338.87414
Slovenia,SVN,1993,21107.49817
Slovenia,SVN,1994,20885.58136
Slovenia,SVN,1995,20651.76405
Slovenia,SVN,1996,20511.06909
Slovenia,SVN,1997,20413.86991
Slovenia,SVN,1998,20309.95808
Slovenia,SVN,1999,20009.87688
Slovenia,SVN,2000,19567.10339
Slovenia,SVN,2001,19567.50055
Slovenia,SVN,2002,19031.9052
Slovenia,SVN,2003,18866.43205
Slovenia,SVN,2004,18462.43214
Slovenia,SVN,2005,17817.31672
Slovenia,SVN,2006,17620.85229
Slovenia,SVN,2007,17391.15711
Slovenia,SVN,2008,16977.39023
Slovenia,SVN,2009,16635.04116
Slovenia,SVN,2010,16420.32923
Slovenia,SVN,2011,16130.62433
Slovenia,SVN,2012,16044.3412
Slovenia,SVN,2013,15769.6879
Slovenia,SVN,2014,15183.69774
Slovenia,SVN,2015,15397.8942
Slovenia,SVN,2016,15206.56284
Slovenia,SVN,2017,15196.98123
Slovenia,SVN,2018,15182.50595
Slovenia,SVN,2019,15164.3804
Solomon Islands,SLB,1990,43759.40396
Solomon Islands,SLB,1991,43851.93359
Solomon Islands,SLB,1992,43794.28059
Solomon Islands,SLB,1993,43698.47158
Solomon Islands,SLB,1994,43651.18148
Solomon Islands,SLB,1995,43555.0762
Solomon Islands,SLB,1996,43585.01424
Solomon Islands,SLB,1997,43721.15939
Solomon Islands,SLB,1998,43953.34354
Solomon Islands,SLB,1999,44034.80484
Solomon Islands,SLB,2000,44366.34594
Solomon Islands,SLB,2001,44721.0122
Solomon Islands,SLB,2002,44793.94287
Solomon Islands,SLB,2003,44942.04587
Solomon Islands,SLB,2004,45020.62553
Solomon Islands,SLB,2005,45177.58311
Solomon Islands,SLB,2006,45266.58446
Solomon Islands,SLB,2007,45015.26706
Solomon Islands,SLB,2008,43630.56569
Solomon Islands,SLB,2009,44240.21411
Solomon Islands,SLB,2010,43957.36552
Solomon Islands,SLB,2011,44748.45584
Solomon Islands,SLB,2012,44872.16471
Solomon Islands,SLB,2013,44951.65546
Solomon Islands,SLB,2014,45140.70246
Solomon Islands,SLB,2015,45075.90534
Solomon Islands,SLB,2016,44588.30639
Solomon Islands,SLB,2017,44565.18552
Solomon Islands,SLB,2018,44885.67008
Solomon Islands,SLB,2019,44700.52947
Somalia,SOM,1990,28553.12177
Somalia,SOM,1991,28168.21134
Somalia,SOM,1992,27849.27215
Somalia,SOM,1993,27526.15677
Somalia,SOM,1994,27316.36216
Somalia,SOM,1995,27195.66754
Somalia,SOM,1996,27114.11227
Somalia,SOM,1997,27054.297
Somalia,SOM,1998,26968.25359
Somalia,SOM,1999,26766.83442
Somalia,SOM,2000,26546.13712
Somalia,SOM,2001,26309.94925
Somalia,SOM,2002,26304.35236
Somalia,SOM,2003,26315.19284
Somalia,SOM,2004,26311.92385
Somalia,SOM,2005,26213.67667
Somalia,SOM,2006,25999.21213
Somalia,SOM,2007,26192.87399
Somalia,SOM,2008,26372.43509
Somalia,SOM,2009,26428.27988
Somalia,SOM,2010,26418.6964
Somalia,SOM,2011,26313.49089
Somalia,SOM,2012,26143.34408
Somalia,SOM,2013,25988.83121
Somalia,SOM,2014,25889.29031
Somalia,SOM,2015,25780.4011
Somalia,SOM,2016,25697.79614
Somalia,SOM,2017,25544.08345
Somalia,SOM,2018,25502.75901
Somalia,SOM,2019,25354.94569
South Africa,ZAF,1990,22903.42081
South Africa,ZAF,1991,22954.28708
South Africa,ZAF,1992,23656.98282
South Africa,ZAF,1993,23047.14355
South Africa,ZAF,1994,23733.88446
South Africa,ZAF,1995,23777.26058
South Africa,ZAF,1996,24580.7503
South Africa,ZAF,1997,26541.82061
South Africa,ZAF,1998,26941.3934
South Africa,ZAF,1999,26441.48054
South Africa,ZAF,2000,26954.15116
South Africa,ZAF,2001,26393.08086
South Africa,ZAF,2002,26243.69835
South Africa,ZAF,2003,26175.1993
South Africa,ZAF,2004,25739.70435
South Africa,ZAF,2005,25428.14642
South Africa,ZAF,2006,25454.40918
South Africa,ZAF,2007,24901.25105
South Africa,ZAF,2008,24610.45587
South Africa,ZAF,2009,24361.89943
South Africa,ZAF,2010,24065.55254
South Africa,ZAF,2011,23461.90125
South Africa,ZAF,2012,23024.66289
South Africa,ZAF,2013,22748.43074
South Africa,ZAF,2014,22819.92557
South Africa,ZAF,2015,22755.45192
South Africa,ZAF,2016,22391.77747
South Africa,ZAF,2017,22060.71042
South Africa,ZAF,2018,21254.26683
South Africa,ZAF,2019,20844.49779
South Asia (WB),,1990,26642.67655
South Asia (WB),,1991,26575.54127
South Asia (WB),,1992,26527.9567
South Asia (WB),,1993,26386.27658
South Asia (WB),,1994,26257.31069
South Asia (WB),,1995,26039.6332
South Asia (WB),,1996,26103.58829
South Asia (WB),,1997,26537.06603
South Asia (WB),,1998,26376.24349
South Asia (WB),,1999,25933.9201
South Asia (WB),,2000,25790.04018
South Asia (WB),,2001,25708.29167
South Asia (WB),,2002,25519.6596
South Asia (WB),,2003,25102.34037
South Asia (WB),,2004,24442.32759
South Asia (WB),,2005,24498.81849
South Asia (WB),,2006,24589.27955
South Asia (WB),,2007,24569.06165
South Asia (WB),,2008,24529.41042
South Asia (WB),,2009,23997.56503
South Asia (WB),,2010,23750.68441
South Asia (WB),,2011,23633.56706
South Asia (WB),,2012,23456.18038
South Asia (WB),,2013,23396.65395
South Asia (WB),,2014,23139.34433
South Asia (WB),,2015,23045.36468
South Asia (WB),,2016,22852.60429
South Asia (WB),,2017,22697.33902
South Asia (WB),,2018,22658.99589
South Asia (WB),,2019,22526.87823
South Korea,KOR,1990,24002.98132
South Korea,KOR,1991,23471.96823
South Korea,KOR,1992,22758.34565
South Korea,KOR,1993,22199.06235
South Korea,KOR,1994,21808.06144
South Korea,KOR,1995,21166.14581
South Korea,KOR,1996,20634.69562
South Korea,KOR,1997,20180.22681
South Korea,KOR,1998,19834.70724
South Korea,KOR,1999,19499.97252
South Korea,KOR,2000,19102.38541
South Korea,KOR,2001,18584.64759
South Korea,KOR,2002,18158.72548
South Korea,KOR,2003,17734.6023
South Korea,KOR,2004,17265.70564
South Korea,KOR,2005,16779.78768
South Korea,KOR,2006,16310.56162
South Korea,KOR,2007,15926.80093
South Korea,KOR,2008,15579.76802
South Korea,KOR,2009,15291.19331
South Korea,KOR,2010,15044.9398
South Korea,KOR,2011,14782.86973
South Korea,KOR,2012,14548.35127
South Korea,KOR,2013,14288.5449
South Korea,KOR,2014,14050.32518
South Korea,KOR,2015,13853.93573
South Korea,KOR,2016,13654.04409
South Korea,KOR,2017,13592.8279
South Korea,KOR,2018,13559.20914
South Korea,KOR,2019,13534.56497
South Sudan,SSD,1990,24332.37177
South Sudan,SSD,1991,24134.95349
South Sudan,SSD,1992,24031.55208
South Sudan,SSD,1993,23847.13965
South Sudan,SSD,1994,23646.9825
South Sudan,SSD,1995,23673.27008
South Sudan,SSD,1996,23388.33061
South Sudan,SSD,1997,22822.13684
South Sudan,SSD,1998,22606.69264
South Sudan,SSD,1999,22319.47101
South Sudan,SSD,2000,22091.40086
South Sudan,SSD,2001,21642.44536
South Sudan,SSD,2002,21444.25642
South Sudan,SSD,2003,21472.97081
South Sudan,SSD,2004,21522.76024
South Sudan,SSD,2005,21519.52694
South Sudan,SSD,2006,21622.9539
South Sudan,SSD,2007,21629.42424
South Sudan,SSD,2008,21592.34413
South Sudan,SSD,2009,21528.00658
South Sudan,SSD,2010,21424.88567
South Sudan,SSD,2011,21328.95817
South Sudan,SSD,2012,21312.41153
South Sudan,SSD,2013,21311.11289
South Sudan,SSD,2014,21268.86038
South Sudan,SSD,2015,21343.25803
South Sudan,SSD,2016,21294.08622
South Sudan,SSD,2017,21048.72627
South Sudan,SSD,2018,20932.21541
South Sudan,SSD,2019,20799.16624
South-East Asia Region (WHO),,1990,26410.35123
South-East Asia Region (WHO),,1991,26312.7322
South-East Asia Region (WHO),,1992,26214.45891
South-East Asia Region (WHO),,1993,26040.80356
South-East Asia Region (WHO),,1994,25871.40201
South-East Asia Region (WHO),,1995,25629.11859
South-East Asia Region (WHO),,1996,25645.70942
South-East Asia Region (WHO),,1997,25916.00622
South-East Asia Region (WHO),,1998,25773.92338
South-East Asia Region (WHO),,1999,25412.39635
South-East Asia Region (WHO),,2000,25252.79909
South-East Asia Region (WHO),,2001,25107.58886
South-East Asia Region (WHO),,2002,24929.82345
South-East Asia Region (WHO),,2003,24544.3985
South-East Asia Region (WHO),,2004,23985.50697
South-East Asia Region (WHO),,2005,24012.35159
South-East Asia Region (WHO),,2006,24061.25303
South-East Asia Region (WHO),,2007,24021.18618
South-East Asia Region (WHO),,2008,23955.8363
South-East Asia Region (WHO),,2009,23494.95676
South-East Asia Region (WHO),,2010,23263.71112
South-East Asia Region (WHO),,2011,23140.9376
South-East Asia Region (WHO),,2012,22953.33434
South-East Asia Region (WHO),,2013,22844.56136
South-East Asia Region (WHO),,2014,22578.52738
South-East Asia Region (WHO),,2015,22476.67768
South-East Asia Region (WHO),,2016,22281.97423
South-East Asia Region (WHO),,2017,22125.77236
South-East Asia Region (WHO),,2018,22086.50354
South-East Asia Region (WHO),,2019,21958.4383
Spain,ESP,1990,20138.59479
Spain,ESP,1991,19949.90323
Spain,ESP,1992,19613.5318
Spain,ESP,1993,19346.22451
Spain,ESP,1994,19088.42357
Spain,ESP,1995,18927.67807
Spain,ESP,1996,18762.35403
Spain,ESP,1997,18479.37479
Spain,ESP,1998,18352.01032
Spain,ESP,1999,18249.17265
Spain,ESP,2000,17916.25991
Spain,ESP,2001,17671.67401
Spain,ESP,2002,17520.60924
Spain,ESP,2003,17422.50227
Spain,ESP,2004,17155.17888
Spain,ESP,2005,16999.32594
Spain,ESP,2006,16758.25308
Spain,ESP,2007,16638.68107
Spain,ESP,2008,16470.32428
Spain,ESP,2009,16244.15492
Spain,ESP,2010,16042.72748
Spain,ESP,2011,15932.3455
Spain,ESP,2012,15828.25268
Spain,ESP,2013,15650.36796
Spain,ESP,2014,15575.6571
Spain,ESP,2015,15589.22473
Spain,ESP,2016,15476.19977
Spain,ESP,2017,15455.87762
Spain,ESP,2018,15444.43638
Spain,ESP,2019,15453.70861
Sri Lanka,LKA,1990,22601.15376
Sri Lanka,LKA,1991,21719.15783
Sri Lanka,LKA,1992,21586.65894
Sri Lanka,LKA,1993,21164.72229
Sri Lanka,LKA,1994,21520.24985
Sri Lanka,LKA,1995,21871.3646
Sri Lanka,LKA,1996,22219.01249
Sri Lanka,LKA,1997,22913.67508
Sri Lanka,LKA,1998,22332.77353
Sri Lanka,LKA,1999,22368.03512
Sri Lanka,LKA,2000,22379.6092
Sri Lanka,LKA,2001,21704.77549
Sri Lanka,LKA,2002,21312.42221
Sri Lanka,LKA,2003,21406.47556
Sri Lanka,LKA,2004,21217.51774
Sri Lanka,LKA,2005,21471.73451
Sri Lanka,LKA,2006,20995.74621
Sri Lanka,LKA,2007,20690.89186
Sri Lanka,LKA,2008,20648.27056
Sri Lanka,LKA,2009,20340.77356
Sri Lanka,LKA,2010,20083.82827
Sri Lanka,LKA,2011,20109.64492
Sri Lanka,LKA,2012,19920.17002
Sri Lanka,LKA,2013,19583.51702
Sri Lanka,LKA,2014,19489.42335
Sri Lanka,LKA,2015,19175.4506
Sri Lanka,LKA,2016,18999.99471
Sri Lanka,LKA,2017,18817.91369
Sri Lanka,LKA,2018,18544.28594
Sri Lanka,LKA,2019,18456.53156
Sub-Saharan Africa (WB),,1990,25671.06448
Sub-Saharan Africa (WB),,1991,25594.18443
Sub-Saharan Africa (WB),,1992,25623.32546
Sub-Saharan Africa (WB),,1993,25484.74971
Sub-Saharan Africa (WB),,1994,25451.07336
Sub-Saharan Africa (WB),,1995,25366.74224
Sub-Saharan Africa (WB),,1996,25341.62997
Sub-Saharan Africa (WB),,1997,25405.9154
Sub-Saharan Africa (WB),,1998,25383.99745
Sub-Saharan Africa (WB),,1999,25229.79948
Sub-Saharan Africa (WB),,2000,25155.86563
Sub-Saharan Africa (WB),,2001,24943.15025
Sub-Saharan Africa (WB),,2002,24846.81455
Sub-Saharan Africa (WB),,2003,24735.06398
Sub-Saharan Africa (WB),,2004,24594.52115
Sub-Saharan Africa (WB),,2005,24424.4326
Sub-Saharan Africa (WB),,2006,24315.0207
Sub-Saharan Africa (WB),,2007,24102.82868
Sub-Saharan Africa (WB),,2008,23924.57984
Sub-Saharan Africa (WB),,2009,23803.6844
Sub-Saharan Africa (WB),,2010,23660.47786
Sub-Saharan Africa (WB),,2011,23526.34589
Sub-Saharan Africa (WB),,2012,23413.88854
Sub-Saharan Africa (WB),,2013,23291.20637
Sub-Saharan Africa (WB),,2014,23171.73909
Sub-Saharan Africa (WB),,2015,23059.41652
Sub-Saharan Africa (WB),,2016,22904.86961
Sub-Saharan Africa (WB),,2017,22738.62491
Sub-Saharan Africa (WB),,2018,22533.61257
Sub-Saharan Africa (WB),,2019,22340.3442
Sudan,SDN,1990,32739.18135
Sudan,SDN,1991,32367.76807
Sudan,SDN,1992,32058.63321
Sudan,SDN,1993,31726.05193
Sudan,SDN,1994,31455.77342
Sudan,SDN,1995,31159.08179
Sudan,SDN,1996,30827.57441
Sudan,SDN,1997,30481.10366
Sudan,SDN,1998,30148.60855
Sudan,SDN,1999,29762.91709
Sudan,SDN,2000,29432.632
Sudan,SDN,2001,29129.31372
Sudan,SDN,2002,28904.66338
Sudan,SDN,2003,28568.10781
Sudan,SDN,2004,28310.22327
Sudan,SDN,2005,28253.50455
Sudan,SDN,2006,28026.01048
Sudan,SDN,2007,27736.32968
Sudan,SDN,2008,27481.03
Sudan,SDN,2009,27261.24729
Sudan,SDN,2010,26971.57798
Sudan,SDN,2011,26701.75083
Sudan,SDN,2012,26540.30108
Sudan,SDN,2013,26322.4783
Sudan,SDN,2014,26205.64838
Sudan,SDN,2015,26000.37697
Sudan,SDN,2016,25760.70438
Sudan,SDN,2017,25547.73649
Sudan,SDN,2018,25405.51385
Sudan,SDN,2019,25231.57889
Suriname,SUR,1990,24402.46009
Suriname,SUR,1991,24933.96787
Suriname,SUR,1992,25325.87468
Suriname,SUR,1993,26076.61016
Suriname,SUR,1994,24946.12132
Suriname,SUR,1995,22778.67189
Suriname,SUR,1996,22255.56739
Suriname,SUR,1997,22304.26652
Suriname,SUR,1998,23073.81494
Suriname,SUR,1999,23840.27584
Suriname,SUR,2000,23840.83157
Suriname,SUR,2001,23994.00711
Suriname,SUR,2002,24391.22029
Suriname,SUR,2003,24429.48869
Suriname,SUR,2004,24207.69905
Suriname,SUR,2005,23714.93297
Suriname,SUR,2006,23347.23219
Suriname,SUR,2007,23100.19274
Suriname,SUR,2008,23007.86925
Suriname,SUR,2009,22826.08707
Suriname,SUR,2010,22686.98659
Suriname,SUR,2011,22379.20083
Suriname,SUR,2012,22143.21395
Suriname,SUR,2013,22417.87713
Suriname,SUR,2014,22652.10883
Suriname,SUR,2015,22998.73324
Suriname,SUR,2016,23113.90869
Suriname,SUR,2017,23148.28114
Suriname,SUR,2018,23125.17041
Suriname,SUR,2019,23039.80994
Sweden,SWE,1990,19212.64196
Sweden,SWE,1991,19111.82819
Sweden,SWE,1992,18860.39797
Sweden,SWE,1993,18676.83933
Sweden,SWE,1994,18303.89349
Sweden,SWE,1995,18174.51724
Sweden,SWE,1996,18018.14278
Sweden,SWE,1997,17873.98031
Sweden,SWE,1998,17762.45918
Sweden,SWE,1999,17650.55708
Sweden,SWE,2000,17473.61922
Sweden,SWE,2001,17333.79663
Sweden,SWE,2002,17174.83535
Sweden,SWE,2003,17017.86128
Sweden,SWE,2004,16913.72188
Sweden,SWE,2005,16661.02028
Sweden,SWE,2006,16536.02728
Sweden,SWE,2007,16378.25964
Sweden,SWE,2008,16231.01842
Sweden,SWE,2009,16124.57321
Sweden,SWE,2010,15978.01182
Sweden,SWE,2011,15883.45607
Sweden,SWE,2012,15812.66291
Sweden,SWE,2013,15735.94081
Sweden,SWE,2014,15626.92101
Sweden,SWE,2015,15560.65649
Sweden,SWE,2016,15473.06202
Sweden,SWE,2017,15387.98782
Sweden,SWE,2018,15374.50879
Sweden,SWE,2019,15350.61478
Switzerland,CHE,1990,19700.24645
Switzerland,CHE,1991,19573.97495
Switzerland,CHE,1992,19329.68738
Switzerland,CHE,1993,19057.07931
Switzerland,CHE,1994,18870.66319
Switzerland,CHE,1995,18824.09532
Switzerland,CHE,1996,18492.35685
Switzerland,CHE,1997,18303.29297
Switzerland,CHE,1998,18103.51207
Switzerland,CHE,1999,17880.321
Switzerland,CHE,2000,17717.35751
Switzerland,CHE,2001,17440.60451
Switzerland,CHE,2002,17220.8626
Switzerland,CHE,2003,17020.54166
Switzerland,CHE,2004,16739.5127
Switzerland,CHE,2005,16542.07819
Switzerland,CHE,2006,16385.48608
Switzerland,CHE,2007,16243.24624
Switzerland,CHE,2008,16117.06164
Switzerland,CHE,2009,16046.18128
Switzerland,CHE,2010,15896.65503
Switzerland,CHE,2011,15752.84558
Switzerland,CHE,2012,15672.34857
Switzerland,CHE,2013,15586.21949
Switzerland,CHE,2014,15446.92896
Switzerland,CHE,2015,15340.48129
Switzerland,CHE,2016,15204.87064
Switzerland,CHE,2017,15114.28149
Switzerland,CHE,2018,14967.96938
Switzerland,CHE,2019,14760.7459
Syria,SYR,1990,28980.08908
Syria,SYR,1991,29211.39807
Syria,SYR,1992,29796.32629
Syria,SYR,1993,29019.72532
Syria,SYR,1994,28917.08968
Syria,SYR,1995,28872.56912
Syria,SYR,1996,28641.21043
Syria,SYR,1997,28459.80642
Syria,SYR,1998,28629.29001
Syria,SYR,1999,28019.17749
Syria,SYR,2000,27140.83457
Syria,SYR,2001,26020.1115
Syria,SYR,2002,25579.9081
Syria,SYR,2003,24348.98623
Syria,SYR,2004,23959.93529
Syria,SYR,2005,23503.81101
Syria,SYR,2006,23224.49608
Syria,SYR,2007,23127.39191
Syria,SYR,2008,23426.95587
Syria,SYR,2009,23094.05876
Syria,SYR,2010,23063.85675
Syria,SYR,2011,23196.54806
Syria,SYR,2012,23219.165
Syria,SYR,2013,23280.96166
Syria,SYR,2014,23363.3153
Syria,SYR,2015,23286.95283
Syria,SYR,2016,23236.88836
Syria,SYR,2017,23173.16659
Syria,SYR,2018,23090.9793
Syria,SYR,2019,22993.15913
Taiwan,TWN,1990,20190.24636
Taiwan,TWN,1991,19914.3865
Taiwan,TWN,1992,19834.51945
Taiwan,TWN,1993,19692.23659
Taiwan,TWN,1994,19651.22457
Taiwan,TWN,1995,19706.05681
Taiwan,TWN,1996,19727.26348
Taiwan,TWN,1997,19333.21325
Taiwan,TWN,1998,19160.1532
Taiwan,TWN,1999,18785.67311
Taiwan,TWN,2000,18716.32339
Taiwan,TWN,2001,18511.18378
Taiwan,TWN,2002,18080.04532
Taiwan,TWN,2003,17993.65484
Taiwan,TWN,2004,17996.18046
Taiwan,TWN,2005,17986.6088
Taiwan,TWN,2006,17616.70297
Taiwan,TWN,2007,17406.9038
Taiwan,TWN,2008,17239.49178
Taiwan,TWN,2009,16933.21247
Taiwan,TWN,2010,16769.48042
Taiwan,TWN,2011,16979.44107
Taiwan,TWN,2012,16787.30138
Taiwan,TWN,2013,16530.27693
Taiwan,TWN,2014,16588.07388
Taiwan,TWN,2015,16342.13482
Taiwan,TWN,2016,16433.00196
Taiwan,TWN,2017,16397.51241
Taiwan,TWN,2018,16336.16957
Taiwan,TWN,2019,16170.55617
Tajikistan,TJK,1990,24399.8663
Tajikistan,TJK,1991,24793.97289
Tajikistan,TJK,1992,25696.43824
Tajikistan,TJK,1993,26102.87107
Tajikistan,TJK,1994,27533.53234
Tajikistan,TJK,1995,26996.01631
Tajikistan,TJK,1996,26366.42061
Tajikistan,TJK,1997,26000.83294
Tajikistan,TJK,1998,26134.73081
Tajikistan,TJK,1999,26177.3676
Tajikistan,TJK,2000,26275.45206
Tajikistan,TJK,2001,26493.40919
Tajikistan,TJK,2002,26722.98436
Tajikistan,TJK,2003,26871.14618
Tajikistan,TJK,2004,27174.87521
Tajikistan,TJK,2005,27691.2583
Tajikistan,TJK,2006,27785.66097
Tajikistan,TJK,2007,28015.44723
Tajikistan,TJK,2008,28097.76425
Tajikistan,TJK,2009,28123.64014
Tajikistan,TJK,2010,28580.0313
Tajikistan,TJK,2011,28846.94358
Tajikistan,TJK,2012,28847.26626
Tajikistan,TJK,2013,28587.75283
Tajikistan,TJK,2014,28911.33027
Tajikistan,TJK,2015,29270.16156
Tajikistan,TJK,2016,29704.0442
Tajikistan,TJK,2017,29434.16381
Tajikistan,TJK,2018,28462.44735
Tajikistan,TJK,2019,27901.25088
Tanzania,TZA,1990,23894.47295
Tanzania,TZA,1991,23723.87355
Tanzania,TZA,1992,23602.70344
Tanzania,TZA,1993,23521.6298
Tanzania,TZA,1994,23416.50726
Tanzania,TZA,1995,23267.82467
Tanzania,TZA,1996,23104.98596
Tanzania,TZA,1997,23025.47879
Tanzania,TZA,1998,23032.63516
Tanzania,TZA,1999,22921.55595
Tanzania,TZA,2000,22688.35683
Tanzania,TZA,2001,22483.25843
Tanzania,TZA,2002,22436.59036
Tanzania,TZA,2003,22566.95401
Tanzania,TZA,2004,22611.91404
Tanzania,TZA,2005,22586.84728
Tanzania,TZA,2006,22703.46334
Tanzania,TZA,2007,22770.2974
Tanzania,TZA,2008,22714.25706
Tanzania,TZA,2009,22740.11837
Tanzania,TZA,2010,22612.29924
Tanzania,TZA,2011,22526.32585
Tanzania,TZA,2012,22569.13256
Tanzania,TZA,2013,22540.77757
Tanzania,TZA,2014,22245.82854
Tanzania,TZA,2015,22218.37734
Tanzania,TZA,2016,22134.59574
Tanzania,TZA,2017,22080.67918
Tanzania,TZA,2018,21981.85815
Tanzania,TZA,2019,21835.44055
Thailand,THA,1990,21844.09525
Thailand,THA,1991,21989.51962
Thailand,THA,1992,21982.09898
Thailand,THA,1993,22001.624
Thailand,THA,1994,22112.31562
Thailand,THA,1995,22197.37222
Thailand,THA,1996,22276.91538
Thailand,THA,1997,21243.29058
Thailand,THA,1998,21225.23259
Thailand,THA,1999,21667.89507
Thailand,THA,2000,21280.05494
Thailand,THA,2001,20307.45913
Thailand,THA,2002,20136.25974
Thailand,THA,2003,19812.31427
Thailand,THA,2004,19492.52958
Thailand,THA,2005,19110.01094
Thailand,THA,2006,18774.23226
Thailand,THA,2007,18423.76977
Thailand,THA,2008,18138.80494
Thailand,THA,2009,17864.59729
Thailand,THA,2010,17746.9636
Thailand,THA,2011,17504.91296
Thailand,THA,2012,17292.43191
Thailand,THA,2013,17041.70313
Thailand,THA,2014,16986.83011
Thailand,THA,2015,16943.05284
Thailand,THA,2016,17058.84601
Thailand,THA,2017,16991.74965
Thailand,THA,2018,17009.89359
Thailand,THA,2019,17021.68102
Timor,TLS,1990,23863.59813
Timor,TLS,1991,23636.58915
Timor,TLS,1992,23674.6038
Timor,TLS,1993,23658.50404
Timor,TLS,1994,23453.27406
Timor,TLS,1995,23214.86669
Timor,TLS,1996,22913.56626
Timor,TLS,1997,22466.14678
Timor,TLS,1998,22500.69906
Timor,TLS,1999,22451.60592
Timor,TLS,2000,22429.73241
Timor,TLS,2001,22323.72806
Timor,TLS,2002,22211.29276
Timor,TLS,2003,22380.8296
Timor,TLS,2004,22007.41051
Timor,TLS,2005,21857.69528
Timor,TLS,2006,21449.53757
Timor,TLS,2007,21370.44047
Timor,TLS,2008,21082.24618
Timor,TLS,2009,21365.47261
Timor,TLS,2010,21457.73264
Timor,TLS,2011,21987.30195
Timor,TLS,2012,22324.3003
Timor,TLS,2013,22508.10056
Timor,TLS,2014,22705.62198
Timor,TLS,2015,22790.15567
Timor,TLS,2016,22882.69768
Timor,TLS,2017,22951.12374
Timor,TLS,2018,23032.06819
Timor,TLS,2019,23076.33366
Togo,TGO,1990,24772.76072
Togo,TGO,1991,24723.85452
Togo,TGO,1992,24658.77536
Togo,TGO,1993,24639.58953
Togo,TGO,1994,24624.70803
Togo,TGO,1995,24555.57879
Togo,TGO,1996,24537.11331
Togo,TGO,1997,24551.12278
Togo,TGO,1998,24553.27177
Togo,TGO,1999,24321.67681
Togo,TGO,2000,24229.59011
Togo,TGO,2001,24119.58317
Togo,TGO,2002,24118.59606
Togo,TGO,2003,24079.65026
Togo,TGO,2004,23788.81158
Togo,TGO,2005,23653.76548
Togo,TGO,2006,23558.44939
Togo,TGO,2007,23522.49026
Togo,TGO,2008,23723.08804
Togo,TGO,2009,23812.51671
Togo,TGO,2010,23725.51595
Togo,TGO,2011,23564.20897
Togo,TGO,2012,23262.0452
Togo,TGO,2013,22961.1021
Togo,TGO,2014,22853.49471
Togo,TGO,2015,22811.60412
Togo,TGO,2016,22813.08449
Togo,TGO,2017,22822.88293
Togo,TGO,2018,22581.87143
Togo,TGO,2019,22394.6167
Tokelau,TKL,1990,28983.71475
Tokelau,TKL,1991,28922.63128
Tokelau,TKL,1992,28849.32118
Tokelau,TKL,1993,28756.52306
Tokelau,TKL,1994,28654.41395
Tokelau,TKL,1995,28555.42883
Tokelau,TKL,1996,28466.3894
Tokelau,TKL,1997,28398.62276
Tokelau,TKL,1998,28341.58593
Tokelau,TKL,1999,28354.19951
Tokelau,TKL,2000,28308.0207
Tokelau,TKL,2001,28239.66244
Tokelau,TKL,2002,28138.85578
Tokelau,TKL,2003,27984.82137
Tokelau,TKL,2004,27855.186
Tokelau,TKL,2005,27671.87485
Tokelau,TKL,2006,27474.44794
Tokelau,TKL,2007,27288.90205
Tokelau,TKL,2008,27108.93961
Tokelau,TKL,2009,26923.09453
Tokelau,TKL,2010,26779.22927
Tokelau,TKL,2011,26621.8314
Tokelau,TKL,2012,26430.70125
Tokelau,TKL,2013,26217.13661
Tokelau,TKL,2014,26066.39948
Tokelau,TKL,2015,25922.83493
Tokelau,TKL,2016,25802.91069
Tokelau,TKL,2017,25676.15752
Tokelau,TKL,2018,25549.86306
Tokelau,TKL,2019,25437.267
Tonga,TON,1990,24122.8619
Tonga,TON,1991,24040.30426
Tonga,TON,1992,23895.72929
Tonga,TON,1993,23995.71975
Tonga,TON,1994,24055.95218
Tonga,TON,1995,23898.25448
Tonga,TON,1996,23962.6255
Tonga,TON,1997,24223.48665
Tonga,TON,1998,24845.81858
Tonga,TON,1999,25514.4241
Tonga,TON,2000,25472.85085
Tonga,TON,2001,25206.75455
Tonga,TON,2002,25245.03105
Tonga,TON,2003,25294.23083
Tonga,TON,2004,24957.62264
Tonga,TON,2005,24232.43643
Tonga,TON,2006,24098.77357
Tonga,TON,2007,24116.06363
Tonga,TON,2008,24117.33137
Tonga,TON,2009,24101.65067
Tonga,TON,2010,24078.09992
Tonga,TON,2011,24038.49669
Tonga,TON,2012,23999.1092
Tonga,TON,2013,23979.69467
Tonga,TON,2014,23948.90155
Tonga,TON,2015,23913.36948
Tonga,TON,2016,23880.40055
Tonga,TON,2017,23829.28005
Tonga,TON,2018,23772.24146
Tonga,TON,2019,23714.11961
Trinidad and Tobago,TTO,1990,27312.86655
Trinidad and Tobago,TTO,1991,27027.14483
Trinidad and Tobago,TTO,1992,27026.41177
Trinidad and Tobago,TTO,1993,27570.41775
Trinidad and Tobago,TTO,1994,27744.61729
Trinidad and Tobago,TTO,1995,26859.31334
Trinidad and Tobago,TTO,1996,27184.41448
Trinidad and Tobago,TTO,1997,26312.33267
Trinidad and Tobago,TTO,1998,26748.34285
Trinidad and Tobago,TTO,1999,26525.28282
Trinidad and Tobago,TTO,2000,25533.05693
Trinidad and Tobago,TTO,2001,25348.20481
Trinidad and Tobago,TTO,2002,24699.42056
Trinidad and Tobago,TTO,2003,24893.04203
Trinidad and Tobago,TTO,2004,24491.43748
Trinidad and Tobago,TTO,2005,23991.78038
Trinidad and Tobago,TTO,2006,23350.12254
Trinidad and Tobago,TTO,2007,23161.27591
Trinidad and Tobago,TTO,2008,23403.83664
Trinidad and Tobago,TTO,2009,22580.50946
Trinidad and Tobago,TTO,2010,22177.99874
Trinidad and Tobago,TTO,2011,21720.05297
Trinidad and Tobago,TTO,2012,21176.0489
Trinidad and Tobago,TTO,2013,21323.32439
Trinidad and Tobago,TTO,2014,21412.93197
Trinidad and Tobago,TTO,2015,21453.96405
Trinidad and Tobago,TTO,2016,21635.23001
Trinidad and Tobago,TTO,2017,21679.0517
Trinidad and Tobago,TTO,2018,21698.76994
Trinidad and Tobago,TTO,2019,21717.17078
Tunisia,TUN,1990,22837.8451
Tunisia,TUN,1991,22975.04945
Tunisia,TUN,1992,22888.93965
Tunisia,TUN,1993,22804.67608
Tunisia,TUN,1994,22469.22341
Tunisia,TUN,1995,22603.12125
Tunisia,TUN,1996,22350.06903
Tunisia,TUN,1997,22222.06116
Tunisia,TUN,1998,22068.47494
Tunisia,TUN,1999,21889.53378
Tunisia,TUN,2000,21697.2521
Tunisia,TUN,2001,21525.16041
Tunisia,TUN,2002,21359.97799
Tunisia,TUN,2003,21191.08022
Tunisia,TUN,2004,20999.86469
Tunisia,TUN,2005,20857.97995
Tunisia,TUN,2006,20723.60684
Tunisia,TUN,2007,20590.95488
Tunisia,TUN,2008,20486.29956
Tunisia,TUN,2009,20378.90875
Tunisia,TUN,2010,20302.86147
Tunisia,TUN,2011,20170.03191
Tunisia,TUN,2012,20006.32931
Tunisia,TUN,2013,19898.23459
Tunisia,TUN,2014,19779.62505
Tunisia,TUN,2015,19670.33451
Tunisia,TUN,2016,19571.74124
Tunisia,TUN,2017,19480.38827
Tunisia,TUN,2018,19378.10406
Tunisia,TUN,2019,19258.35038
Turkey,TUR,1990,27234.01392
Turkey,TUR,1991,26810.99698
Turkey,TUR,1992,26360.91954
Turkey,TUR,1993,25973.52158
Turkey,TUR,1994,25662.14041
Turkey,TUR,1995,25293.50758
Turkey,TUR,1996,24673.67952
Turkey,TUR,1997,24258.01823
Turkey,TUR,1998,23718.88556
Turkey,TUR,1999,22993.61964
Turkey,TUR,2000,22127.74631
Turkey,TUR,2001,21916.33344
Turkey,TUR,2002,21726.7825
Turkey,TUR,2003,21477.73909
Turkey,TUR,2004,21174.03035
Turkey,TUR,2005,20823.41867
Turkey,TUR,2006,20672.82504
Turkey,TUR,2007,20578.01321
Turkey,TUR,2008,20641.43462
Turkey,TUR,2009,20971.72496
Turkey,TUR,2010,21015.56246
Turkey,TUR,2011,20828.7397
Turkey,TUR,2012,20591.33291
Turkey,TUR,2013,20512.00951
Turkey,TUR,2014,20426.41253
Turkey,TUR,2015,20169.03741
Turkey,TUR,2016,19946.99889
Turkey,TUR,2017,19717.02983
Turkey,TUR,2018,19413.2699
Turkey,TUR,2019,19194.54697
Turkmenistan,TKM,1990,27913.7318
Turkmenistan,TKM,1991,28499.82654
Turkmenistan,TKM,1992,28619.96739
Turkmenistan,TKM,1993,30984.64011
Turkmenistan,TKM,1994,31560.75066
Turkmenistan,TKM,1995,31125.71834
Turkmenistan,TKM,1996,31756.97173
Turkmenistan,TKM,1997,31402.49165
Turkmenistan,TKM,1998,30703.50725
Turkmenistan,TKM,1999,29772.47919
Turkmenistan,TKM,2000,28895.71718
Turkmenistan,TKM,2001,28665.55766
Turkmenistan,TKM,2002,29373.07005
Turkmenistan,TKM,2003,29870.83658
Turkmenistan,TKM,2004,30799.753
Turkmenistan,TKM,2005,31780.47457
Turkmenistan,TKM,2006,31539.35599
Turkmenistan,TKM,2007,31013.18757
Turkmenistan,TKM,2008,30080.487
Turkmenistan,TKM,2009,28020.64232
Turkmenistan,TKM,2010,27213.59186
Turkmenistan,TKM,2011,27296.48246
Turkmenistan,TKM,2012,27234.35874
Turkmenistan,TKM,2013,27459.2279
Turkmenistan,TKM,2014,27590.95722
Turkmenistan,TKM,2015,27509.39264
Turkmenistan,TKM,2016,27249.51631
Turkmenistan,TKM,2017,26968.95896
Turkmenistan,TKM,2018,26930.05141
Turkmenistan,TKM,2019,26726.67823
Tuvalu,TUV,1990,36527.45794
Tuvalu,TUV,1991,36156.61209
Tuvalu,TUV,1992,35832.22057
Tuvalu,TUV,1993,35549.71741
Tuvalu,TUV,1994,35025.11044
Tuvalu,TUV,1995,34958.79563
Tuvalu,TUV,1996,34835.67112
Tuvalu,TUV,1997,34833.42718
Tuvalu,TUV,1998,34465.63919
Tuvalu,TUV,1999,34312.30089
Tuvalu,TUV,2000,34075.5362
Tuvalu,TUV,2001,33708.05762
Tuvalu,TUV,2002,33389.43341
Tuvalu,TUV,2003,33165.7053
Tuvalu,TUV,2004,32942.76382
Tuvalu,TUV,2005,32804.62448
Tuvalu,TUV,2006,32671.81924
Tuvalu,TUV,2007,32546.20884
Tuvalu,TUV,2008,32376.27364
Tuvalu,TUV,2009,32228.6659
Tuvalu,TUV,2010,32116.98969
Tuvalu,TUV,2011,31959.4277
Tuvalu,TUV,2012,31837.08326
Tuvalu,TUV,2013,31698.61848
Tuvalu,TUV,2014,31560.32737
Tuvalu,TUV,2015,31391.94814
Tuvalu,TUV,2016,31261.78216
Tuvalu,TUV,2017,31133.42089
Tuvalu,TUV,2018,30990.26508
Tuvalu,TUV,2019,30835.83169
Uganda,UGA,1990,22727.60232
Uganda,UGA,1991,23206.68555
Uganda,UGA,1992,23368.22323
Uganda,UGA,1993,23709.60793
Uganda,UGA,1994,24026.40984
Uganda,UGA,1995,24297.29998
Uganda,UGA,1996,24516.1749
Uganda,UGA,1997,24611.34809
Uganda,UGA,1998,24812.32125
Uganda,UGA,1999,24845.58104
Uganda,UGA,2000,24996.344
Uganda,UGA,2001,24965.22139
Uganda,UGA,2002,24729.7473
Uganda,UGA,2003,24456.47761
Uganda,UGA,2004,24381.15267
Uganda,UGA,2005,24180.73273
Uganda,UGA,2006,23896.02971
Uganda,UGA,2007,23518.91895
Uganda,UGA,2008,23007.54895
Uganda,UGA,2009,22711.37058
Uganda,UGA,2010,22576.37088
Uganda,UGA,2011,22459.96187
Uganda,UGA,2012,22453.22483
Uganda,UGA,2013,22702.08399
Uganda,UGA,2014,22726.47845
Uganda,UGA,2015,22494.25664
Uganda,UGA,2016,22459.26011
Uganda,UGA,2017,22080.32285
Uganda,UGA,2018,22069.91596
Uganda,UGA,2019,21890.06411
Ukraine,UKR,1990,26341.53145
Ukraine,UKR,1991,27271.24587
Ukraine,UKR,1992,28215.44703
Ukraine,UKR,1993,29155.11553
Ukraine,UKR,1994,30070.98391
Ukraine,UKR,1995,31443.16944
Ukraine,UKR,1996,30953.38884
Ukraine,UKR,1997,30095.90154
Ukraine,UKR,1998,28853.97246
Ukraine,UKR,1999,29352.18222
Ukraine,UKR,2000,29852.27478
Ukraine,UKR,2001,29480.97969
Ukraine,UKR,2002,29750.50391
Ukraine,UKR,2003,29696.64775
Ukraine,UKR,2004,30144.64185
Ukraine,UKR,2005,30339.41274
Ukraine,UKR,2006,29379.76449
Ukraine,UKR,2007,29902.12116
Ukraine,UKR,2008,29757.09405
Ukraine,UKR,2009,27390.98753
Ukraine,UKR,2010,26426.11509
Ukraine,UKR,2011,25580.58535
Ukraine,UKR,2012,25476.80998
Ukraine,UKR,2013,25407.51819
Ukraine,UKR,2014,24504.72403
Ukraine,UKR,2015,28120.2641
Ukraine,UKR,2016,27564.3067
Ukraine,UKR,2017,27255.62693
Ukraine,UKR,2018,27377.09542
Ukraine,UKR,2019,27243.16742
United Arab Emirates,ARE,1990,29673.55152
United Arab Emirates,ARE,1991,29764.89875
United Arab Emirates,ARE,1992,29866.62521
United Arab Emirates,ARE,1993,29970.96408
United Arab Emirates,ARE,1994,30627.36416
United Arab Emirates,ARE,1995,30551.88178
United Arab Emirates,ARE,1996,30530.82998
United Arab Emirates,ARE,1997,30399.64877
United Arab Emirates,ARE,1998,30190.86452
United Arab Emirates,ARE,1999,30131.84885
United Arab Emirates,ARE,2000,30520.83756
United Arab Emirates,ARE,2001,30324.16194
United Arab Emirates,ARE,2002,30114.28507
United Arab Emirates,ARE,2003,30456.95526
United Arab Emirates,ARE,2004,31215.95456
United Arab Emirates,ARE,2005,31021.65121
United Arab Emirates,ARE,2006,30454.49561
United Arab Emirates,ARE,2007,29171.01431
United Arab Emirates,ARE,2008,28495.51044
United Arab Emirates,ARE,2009,28143.44425
United Arab Emirates,ARE,2010,27741.97359
United Arab Emirates,ARE,2011,27374.96553
United Arab Emirates,ARE,2012,27031.38283
United Arab Emirates,ARE,2013,26221.20242
United Arab Emirates,ARE,2014,24135.36846
United Arab Emirates,ARE,2015,23957.9193
United Arab Emirates,ARE,2016,23731.36016
United Arab Emirates,ARE,2017,23521.90671
United Arab Emirates,ARE,2018,23352.33913
United Arab Emirates,ARE,2019,23217.15281
United Kingdom,GBR,1990,22788.79342
United Kingdom,GBR,1991,22516.866
United Kingdom,GBR,1992,22233.83926
United Kingdom,GBR,1993,22090.26449
United Kingdom,GBR,1994,21733.13006
United Kingdom,GBR,1995,21599.97085
United Kingdom,GBR,1996,21384.5934
United Kingdom,GBR,1997,21146.1363
United Kingdom,GBR,1998,21015.03391
United Kingdom,GBR,1999,20889.31178
United Kingdom,GBR,2000,20578.72275
United Kingdom,GBR,2001,20345.33146
United Kingdom,GBR,2002,20217.92298
United Kingdom,GBR,2003,20043.92918
United Kingdom,GBR,2004,19701.85389
United Kingdom,GBR,2005,19461.30474
United Kingdom,GBR,2006,19291.41926
United Kingdom,GBR,2007,19092.14145
United Kingdom,GBR,2008,18909.97629
United Kingdom,GBR,2009,18612.87975
United Kingdom,GBR,2010,18394.35701
United Kingdom,GBR,2011,18195.44232
United Kingdom,GBR,2012,18087.11775
United Kingdom,GBR,2013,18053.21452
United Kingdom,GBR,2014,17965.18795
United Kingdom,GBR,2015,17984.96491
United Kingdom,GBR,2016,17957.83975
United Kingdom,GBR,2017,17892.68839
United Kingdom,GBR,2018,17963.65818
United Kingdom,GBR,2019,18000.61565
United States,USA,1990,23081.31355
United States,USA,1991,22833.05245
United States,USA,1992,22584.36434
United States,USA,1993,22590.01288
United States,USA,1994,22473.41276
United States,USA,1995,22397.64305
United States,USA,1996,22240.04565
United States,USA,1997,22133.33396
United States,USA,1998,22108.6289
United States,USA,1999,22184.93207
United States,USA,2000,22163.8261
United States,USA,2001,22127.69174
United States,USA,2002,22084.6953
United States,USA,2003,21947.1876
United States,USA,2004,21678.455
United States,USA,2005,21610.67133
United States,USA,2006,21472.44492
United States,USA,2007,21314.33663
United States,USA,2008,21243.81802
United States,USA,2009,21138.27223
United States,USA,2010,20971.39487
United States,USA,2011,20965.10651
United States,USA,2012,20930.27564
United States,USA,2013,20952.16618
United States,USA,2014,21027.64773
United States,USA,2015,21166.86082
United States,USA,2016,21390.43669
United States,USA,2017,21443.2119
United States,USA,2018,21569.40999
United States,USA,2019,21717.3653
United States Virgin Islands,VIR,1990,22721.30496
United States Virgin Islands,VIR,1991,22441.09574
United States Virgin Islands,VIR,1992,22338.40133
United States Virgin Islands,VIR,1993,22333.06196
United States Virgin Islands,VIR,1994,22435.76144
United States Virgin Islands,VIR,1995,22202.95342
United States Virgin Islands,VIR,1996,22166.62528
United States Virgin Islands,VIR,1997,22003.11296
United States Virgin Islands,VIR,1998,21905.76918
United States Virgin Islands,VIR,1999,22026.74624
United States Virgin Islands,VIR,2000,21967.90168
United States Virgin Islands,VIR,2001,21947.91533
United States Virgin Islands,VIR,2002,21759.03629
United States Virgin Islands,VIR,2003,21642.27982
United States Virgin Islands,VIR,2004,21581.22659
United States Virgin Islands,VIR,2005,21501.55652
United States Virgin Islands,VIR,2006,21685.53214
United States Virgin Islands,VIR,2007,22975.59824
United States Virgin Islands,VIR,2008,22968.90575
United States Virgin Islands,VIR,2009,22949.60084
United States Virgin Islands,VIR,2010,22944.64962
United States Virgin Islands,VIR,2011,22891.13249
United States Virgin Islands,VIR,2012,22894.54646
United States Virgin Islands,VIR,2013,22843.81792
United States Virgin Islands,VIR,2014,22800.45725
United States Virgin Islands,VIR,2015,22793.94216
United States Virgin Islands,VIR,2016,22583.61437
United States Virgin Islands,VIR,2017,22554.31357
United States Virgin Islands,VIR,2018,22495.66365
United States Virgin Islands,VIR,2019,22423.50564
Uruguay,URY,1990,22839.42957
Uruguay,URY,1991,22528.50269
Uruguay,URY,1992,22453.41699
Uruguay,URY,1993,22497.56597
Uruguay,URY,1994,22207.26568
Uruguay,URY,1995,22124.49695
Uruguay,URY,1996,21859.68393
Uruguay,URY,1997,21602.28115
Uruguay,URY,1998,21652.83726
Uruguay,URY,1999,21466.40013
Uruguay,URY,2000,21123.31283
Uruguay,URY,2001,20902.81932
Uruguay,URY,2002,20906.75171
Uruguay,URY,2003,20952.77676
Uruguay,URY,2004,20745.31934
Uruguay,URY,2005,20445.6194
Uruguay,URY,2006,20092.98884
Uruguay,URY,2007,20253.67202
Uruguay,URY,2008,19821.75219
Uruguay,URY,2009,19546.91092
Uruguay,URY,2010,19521.56236
Uruguay,URY,2011,19547.4723
Uruguay,URY,2012,19408.72253
Uruguay,URY,2013,19246.94221
Uruguay,URY,2014,19020.60662
Uruguay,URY,2015,18999.33506
Uruguay,URY,2016,18883.39417
Uruguay,URY,2017,18889.80273
Uruguay,URY,2018,18865.78019
Uruguay,URY,2019,18881.71652
Uzbekistan,UZB,1990,24244.64265
Uzbekistan,UZB,1991,24969.98029
Uzbekistan,UZB,1992,26108.73891
Uzbekistan,UZB,1993,27947.58164
Uzbekistan,UZB,1994,29586.49711
Uzbekistan,UZB,1995,30672.22988
Uzbekistan,UZB,1996,31581.56065
Uzbekistan,UZB,1997,31577.24323
Uzbekistan,UZB,1998,31811.6244
Uzbekistan,UZB,1999,31933.46406
Uzbekistan,UZB,2000,33047.52536
Uzbekistan,UZB,2001,33641.74635
Uzbekistan,UZB,2002,34467.34099
Uzbekistan,UZB,2003,35276.39338
Uzbekistan,UZB,2004,36008.63565
Uzbekistan,UZB,2005,37249.82081
Uzbekistan,UZB,2006,36250.86974
Uzbekistan,UZB,2007,35592.17361
Uzbekistan,UZB,2008,35277.77974
Uzbekistan,UZB,2009,34618.1762
Uzbekistan,UZB,2010,34484.88228
Uzbekistan,UZB,2011,34707.40665
Uzbekistan,UZB,2012,34737.80269
Uzbekistan,UZB,2013,34307.28937
Uzbekistan,UZB,2014,34026.01549
Uzbekistan,UZB,2015,33754.06849
Uzbekistan,UZB,2016,33167.18787
Uzbekistan,UZB,2017,32604.67791
Uzbekistan,UZB,2018,32031.8316
Uzbekistan,UZB,2019,31275.15994
Vanuatu,VUT,1990,31940.73976
Vanuatu,VUT,1991,32731.36616
Vanuatu,VUT,1992,33397.2216
Vanuatu,VUT,1993,33773.23197
Vanuatu,VUT,1994,34394.83282
Vanuatu,VUT,1995,34109.13241
Vanuatu,VUT,1996,34328.8188
Vanuatu,VUT,1997,34333.46315
Vanuatu,VUT,1998,34293.69466
Vanuatu,VUT,1999,34494.09344
Vanuatu,VUT,2000,33741.6225
Vanuatu,VUT,2001,33851.47454
Vanuatu,VUT,2002,32772.52938
Vanuatu,VUT,2003,32063.3672
Vanuatu,VUT,2004,32046.58343
Vanuatu,VUT,2005,32729.56109
Vanuatu,VUT,2006,32939.97159
Vanuatu,VUT,2007,33374.47057
Vanuatu,VUT,2008,33582.17991
Vanuatu,VUT,2009,33543.2097
Vanuatu,VUT,2010,33518.40279
Vanuatu,VUT,2011,33835.75586
Vanuatu,VUT,2012,33793.2825
Vanuatu,VUT,2013,33794.76378
Vanuatu,VUT,2014,33772.96753
Vanuatu,VUT,2015,33691.86132
Vanuatu,VUT,2016,33671.30387
Vanuatu,VUT,2017,33600.51161
Vanuatu,VUT,2018,33538.90563
Vanuatu,VUT,2019,33457.86401
Venezuela,VEN,1990,21553.19044
Venezuela,VEN,1991,21452.28557
Venezuela,VEN,1992,21468.64325
Venezuela,VEN,1993,21367.11091
Venezuela,VEN,1994,21635.42571
Venezuela,VEN,1995,21456.87516
Venezuela,VEN,1996,20996.62728
Venezuela,VEN,1997,20434.22604
Venezuela,VEN,1998,20522.59978
Venezuela,VEN,1999,20386.90968
Venezuela,VEN,2000,20197.93041
Venezuela,VEN,2001,20282.11464
Venezuela,VEN,2002,20395.04593
Venezuela,VEN,2003,20607.72807
Venezuela,VEN,2004,19780.5855
Venezuela,VEN,2005,19626.97956
Venezuela,VEN,2006,19877.33423
Venezuela,VEN,2007,20025.03567
Venezuela,VEN,2008,20246.39064
Venezuela,VEN,2009,20051.38357
Venezuela,VEN,2010,19357.04619
Venezuela,VEN,2011,19262.7697
Venezuela,VEN,2012,19373.28427
Venezuela,VEN,2013,19125.27361
Venezuela,VEN,2014,19155.6519
Venezuela,VEN,2015,19132.76762
Venezuela,VEN,2016,19288.63095
Venezuela,VEN,2017,19438.74927
Venezuela,VEN,2018,19520.23606
Venezuela,VEN,2019,19910.38763
Vietnam,VNM,1990,22703.96824
Vietnam,VNM,1991,22530.12569
Vietnam,VNM,1992,22333.13422
Vietnam,VNM,1993,22149.85766
Vietnam,VNM,1994,21964.81552
Vietnam,VNM,1995,21790.73834
Vietnam,VNM,1996,21608.3557
Vietnam,VNM,1997,21408.66593
Vietnam,VNM,1998,21217.8873
Vietnam,VNM,1999,21052.40044
Vietnam,VNM,2000,20891.54664
Vietnam,VNM,2001,20844.93433
Vietnam,VNM,2002,20813.2816
Vietnam,VNM,2003,20842.04526
Vietnam,VNM,2004,20883.77157
Vietnam,VNM,2005,20893.33205
Vietnam,VNM,2006,20850.98194
Vietnam,VNM,2007,20878.86018
Vietnam,VNM,2008,20900.40287
Vietnam,VNM,2009,20909.90832
Vietnam,VNM,2010,20874.66537
Vietnam,VNM,2011,20830.47546
Vietnam,VNM,2012,20785.05849
Vietnam,VNM,2013,20749.7793
Vietnam,VNM,2014,20739.90042
Vietnam,VNM,2015,20692.26181
Vietnam,VNM,2016,20643.08714
Vietnam,VNM,2017,20587.53859
Vietnam,VNM,2018,20532.38995
Vietnam,VNM,2019,20466.24412
Wales,,1990,22411.3138
Wales,,1991,22162.92505
Wales,,1992,22004.41207
Wales,,1993,21950.22679
Wales,,1994,21654.1878
Wales,,1995,21522.97049
Wales,,1996,21259.80099
Wales,,1997,21046.72601
Wales,,1998,20895.87393
Wales,,1999,20851.77063
Wales,,2000,20552.46709
Wales,,2001,20324.46141
Wales,,2002,20159.29375
Wales,,2003,19976.53382
Wales,,2004,19705.26886
Wales,,2005,19486.73343
Wales,,2006,19295.15857
Wales,,2007,19137.86215
Wales,,2008,18955.78292
Wales,,2009,18714.30736
Wales,,2010,18512.38783
Wales,,2011,18378.41936
Wales,,2012,18334.09588
Wales,,2013,18303.87721
Wales,,2014,18120.86784
Wales,,2015,18151.9868
Wales,,2016,18095.08662
Wales,,2017,18046.01444
Wales,,2018,18087.00477
Wales,,2019,18111.00824
Western Pacific Region (WHO),,1990,24895.00643
Western Pacific Region (WHO),,1991,24614.26843
Western Pacific Region (WHO),,1992,24317.95797
Western Pacific Region (WHO),,1993,24016.05685
Western Pacific Region (WHO),,1994,23675.88331
Western Pacific Region (WHO),,1995,23381.18635
Western Pacific Region (WHO),,1996,23066.27201
Western Pacific Region (WHO),,1997,22704.61386
Western Pacific Region (WHO),,1998,22441.80127
Western Pacific Region (WHO),,1999,22305.58807
Western Pacific Region (WHO),,2000,22196.39987
Western Pacific Region (WHO),,2001,21933.51192
Western Pacific Region (WHO),,2002,21705.68963
Western Pacific Region (WHO),,2003,21472.03526
Western Pacific Region (WHO),,2004,21330.99829
Western Pacific Region (WHO),,2005,21000.76256
Western Pacific Region (WHO),,2006,20412.49618
Western Pacific Region (WHO),,2007,19975.07326
Western Pacific Region (WHO),,2008,19728.04847
Western Pacific Region (WHO),,2009,19519.65062
Western Pacific Region (WHO),,2010,19354.28009
Western Pacific Region (WHO),,2011,19125.06571
Western Pacific Region (WHO),,2012,18813.81778
Western Pacific Region (WHO),,2013,18536.51056
Western Pacific Region (WHO),,2014,18318.80166
Western Pacific Region (WHO),,2015,18097.25807
Western Pacific Region (WHO),,2016,17977.01536
Western Pacific Region (WHO),,2017,17851.03984
Western Pacific Region (WHO),,2018,17731.86011
Western Pacific Region (WHO),,2019,17645.67087
World,OWID_WRL,1990,25054.03759
World,OWID_WRL,1991,24893.4958
World,OWID_WRL,1992,24798.5778
World,OWID_WRL,1993,24813.7081
World,OWID_WRL,1994,24723.45959
World,OWID_WRL,1995,24504.9731
World,OWID_WRL,1996,24252.15006
World,OWID_WRL,1997,24048.09217
World,OWID_WRL,1998,23833.11655
World,OWID_WRL,1999,23712.57228
World,OWID_WRL,2000,23582.05357
World,OWID_WRL,2001,23403.35324
World,OWID_WRL,2002,23283.70437
World,OWID_WRL,2003,23107.05974
World,OWID_WRL,2004,22836.25725
World,OWID_WRL,2005,22698.41828
World,OWID_WRL,2006,22360.86263
World,OWID_WRL,2007,22095.88304
World,OWID_WRL,2008,21932.17814
World,OWID_WRL,2009,21663.10426
World,OWID_WRL,2010,21483.64928
World,OWID_WRL,2011,21276.52737
World,OWID_WRL,2012,21070.53741
World,OWID_WRL,2013,20886.61597
World,OWID_WRL,2014,20701.13113
World,OWID_WRL,2015,20621.66739
World,OWID_WRL,2016,20497.35923
World,OWID_WRL,2017,20355.30631
World,OWID_WRL,2018,20280.31617
World,OWID_WRL,2019,20204.9113
World Bank High Income,,1990,21521.94195
World Bank High Income,,1991,21316.66322
World Bank High Income,,1992,21062.7886
World Bank High Income,,1993,20903.52566
World Bank High Income,,1994,20690.38654
World Bank High Income,,1995,20531.91333
World Bank High Income,,1996,20273.65776
World Bank High Income,,1997,20050.90688
World Bank High Income,,1998,19917.76672
World Bank High Income,,1999,19793.75231
World Bank High Income,,2000,19562.56548
World Bank High Income,,2001,19373.54808
World Bank High Income,,2002,19219.01979
World Bank High Income,,2003,19071.91054
World Bank High Income,,2004,18809.1737
World Bank High Income,,2005,18665.80086
World Bank High Income,,2006,18473.30492
World Bank High Income,,2007,18323.5629
World Bank High Income,,2008,18177.44247
World Bank High Income,,2009,18022.79718
World Bank High Income,,2010,17846.40014
World Bank High Income,,2011,17748.43598
World Bank High Income,,2012,17640.58524
World Bank High Income,,2013,17546.05956
World Bank High Income,,2014,17459.21852
World Bank High Income,,2015,17471.70538
World Bank High Income,,2016,17457.23909
World Bank High Income,,2017,17431.65989
World Bank High Income,,2018,17460.76911
World Bank High Income,,2019,17490.23338
World Bank Low Income,,1990,27483.89251
World Bank Low Income,,1991,27316.81953
World Bank Low Income,,1992,27210.74194
World Bank Low Income,,1993,27092.90488
World Bank Low Income,,1994,26937.57625
World Bank Low Income,,1995,26830.33655
World Bank Low Income,,1996,26660.7751
World Bank Low Income,,1997,26458.18953
World Bank Low Income,,1998,26330.82718
World Bank Low Income,,1999,26162.82763
World Bank Low Income,,2000,25968.26835
World Bank Low Income,,2001,25770.31418
World Bank Low Income,,2002,25591.92881
World Bank Low Income,,2003,25476.63162
World Bank Low Income,,2004,25369.92352
World Bank Low Income,,2005,25218.9633
World Bank Low Income,,2006,25067.28645
World Bank Low Income,,2007,24908.97901
World Bank Low Income,,2008,24774.14602
World Bank Low Income,,2009,24642.02502
World Bank Low Income,,2010,24478.92172
World Bank Low Income,,2011,24370.33716
World Bank Low Income,,2012,24260.72077
World Bank Low Income,,2013,24162.72573
World Bank Low Income,,2014,24050.99195
World Bank Low Income,,2015,23934.24463
World Bank Low Income,,2016,23821.76744
World Bank Low Income,,2017,23695.95221
World Bank Low Income,,2018,23594.0737
World Bank Low Income,,2019,23440.01373
World Bank Lower Middle Income,,1990,26474.15336
World Bank Lower Middle Income,,1991,26464.14095
World Bank Lower Middle Income,,1992,26482.21654
World Bank Lower Middle Income,,1993,26464.63712
World Bank Lower Middle Income,,1994,26435.75174
World Bank Lower Middle Income,,1995,26326.59463
World Bank Lower Middle Income,,1996,26277.10977
World Bank Lower Middle Income,,1997,26429.17568
World Bank Lower Middle Income,,1998,26238.71245
World Bank Lower Middle Income,,1999,25978.16979
World Bank Lower Middle Income,,2000,25884.40429
World Bank Lower Middle Income,,2001,25805.29366
World Bank Lower Middle Income,,2002,25721.55627
World Bank Lower Middle Income,,2003,25466.60349
World Bank Lower Middle Income,,2004,25074.70305
World Bank Lower Middle Income,,2005,25091.78218
World Bank Lower Middle Income,,2006,25051.49085
World Bank Lower Middle Income,,2007,24990.26137
World Bank Lower Middle Income,,2008,24921.02091
World Bank Lower Middle Income,,2009,24504.26712
World Bank Lower Middle Income,,2010,24286.85187
World Bank Lower Middle Income,,2011,24143.36397
World Bank Lower Middle Income,,2012,23998.50529
World Bank Lower Middle Income,,2013,23882.44919
World Bank Lower Middle Income,,2014,23632.46862
World Bank Lower Middle Income,,2015,23663.57862
World Bank Lower Middle Income,,2016,23467.1148
World Bank Lower Middle Income,,2017,23289.54895
World Bank Lower Middle Income,,2018,23205.9261
World Bank Lower Middle Income,,2019,23052.68461
World Bank Upper Middle Income,,1990,26181.77333
World Bank Upper Middle Income,,1991,25953.62258
World Bank Upper Middle Income,,1992,25897.35209
World Bank Upper Middle Income,,1993,26067.72189
World Bank Upper Middle Income,,1994,26016.5068
World Bank Upper Middle Income,,1995,25639.33584
World Bank Upper Middle Income,,1996,25228.16117
World Bank Upper Middle Income,,1997,24790.44653
World Bank Upper Middle Income,,1998,24475.98217
World Bank Upper Middle Income,,1999,24432.91592
World Bank Upper Middle Income,,2000,24354.94524
World Bank Upper Middle Income,,2001,24107.98525
World Bank Upper Middle Income,,2002,23974.54933
World Bank Upper Middle Income,,2003,23787.09681
World Bank Upper Middle Income,,2004,23531.23149
World Bank Upper Middle Income,,2005,23247.21722
World Bank Upper Middle Income,,2006,22551.76607
World Bank Upper Middle Income,,2007,22024.32755
World Bank Upper Middle Income,,2008,21759.7366
World Bank Upper Middle Income,,2009,21471.19605
World Bank Upper Middle Income,,2010,21269.48226
World Bank Upper Middle Income,,2011,20876.30895
World Bank Upper Middle Income,,2012,20506.1767
World Bank Upper Middle Income,,2013,20197.92664
World Bank Upper Middle Income,,2014,19986.32731
World Bank Upper Middle Income,,2015,19722.51164
World Bank Upper Middle Income,,2016,19557.05834
World Bank Upper Middle Income,,2017,19355.90406
World Bank Upper Middle Income,,2018,19206.96812
World Bank Upper Middle Income,,2019,19107.15134
Yemen,YEM,1990,31269.72283
Yemen,YEM,1991,30938.23044
Yemen,YEM,1992,30683.9088
Yemen,YEM,1993,30431.46492
Yemen,YEM,1994,30200.63818
Yemen,YEM,1995,29946.98472
Yemen,YEM,1996,29649.85546
Yemen,YEM,1997,29369.02078
Yemen,YEM,1998,29004.15079
Yemen,YEM,1999,28824.87533
Yemen,YEM,2000,28577.40096
Yemen,YEM,2001,28267.91476
Yemen,YEM,2002,28189.93915
Yemen,YEM,2003,27963.59618
Yemen,YEM,2004,27756.78686
Yemen,YEM,2005,27513.40038
Yemen,YEM,2006,27335.57894
Yemen,YEM,2007,27243.42375
Yemen,YEM,2008,27217.17675
Yemen,YEM,2009,26920.44789
Yemen,YEM,2010,26484.91579
Yemen,YEM,2011,26396.85535
Yemen,YEM,2012,26193.21511
Yemen,YEM,2013,26127.12953
Yemen,YEM,2014,25926.82413
Yemen,YEM,2015,26016.57513
Yemen,YEM,2016,26027.77503
Yemen,YEM,2017,26132.04026
Yemen,YEM,2018,26295.18788
Yemen,YEM,2019,26255.88059
Zambia,ZMB,1990,27086.05137
Zambia,ZMB,1991,27421.29978
Zambia,ZMB,1992,27620.81757
Zambia,ZMB,1993,27754.81719
Zambia,ZMB,1994,27985.56934
Zambia,ZMB,1995,28243.59153
Zambia,ZMB,1996,28384.78021
Zambia,ZMB,1997,28397.43073
Zambia,ZMB,1998,28385.64382
Zambia,ZMB,1999,28278.72846
Zambia,ZMB,2000,28175.3495
Zambia,ZMB,2001,27927.86459
Zambia,ZMB,2002,27779.03021
Zambia,ZMB,2003,27716.5021
Zambia,ZMB,2004,27662.21788
Zambia,ZMB,2005,27477.66489
Zambia,ZMB,2006,27374.10773
Zambia,ZMB,2007,26937.70812
Zambia,ZMB,2008,26571.64079
Zambia,ZMB,2009,26159.99484
Zambia,ZMB,2010,26106.24306
Zambia,ZMB,2011,26019.11555
Zambia,ZMB,2012,25687.59208
Zambia,ZMB,2013,25477.23579
Zambia,ZMB,2014,25270.55507
Zambia,ZMB,2015,25141.08343
Zambia,ZMB,2016,25063.91082
Zambia,ZMB,2017,24993.32882
Zambia,ZMB,2018,24784.61467
Zambia,ZMB,2019,24596.1551
Zimbabwe,ZWE,1990,22297.5623
Zimbabwe,ZWE,1991,22078.26306
Zimbabwe,ZWE,1992,22174.32798
Zimbabwe,ZWE,1993,21996.56098
Zimbabwe,ZWE,1994,22021.0856
Zimbabwe,ZWE,1995,22042.95826
Zimbabwe,ZWE,1996,21774.04846
Zimbabwe,ZWE,1997,21796.50966
Zimbabwe,ZWE,1998,22245.64087
Zimbabwe,ZWE,1999,22772.21176
Zimbabwe,ZWE,2000,23533.62533
Zimbabwe,ZWE,2001,23763.29013
Zimbabwe,ZWE,2002,24243.05366
Zimbabwe,ZWE,2003,24570.25943
Zimbabwe,ZWE,2004,25012.96585
Zimbabwe,ZWE,2005,25031.354
Zimbabwe,ZWE,2006,25326.41797
Zimbabwe,ZWE,2007,25598.19684
Zimbabwe,ZWE,2008,26396.6993
Zimbabwe,ZWE,2009,26693.75524
Zimbabwe,ZWE,2010,26658.04757
Zimbabwe,ZWE,2011,26309.50754
Zimbabwe,ZWE,2012,26051.99688
Zimbabwe,ZWE,2013,25770.61695
Zimbabwe,ZWE,2014,25733.12306
Zimbabwe,ZWE,2015,25729.899
Zimbabwe,ZWE,2016,25657.86526
Zimbabwe,ZWE,2017,25518.09423
Zimbabwe,ZWE,2018,25381.46934
Zimbabwe,ZWE,2019,25297.14332