Country,Code,Year,"Communicable, maternal, neonatal, and nutritional diseases "
Afghanistan,AFG,1990,33619.14139
Afghanistan,AFG,1991,30453.39473
Afghanistan,AFG,1992,28112.19152
Afghanistan,AFG,1993,28650.05076
Afghanistan,AFG,1994,29673.50073
Afghanistan,AFG,1995,29856.81406
Afghanistan,AFG,1996,29690.18324
Afghanistan,AFG,1997,29678.09228
Afghanistan,AFG,1998,30044.35198
Afghanistan,AFG,1999,30236.85063
Afghanistan,AFG,2000,30014.87067
Afghanistan,AFG,2001,28868.53358
Afghanistan,AFG,2002,28184.18947
Afghanistan,AFG,2003,25480.64237
Afghanistan,AFG,2004,23839.2357
Afghanistan,AFG,2005,22735.85974
Afghanistan,AFG,2006,21860.23273
Afghanistan,AFG,2007,20615.41413
Afghanistan,AFG,2008,19625.51813
Afghanistan,AFG,2009,18656.01003
Afghanistan,AFG,2010,17518.7125
Afghanistan,AFG,2011,16626.509
Afghanistan,AFG,2012,15777.73974
Afghanistan,AFG,2013,14872.69342
Afghanistan,AFG,2014,14306.13301
Afghanistan,AFG,2015,13815.73361
Afghanistan,AFG,2016,13219.40112
Afghanistan,AFG,2017,12683.09479
Afghanistan,AFG,2018,12237.41947
Afghanistan,AFG,2019,11651.19042
African Region (WHO),,1990,49933.05237
African Region (WHO),,1991,50362.48082
African Region (WHO),,1992,50691.65589
African Region (WHO),,1993,51086.84558
African Region (WHO),,1994,51741.61855
African Region (WHO),,1995,52154.12117
African Region (WHO),,1996,52724.78312
African Region (WHO),,1997,52863.97396
African Region (WHO),,1998,52993.15013
African Region (WHO),,1999,52941.85356
African Region (WHO),,2000,52743.95417
African Region (WHO),,2001,52174.27898
African Region (WHO),,2002,51272.61144
African Region (WHO),,2003,50318.87958
African Region (WHO),,2004,48905.89739
African Region (WHO),,2005,47145.57342
African Region (WHO),,2006,45113.16209
African Region (WHO),,2007,42896.07835
African Region (WHO),,2008,40718.47399
African Region (WHO),,2009,38696.55629
African Region (WHO),,2010,36846.07921
African Region (WHO),,2011,35032.26063
African Region (WHO),,2012,33287.90178
African Region (WHO),,2013,31731.77814
African Region (WHO),,2014,30486.12123
African Region (WHO),,2015,29185.1508
African Region (WHO),,2016,28045.35812
African Region (WHO),,2017,26810.52555
African Region (WHO),,2018,25554.1994
African Region (WHO),,2019,24555.09831
Albania,ALB,1990,8026.92335
Albania,ALB,1991,7704.553217
Albania,ALB,1992,7530.711201
Albania,ALB,1993,7318.353525
Albania,ALB,1994,7083.276612
Albania,ALB,1995,6702.229277
Albania,ALB,1996,6432.252848
Albania,ALB,1997,5939.517319
Albania,ALB,1998,5659.86046
Albania,ALB,1999,5804.144287
Albania,ALB,2000,5609.519338
Albania,ALB,2001,5144.235897
Albania,ALB,2002,4910.093237
Albania,ALB,2003,4696.834207
Albania,ALB,2004,4436.023433
Albania,ALB,2005,4211.255346
Albania,ALB,2006,3986.776132
Albania,ALB,2007,3736.261057
Albania,ALB,2008,3560.463586
Albania,ALB,2009,3338.293432
Albania,ALB,2010,3146.827966
Albania,ALB,2011,3052.091137
Albania,ALB,2012,2935.650253
Albania,ALB,2013,2843.895826
Albania,ALB,2014,2752.955283
Albania,ALB,2015,2655.50978
Albania,ALB,2016,2582.606561
Albania,ALB,2017,2527.152119
Albania,ALB,2018,2475.933325
Albania,ALB,2019,2413.843768
Algeria,DZA,1990,10033.7788
Algeria,DZA,1991,9571.233756
Algeria,DZA,1992,9224.274191
Algeria,DZA,1993,8941.158955
Algeria,DZA,1994,8646.662778
Algeria,DZA,1995,8330.649227
Algeria,DZA,1996,8033.025293
Algeria,DZA,1997,7637.983564
Algeria,DZA,1998,7347.590603
Algeria,DZA,1999,7113.809546
Algeria,DZA,2000,6863.952504
Algeria,DZA,2001,6561.2152
Algeria,DZA,2002,6330.522949
Algeria,DZA,2003,6117.206844
Algeria,DZA,2004,5872.892073
Algeria,DZA,2005,5656.894035
Algeria,DZA,2006,5455.867644
Algeria,DZA,2007,5267.999224
Algeria,DZA,2008,5103.640101
Algeria,DZA,2009,4980.101095
Algeria,DZA,2010,4838.569693
Algeria,DZA,2011,4708.881417
Algeria,DZA,2012,4561.906366
Algeria,DZA,2013,4469.352041
Algeria,DZA,2014,4405.810322
Algeria,DZA,2015,4309.166665
Algeria,DZA,2016,4153.848181
Algeria,DZA,2017,3981.895551
Algeria,DZA,2018,3817.856077
Algeria,DZA,2019,3656.980162
American Samoa,ASM,1990,5269.273553
American Samoa,ASM,1991,5220.484039
American Samoa,ASM,1992,5180.839968
American Samoa,ASM,1993,5142.523693
American Samoa,ASM,1994,5086.492683
American Samoa,ASM,1995,5022.328655
American Samoa,ASM,1996,4966.41055
American Samoa,ASM,1997,4911.8113
American Samoa,ASM,1998,4887.831823
American Samoa,ASM,1999,4836.977021
American Samoa,ASM,2000,4768.678877
American Samoa,ASM,2001,4706.316238
American Samoa,ASM,2002,4616.528517
American Samoa,ASM,2003,4489.601761
American Samoa,ASM,2004,4337.322363
American Samoa,ASM,2005,4211.540223
American Samoa,ASM,2006,4144.64223
American Samoa,ASM,2007,4049.15228
American Samoa,ASM,2008,3986.956919
American Samoa,ASM,2009,3936.433272
American Samoa,ASM,2010,3867.312738
American Samoa,ASM,2011,3802.072163
American Samoa,ASM,2012,3750.742205
American Samoa,ASM,2013,3732.096164
American Samoa,ASM,2014,3723.884301
American Samoa,ASM,2015,3726.412028
American Samoa,ASM,2016,3748.70664
American Samoa,ASM,2017,3728.035369
American Samoa,ASM,2018,3687.266198
American Samoa,ASM,2019,3640.961704
Andorra,AND,1990,1454.133745
Andorra,AND,1991,1402.011468
Andorra,AND,1992,1388.405775
Andorra,AND,1993,1349.550745
Andorra,AND,1994,1351.950643
Andorra,AND,1995,1310.445622
Andorra,AND,1996,1298.377407
Andorra,AND,1997,1243.993111
Andorra,AND,1998,1220.080282
Andorra,AND,1999,1171.177872
Andorra,AND,2000,1174.535956
Andorra,AND,2001,1156.567984
Andorra,AND,2002,1122.43405
Andorra,AND,2003,1128.472361
Andorra,AND,2004,1132.458366
Andorra,AND,2005,1147.754423
Andorra,AND,2006,1144.422084
Andorra,AND,2007,1148.710239
Andorra,AND,2008,1106.650642
Andorra,AND,2009,1097.146959
Andorra,AND,2010,1063.113083
Andorra,AND,2011,1047.61705
Andorra,AND,2012,1032.047741
Andorra,AND,2013,1014.030942
Andorra,AND,2014,985.5021165
Andorra,AND,2015,952.3369198
Andorra,AND,2016,961.2102203
Andorra,AND,2017,954.2041826
Andorra,AND,2018,944.9547888
Andorra,AND,2019,937.1727018
Angola,AGO,1990,60834.03107
Angola,AGO,1991,59947.45513
Angola,AGO,1992,58790.54103
Angola,AGO,1993,58131.63456
Angola,AGO,1994,57449.71544
Angola,AGO,1995,56765.54716
Angola,AGO,1996,56124.05654
Angola,AGO,1997,55033.1908
Angola,AGO,1998,53145.02351
Angola,AGO,1999,51554.02724
Angola,AGO,2000,50329.26655
Angola,AGO,2001,48792.85979
Angola,AGO,2002,46979.30066
Angola,AGO,2003,45261.27566
Angola,AGO,2004,43447.85986
Angola,AGO,2005,41554.96625
Angola,AGO,2006,39911.40614
Angola,AGO,2007,37318.36448
Angola,AGO,2008,35110.98133
Angola,AGO,2009,33209.4572
Angola,AGO,2010,31372.28432
Angola,AGO,2011,29892.17728
Angola,AGO,2012,28580.45261
Angola,AGO,2013,27260.90171
Angola,AGO,2014,25792.08524
Angola,AGO,2015,24752.8648
Angola,AGO,2016,24262.37928
Angola,AGO,2017,23424.50563
Angola,AGO,2018,22531.06538
Angola,AGO,2019,21500.33463
Antigua and Barbuda,ATG,1990,4517.382426
Antigua and Barbuda,ATG,1991,4293.765113
Antigua and Barbuda,ATG,1992,4405.168204
Antigua and Barbuda,ATG,1993,4586.551649
Antigua and Barbuda,ATG,1994,4666.403101
Antigua and Barbuda,ATG,1995,4647.604788
Antigua and Barbuda,ATG,1996,4655.046613
Antigua and Barbuda,ATG,1997,4482.606116
Antigua and Barbuda,ATG,1998,4374.274182
Antigua and Barbuda,ATG,1999,4432.622655
Antigua and Barbuda,ATG,2000,4530.337542
Antigua and Barbuda,ATG,2001,4427.929573
Antigua and Barbuda,ATG,2002,4299.036508
Antigua and Barbuda,ATG,2003,4121.319477
Antigua and Barbuda,ATG,2004,4073.092519
Antigua and Barbuda,ATG,2005,3899.01958
Antigua and Barbuda,ATG,2006,3828.174669
Antigua and Barbuda,ATG,2007,3729.457548
Antigua and Barbuda,ATG,2008,3629.148138
Antigua and Barbuda,ATG,2009,3501.925022
Antigua and Barbuda,ATG,2010,3495.22355
Antigua and Barbuda,ATG,2011,3452.295802
Antigua and Barbuda,ATG,2012,3376.544146
Antigua and Barbuda,ATG,2013,3337.637099
Antigua and Barbuda,ATG,2014,3415.005986
Antigua and Barbuda,ATG,2015,3407.959441
Antigua and Barbuda,ATG,2016,3353.113834
Antigua and Barbuda,ATG,2017,3274.723308
Antigua and Barbuda,ATG,2018,3219.432113
Antigua and Barbuda,ATG,2019,3167.951517
Argentina,ARG,1990,5331.930134
Argentina,ARG,1991,5230.737156
Argentina,ARG,1992,5095.217615
Argentina,ARG,1993,4952.732032
Argentina,ARG,1994,4826.626713
Argentina,ARG,1995,4812.150446
Argentina,ARG,1996,4790.585718
Argentina,ARG,1997,4691.510366
Argentina,ARG,1998,4615.610648
Argentina,ARG,1999,4412.141192
Argentina,ARG,2000,4277.003699
Argentina,ARG,2001,4261.220269
Argentina,ARG,2002,4359.379073
Argentina,ARG,2003,4311.923758
Argentina,ARG,2004,4089.253616
Argentina,ARG,2005,3894.455135
Argentina,ARG,2006,3854.922181
Argentina,ARG,2007,3899.310269
Argentina,ARG,2008,3811.483432
Argentina,ARG,2009,3765.608598
Argentina,ARG,2010,3713.076513
Argentina,ARG,2011,3656.474166
Argentina,ARG,2012,3564.264891
Argentina,ARG,2013,3535.167437
Argentina,ARG,2014,3486.718534
Argentina,ARG,2015,3418.012165
Argentina,ARG,2016,3457.216909
Argentina,ARG,2017,3386.098662
Argentina,ARG,2018,3307.471699
Argentina,ARG,2019,3241.68487
Armenia,ARM,1990,7568.586119
Armenia,ARM,1991,7322.208356
Armenia,ARM,1992,7317.441749
Armenia,ARM,1993,7279.39081
Armenia,ARM,1994,7160.489416
Armenia,ARM,1995,6894.835325
Armenia,ARM,1996,6639.548184
Armenia,ARM,1997,6350.731876
Armenia,ARM,1998,6042.972919
Armenia,ARM,1999,5761.82106
Armenia,ARM,2000,5477.324691
Armenia,ARM,2001,5224.98135
Armenia,ARM,2002,4918.739355
Armenia,ARM,2003,4688.928013
Armenia,ARM,2004,4522.842196
Armenia,ARM,2005,4351.205488
Armenia,ARM,2006,4244.421649
Armenia,ARM,2007,3945.279271
Armenia,ARM,2008,3822.962824
Armenia,ARM,2009,3682.916873
Armenia,ARM,2010,3527.425459
Armenia,ARM,2011,3381.621488
Armenia,ARM,2012,3179.462657
Armenia,ARM,2013,3039.232676
Armenia,ARM,2014,2962.355114
Armenia,ARM,2015,2908.291308
Armenia,ARM,2016,2924.850148
Armenia,ARM,2017,2784.250337
Armenia,ARM,2018,2704.263043
Armenia,ARM,2019,2629.812933
Australia,AUS,1990,1539.571878
Australia,AUS,1991,1489.302469
Australia,AUS,1992,1491.011067
Australia,AUS,1993,1451.773145
Australia,AUS,1994,1432.427308
Australia,AUS,1995,1401.514012
Australia,AUS,1996,1391.377563
Australia,AUS,1997,1325.26239
Australia,AUS,1998,1287.172626
Australia,AUS,1999,1296.96104
Australia,AUS,2000,1274.571142
Australia,AUS,2001,1254.405273
Australia,AUS,2002,1237.013064
Australia,AUS,2003,1222.720222
Australia,AUS,2004,1204.783831
Australia,AUS,2005,1182.849022
Australia,AUS,2006,1155.498585
Australia,AUS,2007,1116.146708
Australia,AUS,2008,1090.482791
Australia,AUS,2009,1086.863362
Australia,AUS,2010,1071.410694
Australia,AUS,2011,1044.346691
Australia,AUS,2012,1010.130286
Australia,AUS,2013,1008.865112
Australia,AUS,2014,991.5072922
Australia,AUS,2015,988.7599356
Australia,AUS,2016,974.0872043
Australia,AUS,2017,961.4285152
Australia,AUS,2018,950.7358641
Australia,AUS,2019,938.9247535
Austria,AUT,1990,1537.916494
Austria,AUT,1991,1510.049329
Austria,AUT,1992,1502.354193
Austria,AUT,1993,1427.430476
Austria,AUT,1994,1402.662697
Austria,AUT,1995,1311.574665
Austria,AUT,1996,1256.468106
Austria,AUT,1997,1179.932447
Austria,AUT,1998,1171.297242
Austria,AUT,1999,1141.577071
Austria,AUT,2000,1148.044152
Austria,AUT,2001,1148.382791
Austria,AUT,2002,1121.772116
Austria,AUT,2003,1149.299821
Austria,AUT,2004,1128.11347
Austria,AUT,2005,1109.61216
Austria,AUT,2006,1065.154958
Austria,AUT,2007,1052.810243
Austria,AUT,2008,1039.800345
Austria,AUT,2009,1032.172988
Austria,AUT,2010,1028.049666
Austria,AUT,2011,994.5633392
Austria,AUT,2012,960.3093603
Austria,AUT,2013,953.0950452
Austria,AUT,2014,936.7668497
Austria,AUT,2015,934.0209823
Austria,AUT,2016,932.0357679
Austria,AUT,2017,927.5574241
Austria,AUT,2018,907.1591712
Austria,AUT,2019,898.5356846
Azerbaijan,AZE,1990,15434.26525
Azerbaijan,AZE,1991,15300.45274
Azerbaijan,AZE,1992,15339.73019
Azerbaijan,AZE,1993,15329.90306
Azerbaijan,AZE,1994,15416.65632
Azerbaijan,AZE,1995,15170.35727
Azerbaijan,AZE,1996,15007.1404
Azerbaijan,AZE,1997,14843.35955
Azerbaijan,AZE,1998,14796.97034
Azerbaijan,AZE,1999,14536.17648
Azerbaijan,AZE,2000,14015.63127
Azerbaijan,AZE,2001,13201.96532
Azerbaijan,AZE,2002,12709.49183
Azerbaijan,AZE,2003,12371.55423
Azerbaijan,AZE,2004,11971.85662
Azerbaijan,AZE,2005,11389.57856
Azerbaijan,AZE,2006,10723.3973
Azerbaijan,AZE,2007,9968.884465
Azerbaijan,AZE,2008,9428.288308
Azerbaijan,AZE,2009,8938.1264
Azerbaijan,AZE,2010,8553.168987
Azerbaijan,AZE,2011,8168.542194
Azerbaijan,AZE,2012,7825.959143
Azerbaijan,AZE,2013,7538.899533
Azerbaijan,AZE,2014,7283.307413
Azerbaijan,AZE,2015,7065.164848
Azerbaijan,AZE,2016,6837.380379
Azerbaijan,AZE,2017,6583.489005
Azerbaijan,AZE,2018,6360.077449
Azerbaijan,AZE,2019,6147.891828
Bahamas,BHS,1990,6272.45899
Bahamas,BHS,1991,6543.584622
Bahamas,BHS,1992,6839.426638
Bahamas,BHS,1993,7396.674347
Bahamas,BHS,1994,7726.495677
Bahamas,BHS,1995,7641.284127
Bahamas,BHS,1996,8091.961883
Bahamas,BHS,1997,7291.571171
Bahamas,BHS,1998,6929.087228
Bahamas,BHS,1999,7870.502788
Bahamas,BHS,2000,7554.697871
Bahamas,BHS,2001,7509.382141
Bahamas,BHS,2002,6837.426107
Bahamas,BHS,2003,6441.721751
Bahamas,BHS,2004,6330.894616
Bahamas,BHS,2005,5723.214736
Bahamas,BHS,2006,5885.753156
Bahamas,BHS,2007,5271.100212
Bahamas,BHS,2008,5115.235988
Bahamas,BHS,2009,5052.957115
Bahamas,BHS,2010,4849.258311
Bahamas,BHS,2011,4781.066713
Bahamas,BHS,2012,4742.776854
Bahamas,BHS,2013,4642.857699
Bahamas,BHS,2014,4642.355251
Bahamas,BHS,2015,4592.327617
Bahamas,BHS,2016,4527.651505
Bahamas,BHS,2017,4466.488589
Bahamas,BHS,2018,4400.449056
Bahamas,BHS,2019,4338.262246
Bahrain,BHR,1990,4187.277304
Bahrain,BHR,1991,4106.156266
Bahrain,BHR,1992,3948.843621
Bahrain,BHR,1993,3763.45119
Bahrain,BHR,1994,3543.200733
Bahrain,BHR,1995,3292.705968
Bahrain,BHR,1996,3036.76682
Bahrain,BHR,1997,2844.643747
Bahrain,BHR,1998,2762.917146
Bahrain,BHR,1999,2674.167943
Bahrain,BHR,2000,2582.810364
Bahrain,BHR,2001,2510.780466
Bahrain,BHR,2002,2516.806974
Bahrain,BHR,2003,2548.329187
Bahrain,BHR,2004,2543.839057
Bahrain,BHR,2005,2517.825269
Bahrain,BHR,2006,2468.801747
Bahrain,BHR,2007,2398.706046
Bahrain,BHR,2008,2310.801807
Bahrain,BHR,2009,2216.865782
Bahrain,BHR,2010,2133.097717
Bahrain,BHR,2011,2088.678788
Bahrain,BHR,2012,2080.439976
Bahrain,BHR,2013,2045.143946
Bahrain,BHR,2014,2021.245174
Bahrain,BHR,2015,1988.27512
Bahrain,BHR,2016,1946.394269
Bahrain,BHR,2017,1907.20319
Bahrain,BHR,2018,1848.634678
Bahrain,BHR,2019,1788.314246
Bangladesh,BGD,1990,36134.37532
Bangladesh,BGD,1991,34335.22675
Bangladesh,BGD,1992,32408.57809
Bangladesh,BGD,1993,30720.19432
Bangladesh,BGD,1994,29129.27052
Bangladesh,BGD,1995,27768.4433
Bangladesh,BGD,1996,26188.31048
Bangladesh,BGD,1997,24946.51812
Bangladesh,BGD,1998,23636.12375
Bangladesh,BGD,1999,22474.37662
Bangladesh,BGD,2000,21310.94368
Bangladesh,BGD,2001,20370.60442
Bangladesh,BGD,2002,19533.70513
Bangladesh,BGD,2003,18759.73844
Bangladesh,BGD,2004,17937.13668
Bangladesh,BGD,2005,17051.21158
Bangladesh,BGD,2006,16182.81411
Bangladesh,BGD,2007,15266.50857
Bangladesh,BGD,2008,14552.40769
Bangladesh,BGD,2009,13710.25692
Bangladesh,BGD,2010,13118.27752
Bangladesh,BGD,2011,12433.94453
Bangladesh,BGD,2012,11670.19672
Bangladesh,BGD,2013,11110.70307
Bangladesh,BGD,2014,10688.07707
Bangladesh,BGD,2015,10122.36364
Bangladesh,BGD,2016,9692.398952
Bangladesh,BGD,2017,9282.361448
Bangladesh,BGD,2018,8795.441692
Bangladesh,BGD,2019,8347.075228
Barbados,BRB,1990,5101.254589
Barbados,BRB,1991,4875.415358
Barbados,BRB,1992,4920.392385
Barbados,BRB,1993,4896.722132
Barbados,BRB,1994,5122.701737
Barbados,BRB,1995,5121.269629
Barbados,BRB,1996,4937.685665
Barbados,BRB,1997,4894.087711
Barbados,BRB,1998,4875.260705
Barbados,BRB,1999,4867.320923
Barbados,BRB,2000,5031.905158
Barbados,BRB,2001,4839.361131
Barbados,BRB,2002,4679.403428
Barbados,BRB,2003,4542.219941
Barbados,BRB,2004,4458.979098
Barbados,BRB,2005,4413.042544
Barbados,BRB,2006,4329.201561
Barbados,BRB,2007,4214.445412
Barbados,BRB,2008,4088.814919
Barbados,BRB,2009,4045.390665
Barbados,BRB,2010,4045.026893
Barbados,BRB,2011,4006.368582
Barbados,BRB,2012,3875.244612
Barbados,BRB,2013,3836.388406
Barbados,BRB,2014,3840.004269
Barbados,BRB,2015,3816.081357
Barbados,BRB,2016,3782.698775
Barbados,BRB,2017,3751.679322
Barbados,BRB,2018,3732.651735
Barbados,BRB,2019,3717.682625
Belarus,BLR,1990,3064.071182
Belarus,BLR,1991,3082.076922
Belarus,BLR,1992,3059.198112
Belarus,BLR,1993,3049.362163
Belarus,BLR,1994,3101.479977
Belarus,BLR,1995,3112.706119
Belarus,BLR,1996,3039.24213
Belarus,BLR,1997,3043.393259
Belarus,BLR,1998,3042.461532
Belarus,BLR,1999,3009.326859
Belarus,BLR,2000,2851.424613
Belarus,BLR,2001,2776.107316
Belarus,BLR,2002,2747.656985
Belarus,BLR,2003,2670.107351
Belarus,BLR,2004,2578.137153
Belarus,BLR,2005,2549.006304
Belarus,BLR,2006,2459.077859
Belarus,BLR,2007,2359.842737
Belarus,BLR,2008,2279.226133
Belarus,BLR,2009,2254.428488
Belarus,BLR,2010,2197.295671
Belarus,BLR,2011,2142.946809
Belarus,BLR,2012,1965.506672
Belarus,BLR,2013,1874.243732
Belarus,BLR,2014,1805.212407
Belarus,BLR,2015,1728.608615
Belarus,BLR,2016,1691.038592
Belarus,BLR,2017,1662.321517
Belarus,BLR,2018,1639.871827
Belarus,BLR,2019,1619.712473
Belgium,BEL,1990,1667.19908
Belgium,BEL,1991,1664.583493
Belgium,BEL,1992,1633.753746
Belgium,BEL,1993,1639.250349
Belgium,BEL,1994,1609.16401
Belgium,BEL,1995,1550.998661
Belgium,BEL,1996,1491.597231
Belgium,BEL,1997,1468.287777
Belgium,BEL,1998,1462.192454
Belgium,BEL,1999,1458.357689
Belgium,BEL,2000,1468.718227
Belgium,BEL,2001,1457.332252
Belgium,BEL,2002,1443.474024
Belgium,BEL,2003,1445.596884
Belgium,BEL,2004,1402.589033
Belgium,BEL,2005,1398.851434
Belgium,BEL,2006,1375.342995
Belgium,BEL,2007,1367.887237
Belgium,BEL,2008,1350.075963
Belgium,BEL,2009,1321.977173
Belgium,BEL,2010,1313.344224
Belgium,BEL,2011,1292.602771
Belgium,BEL,2012,1297.398738
Belgium,BEL,2013,1279.322246
Belgium,BEL,2014,1247.926142
Belgium,BEL,2015,1241.003876
Belgium,BEL,2016,1221.316011
Belgium,BEL,2017,1208.346596
Belgium,BEL,2018,1195.032517
Belgium,BEL,2019,1181.465695
Belize,BLZ,1990,8930.82736
Belize,BLZ,1991,8345.546762
Belize,BLZ,1992,8126.6816
Belize,BLZ,1993,8083.452041
Belize,BLZ,1994,7985.224289
Belize,BLZ,1995,7680.897155
Belize,BLZ,1996,7827.153165
Belize,BLZ,1997,7739.280627
Belize,BLZ,1998,7799.009267
Belize,BLZ,1999,8033.592823
Belize,BLZ,2000,8077.940889
Belize,BLZ,2001,7623.898861
Belize,BLZ,2002,7674.328593
Belize,BLZ,2003,7505.778328
Belize,BLZ,2004,7375.429235
Belize,BLZ,2005,6852.265894
Belize,BLZ,2006,6725.080149
Belize,BLZ,2007,6395.623609
Belize,BLZ,2008,6108.703288
Belize,BLZ,2009,6193.607878
Belize,BLZ,2010,6148.845476
Belize,BLZ,2011,5992.329056
Belize,BLZ,2012,5781.439376
Belize,BLZ,2013,5725.158053
Belize,BLZ,2014,5802.301303
Belize,BLZ,2015,5853.319475
Belize,BLZ,2016,5602.948547
Belize,BLZ,2017,5453.19109
Belize,BLZ,2018,5355.885106
Belize,BLZ,2019,5248.391932
Benin,BEN,1990,46486.5709
Benin,BEN,1991,45739.85891
Benin,BEN,1992,44593.95418
Benin,BEN,1993,43724.30043
Benin,BEN,1994,43363.40129
Benin,BEN,1995,42832.15901
Benin,BEN,1996,42829.96653
Benin,BEN,1997,42325.97732
Benin,BEN,1998,42088.41139
Benin,BEN,1999,41663.56239
Benin,BEN,2000,41441.71206
Benin,BEN,2001,41199.29003
Benin,BEN,2002,40261.62782
Benin,BEN,2003,39754.88007
Benin,BEN,2004,39052.44643
Benin,BEN,2005,38352.29179
Benin,BEN,2006,37598.68721
Benin,BEN,2007,36817.57693
Benin,BEN,2008,35168.62377
Benin,BEN,2009,33466.28892
Benin,BEN,2010,32388.35204
Benin,BEN,2011,31527.00857
Benin,BEN,2012,30707.77371
Benin,BEN,2013,30150.57395
Benin,BEN,2014,29630.13346
Benin,BEN,2015,28741.84253
Benin,BEN,2016,27954.84111
Benin,BEN,2017,27065.8969
Benin,BEN,2018,26194.99593
Benin,BEN,2019,25070.45907
Bermuda,BMU,1990,3553.468881
Bermuda,BMU,1991,3164.22047
Bermuda,BMU,1992,3187.956334
Bermuda,BMU,1993,3322.519053
Bermuda,BMU,1994,3218.23935
Bermuda,BMU,1995,2804.485877
Bermuda,BMU,1996,3079.362324
Bermuda,BMU,1997,2647.207145
Bermuda,BMU,1998,2501.088469
Bermuda,BMU,1999,2521.608524
Bermuda,BMU,2000,2678.021656
Bermuda,BMU,2001,2479.978581
Bermuda,BMU,2002,2439.154107
Bermuda,BMU,2003,2367.356372
Bermuda,BMU,2004,2278.339504
Bermuda,BMU,2005,2154.587861
Bermuda,BMU,2006,2173.99683
Bermuda,BMU,2007,2094.172079
Bermuda,BMU,2008,2066.919368
Bermuda,BMU,2009,2000.813762
Bermuda,BMU,2010,1966.547319
Bermuda,BMU,2011,1940.899496
Bermuda,BMU,2012,1917.682276
Bermuda,BMU,2013,1904.321124
Bermuda,BMU,2014,1979.789884
Bermuda,BMU,2015,1994.126303
Bermuda,BMU,2016,1919.175738
Bermuda,BMU,2017,1891.179015
Bermuda,BMU,2018,1865.065601
Bermuda,BMU,2019,1838.590676
Bhutan,BTN,1990,36426.69533
Bhutan,BTN,1991,36040.71292
Bhutan,BTN,1992,34240.7719
Bhutan,BTN,1993,31920.56012
Bhutan,BTN,1994,29968.79061
Bhutan,BTN,1995,28061.00139
Bhutan,BTN,1996,26206.35548
Bhutan,BTN,1997,24629.92451
Bhutan,BTN,1998,23254.86691
Bhutan,BTN,1999,22430.14367
Bhutan,BTN,2000,21018.29705
Bhutan,BTN,2001,19994.74982
Bhutan,BTN,2002,19106.15731
Bhutan,BTN,2003,18032.37869
Bhutan,BTN,2004,17195.163
Bhutan,BTN,2005,16477.14625
Bhutan,BTN,2006,15900.13027
Bhutan,BTN,2007,14556.72074
Bhutan,BTN,2008,13739.84851
Bhutan,BTN,2009,13101.9262
Bhutan,BTN,2010,12409.32274
Bhutan,BTN,2011,11878.24758
Bhutan,BTN,2012,11556.68881
Bhutan,BTN,2013,11216.91915
Bhutan,BTN,2014,10880.11431
Bhutan,BTN,2015,10537.83047
Bhutan,BTN,2016,10210.35933
Bhutan,BTN,2017,9900.385426
Bhutan,BTN,2018,9493.430375
Bhutan,BTN,2019,9154.197219
Bolivia,BOL,1990,25875.96876
Bolivia,BOL,1991,25075.08884
Bolivia,BOL,1992,24067.07605
Bolivia,BOL,1993,23021.63296
Bolivia,BOL,1994,21820.73125
Bolivia,BOL,1995,20945.46925
Bolivia,BOL,1996,20054.14245
Bolivia,BOL,1997,19096.69625
Bolivia,BOL,1998,18166.75713
Bolivia,BOL,1999,17445.94061
Bolivia,BOL,2000,16529.55115
Bolivia,BOL,2001,15680.60139
Bolivia,BOL,2002,14955.85604
Bolivia,BOL,2003,14257.77881
Bolivia,BOL,2004,13638.89943
Bolivia,BOL,2005,13144.70018
Bolivia,BOL,2006,12599.95415
Bolivia,BOL,2007,12119.11862
Bolivia,BOL,2008,11652.17324
Bolivia,BOL,2009,11215.08182
Bolivia,BOL,2010,10779.96812
Bolivia,BOL,2011,10389.04746
Bolivia,BOL,2012,10024.55649
Bolivia,BOL,2013,9737.208865
Bolivia,BOL,2014,9483.45729
Bolivia,BOL,2015,9141.917535
Bolivia,BOL,2016,8742.062781
Bolivia,BOL,2017,8506.402611
Bolivia,BOL,2018,8171.510206
Bolivia,BOL,2019,7873.761098
Bosnia and Herzegovina,BIH,1990,3943.037964
Bosnia and Herzegovina,BIH,1991,3929.764077
Bosnia and Herzegovina,BIH,1992,4077.801256
Bosnia and Herzegovina,BIH,1993,4082.250317
Bosnia and Herzegovina,BIH,1994,4040.217592
Bosnia and Herzegovina,BIH,1995,3965.944236
Bosnia and Herzegovina,BIH,1996,3597.793183
Bosnia and Herzegovina,BIH,1997,3192.311847
Bosnia and Herzegovina,BIH,1998,2889.890287
Bosnia and Herzegovina,BIH,1999,2692.170208
Bosnia and Herzegovina,BIH,2000,2625.843259
Bosnia and Herzegovina,BIH,2001,2409.356063
Bosnia and Herzegovina,BIH,2002,2410.060991
Bosnia and Herzegovina,BIH,2003,2186.317945
Bosnia and Herzegovina,BIH,2004,2086.28838
Bosnia and Herzegovina,BIH,2005,2059.583195
Bosnia and Herzegovina,BIH,2006,2023.446614
Bosnia and Herzegovina,BIH,2007,1974.217764
Bosnia and Herzegovina,BIH,2008,1944.054231
Bosnia and Herzegovina,BIH,2009,1902.41523
Bosnia and Herzegovina,BIH,2010,1872.337144
Bosnia and Herzegovina,BIH,2011,1790.076522
Bosnia and Herzegovina,BIH,2012,1740.970272
Bosnia and Herzegovina,BIH,2013,1761.113836
Bosnia and Herzegovina,BIH,2014,1725.701653
Bosnia and Herzegovina,BIH,2015,1803.432562
Bosnia and Herzegovina,BIH,2016,1817.094324
Bosnia and Herzegovina,BIH,2017,1747.78925
Bosnia and Herzegovina,BIH,2018,1714.811714
Bosnia and Herzegovina,BIH,2019,1690.954658
Botswana,BWA,1990,27883.86862
Botswana,BWA,1991,30569.36718
Botswana,BWA,1992,34416.84917
Botswana,BWA,1993,39628.33943
Botswana,BWA,1994,45513.32054
Botswana,BWA,1995,51962.86436
Botswana,BWA,1996,58672.1259
Botswana,BWA,1997,65051.26664
Botswana,BWA,1998,70891.86521
Botswana,BWA,1999,75963.43753
Botswana,BWA,2000,80139.34732
Botswana,BWA,2001,82855.52901
Botswana,BWA,2002,83152.88688
Botswana,BWA,2003,79539.42778
Botswana,BWA,2004,71217.91391
Botswana,BWA,2005,61476.8297
Botswana,BWA,2006,56015.12406
Botswana,BWA,2007,49420.89644
Botswana,BWA,2008,45214.01882
Botswana,BWA,2009,40856.84042
Botswana,BWA,2010,38023.44708
Botswana,BWA,2011,35882.76688
Botswana,BWA,2012,33663.53642
Botswana,BWA,2013,31592.98059
Botswana,BWA,2014,30036.60549
Botswana,BWA,2015,28866.34526
Botswana,BWA,2016,27704.02763
Botswana,BWA,2017,27097.13813
Botswana,BWA,2018,26343.61318
Botswana,BWA,2019,25443.8509
Brazil,BRA,1990,13225.12761
Brazil,BRA,1991,12673.75816
Brazil,BRA,1992,12185.61355
Brazil,BRA,1993,11785.2989
Brazil,BRA,1994,11354.49385
Brazil,BRA,1995,10902.86342
Brazil,BRA,1996,10412.6604
Brazil,BRA,1997,9862.100036
Brazil,BRA,1998,9455.976337
Brazil,BRA,1999,9092.27627
Brazil,BRA,2000,8735.082253
Brazil,BRA,2001,8419.142993
Brazil,BRA,2002,8141.935547
Brazil,BRA,2003,7902.076208
Brazil,BRA,2004,7649.297166
Brazil,BRA,2005,7389.195329
Brazil,BRA,2006,7144.881267
Brazil,BRA,2007,6929.458447
Brazil,BRA,2008,6724.426816
Brazil,BRA,2009,6531.67768
Brazil,BRA,2010,6320.505094
Brazil,BRA,2011,6118.744355
Brazil,BRA,2012,5908.902649
Brazil,BRA,2013,5735.977366
Brazil,BRA,2014,5524.619746
Brazil,BRA,2015,5370.291738
Brazil,BRA,2016,5254.790344
Brazil,BRA,2017,5122.277425
Brazil,BRA,2018,4979.530198
Brazil,BRA,2019,4838.167764
Brunei,BRN,1990,3495.450342
Brunei,BRN,1991,3446.51926
Brunei,BRN,1992,3341.416495
Brunei,BRN,1993,3238.05128
Brunei,BRN,1994,3103.634278
Brunei,BRN,1995,2987.818846
Brunei,BRN,1996,2869.845561
Brunei,BRN,1997,2837.75376
Brunei,BRN,1998,2803.443899
Brunei,BRN,1999,2782.854941
Brunei,BRN,2000,2784.081766
Brunei,BRN,2001,2739.411666
Brunei,BRN,2002,2737.921268
Brunei,BRN,2003,2763.39819
Brunei,BRN,2004,2750.797727
Brunei,BRN,2005,2727.156539
Brunei,BRN,2006,2699.434268
Brunei,BRN,2007,2666.460565
Brunei,BRN,2008,2645.234936
Brunei,BRN,2009,2664.916738
Brunei,BRN,2010,2690.871227
Brunei,BRN,2011,2760.248147
Brunei,BRN,2012,2811.641124
Brunei,BRN,2013,2849.233819
Brunei,BRN,2014,2860.263123
Brunei,BRN,2015,2870.11191
Brunei,BRN,2016,2858.086076
Brunei,BRN,2017,2795.167882
Brunei,BRN,2018,2742.909841
Brunei,BRN,2019,2680.201321
Bulgaria,BGR,1990,3856.157444
Bulgaria,BGR,1991,3995.833059
Bulgaria,BGR,1992,3938.30252
Bulgaria,BGR,1993,3806.966512
Bulgaria,BGR,1994,3979.675706
Bulgaria,BGR,1995,3750.336208
Bulgaria,BGR,1996,3898.874967
Bulgaria,BGR,1997,4084.562831
Bulgaria,BGR,1998,3717.209318
Bulgaria,BGR,1999,3584.934088
Bulgaria,BGR,2000,3351.966478
Bulgaria,BGR,2001,3258.278367
Bulgaria,BGR,2002,3094.293111
Bulgaria,BGR,2003,2950.549796
Bulgaria,BGR,2004,2858.12904
Bulgaria,BGR,2005,2716.184438
Bulgaria,BGR,2006,2631.691923
Bulgaria,BGR,2007,2548.410267
Bulgaria,BGR,2008,2486.673198
Bulgaria,BGR,2009,2508.576741
Bulgaria,BGR,2010,2459.051415
Bulgaria,BGR,2011,2322.563319
Bulgaria,BGR,2012,2216.782225
Bulgaria,BGR,2013,2133.379484
Bulgaria,BGR,2014,2130.895062
Bulgaria,BGR,2015,2005.960028
Bulgaria,BGR,2016,1971.473679
Bulgaria,BGR,2017,1971.928702
Bulgaria,BGR,2018,1947.968003
Bulgaria,BGR,2019,1920.183216
Burkina Faso,BFA,1990,63755.88598
Burkina Faso,BFA,1991,64258.61468
Burkina Faso,BFA,1992,64707.31869
Burkina Faso,BFA,1993,64619.45314
Burkina Faso,BFA,1994,64486.31927
Burkina Faso,BFA,1995,64183.5377
Burkina Faso,BFA,1996,66891.79606
Burkina Faso,BFA,1997,64141.28688
Burkina Faso,BFA,1998,61268.9845
Burkina Faso,BFA,1999,59629.46721
Burkina Faso,BFA,2000,57929.8965
Burkina Faso,BFA,2001,56882.62822
Burkina Faso,BFA,2002,54955.4281
Burkina Faso,BFA,2003,53131.82363
Burkina Faso,BFA,2004,50977.17695
Burkina Faso,BFA,2005,48976.26281
Burkina Faso,BFA,2006,46974.0894
Burkina Faso,BFA,2007,45813.11793
Burkina Faso,BFA,2008,43993.26442
Burkina Faso,BFA,2009,42798.42204
Burkina Faso,BFA,2010,41526.64516
Burkina Faso,BFA,2011,40393.15998
Burkina Faso,BFA,2012,39087.38365
Burkina Faso,BFA,2013,37641.61139
Burkina Faso,BFA,2014,35988.90221
Burkina Faso,BFA,2015,34316.01909
Burkina Faso,BFA,2016,32767.09522
Burkina Faso,BFA,2017,31316.23642
Burkina Faso,BFA,2018,30153.88173
Burkina Faso,BFA,2019,29326.56746
Burundi,BDI,1990,65640.89883
Burundi,BDI,1991,68816.34563
Burundi,BDI,1992,72189.65132
Burundi,BDI,1993,70772.54221
Burundi,BDI,1994,72030.20748
Burundi,BDI,1995,75558.2746
Burundi,BDI,1996,76551.3832
Burundi,BDI,1997,75254.18414
Burundi,BDI,1998,73870.13474
Burundi,BDI,1999,72362.62979
Burundi,BDI,2000,70593.3924
Burundi,BDI,2001,67308.84149
Burundi,BDI,2002,63622.5354
Burundi,BDI,2003,59610.32561
Burundi,BDI,2004,55665.74816
Burundi,BDI,2005,51940.06354
Burundi,BDI,2006,48451.54014
Burundi,BDI,2007,45118.69585
Burundi,BDI,2008,42114.27478
Burundi,BDI,2009,39828.4711
Burundi,BDI,2010,37862.82724
Burundi,BDI,2011,35758.52352
Burundi,BDI,2012,33651.80233
Burundi,BDI,2013,32097.45256
Burundi,BDI,2014,30964.19161
Burundi,BDI,2015,29984.46729
Burundi,BDI,2016,28831.33755
Burundi,BDI,2017,27506.37102
Burundi,BDI,2018,26180.48829
Burundi,BDI,2019,25348.61966
Cambodia,KHM,1990,34403.05692
Cambodia,KHM,1991,33560.54519
Cambodia,KHM,1992,32759.4956
Cambodia,KHM,1993,32254.66221
Cambodia,KHM,1994,32068.77472
Cambodia,KHM,1995,31791.17381
Cambodia,KHM,1996,31472.67134
Cambodia,KHM,1997,31116.86196
Cambodia,KHM,1998,30817.5691
Cambodia,KHM,1999,29986.16324
Cambodia,KHM,2000,29295.69862
Cambodia,KHM,2001,28099.76269
Cambodia,KHM,2002,26667.77876
Cambodia,KHM,2003,25274.04594
Cambodia,KHM,2004,23755.72586
Cambodia,KHM,2005,22152.06589
Cambodia,KHM,2006,20725.0683
Cambodia,KHM,2007,19288.26541
Cambodia,KHM,2008,17925.44822
Cambodia,KHM,2009,16885.92096
Cambodia,KHM,2010,15856.54949
Cambodia,KHM,2011,14906.73508
Cambodia,KHM,2012,14011.30876
Cambodia,KHM,2013,13307.69161
Cambodia,KHM,2014,12676.38386
Cambodia,KHM,2015,12131.44013
Cambodia,KHM,2016,11612.8491
Cambodia,KHM,2017,11136.16564
Cambodia,KHM,2018,10645.7735
Cambodia,KHM,2019,10236.20092
Cameroon,CMR,1990,41138.97232
Cameroon,CMR,1991,41501.22172
Cameroon,CMR,1992,42386.18356
Cameroon,CMR,1993,43239.73397
Cameroon,CMR,1994,43789.90144
Cameroon,CMR,1995,44802.07458
Cameroon,CMR,1996,46026.83919
Cameroon,CMR,1997,47234.92382
Cameroon,CMR,1998,48478.10103
Cameroon,CMR,1999,49450.9672
Cameroon,CMR,2000,50332.81375
Cameroon,CMR,2001,50983.3991
Cameroon,CMR,2002,50841.99967
Cameroon,CMR,2003,50674.59975
Cameroon,CMR,2004,49887.6661
Cameroon,CMR,2005,48568.37493
Cameroon,CMR,2006,47214.9964
Cameroon,CMR,2007,45860.12837
Cameroon,CMR,2008,43976.63808
Cameroon,CMR,2009,42111.31593
Cameroon,CMR,2010,40455.94592
Cameroon,CMR,2011,39016.6973
Cameroon,CMR,2012,37393.80783
Cameroon,CMR,2013,36368.88895
Cameroon,CMR,2014,35419.80126
Cameroon,CMR,2015,34056.22979
Cameroon,CMR,2016,32069.76572
Cameroon,CMR,2017,30020.81081
Cameroon,CMR,2018,28132.24069
Cameroon,CMR,2019,26802.96554
Canada,CAN,1990,1628.467715
Canada,CAN,1991,1610.870335
Canada,CAN,1992,1612.841458
Canada,CAN,1993,1645.592032
Canada,CAN,1994,1657.691212
Canada,CAN,1995,1688.158539
Canada,CAN,1996,1606.021287
Canada,CAN,1997,1510.585276
Canada,CAN,1998,1459.719552
Canada,CAN,1999,1430.179852
Canada,CAN,2000,1411.585118
Canada,CAN,2001,1405.81549
Canada,CAN,2002,1404.137904
Canada,CAN,2003,1414.345946
Canada,CAN,2004,1409.52442
Canada,CAN,2005,1425.077198
Canada,CAN,2006,1400.238311
Canada,CAN,2007,1398.455736
Canada,CAN,2008,1385.593069
Canada,CAN,2009,1368.83401
Canada,CAN,2010,1364.836396
Canada,CAN,2011,1340.387889
Canada,CAN,2012,1332.893755
Canada,CAN,2013,1336.585295
Canada,CAN,2014,1315.221157
Canada,CAN,2015,1301.371743
Canada,CAN,2016,1294.944767
Canada,CAN,2017,1277.018734
Canada,CAN,2018,1266.890697
Canada,CAN,2019,1254.503194
Cape Verde,CPV,1990,17262.1607
Cape Verde,CPV,1991,17435.65185
Cape Verde,CPV,1992,17259.28682
Cape Verde,CPV,1993,17092.62428
Cape Verde,CPV,1994,17248.1965
Cape Verde,CPV,1995,19567.10642
Cape Verde,CPV,1996,16668.79009
Cape Verde,CPV,1997,16352.44007
Cape Verde,CPV,1998,15887.79505
Cape Verde,CPV,1999,15671.9357
Cape Verde,CPV,2000,15012.71376
Cape Verde,CPV,2001,14484.72366
Cape Verde,CPV,2002,14034.43925
Cape Verde,CPV,2003,13499.27183
Cape Verde,CPV,2004,12922.05673
Cape Verde,CPV,2005,12252.61451
Cape Verde,CPV,2006,11299.6283
Cape Verde,CPV,2007,10573.59625
Cape Verde,CPV,2008,9970.846466
Cape Verde,CPV,2009,9585.605727
Cape Verde,CPV,2010,8984.549619
Cape Verde,CPV,2011,8495.667521
Cape Verde,CPV,2012,8245.584754
Cape Verde,CPV,2013,7844.273449
Cape Verde,CPV,2014,7457.931864
Cape Verde,CPV,2015,7194.843694
Cape Verde,CPV,2016,6971.303311
Cape Verde,CPV,2017,6730.46695
Cape Verde,CPV,2018,6683.237994
Cape Verde,CPV,2019,6487.196908
Central African Republic,CAF,1990,65540.00205
Central African Republic,CAF,1991,67489.40938
Central African Republic,CAF,1992,70635.31794
Central African Republic,CAF,1993,73920.55406
Central African Republic,CAF,1994,77322.14053
Central African Republic,CAF,1995,80454.78614
Central African Republic,CAF,1996,82345.06725
Central African Republic,CAF,1997,83945.72892
Central African Republic,CAF,1998,84135.62589
Central African Republic,CAF,1999,84199.04371
Central African Republic,CAF,2000,84553.40678
Central African Republic,CAF,2001,83578.14468
Central African Republic,CAF,2002,82131.58047
Central African Republic,CAF,2003,81155.8767
Central African Republic,CAF,2004,80033.14431
Central African Republic,CAF,2005,78612.95721
Central African Republic,CAF,2006,76432.40196
Central African Republic,CAF,2007,74217.96705
Central African Republic,CAF,2008,71227.72879
Central African Republic,CAF,2009,68414.56571
Central African Republic,CAF,2010,66250.68962
Central African Republic,CAF,2011,64565.99714
Central African Republic,CAF,2012,63567.2317
Central African Republic,CAF,2013,63309.17429
Central African Republic,CAF,2014,61980.91402
Central African Republic,CAF,2015,59353.33899
Central African Republic,CAF,2016,57119.39387
Central African Republic,CAF,2017,55006.98498
Central African Republic,CAF,2018,52836.35893
Central African Republic,CAF,2019,50790.25908
Chad,TCD,1990,55817.40944
Chad,TCD,1991,56338.718
Chad,TCD,1992,55209.41019
Chad,TCD,1993,55179.921
Chad,TCD,1994,55506.96975
Chad,TCD,1995,55929.01471
Chad,TCD,1996,56334.28344
Chad,TCD,1997,56881.27538
Chad,TCD,1998,57407.56819
Chad,TCD,1999,57045.32121
Chad,TCD,2000,57317.59744
Chad,TCD,2001,56792.63157
Chad,TCD,2002,56304.84841
Chad,TCD,2003,55659.43428
Chad,TCD,2004,54470.90428
Chad,TCD,2005,52722.1418
Chad,TCD,2006,51021.99661
Chad,TCD,2007,49225.26802
Chad,TCD,2008,47595.94627
Chad,TCD,2009,45930.30801
Chad,TCD,2010,44349.10042
Chad,TCD,2011,43433.66885
Chad,TCD,2012,42161.74028
Chad,TCD,2013,40962.0912
Chad,TCD,2014,39746.04125
Chad,TCD,2015,38253.95197
Chad,TCD,2016,37290.53622
Chad,TCD,2017,36620.96046
Chad,TCD,2018,35560.47555
Chad,TCD,2019,34467.60144
Chile,CHL,1990,4138.985362
Chile,CHL,1991,3806.453523
Chile,CHL,1992,3664.163424
Chile,CHL,1993,3523.914973
Chile,CHL,1994,3394.493813
Chile,CHL,1995,3335.611553
Chile,CHL,1996,3262.986891
Chile,CHL,1997,3093.513762
Chile,CHL,1998,3031.520497
Chile,CHL,1999,2914.039073
Chile,CHL,2000,2646.94644
Chile,CHL,2001,2528.197915
Chile,CHL,2002,2309.351794
Chile,CHL,2003,2241.946616
Chile,CHL,2004,2247.114208
Chile,CHL,2005,2160.122697
Chile,CHL,2006,2105.928724
Chile,CHL,2007,2083.826347
Chile,CHL,2008,2023.839212
Chile,CHL,2009,2055.434898
Chile,CHL,2010,1998.793966
Chile,CHL,2011,1993.380197
Chile,CHL,2012,1952.890703
Chile,CHL,2013,1911.21332
Chile,CHL,2014,1914.786317
Chile,CHL,2015,1844.288888
Chile,CHL,2016,1795.103814
Chile,CHL,2017,1748.459572
Chile,CHL,2018,1718.055357
Chile,CHL,2019,1689.232129
China,CHN,1990,9489.682273
China,CHN,1991,9320.252713
China,CHN,1992,9040.871039
China,CHN,1993,8719.753791
China,CHN,1994,8439.646284
China,CHN,1995,7998.543686
China,CHN,1996,7571.60957
China,CHN,1997,7181.878341
China,CHN,1998,6784.139397
China,CHN,1999,6422.659819
China,CHN,2000,5995.329866
China,CHN,2001,5501.360501
China,CHN,2002,5073.331082
China,CHN,2003,4646.183478
China,CHN,2004,4336.730798
China,CHN,2005,4023.354716
China,CHN,2006,3702.059329
China,CHN,2007,3434.673466
China,CHN,2008,3250.962941
China,CHN,2009,3082.445539
China,CHN,2010,2879.783389
China,CHN,2011,2690.97781
China,CHN,2012,2528.990168
China,CHN,2013,2390.026132
China,CHN,2014,2311.28121
China,CHN,2015,2229.193031
China,CHN,2016,2133.682332
China,CHN,2017,2037.694411
China,CHN,2018,1959.671921
China,CHN,2019,1889.164898
Colombia,COL,1990,7275.468264
Colombia,COL,1991,7231.688423
Colombia,COL,1992,7080.090655
Colombia,COL,1993,6738.437763
Colombia,COL,1994,6500.6638
Colombia,COL,1995,6398.454313
Colombia,COL,1996,6124.490576
Colombia,COL,1997,6054.719319
Colombia,COL,1998,5871.906502
Colombia,COL,1999,5483.130511
Colombia,COL,2000,5383.338496
Colombia,COL,2001,5335.517691
Colombia,COL,2002,5214.28959
Colombia,COL,2003,5058.455466
Colombia,COL,2004,4886.009146
Colombia,COL,2005,4733.883843
Colombia,COL,2006,4605.434259
Colombia,COL,2007,4454.917338
Colombia,COL,2008,4278.630415
Colombia,COL,2009,4198.25775
Colombia,COL,2010,4052.604968
Colombia,COL,2011,3814.584193
Colombia,COL,2012,3731.864948
Colombia,COL,2013,3677.909952
Colombia,COL,2014,3568.547669
Colombia,COL,2015,3505.624228
Colombia,COL,2016,3276.760773
Colombia,COL,2017,3171.656463
Colombia,COL,2018,3089.418226
Colombia,COL,2019,3043.929194
Comoros,COM,1990,40131.9152
Comoros,COM,1991,39412.78382
Comoros,COM,1992,37906.55007
Comoros,COM,1993,37051.29727
Comoros,COM,1994,36071.44436
Comoros,COM,1995,35247.04196
Comoros,COM,1996,34598.12465
Comoros,COM,1997,34069.6498
Comoros,COM,1998,34193.23923
Comoros,COM,1999,33072.62862
Comoros,COM,2000,32575.70766
Comoros,COM,2001,30739.05942
Comoros,COM,2002,30093.05152
Comoros,COM,2003,28840.44144
Comoros,COM,2004,28275.0598
Comoros,COM,2005,26821.41032
Comoros,COM,2006,26918.37076
Comoros,COM,2007,25009.20169
Comoros,COM,2008,23796.34534
Comoros,COM,2009,24061.16231
Comoros,COM,2010,24139.68272
Comoros,COM,2011,23159.25414
Comoros,COM,2012,22445.2921
Comoros,COM,2013,21507.48339
Comoros,COM,2014,18999.85635
Comoros,COM,2015,18354.38382
Comoros,COM,2016,17788.66879
Comoros,COM,2017,17189.03735
Comoros,COM,2018,17036.24562
Comoros,COM,2019,16635.20794
Congo,COG,1990,45241.60744
Congo,COG,1991,46678.40633
Congo,COG,1992,47933.88491
Congo,COG,1993,49504.95646
Congo,COG,1994,50076.84293
Congo,COG,1995,51190.09023
Congo,COG,1996,51827.3753
Congo,COG,1997,51404.9369
Congo,COG,1998,51972.44208
Congo,COG,1999,50793.18168
Congo,COG,2000,49648.12228
Congo,COG,2001,48462.64069
Congo,COG,2002,46608.69319
Congo,COG,2003,44914.69026
Congo,COG,2004,42537.84219
Congo,COG,2005,39942.80302
Congo,COG,2006,37650.57774
Congo,COG,2007,35685.89811
Congo,COG,2008,33311.76994
Congo,COG,2009,31032.82096
Congo,COG,2010,29779.69848
Congo,COG,2011,28359.88957
Congo,COG,2012,27036.79145
Congo,COG,2013,26198.37663
Congo,COG,2014,25234.82433
Congo,COG,2015,23880.71181
Congo,COG,2016,22426.87871
Congo,COG,2017,21528.05645
Congo,COG,2018,20631.18927
Congo,COG,2019,19790.11513
Cook Islands,COK,1990,7231.948889
Cook Islands,COK,1991,5520.587569
Cook Islands,COK,1992,5279.46597
Cook Islands,COK,1993,5041.89611
Cook Islands,COK,1994,4892.718571
Cook Islands,COK,1995,4745.769046
Cook Islands,COK,1996,4607.229769
Cook Islands,COK,1997,4470.332145
Cook Islands,COK,1998,4353.61151
Cook Islands,COK,1999,4215.528945
Cook Islands,COK,2000,4088.585436
Cook Islands,COK,2001,3951.963906
Cook Islands,COK,2002,3825.938727
Cook Islands,COK,2003,3724.544973
Cook Islands,COK,2004,3626.790257
Cook Islands,COK,2005,3495.860925
Cook Islands,COK,2006,3364.648377
Cook Islands,COK,2007,3234.028677
Cook Islands,COK,2008,3096.699132
Cook Islands,COK,2009,2973.54023
Cook Islands,COK,2010,2919.050651
Cook Islands,COK,2011,2862.96068
Cook Islands,COK,2012,2807.209643
Cook Islands,COK,2013,2739.34627
Cook Islands,COK,2014,2719.113386
Cook Islands,COK,2015,2738.517676
Cook Islands,COK,2016,2759.988238
Cook Islands,COK,2017,2745.826143
Cook Islands,COK,2018,2741.295457
Cook Islands,COK,2019,2740.127927
Costa Rica,CRI,1990,3660.206077
Costa Rica,CRI,1991,3621.376584
Costa Rica,CRI,1992,3545.279675
Costa Rica,CRI,1993,3473.5986
Costa Rica,CRI,1994,3488.82873
Costa Rica,CRI,1995,3492.219199
Costa Rica,CRI,1996,3340.234472
Costa Rica,CRI,1997,3432.458669
Costa Rica,CRI,1998,3202.62951
Costa Rica,CRI,1999,3090.267169
Costa Rica,CRI,2000,2895.860711
Costa Rica,CRI,2001,2935.743427
Costa Rica,CRI,2002,2818.68108
Costa Rica,CRI,2003,2715.984533
Costa Rica,CRI,2004,2595.106873
Costa Rica,CRI,2005,2497.713005
Costa Rica,CRI,2006,2507.170362
Costa Rica,CRI,2007,2431.582874
Costa Rica,CRI,2008,2357.958274
Costa Rica,CRI,2009,2256.669746
Costa Rica,CRI,2010,2378.278917
Costa Rica,CRI,2011,2316.616661
Costa Rica,CRI,2012,2309.390248
Costa Rica,CRI,2013,2245.804086
Costa Rica,CRI,2014,2226.08945
Costa Rica,CRI,2015,2192.426503
Costa Rica,CRI,2016,2218.534895
Costa Rica,CRI,2017,2137.568899
Costa Rica,CRI,2018,2082.197088
Costa Rica,CRI,2019,2031.395886
Cote d'Ivoire,CIV,1990,48290.88676
Cote d'Ivoire,CIV,1991,49981.1639
Cote d'Ivoire,CIV,1992,52152.3177
Cote d'Ivoire,CIV,1993,54533.4321
Cote d'Ivoire,CIV,1994,57163.72894
Cote d'Ivoire,CIV,1995,59688.73921
Cote d'Ivoire,CIV,1996,61083.07268
Cote d'Ivoire,CIV,1997,62032.08641
Cote d'Ivoire,CIV,1998,62582.05528
Cote d'Ivoire,CIV,1999,62606.7391
Cote d'Ivoire,CIV,2000,61840.77662
Cote d'Ivoire,CIV,2001,60987.20722
Cote d'Ivoire,CIV,2002,59777.69989
Cote d'Ivoire,CIV,2003,58680.03147
Cote d'Ivoire,CIV,2004,57147.27773
Cote d'Ivoire,CIV,2005,54836.44681
Cote d'Ivoire,CIV,2006,51846.98459
Cote d'Ivoire,CIV,2007,49337.73816
Cote d'Ivoire,CIV,2008,46603.41949
Cote d'Ivoire,CIV,2009,44674.67842
Cote d'Ivoire,CIV,2010,43434.15494
Cote d'Ivoire,CIV,2011,41820.50864
Cote d'Ivoire,CIV,2012,39364.22503
Cote d'Ivoire,CIV,2013,37397.74177
Cote d'Ivoire,CIV,2014,35456.03513
Cote d'Ivoire,CIV,2015,33218.90641
Cote d'Ivoire,CIV,2016,31500.4675
Cote d'Ivoire,CIV,2017,29771.69086
Cote d'Ivoire,CIV,2018,27849.46459
Cote d'Ivoire,CIV,2019,26606.75114
Croatia,HRV,1990,2450.242011
Croatia,HRV,1991,2392.232917
Croatia,HRV,1992,2424.5247
Croatia,HRV,1993,2350.570808
Croatia,HRV,1994,2295.589631
Croatia,HRV,1995,2189.6549
Croatia,HRV,1996,2142.620708
Croatia,HRV,1997,2161.486876
Croatia,HRV,1998,2058.07347
Croatia,HRV,1999,2019.586579
Croatia,HRV,2000,1955.032668
Croatia,HRV,2001,1918.833555
Croatia,HRV,2002,1865.394168
Croatia,HRV,2003,1789.204998
Croatia,HRV,2004,1729.61794
Croatia,HRV,2005,1665.186055
Croatia,HRV,2006,1578.295326
Croatia,HRV,2007,1541.123634
Croatia,HRV,2008,1465.182698
Croatia,HRV,2009,1438.975195
Croatia,HRV,2010,1346.63234
Croatia,HRV,2011,1301.316136
Croatia,HRV,2012,1244.442473
Croatia,HRV,2013,1248.672402
Croatia,HRV,2014,1228.290914
Croatia,HRV,2015,1235.206572
Croatia,HRV,2016,1220.159509
Croatia,HRV,2017,1189.025228
Croatia,HRV,2018,1169.697884
Croatia,HRV,2019,1152.012546
Cuba,CUB,1990,3295.142018
Cuba,CUB,1991,3217.562051
Cuba,CUB,1992,3133.264696
Cuba,CUB,1993,3107.654847
Cuba,CUB,1994,3166.326166
Cuba,CUB,1995,3104.698096
Cuba,CUB,1996,2883.681006
Cuba,CUB,1997,2798.714432
Cuba,CUB,1998,2759.034339
Cuba,CUB,1999,2703.933325
Cuba,CUB,2000,2664.686615
Cuba,CUB,2001,2577.845691
Cuba,CUB,2002,2486.221228
Cuba,CUB,2003,2469.809678
Cuba,CUB,2004,2435.233722
Cuba,CUB,2005,2429.331381
Cuba,CUB,2006,2278.76367
Cuba,CUB,2007,2228.610221
Cuba,CUB,2008,2195.373683
Cuba,CUB,2009,2173.79415
Cuba,CUB,2010,2151.413222
Cuba,CUB,2011,2158.191182
Cuba,CUB,2012,2169.465736
Cuba,CUB,2013,2183.008736
Cuba,CUB,2014,2187.936715
Cuba,CUB,2015,2247.859213
Cuba,CUB,2016,2192.546871
Cuba,CUB,2017,2189.068157
Cuba,CUB,2018,2133.570001
Cuba,CUB,2019,2084.265494
Cyprus,CYP,1990,2645.288835
Cyprus,CYP,1991,2576.536632
Cyprus,CYP,1992,2474.649645
Cyprus,CYP,1993,2358.615097
Cyprus,CYP,1994,2239.90894
Cyprus,CYP,1995,2129.158499
Cyprus,CYP,1996,2032.729732
Cyprus,CYP,1997,1933.140166
Cyprus,CYP,1998,1831.172253
Cyprus,CYP,1999,1730.701297
Cyprus,CYP,2000,1629.652011
Cyprus,CYP,2001,1541.356841
Cyprus,CYP,2002,1474.838466
Cyprus,CYP,2003,1410.982695
Cyprus,CYP,2004,1353.992557
Cyprus,CYP,2005,1316.141636
Cyprus,CYP,2006,1254.929368
Cyprus,CYP,2007,1207.078409
Cyprus,CYP,2008,1171.200181
Cyprus,CYP,2009,1141.645526
Cyprus,CYP,2010,1110.113708
Cyprus,CYP,2011,1086.673533
Cyprus,CYP,2012,1071.765514
Cyprus,CYP,2013,1038.290961
Cyprus,CYP,2014,1038.564212
Cyprus,CYP,2015,1046.674172
Cyprus,CYP,2016,1042.537113
Cyprus,CYP,2017,1022.970585
Cyprus,CYP,2018,1008.531653
Cyprus,CYP,2019,996.4970178
Czechia,CZE,1990,2305.093802
Czechia,CZE,1991,2261.779691
Czechia,CZE,1992,2163.516637
Czechia,CZE,1993,2040.190125
Czechia,CZE,1994,1994.141396
Czechia,CZE,1995,1919.460908
Czechia,CZE,1996,1779.802965
Czechia,CZE,1997,1730.74898
Czechia,CZE,1998,1616.180411
Czechia,CZE,1999,1556.254966
Czechia,CZE,2000,1521.252486
Czechia,CZE,2001,1493.778793
Czechia,CZE,2002,1495.067565
Czechia,CZE,2003,1481.482061
Czechia,CZE,2004,1447.330489
Czechia,CZE,2005,1417.589614
Czechia,CZE,2006,1394.627308
Czechia,CZE,2007,1379.797583
Czechia,CZE,2008,1352.353181
Czechia,CZE,2009,1345.94838
Czechia,CZE,2010,1328.637
Czechia,CZE,2011,1313.590433
Czechia,CZE,2012,1299.724834
Czechia,CZE,2013,1283.176715
Czechia,CZE,2014,1273.676708
Czechia,CZE,2015,1285.294493
Czechia,CZE,2016,1324.226752
Czechia,CZE,2017,1320.500568
Czechia,CZE,2018,1267.743003
Czechia,CZE,2019,1234.307213
Democratic Republic of Congo,COD,1990,50196.3352
Democratic Republic of Congo,COD,1991,50443.957
Democratic Republic of Congo,COD,1992,50693.6722
Democratic Republic of Congo,COD,1993,51233.82627
Democratic Republic of Congo,COD,1994,52523.22152
Democratic Republic of Congo,COD,1995,52491.8952
Democratic Republic of Congo,COD,1996,52969.64479
Democratic Republic of Congo,COD,1997,52813.36322
Democratic Republic of Congo,COD,1998,52652.06359
Democratic Republic of Congo,COD,1999,52042.96985
Democratic Republic of Congo,COD,2000,51583.69612
Democratic Republic of Congo,COD,2001,50815.60915
Democratic Republic of Congo,COD,2002,49919.95324
Democratic Republic of Congo,COD,2003,48902.14287
Democratic Republic of Congo,COD,2004,47509.859
Democratic Republic of Congo,COD,2005,45749.34697
Democratic Republic of Congo,COD,2006,44265.18192
Democratic Republic of Congo,COD,2007,42869.31483
Democratic Republic of Congo,COD,2008,41411.28821
Democratic Republic of Congo,COD,2009,39688.12975
Democratic Republic of Congo,COD,2010,37886.04082
Democratic Republic of Congo,COD,2011,36130.99188
Democratic Republic of Congo,COD,2012,34169.93788
Democratic Republic of Congo,COD,2013,31988.10061
Democratic Republic of Congo,COD,2014,29871.28632
Democratic Republic of Congo,COD,2015,27869.53394
Democratic Republic of Congo,COD,2016,26335.87428
Democratic Republic of Congo,COD,2017,24742.62745
Democratic Republic of Congo,COD,2018,23145.96806
Democratic Republic of Congo,COD,2019,22429.72726
Denmark,DNK,1990,1574.769613
Denmark,DNK,1991,1546.009733
Denmark,DNK,1992,1496.269695
Denmark,DNK,1993,1424.13447
Denmark,DNK,1994,1573.624946
Denmark,DNK,1995,1576.180609
Denmark,DNK,1996,1497.381477
Denmark,DNK,1997,1373.037718
Denmark,DNK,1998,1299.543291
Denmark,DNK,1999,1276.550293
Denmark,DNK,2000,1277.505814
Denmark,DNK,2001,1295.075955
Denmark,DNK,2002,1299.133915
Denmark,DNK,2003,1329.766373
Denmark,DNK,2004,1326.616966
Denmark,DNK,2005,1314.674422
Denmark,DNK,2006,1271.343712
Denmark,DNK,2007,1297.99799
Denmark,DNK,2008,1291.503441
Denmark,DNK,2009,1256.77431
Denmark,DNK,2010,1249.889486
Denmark,DNK,2011,1231.93925
Denmark,DNK,2012,1220.342263
Denmark,DNK,2013,1219.900897
Denmark,DNK,2014,1217.43622
Denmark,DNK,2015,1190.230053
Denmark,DNK,2016,1168.652948
Denmark,DNK,2017,1152.212496
Denmark,DNK,2018,1136.804637
Denmark,DNK,2019,1125.510079
Djibouti,DJI,1990,33361.17364
Djibouti,DJI,1991,35911.37166
Djibouti,DJI,1992,36218.19396
Djibouti,DJI,1993,35967.54194
Djibouti,DJI,1994,35772.04399
Djibouti,DJI,1995,35453.26794
Djibouti,DJI,1996,35245.02362
Djibouti,DJI,1997,35413.10105
Djibouti,DJI,1998,35530.30739
Djibouti,DJI,1999,35339.10269
Djibouti,DJI,2000,35642.3047
Djibouti,DJI,2001,35573.19073
Djibouti,DJI,2002,35184.9364
Djibouti,DJI,2003,34799.31962
Djibouti,DJI,2004,33494.34809
Djibouti,DJI,2005,32786.87237
Djibouti,DJI,2006,31901.08127
Djibouti,DJI,2007,30560.68257
Djibouti,DJI,2008,29427.13498
Djibouti,DJI,2009,28607.76877
Djibouti,DJI,2010,27620.02087
Djibouti,DJI,2011,26626.66315
Djibouti,DJI,2012,25610.69308
Djibouti,DJI,2013,24738.15647
Djibouti,DJI,2014,24262.66023
Djibouti,DJI,2015,23169.47662
Djibouti,DJI,2016,22192.25556
Djibouti,DJI,2017,21103.43491
Djibouti,DJI,2018,20013.12404
Djibouti,DJI,2019,19170.20677
Dominica,DMA,1990,5727.787643
Dominica,DMA,1991,5565.057196
Dominica,DMA,1992,5556.201828
Dominica,DMA,1993,5568.525823
Dominica,DMA,1994,5549.977729
Dominica,DMA,1995,5483.301395
Dominica,DMA,1996,5474.387624
Dominica,DMA,1997,5303.823907
Dominica,DMA,1998,5246.241297
Dominica,DMA,1999,5344.172764
Dominica,DMA,2000,5467.23627
Dominica,DMA,2001,5380.104566
Dominica,DMA,2002,5297.976098
Dominica,DMA,2003,5273.964736
Dominica,DMA,2004,5228.377116
Dominica,DMA,2005,5124.247753
Dominica,DMA,2006,5128.208217
Dominica,DMA,2007,5141.263122
Dominica,DMA,2008,5151.419783
Dominica,DMA,2009,5243.887055
Dominica,DMA,2010,5359.201006
Dominica,DMA,2011,5448.065949
Dominica,DMA,2012,5547.139556
Dominica,DMA,2013,5644.402619
Dominica,DMA,2014,5806.244274
Dominica,DMA,2015,5891.258306
Dominica,DMA,2016,5804.890213
Dominica,DMA,2017,5770.751902
Dominica,DMA,2018,5796.754251
Dominica,DMA,2019,5790.781163
Dominican Republic,DOM,1990,13324.75145
Dominican Republic,DOM,1991,13146.86846
Dominican Republic,DOM,1992,12813.48092
Dominican Republic,DOM,1993,12662.97552
Dominican Republic,DOM,1994,12362.544
Dominican Republic,DOM,1995,12226.84855
Dominican Republic,DOM,1996,11969.13771
Dominican Republic,DOM,1997,11847.33703
Dominican Republic,DOM,1998,11619.11566
Dominican Republic,DOM,1999,11412.83189
Dominican Republic,DOM,2000,11235.05717
Dominican Republic,DOM,2001,10959.71684
Dominican Republic,DOM,2002,10450.28093
Dominican Republic,DOM,2003,10205.84555
Dominican Republic,DOM,2004,10151.97375
Dominican Republic,DOM,2005,9845.066915
Dominican Republic,DOM,2006,9446.60533
Dominican Republic,DOM,2007,9008.202487
Dominican Republic,DOM,2008,8377.505875
Dominican Republic,DOM,2009,8128.911814
Dominican Republic,DOM,2010,7989.194745
Dominican Republic,DOM,2011,8074.391696
Dominican Republic,DOM,2012,8198.438179
Dominican Republic,DOM,2013,8170.433155
Dominican Republic,DOM,2014,7765.227785
Dominican Republic,DOM,2015,7564.51909
Dominican Republic,DOM,2016,7354.619289
Dominican Republic,DOM,2017,7094.938889
Dominican Republic,DOM,2018,6845.974779
Dominican Republic,DOM,2019,6624.666585
East Asia & Pacific (WB),,1990,11556.97691
East Asia & Pacific (WB),,1991,11248.10164
East Asia & Pacific (WB),,1992,10895.41185
East Asia & Pacific (WB),,1993,10541.27324
East Asia & Pacific (WB),,1994,10214.90687
East Asia & Pacific (WB),,1995,10049.18106
East Asia & Pacific (WB),,1996,9652.853912
East Asia & Pacific (WB),,1997,9300.465664
East Asia & Pacific (WB),,1998,8982.647118
East Asia & Pacific (WB),,1999,8655.875941
East Asia & Pacific (WB),,2000,8187.237556
East Asia & Pacific (WB),,2001,7799.625579
East Asia & Pacific (WB),,2002,7455.44239
East Asia & Pacific (WB),,2003,6937.056483
East Asia & Pacific (WB),,2004,6640.913945
East Asia & Pacific (WB),,2005,6317.886032
East Asia & Pacific (WB),,2006,5999.266647
East Asia & Pacific (WB),,2007,5713.207354
East Asia & Pacific (WB),,2008,5475.886159
East Asia & Pacific (WB),,2009,5266.605856
East Asia & Pacific (WB),,2010,5038.093797
East Asia & Pacific (WB),,2011,4783.92654
East Asia & Pacific (WB),,2012,4539.101456
East Asia & Pacific (WB),,2013,4349.010839
East Asia & Pacific (WB),,2014,4219.441836
East Asia & Pacific (WB),,2015,4049.810713
East Asia & Pacific (WB),,2016,3844.854509
East Asia & Pacific (WB),,2017,3732.413755
East Asia & Pacific (WB),,2018,3604.735554
East Asia & Pacific (WB),,2019,3499.816762
Eastern Mediterranean Region (WHO),,1990,21921.97321
Eastern Mediterranean Region (WHO),,1991,21398.39615
Eastern Mediterranean Region (WHO),,1992,20969.60281
Eastern Mediterranean Region (WHO),,1993,20721.76967
Eastern Mediterranean Region (WHO),,1994,20478.65296
Eastern Mediterranean Region (WHO),,1995,20166.44083
Eastern Mediterranean Region (WHO),,1996,19674.70818
Eastern Mediterranean Region (WHO),,1997,19273.39474
Eastern Mediterranean Region (WHO),,1998,18830.79177
Eastern Mediterranean Region (WHO),,1999,18390.78958
Eastern Mediterranean Region (WHO),,2000,17869.60532
Eastern Mediterranean Region (WHO),,2001,17374.64674
Eastern Mediterranean Region (WHO),,2002,16975.26169
Eastern Mediterranean Region (WHO),,2003,16473.0023
Eastern Mediterranean Region (WHO),,2004,15959.03598
Eastern Mediterranean Region (WHO),,2005,15412.69071
Eastern Mediterranean Region (WHO),,2006,15000.4382
Eastern Mediterranean Region (WHO),,2007,14450.91096
Eastern Mediterranean Region (WHO),,2008,13944.98224
Eastern Mediterranean Region (WHO),,2009,13532.29399
Eastern Mediterranean Region (WHO),,2010,13306.88656
Eastern Mediterranean Region (WHO),,2011,12971.11801
Eastern Mediterranean Region (WHO),,2012,12533.57396
Eastern Mediterranean Region (WHO),,2013,12241.39186
Eastern Mediterranean Region (WHO),,2014,11992.64194
Eastern Mediterranean Region (WHO),,2015,11722.46566
Eastern Mediterranean Region (WHO),,2016,11459.50074
Eastern Mediterranean Region (WHO),,2017,11228.73657
Eastern Mediterranean Region (WHO),,2018,10750.19436
Eastern Mediterranean Region (WHO),,2019,10400.16941
Ecuador,ECU,1990,10849.23834
Ecuador,ECU,1991,10644.77983
Ecuador,ECU,1992,10156.87711
Ecuador,ECU,1993,9749.392634
Ecuador,ECU,1994,9209.587904
Ecuador,ECU,1995,8993.150676
Ecuador,ECU,1996,8967.087985
Ecuador,ECU,1997,8707.651387
Ecuador,ECU,1998,8713.033023
Ecuador,ECU,1999,8778.697359
Ecuador,ECU,2000,8507.710336
Ecuador,ECU,2001,8037.854206
Ecuador,ECU,2002,7774.10001
Ecuador,ECU,2003,7478.608201
Ecuador,ECU,2004,7184.419348
Ecuador,ECU,2005,6920.222354
Ecuador,ECU,2006,6701.530436
Ecuador,ECU,2007,6416.915052
Ecuador,ECU,2008,6129.263783
Ecuador,ECU,2009,5815.498459
Ecuador,ECU,2010,5574.1829
Ecuador,ECU,2011,5114.467243
Ecuador,ECU,2012,4896.910794
Ecuador,ECU,2013,4735.130777
Ecuador,ECU,2014,4574.949339
Ecuador,ECU,2015,4444.108779
Ecuador,ECU,2016,4348.516995
Ecuador,ECU,2017,4302.649383
Ecuador,ECU,2018,4152.171437
Ecuador,ECU,2019,4046.599228
Egypt,EGY,1990,15982.1871
Egypt,EGY,1991,15174.75427
Egypt,EGY,1992,14329.64338
Egypt,EGY,1993,13525.26095
Egypt,EGY,1994,12701.54044
Egypt,EGY,1995,11991.78808
Egypt,EGY,1996,10992.91579
Egypt,EGY,1997,10312.44196
Egypt,EGY,1998,9765.039307
Egypt,EGY,1999,9235.311026
Egypt,EGY,2000,8670.002692
Egypt,EGY,2001,8252.111657
Egypt,EGY,2002,7865.882958
Egypt,EGY,2003,7594.372975
Egypt,EGY,2004,7257.178986
Egypt,EGY,2005,6962.287927
Egypt,EGY,2006,6674.541855
Egypt,EGY,2007,6420.6882
Egypt,EGY,2008,6094.774733
Egypt,EGY,2009,5836.42106
Egypt,EGY,2010,5474.201537
Egypt,EGY,2011,5215.897211
Egypt,EGY,2012,4912.602819
Egypt,EGY,2013,4702.594195
Egypt,EGY,2014,4454.244373
Egypt,EGY,2015,4508.469663
Egypt,EGY,2016,4151.403675
Egypt,EGY,2017,3960.251708
Egypt,EGY,2018,3789.874896
Egypt,EGY,2019,3641.496086
El Salvador,SLV,1990,10771.82285
El Salvador,SLV,1991,10349.60918
El Salvador,SLV,1992,9708.426261
El Salvador,SLV,1993,9153.350195
El Salvador,SLV,1994,8741.494305
El Salvador,SLV,1995,8265.342384
El Salvador,SLV,1996,7974.207648
El Salvador,SLV,1997,7708.754541
El Salvador,SLV,1998,7491.531798
El Salvador,SLV,1999,7020.474531
El Salvador,SLV,2000,6726.765761
El Salvador,SLV,2001,6377.249098
El Salvador,SLV,2002,6079.143818
El Salvador,SLV,2003,6185.679289
El Salvador,SLV,2004,5753.619118
El Salvador,SLV,2005,5507.865995
El Salvador,SLV,2006,5309.680618
El Salvador,SLV,2007,5096.517875
El Salvador,SLV,2008,4907.914626
El Salvador,SLV,2009,4887.824182
El Salvador,SLV,2010,4594.223833
El Salvador,SLV,2011,4495.20629
El Salvador,SLV,2012,4348.876162
El Salvador,SLV,2013,4330.11317
El Salvador,SLV,2014,4259.660168
El Salvador,SLV,2015,4118.498171
El Salvador,SLV,2016,3983.391219
El Salvador,SLV,2017,3832.96748
El Salvador,SLV,2018,3682.095458
El Salvador,SLV,2019,3549.831762
England,,1990,2052.655775
England,,1991,2021.266589
England,,1992,1970.460052
England,,1993,2015.721658
England,,1994,2026.016969
England,,1995,2041.288212
England,,1996,2039.602709
England,,1997,2010.30091
England,,1998,1980.035668
England,,1999,1974.13521
England,,2000,1902.33038
England,,2001,1808.138191
England,,2002,1750.15513
England,,2003,1743.163336
England,,2004,1681.955234
England,,2005,1654.985567
England,,2006,1631.494218
England,,2007,1603.421136
England,,2008,1579.033978
England,,2009,1540.386655
England,,2010,1500.42571
England,,2011,1474.03276
England,,2012,1443.636183
England,,2013,1419.420286
England,,2014,1401.538013
England,,2015,1410.05699
England,,2016,1402.872456
England,,2017,1389.445443
England,,2018,1387.733303
England,,2019,1390.384248
Equatorial Guinea,GNQ,1990,58632.21861
Equatorial Guinea,GNQ,1991,58095.25837
Equatorial Guinea,GNQ,1992,57332.73117
Equatorial Guinea,GNQ,1993,56656.02587
Equatorial Guinea,GNQ,1994,56261.15943
Equatorial Guinea,GNQ,1995,55378.07694
Equatorial Guinea,GNQ,1996,53852.9165
Equatorial Guinea,GNQ,1997,49515.51339
Equatorial Guinea,GNQ,1998,46603.93145
Equatorial Guinea,GNQ,1999,43943.51585
Equatorial Guinea,GNQ,2000,41491.74637
Equatorial Guinea,GNQ,2001,38776.72042
Equatorial Guinea,GNQ,2002,36903.23453
Equatorial Guinea,GNQ,2003,35981.38027
Equatorial Guinea,GNQ,2004,34794.86328
Equatorial Guinea,GNQ,2005,33942.41389
Equatorial Guinea,GNQ,2006,32402.14306
Equatorial Guinea,GNQ,2007,31404.52744
Equatorial Guinea,GNQ,2008,30305.3774
Equatorial Guinea,GNQ,2009,28818.72842
Equatorial Guinea,GNQ,2010,28829.64692
Equatorial Guinea,GNQ,2011,29712.28899
Equatorial Guinea,GNQ,2012,29298.75375
Equatorial Guinea,GNQ,2013,27171.87763
Equatorial Guinea,GNQ,2014,26064.90916
Equatorial Guinea,GNQ,2015,26564.44255
Equatorial Guinea,GNQ,2016,25875.10266
Equatorial Guinea,GNQ,2017,24268.30583
Equatorial Guinea,GNQ,2018,23530.45888
Equatorial Guinea,GNQ,2019,23292.13118
Eritrea,ERI,1990,61302.72178
Eritrea,ERI,1991,59371.25994
Eritrea,ERI,1992,55496.937
Eritrea,ERI,1993,52903.11338
Eritrea,ERI,1994,51030.43156
Eritrea,ERI,1995,49990.9712
Eritrea,ERI,1996,48895.04999
Eritrea,ERI,1997,47528.55514
Eritrea,ERI,1998,46600.8839
Eritrea,ERI,1999,45369.33953
Eritrea,ERI,2000,43912.38795
Eritrea,ERI,2001,42581.59906
Eritrea,ERI,2002,40358.95932
Eritrea,ERI,2003,39198.19789
Eritrea,ERI,2004,37980.64031
Eritrea,ERI,2005,36897.48342
Eritrea,ERI,2006,35735.54986
Eritrea,ERI,2007,34487.31072
Eritrea,ERI,2008,33396.32172
Eritrea,ERI,2009,32540.18681
Eritrea,ERI,2010,31706.68768
Eritrea,ERI,2011,30785.04513
Eritrea,ERI,2012,29620.83889
Eritrea,ERI,2013,28454.99464
Eritrea,ERI,2014,27395.08304
Eritrea,ERI,2015,26215.06754
Eritrea,ERI,2016,25253.28855
Eritrea,ERI,2017,24293.63434
Eritrea,ERI,2018,23302.98305
Eritrea,ERI,2019,22347.26359
Estonia,EST,1990,2900.846581
Estonia,EST,1991,2941.901657
Estonia,EST,1992,3060.142734
Estonia,EST,1993,3156.891837
Estonia,EST,1994,3282.322052
Estonia,EST,1995,3302.485824
Estonia,EST,1996,2914.628454
Estonia,EST,1997,2810.043973
Estonia,EST,1998,2761.362934
Estonia,EST,1999,2651.472014
Estonia,EST,2000,2563.117094
Estonia,EST,2001,2482.036099
Estonia,EST,2002,2294.684004
Estonia,EST,2003,2190.090224
Estonia,EST,2004,2109.319978
Estonia,EST,2005,2006.299163
Estonia,EST,2006,1955.08259
Estonia,EST,2007,1864.652302
Estonia,EST,2008,1751.908662
Estonia,EST,2009,1677.728575
Estonia,EST,2010,1576.6011
Estonia,EST,2011,1564.4575
Estonia,EST,2012,1526.072408
Estonia,EST,2013,1477.988141
Estonia,EST,2014,1459.156243
Estonia,EST,2015,1420.018043
Estonia,EST,2016,1391.753871
Estonia,EST,2017,1364.150842
Estonia,EST,2018,1340.094862
Estonia,EST,2019,1317.266657
Eswatini,SWZ,1990,24441.71742
Eswatini,SWZ,1991,24121.55081
Eswatini,SWZ,1992,24488.59228
Eswatini,SWZ,1993,25412.71787
Eswatini,SWZ,1994,27838.28501
Eswatini,SWZ,1995,31589.12527
Eswatini,SWZ,1996,37201.34143
Eswatini,SWZ,1997,42728.71121
Eswatini,SWZ,1998,50027.26819
Eswatini,SWZ,1999,57623.24548
Eswatini,SWZ,2000,65914.13469
Eswatini,SWZ,2001,73745.47195
Eswatini,SWZ,2002,79709.63274
Eswatini,SWZ,2003,85297.64599
Eswatini,SWZ,2004,89329.47557
Eswatini,SWZ,2005,88956.08219
Eswatini,SWZ,2006,84820.44446
Eswatini,SWZ,2007,81024.67418
Eswatini,SWZ,2008,77737.97827
Eswatini,SWZ,2009,74032.90131
Eswatini,SWZ,2010,67334.86626
Eswatini,SWZ,2011,60381.02144
Eswatini,SWZ,2012,56388.94218
Eswatini,SWZ,2013,52063.15429
Eswatini,SWZ,2014,47253.74002
Eswatini,SWZ,2015,43056.13054
Eswatini,SWZ,2016,39706.33983
Eswatini,SWZ,2017,36978.85721
Eswatini,SWZ,2018,34862.42319
Eswatini,SWZ,2019,33569.75905
Ethiopia,ETH,1990,64788.49152
Ethiopia,ETH,1991,64626.9444
Ethiopia,ETH,1992,64343.37798
Ethiopia,ETH,1993,63737.21317
Ethiopia,ETH,1994,63427.31538
Ethiopia,ETH,1995,62927.95358
Ethiopia,ETH,1996,61930.37552
Ethiopia,ETH,1997,60661.67673
Ethiopia,ETH,1998,59216.82284
Ethiopia,ETH,1999,57686.46009
Ethiopia,ETH,2000,56131.22664
Ethiopia,ETH,2001,53830.78116
Ethiopia,ETH,2002,51289.58267
Ethiopia,ETH,2003,49168.99807
Ethiopia,ETH,2004,46677.10812
Ethiopia,ETH,2005,43683.59282
Ethiopia,ETH,2006,40831.05234
Ethiopia,ETH,2007,37640.23102
Ethiopia,ETH,2008,34707.42699
Ethiopia,ETH,2009,32217.23533
Ethiopia,ETH,2010,29939.05902
Ethiopia,ETH,2011,27790.34703
Ethiopia,ETH,2012,26127.00448
Ethiopia,ETH,2013,24780.36195
Ethiopia,ETH,2014,23376.03597
Ethiopia,ETH,2015,22217.35608
Ethiopia,ETH,2016,21085.46174
Ethiopia,ETH,2017,19926.40838
Ethiopia,ETH,2018,18913.70484
Ethiopia,ETH,2019,18035.95741
Europe & Central Asia (WB),,1990,5110.058885
Europe & Central Asia (WB),,1991,5023.624615
Europe & Central Asia (WB),,1992,4994.737113
Europe & Central Asia (WB),,1993,5029.481704
Europe & Central Asia (WB),,1994,5056.501004
Europe & Central Asia (WB),,1995,4969.984035
Europe & Central Asia (WB),,1996,4804.554731
Europe & Central Asia (WB),,1997,4609.079957
Europe & Central Asia (WB),,1998,4432.165197
Europe & Central Asia (WB),,1999,4323.650278
Europe & Central Asia (WB),,2000,4170.317732
Europe & Central Asia (WB),,2001,4003.777085
Europe & Central Asia (WB),,2002,3854.854264
Europe & Central Asia (WB),,2003,3726.574049
Europe & Central Asia (WB),,2004,3570.568645
Europe & Central Asia (WB),,2005,3485.884048
Europe & Central Asia (WB),,2006,3319.882452
Europe & Central Asia (WB),,2007,3183.926687
Europe & Central Asia (WB),,2008,3069.083662
Europe & Central Asia (WB),,2009,2957.094821
Europe & Central Asia (WB),,2010,2865.699216
Europe & Central Asia (WB),,2011,2781.064407
Europe & Central Asia (WB),,2012,2733.198902
Europe & Central Asia (WB),,2013,2655.945238
Europe & Central Asia (WB),,2014,2608.100594
Europe & Central Asia (WB),,2015,2556.423706
Europe & Central Asia (WB),,2016,2498.937232
Europe & Central Asia (WB),,2017,2397.258839
Europe & Central Asia (WB),,2018,2348.929731
Europe & Central Asia (WB),,2019,2301.306978
European Region (WHO),,1990,5089.167847
European Region (WHO),,1991,5000.309796
European Region (WHO),,1992,4969.885659
European Region (WHO),,1993,5000.39722
European Region (WHO),,1994,5024.69618
European Region (WHO),,1995,4936.373574
European Region (WHO),,1996,4769.154202
European Region (WHO),,1997,4573.084036
European Region (WHO),,1998,4397.068816
European Region (WHO),,1999,4288.975919
European Region (WHO),,2000,4136.666629
European Region (WHO),,2001,3970.7459
European Region (WHO),,2002,3822.951767
European Region (WHO),,2003,3696.514028
European Region (WHO),,2004,3541.824159
European Region (WHO),,2005,3457.535321
European Region (WHO),,2006,3293.533326
European Region (WHO),,2007,3158.801432
European Region (WHO),,2008,3045.081348
European Region (WHO),,2009,2934.017997
European Region (WHO),,2010,2842.608292
European Region (WHO),,2011,2758.60957
European Region (WHO),,2012,2711.364248
European Region (WHO),,2013,2634.667903
European Region (WHO),,2014,2587.205633
European Region (WHO),,2015,2535.87577
European Region (WHO),,2016,2479.279876
European Region (WHO),,2017,2377.586403
European Region (WHO),,2018,2329.128137
European Region (WHO),,2019,2281.624643
Fiji,FJI,1990,8303.919224
Fiji,FJI,1991,8199.50137
Fiji,FJI,1992,7949.409056
Fiji,FJI,1993,8038.220324
Fiji,FJI,1994,8004.997636
Fiji,FJI,1995,7911.601751
Fiji,FJI,1996,7953.084558
Fiji,FJI,1997,7929.619076
Fiji,FJI,1998,7806.039052
Fiji,FJI,1999,7835.880289
Fiji,FJI,2000,7826.351496
Fiji,FJI,2001,7759.560387
Fiji,FJI,2002,7632.625569
Fiji,FJI,2003,7639.302357
Fiji,FJI,2004,7500.647633
Fiji,FJI,2005,7305.058236
Fiji,FJI,2006,7172.033975
Fiji,FJI,2007,6958.499173
Fiji,FJI,2008,6779.881016
Fiji,FJI,2009,6602.315468
Fiji,FJI,2010,6480.355354
Fiji,FJI,2011,6396.46729
Fiji,FJI,2012,6303.175364
Fiji,FJI,2013,6214.528298
Fiji,FJI,2014,6157.446463
Fiji,FJI,2015,6141.717003
Fiji,FJI,2016,6146.044421
Fiji,FJI,2017,6083.109076
Fiji,FJI,2018,5977.586385
Fiji,FJI,2019,5899.655816
Finland,FIN,1990,1648.314066
Finland,FIN,1991,1627.357672
Finland,FIN,1992,1575.761482
Finland,FIN,1993,1521.039345
Finland,FIN,1994,1478.071301
Finland,FIN,1995,1433.042415
Finland,FIN,1996,1418.484239
Finland,FIN,1997,1384.063361
Finland,FIN,1998,1353.527546
Finland,FIN,1999,1320.482129
Finland,FIN,2000,1270.524681
Finland,FIN,2001,1186.109403
Finland,FIN,2002,1127.02698
Finland,FIN,2003,1087.064859
Finland,FIN,2004,1039.005064
Finland,FIN,2005,962.9034925
Finland,FIN,2006,896.735807
Finland,FIN,2007,872.004429
Finland,FIN,2008,837.771649
Finland,FIN,2009,802.427809
Finland,FIN,2010,779.4975941
Finland,FIN,2011,759.8145802
Finland,FIN,2012,744.756782
Finland,FIN,2013,702.333205
Finland,FIN,2014,705.939639
Finland,FIN,2015,679.0391164
Finland,FIN,2016,683.2351932
Finland,FIN,2017,685.395018
Finland,FIN,2018,685.9890823
Finland,FIN,2019,688.2617117
France,FRA,1990,1738.65371
France,FRA,1991,1812.264944
France,FRA,1992,1823.141773
France,FRA,1993,1821.597111
France,FRA,1994,1800.925663
France,FRA,1995,1728.334279
France,FRA,1996,1627.904999
France,FRA,1997,1451.193887
France,FRA,1998,1408.269131
France,FRA,1999,1379.073084
France,FRA,2000,1360.993119
France,FRA,2001,1342.670389
France,FRA,2002,1306.037771
France,FRA,2003,1288.738225
France,FRA,2004,1242.813644
France,FRA,2005,1205.650635
France,FRA,2006,1189.680054
France,FRA,2007,1168.078277
France,FRA,2008,1158.499765
France,FRA,2009,1141.444521
France,FRA,2010,1126.914181
France,FRA,2011,1095.849592
France,FRA,2012,1092.816062
France,FRA,2013,1087.607244
France,FRA,2014,1063.922329
France,FRA,2015,1074.563728
France,FRA,2016,1062.597559
France,FRA,2017,1042.341579
France,FRA,2018,1028.441429
France,FRA,2019,1014.74598
G20,,1990,15036.37748
G20,,1991,14778.53211
G20,,1992,14534.50979
G20,,1993,14094.39718
G20,,1994,13674.19236
G20,,1995,13284.73423
G20,,1996,12853.37046
G20,,1997,12585.81912
G20,,1998,12334.04109
G20,,1999,12072.22305
G20,,2000,11773.27189
G20,,2001,11421.38232
G20,,2002,11104.55445
G20,,2003,10774.2827
G20,,2004,10497.15779
G20,,2005,10235.05366
G20,,2006,9869.361337
G20,,2007,9507.384932
G20,,2008,9183.182192
G20,,2009,8797.92767
G20,,2010,8461.858272
G20,,2011,8121.877907
G20,,2012,7724.68226
G20,,2013,7397.358499
G20,,2014,7064.686197
G20,,2015,6738.303091
G20,,2016,6270.151114
G20,,2017,6039.767569
G20,,2018,5883.109219
G20,,2019,5684.799994
Gabon,GAB,1990,29661.91058
Gabon,GAB,1991,28946.08356
Gabon,GAB,1992,28830.44337
Gabon,GAB,1993,29373.73643
Gabon,GAB,1994,29778.78421
Gabon,GAB,1995,29661.76927
Gabon,GAB,1996,30730.75477
Gabon,GAB,1997,30399.28043
Gabon,GAB,1998,30960.45285
Gabon,GAB,1999,31978.51924
Gabon,GAB,2000,32514.7312
Gabon,GAB,2001,32579.73566
Gabon,GAB,2002,32138.89272
Gabon,GAB,2003,31808.82711
Gabon,GAB,2004,30890.53982
Gabon,GAB,2005,28739.61586
Gabon,GAB,2006,27346.23518
Gabon,GAB,2007,26428.2387
Gabon,GAB,2008,25931.91849
Gabon,GAB,2009,25102.54344
Gabon,GAB,2010,24336.945
Gabon,GAB,2011,23540.67467
Gabon,GAB,2012,22115.18901
Gabon,GAB,2013,20580.84498
Gabon,GAB,2014,19487.26844
Gabon,GAB,2015,18675.63359
Gabon,GAB,2016,17860.65545
Gabon,GAB,2017,17058.66109
Gabon,GAB,2018,16264.65088
Gabon,GAB,2019,15597.68837
Gambia,GMB,1990,37066.14773
Gambia,GMB,1991,36499.20854
Gambia,GMB,1992,35757.72144
Gambia,GMB,1993,35842.58309
Gambia,GMB,1994,35877.72091
Gambia,GMB,1995,34519.14365
Gambia,GMB,1996,35451.33558
Gambia,GMB,1997,36258.71128
Gambia,GMB,1998,34575.24206
Gambia,GMB,1999,33410.91525
Gambia,GMB,2000,34218.42159
Gambia,GMB,2001,34239.50159
Gambia,GMB,2002,33841.87833
Gambia,GMB,2003,33059.06875
Gambia,GMB,2004,31083.59135
Gambia,GMB,2005,30190.0038
Gambia,GMB,2006,29870.21915
Gambia,GMB,2007,29301.75032
Gambia,GMB,2008,29146.99107
Gambia,GMB,2009,28119.36936
Gambia,GMB,2010,27306.90093
Gambia,GMB,2011,27498.57746
Gambia,GMB,2012,26461.59391
Gambia,GMB,2013,25658.61659
Gambia,GMB,2014,24096.25174
Gambia,GMB,2015,23813.95622
Gambia,GMB,2016,22338.79923
Gambia,GMB,2017,20747.07131
Gambia,GMB,2018,20090.74439
Gambia,GMB,2019,19207.34301
Georgia,GEO,1990,8384.266565
Georgia,GEO,1991,8254.28733
Georgia,GEO,1992,8232.536956
Georgia,GEO,1993,8259.640219
Georgia,GEO,1994,8200.516834
Georgia,GEO,1995,8037.377105
Georgia,GEO,1996,7920.707621
Georgia,GEO,1997,7844.060685
Georgia,GEO,1998,7752.698038
Georgia,GEO,1999,7588.825122
Georgia,GEO,2000,7390.142368
Georgia,GEO,2001,7055.486903
Georgia,GEO,2002,6677.380408
Georgia,GEO,2003,6243.049293
Georgia,GEO,2004,5895.977729
Georgia,GEO,2005,5505.345224
Georgia,GEO,2006,5015.317888
Georgia,GEO,2007,4726.383561
Georgia,GEO,2008,4555.758614
Georgia,GEO,2009,4361.221613
Georgia,GEO,2010,4071.31818
Georgia,GEO,2011,3859.405387
Georgia,GEO,2012,3733.675675
Georgia,GEO,2013,3533.954294
Georgia,GEO,2014,3395.379228
Georgia,GEO,2015,3277.768007
Georgia,GEO,2016,3193.382847
Georgia,GEO,2017,3101.698007
Georgia,GEO,2018,3015.498546
Georgia,GEO,2019,2929.548314
Germany,DEU,1990,1581.430849
Germany,DEU,1991,1534.789922
Germany,DEU,1992,1468.26736
Germany,DEU,1993,1438.673943
Germany,DEU,1994,1409.525011
Germany,DEU,1995,1355.050694
Germany,DEU,1996,1304.176007
Germany,DEU,1997,1252.101234
Germany,DEU,1998,1219.13374
Germany,DEU,1999,1209.316196
Germany,DEU,2000,1191.177763
Germany,DEU,2001,1185.845697
Germany,DEU,2002,1184.905469
Germany,DEU,2003,1191.912862
Germany,DEU,2004,1180.416481
Germany,DEU,2005,1169.102563
Germany,DEU,2006,1161.764329
Germany,DEU,2007,1165.46574
Germany,DEU,2008,1151.658208
Germany,DEU,2009,1145.662284
Germany,DEU,2010,1134.784514
Germany,DEU,2011,1132.113413
Germany,DEU,2012,1106.245239
Germany,DEU,2013,1100.322623
Germany,DEU,2014,1085.784767
Germany,DEU,2015,1097.201135
Germany,DEU,2016,1103.709528
Germany,DEU,2017,1063.94447
Germany,DEU,2018,1048.095971
Germany,DEU,2019,1036.393599
Ghana,GHA,1990,38169.03037
Ghana,GHA,1991,37543.837
Ghana,GHA,1992,37134.43358
Ghana,GHA,1993,36581.16321
Ghana,GHA,1994,36468.65076
Ghana,GHA,1995,36486.44485
Ghana,GHA,1996,36604.25226
Ghana,GHA,1997,37106.98431
Ghana,GHA,1998,36529.9806
Ghana,GHA,1999,36491.56959
Ghana,GHA,2000,36511.40405
Ghana,GHA,2001,36543.16558
Ghana,GHA,2002,36337.36839
Ghana,GHA,2003,35934.13497
Ghana,GHA,2004,35389.59825
Ghana,GHA,2005,34746.12603
Ghana,GHA,2006,34048.81143
Ghana,GHA,2007,33299.14094
Ghana,GHA,2008,32442.33652
Ghana,GHA,2009,31470.53716
Ghana,GHA,2010,30352.2161
Ghana,GHA,2011,28746.37721
Ghana,GHA,2012,27367.23886
Ghana,GHA,2013,26364.19777
Ghana,GHA,2014,25361.34691
Ghana,GHA,2015,24430.31845
Ghana,GHA,2016,23350.03776
Ghana,GHA,2017,22336.89344
Ghana,GHA,2018,21254.45817
Ghana,GHA,2019,20202.90536
Greece,GRC,1990,1718.30325
Greece,GRC,1991,1623.847361
Greece,GRC,1992,1586.070674
Greece,GRC,1993,1586.626024
Greece,GRC,1994,1578.424846
Greece,GRC,1995,1557.467795
Greece,GRC,1996,1516.591075
Greece,GRC,1997,1463.181901
Greece,GRC,1998,1459.516171
Greece,GRC,1999,1413.165281
Greece,GRC,2000,1349.953839
Greece,GRC,2001,1294.198318
Greece,GRC,2002,1282.654798
Greece,GRC,2003,1219.357308
Greece,GRC,2004,1201.775088
Greece,GRC,2005,1164.339617
Greece,GRC,2006,1119.618772
Greece,GRC,2007,1090.083122
Greece,GRC,2008,1044.530065
Greece,GRC,2009,1050.079857
Greece,GRC,2010,1068.184662
Greece,GRC,2011,1055.605493
Greece,GRC,2012,1052.016511
Greece,GRC,2013,1091.047289
Greece,GRC,2014,1145.531282
Greece,GRC,2015,1177.088995
Greece,GRC,2016,1220.059005
Greece,GRC,2017,1152.415933
Greece,GRC,2018,1134.620038
Greece,GRC,2019,1117.408222
Greenland,GRL,1990,6169.682252
Greenland,GRL,1991,5997.852724
Greenland,GRL,1992,5861.597454
Greenland,GRL,1993,5746.32573
Greenland,GRL,1994,5560.333174
Greenland,GRL,1995,5397.015518
Greenland,GRL,1996,5151.878071
Greenland,GRL,1997,4884.183768
Greenland,GRL,1998,4555.274812
Greenland,GRL,1999,4412.979652
Greenland,GRL,2000,4234.574198
Greenland,GRL,2001,4089.876097
Greenland,GRL,2002,3872.282547
Greenland,GRL,2003,3656.805916
Greenland,GRL,2004,3497.053226
Greenland,GRL,2005,3391.661943
Greenland,GRL,2006,3273.797332
Greenland,GRL,2007,3168.105012
Greenland,GRL,2008,3082.088436
Greenland,GRL,2009,2989.979319
Greenland,GRL,2010,2855.957071
Greenland,GRL,2011,2810.798865
Greenland,GRL,2012,2794.88997
Greenland,GRL,2013,2789.781346
Greenland,GRL,2014,2718.991665
Greenland,GRL,2015,2665.993637
Greenland,GRL,2016,2543.55441
Greenland,GRL,2017,2478.279477
Greenland,GRL,2018,2429.871201
Greenland,GRL,2019,2383.645989
Grenada,GRD,1990,6708.509388
Grenada,GRD,1991,6270.341033
Grenada,GRD,1992,6149.853862
Grenada,GRD,1993,6088.980174
Grenada,GRD,1994,5988.863519
Grenada,GRD,1995,5826.260734
Grenada,GRD,1996,5705.708976
Grenada,GRD,1997,5561.609361
Grenada,GRD,1998,5458.000928
Grenada,GRD,1999,5406.765497
Grenada,GRD,2000,5318.669113
Grenada,GRD,2001,5302.166439
Grenada,GRD,2002,5191.04348
Grenada,GRD,2003,5079.527682
Grenada,GRD,2004,4987.661554
Grenada,GRD,2005,4812.702625
Grenada,GRD,2006,4724.647503
Grenada,GRD,2007,4641.440462
Grenada,GRD,2008,4580.791734
Grenada,GRD,2009,4529.713409
Grenada,GRD,2010,4551.789263
Grenada,GRD,2011,4543.504744
Grenada,GRD,2012,4503.742926
Grenada,GRD,2013,4543.620656
Grenada,GRD,2014,4618.075458
Grenada,GRD,2015,4620.165868
Grenada,GRD,2016,4539.255404
Grenada,GRD,2017,4394.722079
Grenada,GRD,2018,4335.001987
Grenada,GRD,2019,4248.318858
Guam,GUM,1990,3758.294812
Guam,GUM,1991,3760.467848
Guam,GUM,1992,3734.320183
Guam,GUM,1993,3705.706805
Guam,GUM,1994,3660.112741
Guam,GUM,1995,3600.557229
Guam,GUM,1996,3555.531572
Guam,GUM,1997,3524.950144
Guam,GUM,1998,3494.545383
Guam,GUM,1999,3465.519465
Guam,GUM,2000,3452.626674
Guam,GUM,2001,3475.427592
Guam,GUM,2002,3503.393595
Guam,GUM,2003,3561.522086
Guam,GUM,2004,3556.482914
Guam,GUM,2005,3538.74019
Guam,GUM,2006,3566.099327
Guam,GUM,2007,3572.350565
Guam,GUM,2008,3597.062844
Guam,GUM,2009,3630.406236
Guam,GUM,2010,3654.908637
Guam,GUM,2011,3654.580469
Guam,GUM,2012,3655.794029
Guam,GUM,2013,3660.902894
Guam,GUM,2014,3691.247434
Guam,GUM,2015,3732.610332
Guam,GUM,2016,3755.549574
Guam,GUM,2017,3744.791079
Guam,GUM,2018,3739.154445
Guam,GUM,2019,3731.664041
Guatemala,GTM,1990,26959.24503
Guatemala,GTM,1991,26289.68381
Guatemala,GTM,1992,25336.86569
Guatemala,GTM,1993,23977.14341
Guatemala,GTM,1994,22635.59818
Guatemala,GTM,1995,20531.20137
Guatemala,GTM,1996,19140.97998
Guatemala,GTM,1997,18640.09246
Guatemala,GTM,1998,18004.68752
Guatemala,GTM,1999,16920.31355
Guatemala,GTM,2000,16124.0138
Guatemala,GTM,2001,15700.12286
Guatemala,GTM,2002,14832.46541
Guatemala,GTM,2003,13925.48511
Guatemala,GTM,2004,13119.17625
Guatemala,GTM,2005,12577.3542
Guatemala,GTM,2006,11785.98703
Guatemala,GTM,2007,11137.91035
Guatemala,GTM,2008,10507.0062
Guatemala,GTM,2009,9965.466372
Guatemala,GTM,2010,9350.254421
Guatemala,GTM,2011,8823.496637
Guatemala,GTM,2012,8421.850951
Guatemala,GTM,2013,8103.440657
Guatemala,GTM,2014,7775.994038
Guatemala,GTM,2015,7449.704146
Guatemala,GTM,2016,7241.684266
Guatemala,GTM,2017,6942.9423
Guatemala,GTM,2018,6796.593855
Guatemala,GTM,2019,6649.445716
Guinea,GIN,1990,57578.11617
Guinea,GIN,1991,56177.97542
Guinea,GIN,1992,55522.13549
Guinea,GIN,1993,54579.49579
Guinea,GIN,1994,53669.64824
Guinea,GIN,1995,53336.46333
Guinea,GIN,1996,52300.96641
Guinea,GIN,1997,51057.38403
Guinea,GIN,1998,50754.89232
Guinea,GIN,1999,50898.90259
Guinea,GIN,2000,50837.50563
Guinea,GIN,2001,49601.08746
Guinea,GIN,2002,48396.62396
Guinea,GIN,2003,47072.43019
Guinea,GIN,2004,45714.372
Guinea,GIN,2005,44600.9258
Guinea,GIN,2006,43473.00268
Guinea,GIN,2007,42427.30941
Guinea,GIN,2008,41556.58325
Guinea,GIN,2009,40541.26664
Guinea,GIN,2010,39292.57668
Guinea,GIN,2011,38271.07319
Guinea,GIN,2012,37491.42083
Guinea,GIN,2013,36630.03143
Guinea,GIN,2014,37951.45286
Guinea,GIN,2015,36234.54983
Guinea,GIN,2016,34333.19462
Guinea,GIN,2017,32829.74764
Guinea,GIN,2018,31301.99868
Guinea,GIN,2019,30054.11021
Guinea-Bissau,GNB,1990,61706.66287
Guinea-Bissau,GNB,1991,60351.98753
Guinea-Bissau,GNB,1992,59275.00139
Guinea-Bissau,GNB,1993,58291.32403
Guinea-Bissau,GNB,1994,58207.42315
Guinea-Bissau,GNB,1995,56583.9056
Guinea-Bissau,GNB,1996,59811.37126
Guinea-Bissau,GNB,1997,58341.52606
Guinea-Bissau,GNB,1998,55207.08414
Guinea-Bissau,GNB,1999,58086.80376
Guinea-Bissau,GNB,2000,53485.26718
Guinea-Bissau,GNB,2001,52210.16044
Guinea-Bissau,GNB,2002,51104.27364
Guinea-Bissau,GNB,2003,49872.44334
Guinea-Bissau,GNB,2004,48629.75329
Guinea-Bissau,GNB,2005,48743.62788
Guinea-Bissau,GNB,2006,45791.76394
Guinea-Bissau,GNB,2007,43037.349
Guinea-Bissau,GNB,2008,41648.61394
Guinea-Bissau,GNB,2009,39308.68095
Guinea-Bissau,GNB,2010,37651.71156
Guinea-Bissau,GNB,2011,36108.97577
Guinea-Bissau,GNB,2012,34926.19256
Guinea-Bissau,GNB,2013,33623.54066
Guinea-Bissau,GNB,2014,32664.9711
Guinea-Bissau,GNB,2015,31606.40722
Guinea-Bissau,GNB,2016,30113.06937
Guinea-Bissau,GNB,2017,29030.64064
Guinea-Bissau,GNB,2018,28310.79387
Guinea-Bissau,GNB,2019,27090.34978
Guyana,GUY,1990,15740.37744
Guyana,GUY,1991,15678.51499
Guyana,GUY,1992,15315.4915
Guyana,GUY,1993,15163.81818
Guyana,GUY,1994,15255.71479
Guyana,GUY,1995,15822.56822
Guyana,GUY,1996,15123.75125
Guyana,GUY,1997,14570.33148
Guyana,GUY,1998,14510.41737
Guyana,GUY,1999,13938.58704
Guyana,GUY,2000,13728.68114
Guyana,GUY,2001,13937.73479
Guyana,GUY,2002,13779.19691
Guyana,GUY,2003,13264.21639
Guyana,GUY,2004,12965.69559
Guyana,GUY,2005,12676.05269
Guyana,GUY,2006,11894.87522
Guyana,GUY,2007,11382.11488
Guyana,GUY,2008,11056.79027
Guyana,GUY,2009,10694.94721
Guyana,GUY,2010,10518.78738
Guyana,GUY,2011,10632.38009
Guyana,GUY,2012,10538.67465
Guyana,GUY,2013,10212.00003
Guyana,GUY,2014,9729.062295
Guyana,GUY,2015,9319.859128
Guyana,GUY,2016,9015.269172
Guyana,GUY,2017,8756.374632
Guyana,GUY,2018,8455.450506
Guyana,GUY,2019,8290.33425
Haiti,HTI,1990,32881.16548
Haiti,HTI,1991,33750.123
Haiti,HTI,1992,33652.49889
Haiti,HTI,1993,34212.94064
Haiti,HTI,1994,34756.22434
Haiti,HTI,1995,34726.79344
Haiti,HTI,1996,34518.80008
Haiti,HTI,1997,33675.55406
Haiti,HTI,1998,33780.20071
Haiti,HTI,1999,32756.24944
Haiti,HTI,2000,31809.82087
Haiti,HTI,2001,30717.73026
Haiti,HTI,2002,29885.25039
Haiti,HTI,2003,28947.81192
Haiti,HTI,2004,27972.16048
Haiti,HTI,2005,27123.79974
Haiti,HTI,2006,26020.42166
Haiti,HTI,2007,24737.08348
Haiti,HTI,2008,23795.18576
Haiti,HTI,2009,23067.36666
Haiti,HTI,2010,23637.68996
Haiti,HTI,2011,25188.6297
Haiti,HTI,2012,21048.54065
Haiti,HTI,2013,20633.36266
Haiti,HTI,2014,19860.04268
Haiti,HTI,2015,19255.39551
Haiti,HTI,2016,18648.8395
Haiti,HTI,2017,17344.81632
Haiti,HTI,2018,16714.08524
Haiti,HTI,2019,16218.63333
Honduras,HND,1990,12455.01413
Honduras,HND,1991,11919.78527
Honduras,HND,1992,11560.87954
Honduras,HND,1993,11141.76034
Honduras,HND,1994,10701.22453
Honduras,HND,1995,10469.05008
Honduras,HND,1996,9998.616055
Honduras,HND,1997,9619.521985
Honduras,HND,1998,9266.079119
Honduras,HND,1999,8860.966031
Honduras,HND,2000,8390.681469
Honduras,HND,2001,8064.484356
Honduras,HND,2002,7729.632525
Honduras,HND,2003,7448.890973
Honduras,HND,2004,7128.679125
Honduras,HND,2005,6873.296582
Honduras,HND,2006,6660.041117
Honduras,HND,2007,6452.678253
Honduras,HND,2008,6199.42521
Honduras,HND,2009,6000.181745
Honduras,HND,2010,5894.363367
Honduras,HND,2011,5673.171177
Honduras,HND,2012,5388.725025
Honduras,HND,2013,5299.927113
Honduras,HND,2014,5111.898486
Honduras,HND,2015,4956.006449
Honduras,HND,2016,4800.695316
Honduras,HND,2017,4643.66225
Honduras,HND,2018,4503.251559
Honduras,HND,2019,4443.692165
Hungary,HUN,1990,3313.320736
Hungary,HUN,1991,3355.186144
Hungary,HUN,1992,3125.458108
Hungary,HUN,1993,2925.586665
Hungary,HUN,1994,2737.688626
Hungary,HUN,1995,2581.602625
Hungary,HUN,1996,2494.571268
Hungary,HUN,1997,2381.674403
Hungary,HUN,1998,2304.348702
Hungary,HUN,1999,2161.869245
Hungary,HUN,2000,2156.512326
Hungary,HUN,2001,2001.70726
Hungary,HUN,2002,1903.544487
Hungary,HUN,2003,1844.505173
Hungary,HUN,2004,1760.603457
Hungary,HUN,2005,1705.352493
Hungary,HUN,2006,1641.111288
Hungary,HUN,2007,1626.897906
Hungary,HUN,2008,1580.873783
Hungary,HUN,2009,1532.190542
Hungary,HUN,2010,1511.784105
Hungary,HUN,2011,1493.205218
Hungary,HUN,2012,1474.193355
Hungary,HUN,2013,1469.02963
Hungary,HUN,2014,1441.781344
Hungary,HUN,2015,1451.92276
Hungary,HUN,2016,1376.86278
Hungary,HUN,2017,1348.816437
Hungary,HUN,2018,1323.232953
Hungary,HUN,2019,1292.038431
Iceland,ISL,1990,1637.902839
Iceland,ISL,1991,1601.774458
Iceland,ISL,1992,1580.217674
Iceland,ISL,1993,1545.271469
Iceland,ISL,1994,1514.350909
Iceland,ISL,1995,1494.710027
Iceland,ISL,1996,1452.801643
Iceland,ISL,1997,1376.03403
Iceland,ISL,1998,1301.327253
Iceland,ISL,1999,1249.249843
Iceland,ISL,2000,1199.547124
Iceland,ISL,2001,1149.599057
Iceland,ISL,2002,1117.953868
Iceland,ISL,2003,1096.593702
Iceland,ISL,2004,1072.169114
Iceland,ISL,2005,1060.623803
Iceland,ISL,2006,1042.883456
Iceland,ISL,2007,1032.179163
Iceland,ISL,2008,1021.087944
Iceland,ISL,2009,997.4774291
Iceland,ISL,2010,976.6357655
Iceland,ISL,2011,952.6130891
Iceland,ISL,2012,945.1111552
Iceland,ISL,2013,937.0485149
Iceland,ISL,2014,923.092973
Iceland,ISL,2015,924.5448519
Iceland,ISL,2016,924.1344365
Iceland,ISL,2017,925.5201537
Iceland,ISL,2018,916.9743707
Iceland,ISL,2019,907.5522055
India,IND,1990,33895.89802
India,IND,1991,33375.63339
India,IND,1992,32893.74589
India,IND,1993,31463.62257
India,IND,1994,30056.13326
India,IND,1995,29081.07874
India,IND,1996,28119.09604
India,IND,1997,27700.57503
India,IND,1998,27128.21549
India,IND,1999,26414.99809
India,IND,2000,25728.69953
India,IND,2001,24907.13888
India,IND,2002,24039.61687
India,IND,2003,23118.64752
India,IND,2004,22267.71786
India,IND,2005,21683.08422
India,IND,2006,20985.52778
India,IND,2007,20284.67245
India,IND,2008,19615.25296
India,IND,2009,18650.4477
India,IND,2010,17907.34386
India,IND,2011,17295.98846
India,IND,2012,16497.53002
India,IND,2013,15829.94116
India,IND,2014,14983.53477
India,IND,2015,14332.53
India,IND,2016,13288.66211
India,IND,2017,12696.28517
India,IND,2018,12319.54919
India,IND,2019,11801.44436
Indonesia,IDN,1990,22689.21096
Indonesia,IDN,1991,21717.80715
Indonesia,IDN,1992,20734.904
Indonesia,IDN,1993,19910.15104
Indonesia,IDN,1994,19082.91031
Indonesia,IDN,1995,18293.6337
Indonesia,IDN,1996,17510.31295
Indonesia,IDN,1997,16888.67228
Indonesia,IDN,1998,16476.29159
Indonesia,IDN,1999,15954.21089
Indonesia,IDN,2000,15317.35938
Indonesia,IDN,2001,14802.06292
Indonesia,IDN,2002,14315.6396
Indonesia,IDN,2003,13840.4893
Indonesia,IDN,2004,13344.60199
Indonesia,IDN,2005,12798.21242
Indonesia,IDN,2006,12342.17966
Indonesia,IDN,2007,11883.95559
Indonesia,IDN,2008,11435.88915
Indonesia,IDN,2009,11007.72912
Indonesia,IDN,2010,10622.96153
Indonesia,IDN,2011,10168.74739
Indonesia,IDN,2012,9760.283869
Indonesia,IDN,2013,9447.471217
Indonesia,IDN,2014,9136.861599
Indonesia,IDN,2015,8857.098225
Indonesia,IDN,2016,8505.723494
Indonesia,IDN,2017,8257.960796
Indonesia,IDN,2018,7866.801583
Indonesia,IDN,2019,7587.896079
Iran,IRN,1990,9690.675767
Iran,IRN,1991,9470.558544
Iran,IRN,1992,9081.344356
Iran,IRN,1993,8573.857674
Iran,IRN,1994,8129.124515
Iran,IRN,1995,7804.175916
Iran,IRN,1996,7473.481786
Iran,IRN,1997,7174.582009
Iran,IRN,1998,6909.824026
Iran,IRN,1999,6676.612597
Iran,IRN,2000,6390.216995
Iran,IRN,2001,6120.585896
Iran,IRN,2002,5841.262593
Iran,IRN,2003,5571.78607
Iran,IRN,2004,5287.267206
Iran,IRN,2005,5087.554239
Iran,IRN,2006,4897.479215
Iran,IRN,2007,4714.054674
Iran,IRN,2008,4553.988158
Iran,IRN,2009,4425.274068
Iran,IRN,2010,4295.617909
Iran,IRN,2011,4163.071169
Iran,IRN,2012,4051.324398
Iran,IRN,2013,3920.761499
Iran,IRN,2014,3717.732691
Iran,IRN,2015,3419.903883
Iran,IRN,2016,2965.419455
Iran,IRN,2017,2727.618923
Iran,IRN,2018,2560.074851
Iran,IRN,2019,2434.489231
Iraq,IRQ,1990,10994.57865
Iraq,IRQ,1991,10492.60473
Iraq,IRQ,1992,10182.94229
Iraq,IRQ,1993,10218.47304
Iraq,IRQ,1994,10180.49047
Iraq,IRQ,1995,10105.06558
Iraq,IRQ,1996,9830.449507
Iraq,IRQ,1997,9554.839412
Iraq,IRQ,1998,9225.954351
Iraq,IRQ,1999,8869.616686
Iraq,IRQ,2000,8514.917318
Iraq,IRQ,2001,8143.577997
Iraq,IRQ,2002,7847.679717
Iraq,IRQ,2003,7625.985734
Iraq,IRQ,2004,7360.788738
Iraq,IRQ,2005,7215.074877
Iraq,IRQ,2006,6969.960231
Iraq,IRQ,2007,6563.17499
Iraq,IRQ,2008,6225.266698
Iraq,IRQ,2009,5936.265499
Iraq,IRQ,2010,5578.295721
Iraq,IRQ,2011,5189.931495
Iraq,IRQ,2012,4848.895953
Iraq,IRQ,2013,4614.823429
Iraq,IRQ,2014,4433.320591
Iraq,IRQ,2015,4227.432316
Iraq,IRQ,2016,4029.197502
Iraq,IRQ,2017,3822.927258
Iraq,IRQ,2018,3617.090347
Iraq,IRQ,2019,3432.800138
Ireland,IRL,1990,1859.863277
Ireland,IRL,1991,1811.416481
Ireland,IRL,1992,1755.298856
Ireland,IRL,1993,1748.252683
Ireland,IRL,1994,1727.538281
Ireland,IRL,1995,1797.176832
Ireland,IRL,1996,1763.28311
Ireland,IRL,1997,1749.799343
Ireland,IRL,1998,1717.873257
Ireland,IRL,1999,1739.015952
Ireland,IRL,2000,1682.569752
Ireland,IRL,2001,1616.061596
Ireland,IRL,2002,1524.095699
Ireland,IRL,2003,1465.079658
Ireland,IRL,2004,1374.086863
Ireland,IRL,2005,1282.411152
Ireland,IRL,2006,1218.983814
Ireland,IRL,2007,1159.620659
Ireland,IRL,2008,1149.430432
Ireland,IRL,2009,1106.900886
Ireland,IRL,2010,1072.572706
Ireland,IRL,2011,1041.295232
Ireland,IRL,2012,1023.165114
Ireland,IRL,2013,1019.641433
Ireland,IRL,2014,996.9337866
Ireland,IRL,2015,997.1261991
Ireland,IRL,2016,971.1915021
Ireland,IRL,2017,972.3961621
Ireland,IRL,2018,966.8970375
Ireland,IRL,2019,962.8443788
Israel,ISR,1990,1964.53832
Israel,ISR,1991,1890.52778
Israel,ISR,1992,1850.801778
Israel,ISR,1993,1737.066888
Israel,ISR,1994,1622.090865
Israel,ISR,1995,1588.354052
Israel,ISR,1996,1534.462294
Israel,ISR,1997,1538.333329
Israel,ISR,1998,1506.68809
Israel,ISR,1999,1479.023673
Israel,ISR,2000,1439.333309
Israel,ISR,2001,1395.739818
Israel,ISR,2002,1380.38085
Israel,ISR,2003,1351.120212
Israel,ISR,2004,1299.021821
Israel,ISR,2005,1272.912114
Israel,ISR,2006,1251.880923
Israel,ISR,2007,1242.966457
Israel,ISR,2008,1223.951591
Israel,ISR,2009,1202.361568
Israel,ISR,2010,1181.595206
Israel,ISR,2011,1173.320614
Israel,ISR,2012,1166.176947
Israel,ISR,2013,1142.300105
Israel,ISR,2014,1130.453273
Israel,ISR,2015,1125.140408
Israel,ISR,2016,1113.353188
Israel,ISR,2017,1085.055779
Israel,ISR,2018,1069.453842
Israel,ISR,2019,1056.373157
Italy,ITA,1990,1889.033752
Italy,ITA,1991,1910.697396
Italy,ITA,1992,1919.679968
Italy,ITA,1993,1896.371959
Italy,ITA,1994,1875.576447
Italy,ITA,1995,1831.002557
Italy,ITA,1996,1759.918905
Italy,ITA,1997,1555.774036
Italy,ITA,1998,1408.423321
Italy,ITA,1999,1347.914573
Italy,ITA,2000,1281.266699
Italy,ITA,2001,1256.457875
Italy,ITA,2002,1221.11818
Italy,ITA,2003,1206.766904
Italy,ITA,2004,1167.73743
Italy,ITA,2005,1139.787175
Italy,ITA,2006,1115.970638
Italy,ITA,2007,1102.728478
Italy,ITA,2008,1095.286913
Italy,ITA,2009,1086.446952
Italy,ITA,2010,1062.860511
Italy,ITA,2011,1044.390273
Italy,ITA,2012,1036.479485
Italy,ITA,2013,1013.221842
Italy,ITA,2014,991.9792485
Italy,ITA,2015,992.003227
Italy,ITA,2016,975.7120668
Italy,ITA,2017,959.1508144
Italy,ITA,2018,949.2919483
Italy,ITA,2019,944.2699184
Jamaica,JAM,1990,6331.228882
Jamaica,JAM,1991,6221.362986
Jamaica,JAM,1992,6238.286471
Jamaica,JAM,1993,6198.006828
Jamaica,JAM,1994,6164.117798
Jamaica,JAM,1995,6074.214724
Jamaica,JAM,1996,6041.431619
Jamaica,JAM,1997,6032.452557
Jamaica,JAM,1998,6048.248022
Jamaica,JAM,1999,6140.647441
Jamaica,JAM,2000,6365.520013
Jamaica,JAM,2001,6364.223364
Jamaica,JAM,2002,6091.392809
Jamaica,JAM,2003,5727.125074
Jamaica,JAM,2004,5639.700462
Jamaica,JAM,2005,4930.50412
Jamaica,JAM,2006,5108.989324
Jamaica,JAM,2007,5093.208105
Jamaica,JAM,2008,5116.390975
Jamaica,JAM,2009,4932.285884
Jamaica,JAM,2010,5200.380826
Jamaica,JAM,2011,4963.593621
Jamaica,JAM,2012,4988.099178
Jamaica,JAM,2013,4953.323579
Jamaica,JAM,2014,5041.263984
Jamaica,JAM,2015,4880.094268
Jamaica,JAM,2016,4787.47225
Jamaica,JAM,2017,4709.253135
Jamaica,JAM,2018,4635.571313
Jamaica,JAM,2019,4566.962284
Japan,JPN,1990,1675.770745
Japan,JPN,1991,1646.494348
Japan,JPN,1992,1634.010715
Japan,JPN,1993,1606.57365
Japan,JPN,1994,1568.755661
Japan,JPN,1995,1535.967422
Japan,JPN,1996,1468.530294
Japan,JPN,1997,1430.585511
Japan,JPN,1998,1411.404842
Japan,JPN,1999,1383.61546
Japan,JPN,2000,1327.542387
Japan,JPN,2001,1279.710258
Japan,JPN,2002,1248.634476
Japan,JPN,2003,1230.339864
Japan,JPN,2004,1203.224194
Japan,JPN,2005,1194.508898
Japan,JPN,2006,1168.321776
Japan,JPN,2007,1146.828717
Japan,JPN,2008,1129.059769
Japan,JPN,2009,1106.197734
Japan,JPN,2010,1095.166951
Japan,JPN,2011,1079.323354
Japan,JPN,2012,1058.880278
Japan,JPN,2013,1035.201553
Japan,JPN,2014,1012.962864
Japan,JPN,2015,993.217653
Japan,JPN,2016,980.8555387
Japan,JPN,2017,958.3148953
Japan,JPN,2018,958.4396513
Japan,JPN,2019,957.1415333
Jordan,JOR,1990,6158.443921
Jordan,JOR,1991,6020.302727
Jordan,JOR,1992,5831.78286
Jordan,JOR,1993,5701.209578
Jordan,JOR,1994,5519.753822
Jordan,JOR,1995,5384.798824
Jordan,JOR,1996,5288.200476
Jordan,JOR,1997,5142.094433
Jordan,JOR,1998,4878.712173
Jordan,JOR,1999,4706.094847
Jordan,JOR,2000,4551.242375
Jordan,JOR,2001,4404.786198
Jordan,JOR,2002,4254.703703
Jordan,JOR,2003,4134.149835
Jordan,JOR,2004,3899.661793
Jordan,JOR,2005,3673.903872
Jordan,JOR,2006,3573.672448
Jordan,JOR,2007,3511.817339
Jordan,JOR,2008,3411.328557
Jordan,JOR,2009,3298.204802
Jordan,JOR,2010,3199.627325
Jordan,JOR,2011,3113.965122
Jordan,JOR,2012,3004.923281
Jordan,JOR,2013,2943.078926
Jordan,JOR,2014,2952.881623
Jordan,JOR,2015,2937.246135
Jordan,JOR,2016,2976.877014
Jordan,JOR,2017,2977.827446
Jordan,JOR,2018,2884.818639
Jordan,JOR,2019,2845.127166
Kazakhstan,KAZ,1990,7498.520533
Kazakhstan,KAZ,1991,7578.093591
Kazakhstan,KAZ,1992,7831.150077
Kazakhstan,KAZ,1993,8106.220815
Kazakhstan,KAZ,1994,8410.687503
Kazakhstan,KAZ,1995,8759.248652
Kazakhstan,KAZ,1996,8901.748557
Kazakhstan,KAZ,1997,8864.448406
Kazakhstan,KAZ,1998,8590.507583
Kazakhstan,KAZ,1999,8265.04133
Kazakhstan,KAZ,2000,7980.574872
Kazakhstan,KAZ,2001,7664.5388
Kazakhstan,KAZ,2002,7350.35884
Kazakhstan,KAZ,2003,7055.138567
Kazakhstan,KAZ,2004,6782.675887
Kazakhstan,KAZ,2005,6560.125457
Kazakhstan,KAZ,2006,6253.123497
Kazakhstan,KAZ,2007,5906.688406
Kazakhstan,KAZ,2008,5516.677794
Kazakhstan,KAZ,2009,5134.471016
Kazakhstan,KAZ,2010,4819.173039
Kazakhstan,KAZ,2011,4467.636815
Kazakhstan,KAZ,2012,4190.863131
Kazakhstan,KAZ,2013,3935.205123
Kazakhstan,KAZ,2014,3702.786631
Kazakhstan,KAZ,2015,3538.817595
Kazakhstan,KAZ,2016,3378.493514
Kazakhstan,KAZ,2017,3266.959717
Kazakhstan,KAZ,2018,3203.457431
Kazakhstan,KAZ,2019,3133.79875
Kenya,KEN,1990,34321.92848
Kenya,KEN,1991,36629.80768
Kenya,KEN,1992,39510.4348
Kenya,KEN,1993,42581.44245
Kenya,KEN,1994,45822.46692
Kenya,KEN,1995,48345.59129
Kenya,KEN,1996,50629.20142
Kenya,KEN,1997,52614.39334
Kenya,KEN,1998,53893.8702
Kenya,KEN,1999,54448.1692
Kenya,KEN,2000,54031.62345
Kenya,KEN,2001,53562.05512
Kenya,KEN,2002,52740.17317
Kenya,KEN,2003,51644.87267
Kenya,KEN,2004,49622.21427
Kenya,KEN,2005,46850.4933
Kenya,KEN,2006,43667.25238
Kenya,KEN,2007,40418.8361
Kenya,KEN,2008,37667.66073
Kenya,KEN,2009,35177.10831
Kenya,KEN,2010,32880.89799
Kenya,KEN,2011,30877.59567
Kenya,KEN,2012,29278.71598
Kenya,KEN,2013,28096.14092
Kenya,KEN,2014,27007.7964
Kenya,KEN,2015,25610.49541
Kenya,KEN,2016,24209.18042
Kenya,KEN,2017,22982.11576
Kenya,KEN,2018,22034.7582
Kenya,KEN,2019,21312.05744
Kiribati,KIR,1990,28471.56663
Kiribati,KIR,1991,27980.15907
Kiribati,KIR,1992,27492.92081
Kiribati,KIR,1993,26985.97218
Kiribati,KIR,1994,26204.5024
Kiribati,KIR,1995,25492.03524
Kiribati,KIR,1996,24828.21334
Kiribati,KIR,1997,24209.0617
Kiribati,KIR,1998,23525.34687
Kiribati,KIR,1999,22791.23181
Kiribati,KIR,2000,22159.58887
Kiribati,KIR,2001,21631.33442
Kiribati,KIR,2002,21082.6416
Kiribati,KIR,2003,20515.20267
Kiribati,KIR,2004,20085.88373
Kiribati,KIR,2005,19571.27287
Kiribati,KIR,2006,19196.70274
Kiribati,KIR,2007,18604.04544
Kiribati,KIR,2008,18085.61854
Kiribati,KIR,2009,17740.87375
Kiribati,KIR,2010,17422.44651
Kiribati,KIR,2011,17129.73945
Kiribati,KIR,2012,16849.80929
Kiribati,KIR,2013,16465.78742
Kiribati,KIR,2014,16196.81729
Kiribati,KIR,2015,15798.79632
Kiribati,KIR,2016,15334.00655
Kiribati,KIR,2017,14863.20637
Kiribati,KIR,2018,14414.8278
Kiribati,KIR,2019,14017.59326
Kuwait,KWT,1990,3159.367024
Kuwait,KWT,1991,2520.985055
Kuwait,KWT,1992,2607.643993
Kuwait,KWT,1993,2398.814476
Kuwait,KWT,1994,2630.278967
Kuwait,KWT,1995,2394.285119
Kuwait,KWT,1996,2239.829602
Kuwait,KWT,1997,2389.272888
Kuwait,KWT,1998,2218.336904
Kuwait,KWT,1999,2249.139353
Kuwait,KWT,2000,2242.107594
Kuwait,KWT,2001,2063.138242
Kuwait,KWT,2002,2222.301651
Kuwait,KWT,2003,2209.932239
Kuwait,KWT,2004,2195.337895
Kuwait,KWT,2005,2184.333311
Kuwait,KWT,2006,2194.397053
Kuwait,KWT,2007,2216.329498
Kuwait,KWT,2008,2349.092018
Kuwait,KWT,2009,2450.128718
Kuwait,KWT,2010,2293.310314
Kuwait,KWT,2011,2203.343027
Kuwait,KWT,2012,2206.021712
Kuwait,KWT,2013,2231.902171
Kuwait,KWT,2014,2291.465529
Kuwait,KWT,2015,2318.647496
Kuwait,KWT,2016,2217.448688
Kuwait,KWT,2017,2184.992333
Kuwait,KWT,2018,2146.442749
Kuwait,KWT,2019,2121.605318
Kyrgyzstan,KGZ,1990,11035.32961
Kyrgyzstan,KGZ,1991,10740.92217
Kyrgyzstan,KGZ,1992,10489.91789
Kyrgyzstan,KGZ,1993,10362.24156
Kyrgyzstan,KGZ,1994,10302.63358
Kyrgyzstan,KGZ,1995,10169.18887
Kyrgyzstan,KGZ,1996,9943.508315
Kyrgyzstan,KGZ,1997,9874.839589
Kyrgyzstan,KGZ,1998,9658.959348
Kyrgyzstan,KGZ,1999,9429.275304
Kyrgyzstan,KGZ,2000,9242.327461
Kyrgyzstan,KGZ,2001,9082.004806
Kyrgyzstan,KGZ,2002,8898.274906
Kyrgyzstan,KGZ,2003,8666.58434
Kyrgyzstan,KGZ,2004,8395.79064
Kyrgyzstan,KGZ,2005,8256.967954
Kyrgyzstan,KGZ,2006,8090.985351
Kyrgyzstan,KGZ,2007,7705.106327
Kyrgyzstan,KGZ,2008,6989.117236
Kyrgyzstan,KGZ,2009,6500.306968
Kyrgyzstan,KGZ,2010,6052.284049
Kyrgyzstan,KGZ,2011,5667.995484
Kyrgyzstan,KGZ,2012,5476.226596
Kyrgyzstan,KGZ,2013,5400.487898
Kyrgyzstan,KGZ,2014,5267.783571
Kyrgyzstan,KGZ,2015,4990.78925
Kyrgyzstan,KGZ,2016,4603.059229
Kyrgyzstan,KGZ,2017,4332.66835
Kyrgyzstan,KGZ,2018,4264.989041
Kyrgyzstan,KGZ,2019,4160.66174
Laos,LAO,1990,44241.92689
Laos,LAO,1991,42610.66798
Laos,LAO,1992,41266.38633
Laos,LAO,1993,40054.31672
Laos,LAO,1994,39033.02449
Laos,LAO,1995,37219.34692
Laos,LAO,1996,36015.25307
Laos,LAO,1997,34598.03244
Laos,LAO,1998,33217.23927
Laos,LAO,1999,31885.74905
Laos,LAO,2000,30813.90716
Laos,LAO,2001,29339.27272
Laos,LAO,2002,27803.83513
Laos,LAO,2003,26484.80136
Laos,LAO,2004,25207.09338
Laos,LAO,2005,23966.74663
Laos,LAO,2006,22806.07437
Laos,LAO,2007,21614.93593
Laos,LAO,2008,20182.40668
Laos,LAO,2009,18951.08582
Laos,LAO,2010,17859.24559
Laos,LAO,2011,16807.76658
Laos,LAO,2012,15858.25928
Laos,LAO,2013,14992.25787
Laos,LAO,2014,14131.78482
Laos,LAO,2015,13365.08221
Laos,LAO,2016,12737.97879
Laos,LAO,2017,12203.92
Laos,LAO,2018,11602.26949
Laos,LAO,2019,11072.62952
Latin America & Caribbean (WB),,1990,11200.07316
Latin America & Caribbean (WB),,1991,10891.18918
Latin America & Caribbean (WB),,1992,10415.87609
Latin America & Caribbean (WB),,1993,10067.18303
Latin America & Caribbean (WB),,1994,9712.809795
Latin America & Caribbean (WB),,1995,9393.642807
Latin America & Caribbean (WB),,1996,9016.052634
Latin America & Caribbean (WB),,1997,8633.410007
Latin America & Caribbean (WB),,1998,8332.835904
Latin America & Caribbean (WB),,1999,7990.905813
Latin America & Caribbean (WB),,2000,7699.038088
Latin America & Caribbean (WB),,2001,7446.945938
Latin America & Caribbean (WB),,2002,7209.744306
Latin America & Caribbean (WB),,2003,7017.11558
Latin America & Caribbean (WB),,2004,6758.331268
Latin America & Caribbean (WB),,2005,6536.359974
Latin America & Caribbean (WB),,2006,6324.154351
Latin America & Caribbean (WB),,2007,6131.708542
Latin America & Caribbean (WB),,2008,5947.95456
Latin America & Caribbean (WB),,2009,5818.060086
Latin America & Caribbean (WB),,2010,5681.072253
Latin America & Caribbean (WB),,2011,5564.001135
Latin America & Caribbean (WB),,2012,5333.246322
Latin America & Caribbean (WB),,2013,5227.316634
Latin America & Caribbean (WB),,2014,5072.301849
Latin America & Caribbean (WB),,2015,4941.647576
Latin America & Caribbean (WB),,2016,4835.766349
Latin America & Caribbean (WB),,2017,4703.021954
Latin America & Caribbean (WB),,2018,4577.432814
Latin America & Caribbean (WB),,2019,4458.781519
Latvia,LVA,1990,2968.803358
Latvia,LVA,1991,3152.695689
Latvia,LVA,1992,3350.487046
Latvia,LVA,1993,3500.944482
Latvia,LVA,1994,3654.528133
Latvia,LVA,1995,3662.148434
Latvia,LVA,1996,3384.443937
Latvia,LVA,1997,3236.731279
Latvia,LVA,1998,3180.362599
Latvia,LVA,1999,2958.695872
Latvia,LVA,2000,2803.796706
Latvia,LVA,2001,2753.972745
Latvia,LVA,2002,2679.374598
Latvia,LVA,2003,2612.004467
Latvia,LVA,2004,2500.073413
Latvia,LVA,2005,2501.49577
Latvia,LVA,2006,2522.188736
Latvia,LVA,2007,2481.515127
Latvia,LVA,2008,2345.022734
Latvia,LVA,2009,2232.740803
Latvia,LVA,2010,2180.368755
Latvia,LVA,2011,2127.181912
Latvia,LVA,2012,2084.648044
Latvia,LVA,2013,2048.392899
Latvia,LVA,2014,1948.557731
Latvia,LVA,2015,1910.336574
Latvia,LVA,2016,1798.78234
Latvia,LVA,2017,1792.059887
Latvia,LVA,2018,1766.776804
Latvia,LVA,2019,1742.814857
Lebanon,LBN,1990,6321.336383
Lebanon,LBN,1991,6062.67132
Lebanon,LBN,1992,5834.842833
Lebanon,LBN,1993,5659.682738
Lebanon,LBN,1994,5387.366769
Lebanon,LBN,1995,5105.849096
Lebanon,LBN,1996,4843.741999
Lebanon,LBN,1997,4586.828314
Lebanon,LBN,1998,4356.393917
Lebanon,LBN,1999,4149.153132
Lebanon,LBN,2000,4022.122521
Lebanon,LBN,2001,3833.251696
Lebanon,LBN,2002,3702.643779
Lebanon,LBN,2003,3591.276876
Lebanon,LBN,2004,3511.873514
Lebanon,LBN,2005,3458.03889
Lebanon,LBN,2006,3448.902966
Lebanon,LBN,2007,3372.512067
Lebanon,LBN,2008,3279.002198
Lebanon,LBN,2009,3111.391974
Lebanon,LBN,2010,3000.813951
Lebanon,LBN,2011,2847.691673
Lebanon,LBN,2012,2690.451047
Lebanon,LBN,2013,2649.116076
Lebanon,LBN,2014,2652.275839
Lebanon,LBN,2015,2595.647303
Lebanon,LBN,2016,2526.42426
Lebanon,LBN,2017,2468.039445
Lebanon,LBN,2018,2407.242199
Lebanon,LBN,2019,2366.428236
Lesotho,LSO,1990,31279.41855
Lesotho,LSO,1991,31847.25295
Lesotho,LSO,1992,33071.20217
Lesotho,LSO,1993,35018.13706
Lesotho,LSO,1994,37864.74421
Lesotho,LSO,1995,41379.81744
Lesotho,LSO,1996,45715.97741
Lesotho,LSO,1997,50924.31415
Lesotho,LSO,1998,56964.01721
Lesotho,LSO,1999,63207.87205
Lesotho,LSO,2000,69444.66263
Lesotho,LSO,2001,74171.00612
Lesotho,LSO,2002,79039.94601
Lesotho,LSO,2003,83831.98024
Lesotho,LSO,2004,87679.64182
Lesotho,LSO,2005,88794.94716
Lesotho,LSO,2006,86782.78236
Lesotho,LSO,2007,81149.21916
Lesotho,LSO,2008,74529.82491
Lesotho,LSO,2009,69676.99285
Lesotho,LSO,2010,66234.49911
Lesotho,LSO,2011,65666.88511
Lesotho,LSO,2012,66773.98336
Lesotho,LSO,2013,67123.86601
Lesotho,LSO,2014,66905.34904
Lesotho,LSO,2015,64661.44195
Lesotho,LSO,2016,60163.88619
Lesotho,LSO,2017,55954.37205
Lesotho,LSO,2018,53524.71401
Lesotho,LSO,2019,52129.20986
Liberia,LBR,1990,67486.678
Liberia,LBR,1991,61303.06931
Liberia,LBR,1992,61187.01653
Liberia,LBR,1993,62306.92826
Liberia,LBR,1994,61736.93864
Liberia,LBR,1995,60778.73785
Liberia,LBR,1996,59300.07221
Liberia,LBR,1997,59022.15228
Liberia,LBR,1998,57905.0305
Liberia,LBR,1999,55850.87192
Liberia,LBR,2000,53695.714
Liberia,LBR,2001,51858.2236
Liberia,LBR,2002,49959.99492
Liberia,LBR,2003,47882.62183
Liberia,LBR,2004,45047.98069
Liberia,LBR,2005,42169.15037
Liberia,LBR,2006,39621.2527
Liberia,LBR,2007,37672.04781
Liberia,LBR,2008,36312.00415
Liberia,LBR,2009,34606.77013
Liberia,LBR,2010,33049.78335
Liberia,LBR,2011,32287.91376
Liberia,LBR,2012,31130.16277
Liberia,LBR,2013,30065.96346
Liberia,LBR,2014,39214.7043
Liberia,LBR,2015,32795.77981
Liberia,LBR,2016,28424.07371
Liberia,LBR,2017,27279.74206
Liberia,LBR,2018,26014.29274
Liberia,LBR,2019,24857.2468
Libya,LBY,1990,7095.963711
Libya,LBY,1991,6767.04779
Libya,LBY,1992,6402.800389
Libya,LBY,1993,6093.791209
Libya,LBY,1994,5804.345175
Libya,LBY,1995,5476.94308
Libya,LBY,1996,5117.01427
Libya,LBY,1997,4868.768171
Libya,LBY,1998,4622.672909
Libya,LBY,1999,4407.711398
Libya,LBY,2000,4236.983741
Libya,LBY,2001,4071.201443
Libya,LBY,2002,3938.004103
Libya,LBY,2003,3785.058723
Libya,LBY,2004,3597.539714
Libya,LBY,2005,3437.390396
Libya,LBY,2006,3268.807881
Libya,LBY,2007,3208.155066
Libya,LBY,2008,3121.90228
Libya,LBY,2009,3052.769466
Libya,LBY,2010,2970.028249
Libya,LBY,2011,2885.741129
Libya,LBY,2012,2755.091744
Libya,LBY,2013,2707.078854
Libya,LBY,2014,2700.317483
Libya,LBY,2015,2697.978582
Libya,LBY,2016,2697.183351
Libya,LBY,2017,2691.444802
Libya,LBY,2018,2638.078935
Libya,LBY,2019,2579.128257
Lithuania,LTU,1990,2453.55739
Lithuania,LTU,1991,2711.585266
Lithuania,LTU,1992,2873.421029
Lithuania,LTU,1993,2946.390957
Lithuania,LTU,1994,2957.713533
Lithuania,LTU,1995,2797.840091
Lithuania,LTU,1996,2522.22644
Lithuania,LTU,1997,2375.808765
Lithuania,LTU,1998,2306.927748
Lithuania,LTU,1999,2245.060075
Lithuania,LTU,2000,2178.750614
Lithuania,LTU,2001,2174.598764
Lithuania,LTU,2002,2170.737785
Lithuania,LTU,2003,2170.442906
Lithuania,LTU,2004,2207.879253
Lithuania,LTU,2005,2242.170541
Lithuania,LTU,2006,2255.896728
Lithuania,LTU,2007,2263.120466
Lithuania,LTU,2008,2144.678889
Lithuania,LTU,2009,1966.792027
Lithuania,LTU,2010,1899.614727
Lithuania,LTU,2011,1824.792379
Lithuania,LTU,2012,1756.708506
Lithuania,LTU,2013,1744.15878
Lithuania,LTU,2014,1708.76109
Lithuania,LTU,2015,1693.287433
Lithuania,LTU,2016,1688.678999
Lithuania,LTU,2017,1561.315016
Lithuania,LTU,2018,1539.164914
Lithuania,LTU,2019,1511.01075
Luxembourg,LUX,1990,1667.276143
Luxembourg,LUX,1991,1643.192315
Luxembourg,LUX,1992,1586.390074
Luxembourg,LUX,1993,1541.572233
Luxembourg,LUX,1994,1477.934945
Luxembourg,LUX,1995,1417.948956
Luxembourg,LUX,1996,1389.399438
Luxembourg,LUX,1997,1339.864622
Luxembourg,LUX,1998,1328.588852
Luxembourg,LUX,1999,1319.152192
Luxembourg,LUX,2000,1296.00185
Luxembourg,LUX,2001,1284.13237
Luxembourg,LUX,2002,1264.554259
Luxembourg,LUX,2003,1235.897042
Luxembourg,LUX,2004,1183.848923
Luxembourg,LUX,2005,1137.181901
Luxembourg,LUX,2006,1101.536937
Luxembourg,LUX,2007,1075.520279
Luxembourg,LUX,2008,1052.669014
Luxembourg,LUX,2009,1044.154492
Luxembourg,LUX,2010,1041.157964
Luxembourg,LUX,2011,1027.077887
Luxembourg,LUX,2012,1005.773001
Luxembourg,LUX,2013,1004.062909
Luxembourg,LUX,2014,994.8924176
Luxembourg,LUX,2015,993.0902939
Luxembourg,LUX,2016,990.8223105
Luxembourg,LUX,2017,975.025051
Luxembourg,LUX,2018,961.0164009
Luxembourg,LUX,2019,948.3529713
Madagascar,MDG,1990,44317.31862
Madagascar,MDG,1991,43396.89232
Madagascar,MDG,1992,42540.99025
Madagascar,MDG,1993,42109.17915
Madagascar,MDG,1994,40758.88795
Madagascar,MDG,1995,38794.43236
Madagascar,MDG,1996,37999.63909
Madagascar,MDG,1997,37168.56278
Madagascar,MDG,1998,36290.91955
Madagascar,MDG,1999,35340.6403
Madagascar,MDG,2000,34213.11488
Madagascar,MDG,2001,33342.24552
Madagascar,MDG,2002,32907.66882
Madagascar,MDG,2003,32104.49833
Madagascar,MDG,2004,31352.99433
Madagascar,MDG,2005,30308.67698
Madagascar,MDG,2006,29591.49376
Madagascar,MDG,2007,28802.70881
Madagascar,MDG,2008,27914.45825
Madagascar,MDG,2009,27314.77006
Madagascar,MDG,2010,26829.23292
Madagascar,MDG,2011,26100.69583
Madagascar,MDG,2012,25394.37347
Madagascar,MDG,2013,24818.29477
Madagascar,MDG,2014,24113.59049
Madagascar,MDG,2015,23454.4744
Madagascar,MDG,2016,22785.29215
Madagascar,MDG,2017,22080.50493
Madagascar,MDG,2018,21385.91142
Madagascar,MDG,2019,20622.22568
Malawi,MWI,1990,67720.68138
Malawi,MWI,1991,69611.68417
Malawi,MWI,1992,72425.84456
Malawi,MWI,1993,77205.14531
Malawi,MWI,1994,81870.47502
Malawi,MWI,1995,83523.82308
Malawi,MWI,1996,84066.40441
Malawi,MWI,1997,84671.34618
Malawi,MWI,1998,85203.76157
Malawi,MWI,1999,84775.64765
Malawi,MWI,2000,83179.92085
Malawi,MWI,2001,81972.6548
Malawi,MWI,2002,80059.13921
Malawi,MWI,2003,77454.70505
Malawi,MWI,2004,75049.22756
Malawi,MWI,2005,71586.95252
Malawi,MWI,2006,66929.50218
Malawi,MWI,2007,61515.38494
Malawi,MWI,2008,55699.27384
Malawi,MWI,2009,50335.59611
Malawi,MWI,2010,45957.25142
Malawi,MWI,2011,41755.33963
Malawi,MWI,2012,37589.35908
Malawi,MWI,2013,34434.72524
Malawi,MWI,2014,32365.33331
Malawi,MWI,2015,30933.40989
Malawi,MWI,2016,29834.47451
Malawi,MWI,2017,28119.984
Malawi,MWI,2018,26372.75759
Malawi,MWI,2019,25068.66082
Malaysia,MYS,1990,6395.77853
Malaysia,MYS,1991,6258.639813
Malaysia,MYS,1992,6115.329253
Malaysia,MYS,1993,6065.784764
Malaysia,MYS,1994,6022.735356
Malaysia,MYS,1995,6030.124043
Malaysia,MYS,1996,5734.719975
Malaysia,MYS,1997,5678.111747
Malaysia,MYS,1998,5424.478982
Malaysia,MYS,1999,5520.89471
Malaysia,MYS,2000,5016.744549
Malaysia,MYS,2001,4857.100124
Malaysia,MYS,2002,4757.61884
Malaysia,MYS,2003,4680.765968
Malaysia,MYS,2004,4558.242425
Malaysia,MYS,2005,4471.798926
Malaysia,MYS,2006,4397.324933
Malaysia,MYS,2007,4456.7897
Malaysia,MYS,2008,4606.373583
Malaysia,MYS,2009,4799.659944
Malaysia,MYS,2010,4739.442475
Malaysia,MYS,2011,4790.374097
Malaysia,MYS,2012,4886.449286
Malaysia,MYS,2013,4738.759619
Malaysia,MYS,2014,4882.378766
Malaysia,MYS,2015,4934.472694
Malaysia,MYS,2016,4754.429799
Malaysia,MYS,2017,4636.657321
Malaysia,MYS,2018,4424.758959
Malaysia,MYS,2019,4363.733517
Maldives,MDV,1990,15258.87205
Maldives,MDV,1991,14248.13461
Maldives,MDV,1992,13240.41686
Maldives,MDV,1993,12379.40229
Maldives,MDV,1994,11589.5288
Maldives,MDV,1995,10820.57225
Maldives,MDV,1996,9999.318579
Maldives,MDV,1997,9180.319384
Maldives,MDV,1998,8657.952719
Maldives,MDV,1999,8227.261086
Maldives,MDV,2000,7799.606384
Maldives,MDV,2001,7370.745588
Maldives,MDV,2002,6941.463208
Maldives,MDV,2003,6457.413403
Maldives,MDV,2004,5962.674402
Maldives,MDV,2005,5645.149089
Maldives,MDV,2006,5151.649057
Maldives,MDV,2007,4868.692608
Maldives,MDV,2008,4676.559517
Maldives,MDV,2009,4535.681708
Maldives,MDV,2010,4425.196986
Maldives,MDV,2011,4395.966295
Maldives,MDV,2012,4268.930624
Maldives,MDV,2013,4199.197387
Maldives,MDV,2014,4146.832325
Maldives,MDV,2015,4115.125055
Maldives,MDV,2016,4104.554745
Maldives,MDV,2017,4015.62547
Maldives,MDV,2018,3835.049223
Maldives,MDV,2019,3726.542324
Mali,MLI,1990,65416.57426
Mali,MLI,1991,64433.33436
Mali,MLI,1992,63690.14529
Mali,MLI,1993,62661.49041
Mali,MLI,1994,61475.68113
Mali,MLI,1995,60708.48069
Mali,MLI,1996,59990.453
Mali,MLI,1997,59604.3196
Mali,MLI,1998,57608.13335
Mali,MLI,1999,56311.5918
Mali,MLI,2000,55260.9836
Mali,MLI,2001,53811.09412
Mali,MLI,2002,52022.01933
Mali,MLI,2003,50549.40804
Mali,MLI,2004,49210.09078
Mali,MLI,2005,47854.98756
Mali,MLI,2006,46490.22548
Mali,MLI,2007,45017.5007
Mali,MLI,2008,43445.7022
Mali,MLI,2009,42041.19673
Mali,MLI,2010,41018.90852
Mali,MLI,2011,40121.15465
Mali,MLI,2012,39404.60542
Mali,MLI,2013,39155.16441
Mali,MLI,2014,38407.16394
Mali,MLI,2015,37223.41865
Mali,MLI,2016,35366.95216
Mali,MLI,2017,33877.41619
Mali,MLI,2018,32695.68158
Mali,MLI,2019,31637.10609
Malta,MLT,1990,2041.671729
Malta,MLT,1991,2023.620483
Malta,MLT,1992,2024.990544
Malta,MLT,1993,1975.779799
Malta,MLT,1994,1955.334278
Malta,MLT,1995,1965.603281
Malta,MLT,1996,1921.754975
Malta,MLT,1997,1827.175358
Malta,MLT,1998,1779.558634
Malta,MLT,1999,1762.650383
Malta,MLT,2000,1715.929128
Malta,MLT,2001,1624.228878
Malta,MLT,2002,1621.406668
Malta,MLT,2003,1581.614094
Malta,MLT,2004,1586.108656
Malta,MLT,2005,1531.466918
Malta,MLT,2006,1502.951161
Malta,MLT,2007,1508.968697
Malta,MLT,2008,1518.131132
Malta,MLT,2009,1484.521032
Malta,MLT,2010,1463.061421
Malta,MLT,2011,1451.814422
Malta,MLT,2012,1436.527143
Malta,MLT,2013,1431.834095
Malta,MLT,2014,1410.534707
Malta,MLT,2015,1400.951064
Malta,MLT,2016,1400.889703
Malta,MLT,2017,1371.037439
Malta,MLT,2018,1347.594398
Malta,MLT,2019,1327.965206
Marshall Islands,MHL,1990,12124.74982
Marshall Islands,MHL,1991,12027.62025
Marshall Islands,MHL,1992,11971.56887
Marshall Islands,MHL,1993,11865.15033
Marshall Islands,MHL,1994,11673.9492
Marshall Islands,MHL,1995,11602.02673
Marshall Islands,MHL,1996,11610.11051
Marshall Islands,MHL,1997,11653.04563
Marshall Islands,MHL,1998,11680.72221
Marshall Islands,MHL,1999,11707.46934
Marshall Islands,MHL,2000,12449.94024
Marshall Islands,MHL,2001,11507.45727
Marshall Islands,MHL,2002,11275.11496
Marshall Islands,MHL,2003,11031.00701
Marshall Islands,MHL,2004,10808.46442
Marshall Islands,MHL,2005,10569.3325
Marshall Islands,MHL,2006,10290.0053
Marshall Islands,MHL,2007,9991.883183
Marshall Islands,MHL,2008,9704.272332
Marshall Islands,MHL,2009,9421.025913
Marshall Islands,MHL,2010,9131.077101
Marshall Islands,MHL,2011,8854.091581
Marshall Islands,MHL,2012,8602.219396
Marshall Islands,MHL,2013,8376.816521
Marshall Islands,MHL,2014,8187.366387
Marshall Islands,MHL,2015,8019.549773
Marshall Islands,MHL,2016,7878.18483
Marshall Islands,MHL,2017,7708.484952
Marshall Islands,MHL,2018,7560.275815
Marshall Islands,MHL,2019,7412.625934
Mauritania,MRT,1990,34055.26178
Mauritania,MRT,1991,33421.52355
Mauritania,MRT,1992,32721.49064
Mauritania,MRT,1993,31998.00025
Mauritania,MRT,1994,31950.08568
Mauritania,MRT,1995,31524.04668
Mauritania,MRT,1996,30595.97648
Mauritania,MRT,1997,29756.39014
Mauritania,MRT,1998,28729.54296
Mauritania,MRT,1999,28195.09942
Mauritania,MRT,2000,27200.06778
Mauritania,MRT,2001,26190.31649
Mauritania,MRT,2002,25243.6562
Mauritania,MRT,2003,24687.44654
Mauritania,MRT,2004,23719.07876
Mauritania,MRT,2005,22859.17598
Mauritania,MRT,2006,21463.46653
Mauritania,MRT,2007,20910.86491
Mauritania,MRT,2008,20343.16722
Mauritania,MRT,2009,19348.97308
Mauritania,MRT,2010,18978.18139
Mauritania,MRT,2011,18448.99973
Mauritania,MRT,2012,17603.07685
Mauritania,MRT,2013,17071.2904
Mauritania,MRT,2014,17078.28082
Mauritania,MRT,2015,16688.46144
Mauritania,MRT,2016,16412.98529
Mauritania,MRT,2017,15705.46768
Mauritania,MRT,2018,15459.64699
Mauritania,MRT,2019,15038.70564
Mauritius,MUS,1990,5973.488811
Mauritius,MUS,1991,5586.013127
Mauritius,MUS,1992,5521.436453
Mauritius,MUS,1993,5484.639989
Mauritius,MUS,1994,5358.449657
Mauritius,MUS,1995,5394.921336
Mauritius,MUS,1996,5482.606766
Mauritius,MUS,1997,5251.046837
Mauritius,MUS,1998,4913.014937
Mauritius,MUS,1999,4770.237889
Mauritius,MUS,2000,4355.078027
Mauritius,MUS,2001,4058.714089
Mauritius,MUS,2002,3971.951297
Mauritius,MUS,2003,3829.438255
Mauritius,MUS,2004,3829.94334
Mauritius,MUS,2005,3815.523525
Mauritius,MUS,2006,3831.032124
Mauritius,MUS,2007,3951.15247
Mauritius,MUS,2008,3866.970706
Mauritius,MUS,2009,3753.164375
Mauritius,MUS,2010,3747.463162
Mauritius,MUS,2011,3776.50193
Mauritius,MUS,2012,3900.858494
Mauritius,MUS,2013,3895.163248
Mauritius,MUS,2014,4005.748167
Mauritius,MUS,2015,3876.868365
Mauritius,MUS,2016,3860.688518
Mauritius,MUS,2017,3762.464177
Mauritius,MUS,2018,3649.01786
Mauritius,MUS,2019,3574.908984
Mexico,MEX,1990,9556.952827
Mexico,MEX,1991,9019.45404
Mexico,MEX,1992,8550.552922
Mexico,MEX,1993,8126.726804
Mexico,MEX,1994,7676.24274
Mexico,MEX,1995,7334.996837
Mexico,MEX,1996,6988.380252
Mexico,MEX,1997,6616.230111
Mexico,MEX,1998,6251.835917
Mexico,MEX,1999,5908.323217
Mexico,MEX,2000,5584.334903
Mexico,MEX,2001,5335.682327
Mexico,MEX,2002,5146.171512
Mexico,MEX,2003,4974.931332
Mexico,MEX,2004,4787.616202
Mexico,MEX,2005,4646.048916
Mexico,MEX,2006,4478.684666
Mexico,MEX,2007,4355.39769
Mexico,MEX,2008,4271.180201
Mexico,MEX,2009,4189.550942
Mexico,MEX,2010,4052.977329
Mexico,MEX,2011,3941.284511
Mexico,MEX,2012,3846.740454
Mexico,MEX,2013,3773.981056
Mexico,MEX,2014,3677.43813
Mexico,MEX,2015,3576.541378
Mexico,MEX,2016,3469.552822
Mexico,MEX,2017,3399.685138
Mexico,MEX,2018,3334.860756
Mexico,MEX,2019,3246.791013
Micronesia (country),FSM,1990,13902.55317
Micronesia (country),FSM,1991,13478.78656
Micronesia (country),FSM,1992,13082.4027
Micronesia (country),FSM,1993,12691.97009
Micronesia (country),FSM,1994,12376.73331
Micronesia (country),FSM,1995,11884.9031
Micronesia (country),FSM,1996,11509.1987
Micronesia (country),FSM,1997,11082.23451
Micronesia (country),FSM,1998,10679.95397
Micronesia (country),FSM,1999,10273.4548
Micronesia (country),FSM,2000,10979.46193
Micronesia (country),FSM,2001,9427.54824
Micronesia (country),FSM,2002,9000.85
Micronesia (country),FSM,2003,8592.202001
Micronesia (country),FSM,2004,8416.145428
Micronesia (country),FSM,2005,8208.972815
Micronesia (country),FSM,2006,8128.038067
Micronesia (country),FSM,2007,8025.966888
Micronesia (country),FSM,2008,7978.595091
Micronesia (country),FSM,2009,7967.237839
Micronesia (country),FSM,2010,7952.586944
Micronesia (country),FSM,2011,7877.121821
Micronesia (country),FSM,2012,7801.812843
Micronesia (country),FSM,2013,7815.154659
Micronesia (country),FSM,2014,7882.350551
Micronesia (country),FSM,2015,7948.22552
Micronesia (country),FSM,2016,8029.385527
Micronesia (country),FSM,2017,8047.592364
Micronesia (country),FSM,2018,8092.200792
Micronesia (country),FSM,2019,8144.375376
Middle East & North Africa (WB),,1990,12545.72296
Middle East & North Africa (WB),,1991,12058.77492
Middle East & North Africa (WB),,1992,11569.60244
Middle East & North Africa (WB),,1993,11117.83206
Middle East & North Africa (WB),,1994,10647.07051
Middle East & North Africa (WB),,1995,10235.11452
Middle East & North Africa (WB),,1996,9743.938633
Middle East & North Africa (WB),,1997,9335.098197
Middle East & North Africa (WB),,1998,8960.045158
Middle East & North Africa (WB),,1999,8586.057706
Middle East & North Africa (WB),,2000,8208.002664
Middle East & North Africa (WB),,2001,7867.547184
Middle East & North Africa (WB),,2002,7540.970064
Middle East & North Africa (WB),,2003,7262.468192
Middle East & North Africa (WB),,2004,6959.004716
Middle East & North Africa (WB),,2005,6687.687313
Middle East & North Africa (WB),,2006,6428.340105
Middle East & North Africa (WB),,2007,6166.432591
Middle East & North Africa (WB),,2008,5921.289853
Middle East & North Africa (WB),,2009,5710.422849
Middle East & North Africa (WB),,2010,5486.174553
Middle East & North Africa (WB),,2011,5282.082437
Middle East & North Africa (WB),,2012,5081.949708
Middle East & North Africa (WB),,2013,4899.744825
Middle East & North Africa (WB),,2014,4711.330926
Middle East & North Africa (WB),,2015,4574.485751
Middle East & North Africa (WB),,2016,4333.741377
Middle East & North Africa (WB),,2017,4187.49104
Middle East & North Africa (WB),,2018,4005.011094
Middle East & North Africa (WB),,2019,3877.827791
Moldova,MDA,1990,5544.443515
Moldova,MDA,1991,5458.929926
Moldova,MDA,1992,5356.17239
Moldova,MDA,1993,5387.985375
Moldova,MDA,1994,5707.241478
Moldova,MDA,1995,5841.876934
Moldova,MDA,1996,5775.545056
Moldova,MDA,1997,5601.670435
Moldova,MDA,1998,5482.951359
Moldova,MDA,1999,5432.411689
Moldova,MDA,2000,5297.110477
Moldova,MDA,2001,5015.416828
Moldova,MDA,2002,4752.844505
Moldova,MDA,2003,4592.601197
Moldova,MDA,2004,4475.110028
Moldova,MDA,2005,4463.42986
Moldova,MDA,2006,4330.919251
Moldova,MDA,2007,4315.643759
Moldova,MDA,2008,4289.846298
Moldova,MDA,2009,4222.777193
Moldova,MDA,2010,4140.474294
Moldova,MDA,2011,3871.533948
Moldova,MDA,2012,3763.953529
Moldova,MDA,2013,3660.342399
Moldova,MDA,2014,3676.989846
Moldova,MDA,2015,3666.909232
Moldova,MDA,2016,3538.361614
Moldova,MDA,2017,3382.798675
Moldova,MDA,2018,3269.433797
Moldova,MDA,2019,3196.143671
Monaco,MCO,1990,1477.678495
Monaco,MCO,1991,1449.027169
Monaco,MCO,1992,1451.004613
Monaco,MCO,1993,1399.460471
Monaco,MCO,1994,1372.207304
Monaco,MCO,1995,1337.94991
Monaco,MCO,1996,1318.401211
Monaco,MCO,1997,1291.207183
Monaco,MCO,1998,1265.341047
Monaco,MCO,1999,1253.471633
Monaco,MCO,2000,1238.742952
Monaco,MCO,2001,1224.244934
Monaco,MCO,2002,1209.455727
Monaco,MCO,2003,1200.31805
Monaco,MCO,2004,1189.420945
Monaco,MCO,2005,1177.807972
Monaco,MCO,2006,1159.628756
Monaco,MCO,2007,1144.112063
Monaco,MCO,2008,1130.233873
Monaco,MCO,2009,1118.500601
Monaco,MCO,2010,1109.391902
Monaco,MCO,2011,1097.101027
Monaco,MCO,2012,1090.357922
Monaco,MCO,2013,1077.023468
Monaco,MCO,2014,1063.230768
Monaco,MCO,2015,1051.102997
Monaco,MCO,2016,1034.938594
Monaco,MCO,2017,1022.874911
Monaco,MCO,2018,1016.600771
Monaco,MCO,2019,1011.125273
Mongolia,MNG,1990,18623.4566
Mongolia,MNG,1991,18152.7622
Mongolia,MNG,1992,18051.33266
Mongolia,MNG,1993,18098.86308
Mongolia,MNG,1994,17808.70576
Mongolia,MNG,1995,17179.25093
Mongolia,MNG,1996,16551.54446
Mongolia,MNG,1997,15816.11628
Mongolia,MNG,1998,14952.36396
Mongolia,MNG,1999,14120.67561
Mongolia,MNG,2000,13343.42743
Mongolia,MNG,2001,12501.32419
Mongolia,MNG,2002,11623.89525
Mongolia,MNG,2003,10894.21893
Mongolia,MNG,2004,10183.12927
Mongolia,MNG,2005,9408.787478
Mongolia,MNG,2006,8748.207129
Mongolia,MNG,2007,8202.55912
Mongolia,MNG,2008,7705.802465
Mongolia,MNG,2009,7288.897933
Mongolia,MNG,2010,6906.939252
Mongolia,MNG,2011,6543.314124
Mongolia,MNG,2012,6209.802334
Mongolia,MNG,2013,5898.841477
Mongolia,MNG,2014,5563.779373
Mongolia,MNG,2015,5083.338483
Mongolia,MNG,2016,4843.394483
Mongolia,MNG,2017,4713.889903
Mongolia,MNG,2018,4564.750766
Mongolia,MNG,2019,4400.723618
Montenegro,MNE,1990,3268.804452
Montenegro,MNE,1991,3064.103948
Montenegro,MNE,1992,3005.485851
Montenegro,MNE,1993,3035.090613
Montenegro,MNE,1994,3082.39454
Montenegro,MNE,1995,3061.972263
Montenegro,MNE,1996,3061.065772
Montenegro,MNE,1997,3005.730465
Montenegro,MNE,1998,2945.098248
Montenegro,MNE,1999,2943.118178
Montenegro,MNE,2000,2970.096638
Montenegro,MNE,2001,2931.318973
Montenegro,MNE,2002,2788.881586
Montenegro,MNE,2003,2668.853868
Montenegro,MNE,2004,2512.962832
Montenegro,MNE,2005,2409.01639
Montenegro,MNE,2006,2285.735828
Montenegro,MNE,2007,2144.3059
Montenegro,MNE,2008,2066.093875
Montenegro,MNE,2009,1974.710636
Montenegro,MNE,2010,1897.144249
Montenegro,MNE,2011,1741.075339
Montenegro,MNE,2012,1675.057389
Montenegro,MNE,2013,1613.91181
Montenegro,MNE,2014,1584.240726
Montenegro,MNE,2015,1456.561551
Montenegro,MNE,2016,1449.663215
Montenegro,MNE,2017,1433.29558
Montenegro,MNE,2018,1410.585117
Montenegro,MNE,2019,1381.859296
Morocco,MAR,1990,16259.02895
Morocco,MAR,1991,15581.07775
Morocco,MAR,1992,15053.76383
Morocco,MAR,1993,14488.32699
Morocco,MAR,1994,13853.1062
Morocco,MAR,1995,13378.23411
Morocco,MAR,1996,12835.40073
Morocco,MAR,1997,12385.96443
Morocco,MAR,1998,11888.45677
Morocco,MAR,1999,11445.13681
Morocco,MAR,2000,10960.76025
Morocco,MAR,2001,10512.58754
Morocco,MAR,2002,10129.5069
Morocco,MAR,2003,9757.45688
Morocco,MAR,2004,9319.501342
Morocco,MAR,2005,8906.183471
Morocco,MAR,2006,8465.846139
Morocco,MAR,2007,8006.783809
Morocco,MAR,2008,7660.075227
Morocco,MAR,2009,7286.907924
Morocco,MAR,2010,6951.039645
Morocco,MAR,2011,6609.0005
Morocco,MAR,2012,6358.167719
Morocco,MAR,2013,6125.592355
Morocco,MAR,2014,5809.547883
Morocco,MAR,2015,5546.263297
Morocco,MAR,2016,5290.213203
Morocco,MAR,2017,5043.850547
Morocco,MAR,2018,4776.559199
Morocco,MAR,2019,4555.774051
Mozambique,MOZ,1990,64254.31758
Mozambique,MOZ,1991,63627.71675
Mozambique,MOZ,1992,62522.07343
Mozambique,MOZ,1993,59996.28272
Mozambique,MOZ,1994,58429.29853
Mozambique,MOZ,1995,59049.12329
Mozambique,MOZ,1996,59706.78122
Mozambique,MOZ,1997,60250.90714
Mozambique,MOZ,1998,60433.95039
Mozambique,MOZ,1999,60898.13499
Mozambique,MOZ,2000,61103.19537
Mozambique,MOZ,2001,61194.79914
Mozambique,MOZ,2002,61299.03655
Mozambique,MOZ,2003,61279.7825
Mozambique,MOZ,2004,60976.50391
Mozambique,MOZ,2005,60513.19667
Mozambique,MOZ,2006,58839.81025
Mozambique,MOZ,2007,56596.98663
Mozambique,MOZ,2008,54296.63336
Mozambique,MOZ,2009,53521.08998
Mozambique,MOZ,2010,53116.19236
Mozambique,MOZ,2011,52757.98472
Mozambique,MOZ,2012,52450.28199
Mozambique,MOZ,2013,51062.50369
Mozambique,MOZ,2014,48223.45315
Mozambique,MOZ,2015,45443.42366
Mozambique,MOZ,2016,43276.3771
Mozambique,MOZ,2017,41490.63955
Mozambique,MOZ,2018,40058.20161
Mozambique,MOZ,2019,38518.81068
Myanmar,MMR,1990,35105.41745
Myanmar,MMR,1991,34326.6843
Myanmar,MMR,1992,33621.92798
Myanmar,MMR,1993,32863.21184
Myanmar,MMR,1994,32044.22462
Myanmar,MMR,1995,31223.77571
Myanmar,MMR,1996,30439.4159
Myanmar,MMR,1997,29662.82472
Myanmar,MMR,1998,28821.89176
Myanmar,MMR,1999,28049.2143
Myanmar,MMR,2000,27170.57447
Myanmar,MMR,2001,26356.76437
Myanmar,MMR,2002,25519.93465
Myanmar,MMR,2003,24588.30964
Myanmar,MMR,2004,23442.31379
Myanmar,MMR,2005,22394.65866
Myanmar,MMR,2006,21447.18713
Myanmar,MMR,2007,20550.51686
Myanmar,MMR,2008,19553.25953
Myanmar,MMR,2009,18369.28673
Myanmar,MMR,2010,17306.43608
Myanmar,MMR,2011,16195.00685
Myanmar,MMR,2012,15330.52357
Myanmar,MMR,2013,14231.36563
Myanmar,MMR,2014,13220.95559
Myanmar,MMR,2015,12446.05329
Myanmar,MMR,2016,11589.72941
Myanmar,MMR,2017,10885.93543
Myanmar,MMR,2018,10316.79345
Myanmar,MMR,2019,9802.135247
Namibia,NAM,1990,26305.47367
Namibia,NAM,1991,26164.01786
Namibia,NAM,1992,26441.47108
Namibia,NAM,1993,27436.6716
Namibia,NAM,1994,29740.00183
Namibia,NAM,1995,31426.31827
Namibia,NAM,1996,34483.9022
Namibia,NAM,1997,37856.28514
Namibia,NAM,1998,41491.3882
Namibia,NAM,1999,45024.2101
Namibia,NAM,2000,48476.83954
Namibia,NAM,2001,51986.36265
Namibia,NAM,2002,54184.87378
Namibia,NAM,2003,55907.87527
Namibia,NAM,2004,55356.52399
Namibia,NAM,2005,51734.77061
Namibia,NAM,2006,46627.68083
Namibia,NAM,2007,40333.23992
Namibia,NAM,2008,35551.44058
Namibia,NAM,2009,33331.93477
Namibia,NAM,2010,31485.84419
Namibia,NAM,2011,29258.49072
Namibia,NAM,2012,27086.48257
Namibia,NAM,2013,25979.42002
Namibia,NAM,2014,25982.24911
Namibia,NAM,2015,25594.07842
Namibia,NAM,2016,24953.7559
Namibia,NAM,2017,24110.14786
Namibia,NAM,2018,22517.85621
Namibia,NAM,2019,21531.13287
Nauru,NRU,1990,9849.597233
Nauru,NRU,1991,9805.279467
Nauru,NRU,1992,9778.091302
Nauru,NRU,1993,9923.751503
Nauru,NRU,1994,10163.24353
Nauru,NRU,1995,10463.68673
Nauru,NRU,1996,10797.3718
Nauru,NRU,1997,11139.51694
Nauru,NRU,1998,11273.61381
Nauru,NRU,1999,11508.24867
Nauru,NRU,2000,11731.98644
Nauru,NRU,2001,11939.90862
Nauru,NRU,2002,12060.99445
Nauru,NRU,2003,12237.10428
Nauru,NRU,2004,12261.94486
Nauru,NRU,2005,12140.19233
Nauru,NRU,2006,11938.06815
Nauru,NRU,2007,11707.07146
Nauru,NRU,2008,11308.04345
Nauru,NRU,2009,10921.08684
Nauru,NRU,2010,10396.39839
Nauru,NRU,2011,9890.380368
Nauru,NRU,2012,9473.134721
Nauru,NRU,2013,8977.439945
Nauru,NRU,2014,8541.471809
Nauru,NRU,2015,8154.647963
Nauru,NRU,2016,7837.971742
Nauru,NRU,2017,7550.017285
Nauru,NRU,2018,7327.845391
Nauru,NRU,2019,7129.008247
Nepal,NPL,1990,38108.1129
Nepal,NPL,1991,36914.05382
Nepal,NPL,1992,34732.60369
Nepal,NPL,1993,33038.63249
Nepal,NPL,1994,31443.77017
Nepal,NPL,1995,29972.01565
Nepal,NPL,1996,28456.83274
Nepal,NPL,1997,26928.32564
Nepal,NPL,1998,25481.08861
Nepal,NPL,1999,24074.13267
Nepal,NPL,2000,22804.09888
Nepal,NPL,2001,21584.54211
Nepal,NPL,2002,20609.72613
Nepal,NPL,2003,19691.51201
Nepal,NPL,2004,18894.92275
Nepal,NPL,2005,18036.58458
Nepal,NPL,2006,17332.6211
Nepal,NPL,2007,16712.78542
Nepal,NPL,2008,16001.74529
Nepal,NPL,2009,15316.70122
Nepal,NPL,2010,14594.41187
Nepal,NPL,2011,13966.88207
Nepal,NPL,2012,13292.98984
Nepal,NPL,2013,12596.91218
Nepal,NPL,2014,12015.67544
Nepal,NPL,2015,11504.65787
Nepal,NPL,2016,10983.51973
Nepal,NPL,2017,10497.84218
Nepal,NPL,2018,10037.78964
Nepal,NPL,2019,9569.16237
Netherlands,NLD,1990,1560.90332
Netherlands,NLD,1991,1543.079867
Netherlands,NLD,1992,1564.024479
Netherlands,NLD,1993,1595.482938
Netherlands,NLD,1994,1572.624825
Netherlands,NLD,1995,1575.224534
Netherlands,NLD,1996,1559.266227
Netherlands,NLD,1997,1491.564666
Netherlands,NLD,1998,1499.255983
Netherlands,NLD,1999,1515.199687
Netherlands,NLD,2000,1521.483399
Netherlands,NLD,2001,1507.53952
Netherlands,NLD,2002,1487.032294
Netherlands,NLD,2003,1466.57622
Netherlands,NLD,2004,1407.729036
Netherlands,NLD,2005,1410.018096
Netherlands,NLD,2006,1340.066623
Netherlands,NLD,2007,1296.714748
Netherlands,NLD,2008,1263.416245
Netherlands,NLD,2009,1244.713771
Netherlands,NLD,2010,1213.88651
Netherlands,NLD,2011,1180.84736
Netherlands,NLD,2012,1168.836319
Netherlands,NLD,2013,1138.090793
Netherlands,NLD,2014,1111.978719
Netherlands,NLD,2015,1084.539538
Netherlands,NLD,2016,1096.566875
Netherlands,NLD,2017,1082.22857
Netherlands,NLD,2018,1074.397633
Netherlands,NLD,2019,1067.314441
New Zealand,NZL,1990,1796.747688
New Zealand,NZL,1991,1720.847002
New Zealand,NZL,1992,1644.170502
New Zealand,NZL,1993,1631.428144
New Zealand,NZL,1994,1570.77304
New Zealand,NZL,1995,1455.487975
New Zealand,NZL,1996,1454.108723
New Zealand,NZL,1997,1398.324985
New Zealand,NZL,1998,1284.591741
New Zealand,NZL,1999,1295.547107
New Zealand,NZL,2000,1303.594511
New Zealand,NZL,2001,1275.728635
New Zealand,NZL,2002,1291.748128
New Zealand,NZL,2003,1250.195523
New Zealand,NZL,2004,1243.501727
New Zealand,NZL,2005,1195.297147
New Zealand,NZL,2006,1190.617343
New Zealand,NZL,2007,1194.923595
New Zealand,NZL,2008,1187.030843
New Zealand,NZL,2009,1215.33127
New Zealand,NZL,2010,1242.680338
New Zealand,NZL,2011,1219.975553
New Zealand,NZL,2012,1214.482242
New Zealand,NZL,2013,1203.584966
New Zealand,NZL,2014,1227.454299
New Zealand,NZL,2015,1130.272836
New Zealand,NZL,2016,1055.163165
New Zealand,NZL,2017,1075.9193
New Zealand,NZL,2018,1066.775434
New Zealand,NZL,2019,1057.053623
Nicaragua,NIC,1990,12333.83244
Nicaragua,NIC,1991,11838.75384
Nicaragua,NIC,1992,11278.17356
Nicaragua,NIC,1993,10938.39019
Nicaragua,NIC,1994,10232.41627
Nicaragua,NIC,1995,9889.228119
Nicaragua,NIC,1996,9277.483224
Nicaragua,NIC,1997,8589.419124
Nicaragua,NIC,1998,8095.444953
Nicaragua,NIC,1999,7479.329993
Nicaragua,NIC,2000,7009.287242
Nicaragua,NIC,2001,6633.592842
Nicaragua,NIC,2002,6339.043059
Nicaragua,NIC,2003,6030.206099
Nicaragua,NIC,2004,5773.945991
Nicaragua,NIC,2005,5579.380005
Nicaragua,NIC,2006,5260.873198
Nicaragua,NIC,2007,5018.078892
Nicaragua,NIC,2008,4777.272525
Nicaragua,NIC,2009,4594.772219
Nicaragua,NIC,2010,4414.80919
Nicaragua,NIC,2011,4282.002151
Nicaragua,NIC,2012,4170.445568
Nicaragua,NIC,2013,4105.095935
Nicaragua,NIC,2014,4013.81872
Nicaragua,NIC,2015,3915.180231
Nicaragua,NIC,2016,3820.457279
Nicaragua,NIC,2017,3690.386227
Nicaragua,NIC,2018,3537.346037
Nicaragua,NIC,2019,3431.240477
Niger,NER,1990,75272.29555
Niger,NER,1991,76095.94416
Niger,NER,1992,74040.47679
Niger,NER,1993,73339.91261
Niger,NER,1994,71425.829
Niger,NER,1995,72542.06893
Niger,NER,1996,68278.60946
Niger,NER,1997,66322.05691
Niger,NER,1998,64395.63603
Niger,NER,1999,63176.67337
Niger,NER,2000,61974.93787
Niger,NER,2001,60257.62501
Niger,NER,2002,57246.35711
Niger,NER,2003,55564.78769
Niger,NER,2004,51930.44052
Niger,NER,2005,49640.68067
Niger,NER,2006,46684.88225
Niger,NER,2007,45188.62753
Niger,NER,2008,42608.73838
Niger,NER,2009,41442.48976
Niger,NER,2010,40741.58196
Niger,NER,2011,39851.96404
Niger,NER,2012,39130.80162
Niger,NER,2013,37841.79941
Niger,NER,2014,36588.13721
Niger,NER,2015,35370.79984
Niger,NER,2016,34145.64759
Niger,NER,2017,32906.24392
Niger,NER,2018,31843.90311
Niger,NER,2019,30886.77127
Nigeria,NGA,1990,55858.00539
Nigeria,NGA,1991,56402.60624
Nigeria,NGA,1992,55584.79636
Nigeria,NGA,1993,55462.24862
Nigeria,NGA,1994,55563.10432
Nigeria,NGA,1995,55778.37994
Nigeria,NGA,1996,56608.97369
Nigeria,NGA,1997,55670.89206
Nigeria,NGA,1998,55633.68804
Nigeria,NGA,1999,55610.96751
Nigeria,NGA,2000,55309.82593
Nigeria,NGA,2001,54828.08842
Nigeria,NGA,2002,53795.5755
Nigeria,NGA,2003,52594.17465
Nigeria,NGA,2004,50933.60727
Nigeria,NGA,2005,49195.4936
Nigeria,NGA,2006,47222.65764
Nigeria,NGA,2007,45320.75914
Nigeria,NGA,2008,43735.33456
Nigeria,NGA,2009,42069.09912
Nigeria,NGA,2010,40429.09401
Nigeria,NGA,2011,38900.82608
Nigeria,NGA,2012,37432.2064
Nigeria,NGA,2013,36186.86665
Nigeria,NGA,2014,35085.94136
Nigeria,NGA,2015,33891.84836
Nigeria,NGA,2016,32791.91856
Nigeria,NGA,2017,31579.38578
Nigeria,NGA,2018,30540.71798
Nigeria,NGA,2019,29467.81904
Niue,NIU,1990,6724.408835
Niue,NIU,1991,6691.785195
Niue,NIU,1992,6742.130527
Niue,NIU,1993,6732.338517
Niue,NIU,1994,6756.679635
Niue,NIU,1995,6758.63516
Niue,NIU,1996,6762.692732
Niue,NIU,1997,6711.84445
Niue,NIU,1998,6597.304169
Niue,NIU,1999,7969.5807
Niue,NIU,2000,6513.938926
Niue,NIU,2001,6492.414258
Niue,NIU,2002,6357.865457
Niue,NIU,2003,6274.231556
Niue,NIU,2004,6163.968208
Niue,NIU,2005,6026.675813
Niue,NIU,2006,5916.900918
Niue,NIU,2007,5802.732852
Niue,NIU,2008,5730.706213
Niue,NIU,2009,5568.492997
Niue,NIU,2010,5470.227417
Niue,NIU,2011,5412.809963
Niue,NIU,2012,5322.477098
Niue,NIU,2013,5258.689326
Niue,NIU,2014,5215.041251
Niue,NIU,2015,5179.341772
Niue,NIU,2016,5160.080561
Niue,NIU,2017,5127.139043
Niue,NIU,2018,5107.463619
Niue,NIU,2019,5089.716111
North America (WB),,1990,2438.797994
North America (WB),,1991,2455.805467
North America (WB),,1992,2463.730988
North America (WB),,1993,2506.936226
North America (WB),,1994,2529.844914
North America (WB),,1995,2479.602664
North America (WB),,1996,2260.899342
North America (WB),,1997,2019.643976
North America (WB),,1998,1948.47768
North America (WB),,1999,1929.86863
North America (WB),,2000,1884.663429
North America (WB),,2001,1858.536756
North America (WB),,2002,1854.011927
North America (WB),,2003,1846.106525
North America (WB),,2004,1819.074564
North America (WB),,2005,1810.337594
North America (WB),,2006,1785.041369
North America (WB),,2007,1769.117952
North America (WB),,2008,1741.470438
North America (WB),,2009,1704.227963
North America (WB),,2010,1653.999152
North America (WB),,2011,1636.105103
North America (WB),,2012,1622.178759
North America (WB),,2013,1614.881263
North America (WB),,2014,1602.176965
North America (WB),,2015,1599.420611
North America (WB),,2016,1607.403818
North America (WB),,2017,1589.936912
North America (WB),,2018,1572.27265
North America (WB),,2019,1563.80908
North Korea,PRK,1990,11109.51126
North Korea,PRK,1991,10648.75903
North Korea,PRK,1992,10227.49325
North Korea,PRK,1993,9867.128287
North Korea,PRK,1994,9528.017827
North Korea,PRK,1995,26865.47335
North Korea,PRK,1996,25721.67885
North Korea,PRK,1997,25923.10045
North Korea,PRK,1998,26111.11171
North Korea,PRK,1999,26320.30288
North Korea,PRK,2000,21451.18447
North Korea,PRK,2001,21008.80688
North Korea,PRK,2002,20627.00816
North Korea,PRK,2003,7422.825577
North Korea,PRK,2004,7098.056135
North Korea,PRK,2005,6810.037034
North Korea,PRK,2006,6521.731599
North Korea,PRK,2007,6228.223699
North Korea,PRK,2008,5733.87667
North Korea,PRK,2009,5469.379292
North Korea,PRK,2010,5208.310551
North Korea,PRK,2011,4979.256091
North Korea,PRK,2012,4738.143555
North Korea,PRK,2013,4527.039607
North Korea,PRK,2014,4326.870627
North Korea,PRK,2015,4137.071036
North Korea,PRK,2016,3957.450979
North Korea,PRK,2017,3781.573431
North Korea,PRK,2018,3605.087779
North Korea,PRK,2019,3443.875659
North Macedonia,MKD,1990,6736.58446
North Macedonia,MKD,1991,6141.748635
North Macedonia,MKD,1992,6077.498767
North Macedonia,MKD,1993,5465.411543
North Macedonia,MKD,1994,5307.335226
North Macedonia,MKD,1995,4869.284156
North Macedonia,MKD,1996,4163.570942
North Macedonia,MKD,1997,3593.652068
North Macedonia,MKD,1998,3592.047143
North Macedonia,MKD,1999,3492.991308
North Macedonia,MKD,2000,3418.602505
North Macedonia,MKD,2001,3125.18998
North Macedonia,MKD,2002,2945.245575
North Macedonia,MKD,2003,3158.713685
North Macedonia,MKD,2004,2992.914698
North Macedonia,MKD,2005,2729.857562
North Macedonia,MKD,2006,2840.106701
North Macedonia,MKD,2007,2671.147981
North Macedonia,MKD,2008,2607.788026
North Macedonia,MKD,2009,2655.138061
North Macedonia,MKD,2010,2304.111272
North Macedonia,MKD,2011,2235.169677
North Macedonia,MKD,2012,2417.290599
North Macedonia,MKD,2013,2462.458057
North Macedonia,MKD,2014,2462.521522
North Macedonia,MKD,2015,2394.565015
North Macedonia,MKD,2016,2664.422117
North Macedonia,MKD,2017,2347.721178
North Macedonia,MKD,2018,2240.515951
North Macedonia,MKD,2019,2161.397333
Northern Ireland,,1990,2528.582812
Northern Ireland,,1991,2460.918429
Northern Ireland,,1992,2360.025134
Northern Ireland,,1993,2410.662947
Northern Ireland,,1994,2341.980326
Northern Ireland,,1995,2334.507089
Northern Ireland,,1996,2224.723188
Northern Ireland,,1997,2166.480983
Northern Ireland,,1998,2127.356424
Northern Ireland,,1999,2116.234991
Northern Ireland,,2000,1998.265237
Northern Ireland,,2001,1847.291758
Northern Ireland,,2002,1774.125133
Northern Ireland,,2003,1741.8551
Northern Ireland,,2004,1712.872586
Northern Ireland,,2005,1692.169718
Northern Ireland,,2006,1655.529893
Northern Ireland,,2007,1627.329363
Northern Ireland,,2008,1600.430929
Northern Ireland,,2009,1578.364585
Northern Ireland,,2010,1554.303878
Northern Ireland,,2011,1487.678185
Northern Ireland,,2012,1445.626343
Northern Ireland,,2013,1461.050481
Northern Ireland,,2014,1455.646213
Northern Ireland,,2015,1462.26857
Northern Ireland,,2016,1434.13338
Northern Ireland,,2017,1418.515342
Northern Ireland,,2018,1418.25502
Northern Ireland,,2019,1413.587961
Northern Mariana Islands,MNP,1990,4050.018487
Northern Mariana Islands,MNP,1991,3913.561338
Northern Mariana Islands,MNP,1992,3749.487219
Northern Mariana Islands,MNP,1993,3618.489134
Northern Mariana Islands,MNP,1994,3532.731972
Northern Mariana Islands,MNP,1995,3482.825785
Northern Mariana Islands,MNP,1996,3480.853598
Northern Mariana Islands,MNP,1997,3504.077482
Northern Mariana Islands,MNP,1998,3526.685759
Northern Mariana Islands,MNP,1999,3477.957775
Northern Mariana Islands,MNP,2000,3324.298508
Northern Mariana Islands,MNP,2001,3198.852701
Northern Mariana Islands,MNP,2002,3150.594975
Northern Mariana Islands,MNP,2003,3158.223354
Northern Mariana Islands,MNP,2004,3179.464243
Northern Mariana Islands,MNP,2005,3206.162905
Northern Mariana Islands,MNP,2006,3199.311839
Northern Mariana Islands,MNP,2007,3170.137918
Northern Mariana Islands,MNP,2008,3153.707966
Northern Mariana Islands,MNP,2009,3155.14698
Northern Mariana Islands,MNP,2010,3169.383134
Northern Mariana Islands,MNP,2011,3222.073332
Northern Mariana Islands,MNP,2012,3290.409596
Northern Mariana Islands,MNP,2013,3360.510207
Northern Mariana Islands,MNP,2014,3419.887035
Northern Mariana Islands,MNP,2015,3476.539599
Northern Mariana Islands,MNP,2016,3493.444702
Northern Mariana Islands,MNP,2017,3437.598581
Northern Mariana Islands,MNP,2018,3356.011218
Northern Mariana Islands,MNP,2019,3268.497665
Norway,NOR,1990,1754.92927
Norway,NOR,1991,1685.827061
Norway,NOR,1992,1634.613196
Norway,NOR,1993,1582.627052
Norway,NOR,1994,1514.500662
Norway,NOR,1995,1431.137531
Norway,NOR,1996,1370.610607
Norway,NOR,1997,1315.344957
Norway,NOR,1998,1286.968846
Norway,NOR,1999,1275.430379
Norway,NOR,2000,1243.7244
Norway,NOR,2001,1220.185932
Norway,NOR,2002,1203.137556
Norway,NOR,2003,1183.828234
Norway,NOR,2004,1140.914128
Norway,NOR,2005,1135.710958
Norway,NOR,2006,1115.745381
Norway,NOR,2007,1096.601998
Norway,NOR,2008,1080.530143
Norway,NOR,2009,1082.810958
Norway,NOR,2010,1045.037031
Norway,NOR,2011,1030.610208
Norway,NOR,2012,1023.349842
Norway,NOR,2013,1001.813101
Norway,NOR,2014,990.3883803
Norway,NOR,2015,976.2982034
Norway,NOR,2016,969.7534791
Norway,NOR,2017,960.1472816
Norway,NOR,2018,954.550511
Norway,NOR,2019,954.0684455
OECD Countries,,1990,4019.198337
OECD Countries,,1991,3885.836734
OECD Countries,,1992,3767.86686
OECD Countries,,1993,3668.881928
OECD Countries,,1994,3588.258327
OECD Countries,,1995,3477.028403
OECD Countries,,1996,3286.670568
OECD Countries,,1997,3066.198676
OECD Countries,,1998,2922.944659
OECD Countries,,1999,2807.981383
OECD Countries,,2000,2674.809101
OECD Countries,,2001,2568.4566
OECD Countries,,2002,2483.536227
OECD Countries,,2003,2395.309057
OECD Countries,,2004,2293.019581
OECD Countries,,2005,2214.251286
OECD Countries,,2006,2125.052352
OECD Countries,,2007,2060.814592
OECD Countries,,2008,2003.152569
OECD Countries,,2009,1957.992217
OECD Countries,,2010,1906.699922
OECD Countries,,2011,1863.962351
OECD Countries,,2012,1831.857324
OECD Countries,,2013,1806.063853
OECD Countries,,2014,1775.060094
OECD Countries,,2015,1751.07459
OECD Countries,,2016,1727.363167
OECD Countries,,2017,1689.343795
OECD Countries,,2018,1661.995692
OECD Countries,,2019,1635.942838
Oman,OMN,1990,8156.355768
Oman,OMN,1991,7939.949215
Oman,OMN,1992,7319.927661
Oman,OMN,1993,6969.412103
Oman,OMN,1994,6414.435913
Oman,OMN,1995,5862.794476
Oman,OMN,1996,5510.621046
Oman,OMN,1997,5202.798944
Oman,OMN,1998,4942.052691
Oman,OMN,1999,4700.496739
Oman,OMN,2000,4488.176876
Oman,OMN,2001,4194.461119
Oman,OMN,2002,3982.775288
Oman,OMN,2003,3799.780991
Oman,OMN,2004,3619.471488
Oman,OMN,2005,3522.688331
Oman,OMN,2006,3528.945271
Oman,OMN,2007,3545.381506
Oman,OMN,2008,3560.262145
Oman,OMN,2009,3576.263674
Oman,OMN,2010,3571.671433
Oman,OMN,2011,3543.594429
Oman,OMN,2012,3485.684593
Oman,OMN,2013,3472.562243
Oman,OMN,2014,3452.43947
Oman,OMN,2015,3470.945188
Oman,OMN,2016,3500.091105
Oman,OMN,2017,3376.584481
Oman,OMN,2018,3180.052583
Oman,OMN,2019,3050.387892
Pakistan,PAK,1990,32308.8481
Pakistan,PAK,1991,31938.48035
Pakistan,PAK,1992,31710.31752
Pakistan,PAK,1993,31606.80745
Pakistan,PAK,1994,31432.28991
Pakistan,PAK,1995,31160.76255
Pakistan,PAK,1996,30553.65846
Pakistan,PAK,1997,30096.0074
Pakistan,PAK,1998,29368.175
Pakistan,PAK,1999,28751.48533
Pakistan,PAK,2000,27927.67781
Pakistan,PAK,2001,27207.02749
Pakistan,PAK,2002,26714.86309
Pakistan,PAK,2003,26194.96771
Pakistan,PAK,2004,25562.75398
Pakistan,PAK,2005,24781.85348
Pakistan,PAK,2006,24262.97906
Pakistan,PAK,2007,23448.4965
Pakistan,PAK,2008,22754.43268
Pakistan,PAK,2009,22164.37698
Pakistan,PAK,2010,21825.76994
Pakistan,PAK,2011,21422.7234
Pakistan,PAK,2012,21006.92446
Pakistan,PAK,2013,20633.70427
Pakistan,PAK,2014,20367.25296
Pakistan,PAK,2015,19909.71999
Pakistan,PAK,2016,19608.15201
Pakistan,PAK,2017,19213.46808
Pakistan,PAK,2018,18223.55575
Pakistan,PAK,2019,17516.53867
Palau,PLW,1990,9965.805531
Palau,PLW,1991,9580.000272
Palau,PLW,1992,9233.501225
Palau,PLW,1993,8999.599318
Palau,PLW,1994,8729.578498
Palau,PLW,1995,8458.745376
Palau,PLW,1996,8236.731231
Palau,PLW,1997,8033.669276
Palau,PLW,1998,7846.427503
Palau,PLW,1999,7719.415087
Palau,PLW,2000,7577.823785
Palau,PLW,2001,7462.887316
Palau,PLW,2002,7350.352394
Palau,PLW,2003,7260.446028
Palau,PLW,2004,7227.469565
Palau,PLW,2005,7210.822915
Palau,PLW,2006,7179.618697
Palau,PLW,2007,7129.365955
Palau,PLW,2008,7083.614205
Palau,PLW,2009,7062.112997
Palau,PLW,2010,7011.309746
Palau,PLW,2011,6956.145678
Palau,PLW,2012,6887.314208
Palau,PLW,2013,6853.229125
Palau,PLW,2014,6766.29398
Palau,PLW,2015,6675.171728
Palau,PLW,2016,6607.37283
Palau,PLW,2017,6538.831801
Palau,PLW,2018,6490.427873
Palau,PLW,2019,6448.718151
Palestine,PSE,1990,7607.500314
Palestine,PSE,1991,7350.265877
Palestine,PSE,1992,7044.779534
Palestine,PSE,1993,6766.365314
Palestine,PSE,1994,6456.158908
Palestine,PSE,1995,6199.736039
Palestine,PSE,1996,5989.248336
Palestine,PSE,1997,5794.441527
Palestine,PSE,1998,5606.404879
Palestine,PSE,1999,5434.252719
Palestine,PSE,2000,5324.769791
Palestine,PSE,2001,5241.154683
Palestine,PSE,2002,5185.198512
Palestine,PSE,2003,5113.526437
Palestine,PSE,2004,4989.473633
Palestine,PSE,2005,4766.720593
Palestine,PSE,2006,4609.993105
Palestine,PSE,2007,4455.889818
Palestine,PSE,2008,4293.325418
Palestine,PSE,2009,4145.576251
Palestine,PSE,2010,3978.894228
Palestine,PSE,2011,3796.102746
Palestine,PSE,2012,3620.910272
Palestine,PSE,2013,3456.364755
Palestine,PSE,2014,3321.055282
Palestine,PSE,2015,3203.385913
Palestine,PSE,2016,3073.139727
Palestine,PSE,2017,2923.316888
Palestine,PSE,2018,2845.453961
Palestine,PSE,2019,2767.842117
Panama,PAN,1990,5632.037194
Panama,PAN,1991,5539.022199
Panama,PAN,1992,5496.696703
Panama,PAN,1993,5477.597576
Panama,PAN,1994,5416.664147
Panama,PAN,1995,5407.186483
Panama,PAN,1996,5347.769896
Panama,PAN,1997,5411.360448
Panama,PAN,1998,5504.73804
Panama,PAN,1999,5473.501909
Panama,PAN,2000,5307.932911
Panama,PAN,2001,5190.714418
Panama,PAN,2002,5025.402638
Panama,PAN,2003,4878.955691
Panama,PAN,2004,4852.494053
Panama,PAN,2005,4855.960002
Panama,PAN,2006,4805.588284
Panama,PAN,2007,4751.302041
Panama,PAN,2008,4697.566483
Panama,PAN,2009,4651.409663
Panama,PAN,2010,4651.134578
Panama,PAN,2011,4515.751334
Panama,PAN,2012,4547.668363
Panama,PAN,2013,4562.766661
Panama,PAN,2014,4387.019611
Panama,PAN,2015,4315.994612
Panama,PAN,2016,4175.772371
Panama,PAN,2017,4029.268998
Panama,PAN,2018,3938.660599
Panama,PAN,2019,3844.538375
Papua New Guinea,PNG,1990,22440.52488
Papua New Guinea,PNG,1991,22538.15363
Papua New Guinea,PNG,1992,22184.03102
Papua New Guinea,PNG,1993,21883.14606
Papua New Guinea,PNG,1994,21603.70718
Papua New Guinea,PNG,1995,21312.50717
Papua New Guinea,PNG,1996,20618.49189
Papua New Guinea,PNG,1997,20411.92897
Papua New Guinea,PNG,1998,20269.10834
Papua New Guinea,PNG,1999,20006.49411
Papua New Guinea,PNG,2000,20339.28784
Papua New Guinea,PNG,2001,20702.44472
Papua New Guinea,PNG,2002,21139.05921
Papua New Guinea,PNG,2003,21545.26072
Papua New Guinea,PNG,2004,21820.29131
Papua New Guinea,PNG,2005,21630.65391
Papua New Guinea,PNG,2006,21466.47835
Papua New Guinea,PNG,2007,21000.9119
Papua New Guinea,PNG,2008,20785.9429
Papua New Guinea,PNG,2009,20864.25524
Papua New Guinea,PNG,2010,20080.77991
Papua New Guinea,PNG,2011,19472.08597
Papua New Guinea,PNG,2012,18920.37485
Papua New Guinea,PNG,2013,18542.75633
Papua New Guinea,PNG,2014,17951.55544
Papua New Guinea,PNG,2015,17425.95773
Papua New Guinea,PNG,2016,17279.74357
Papua New Guinea,PNG,2017,16923.41859
Papua New Guinea,PNG,2018,16413.8764
Papua New Guinea,PNG,2019,16041.13992
Paraguay,PRY,1990,7551.588379
Paraguay,PRY,1991,7281.476539
Paraguay,PRY,1992,7298.95013
Paraguay,PRY,1993,7238.222329
Paraguay,PRY,1994,7105.979134
Paraguay,PRY,1995,7124.159493
Paraguay,PRY,1996,7079.772403
Paraguay,PRY,1997,6898.691661
Paraguay,PRY,1998,6765.354817
Paraguay,PRY,1999,6667.619143
Paraguay,PRY,2000,6597.185165
Paraguay,PRY,2001,6449.941309
Paraguay,PRY,2002,6322.456361
Paraguay,PRY,2003,6255.848433
Paraguay,PRY,2004,6196.132388
Paraguay,PRY,2005,5973.201738
Paraguay,PRY,2006,5794.689269
Paraguay,PRY,2007,5514.728041
Paraguay,PRY,2008,5369.060384
Paraguay,PRY,2009,5242.028324
Paraguay,PRY,2010,5097.424115
Paraguay,PRY,2011,5048.45941
Paraguay,PRY,2012,4880.221387
Paraguay,PRY,2013,4797.430101
Paraguay,PRY,2014,4632.64303
Paraguay,PRY,2015,4347.97762
Paraguay,PRY,2016,4251.872343
Paraguay,PRY,2017,4172.095741
Paraguay,PRY,2018,4026.962418
Paraguay,PRY,2019,3907.120224
Peru,PER,1990,16031.56584
Peru,PER,1991,17627.37257
Peru,PER,1992,14983.84471
Peru,PER,1993,14137.36694
Peru,PER,1994,13120.09181
Peru,PER,1995,12571.48622
Peru,PER,1996,11571.44782
Peru,PER,1997,10990.46994
Peru,PER,1998,10497.69744
Peru,PER,1999,9837.913023
Peru,PER,2000,9506.864067
Peru,PER,2001,8895.340342
Peru,PER,2002,8527.00639
Peru,PER,2003,8260.737242
Peru,PER,2004,7901.331777
Peru,PER,2005,7633.480737
Peru,PER,2006,7275.262283
Peru,PER,2007,6820.255307
Peru,PER,2008,6585.006402
Peru,PER,2009,6636.336856
Peru,PER,2010,6481.460396
Peru,PER,2011,6203.509969
Peru,PER,2012,5994.907277
Peru,PER,2013,5864.861793
Peru,PER,2014,5685.243584
Peru,PER,2015,5473.612109
Peru,PER,2016,5376.417275
Peru,PER,2017,5141.75119
Peru,PER,2018,4967.295916
Peru,PER,2019,4802.782208
Philippines,PHL,1990,15958.38232
Philippines,PHL,1991,15195.08873
Philippines,PHL,1992,14783.26218
Philippines,PHL,1993,14380.33717
Philippines,PHL,1994,13876.80972
Philippines,PHL,1995,13408.19935
Philippines,PHL,1996,12988.33817
Philippines,PHL,1997,12522.0445
Philippines,PHL,1998,12199.4638
Philippines,PHL,1999,11588.71934
Philippines,PHL,2000,11324.38956
Philippines,PHL,2001,11127.49292
Philippines,PHL,2002,10912.93601
Philippines,PHL,2003,10666.50883
Philippines,PHL,2004,10553.55627
Philippines,PHL,2005,10328.27174
Philippines,PHL,2006,10299.51909
Philippines,PHL,2007,10105.19883
Philippines,PHL,2008,9907.262915
Philippines,PHL,2009,9823.857305
Philippines,PHL,2010,9694.186463
Philippines,PHL,2011,9482.069988
Philippines,PHL,2012,9152.37787
Philippines,PHL,2013,8921.653883
Philippines,PHL,2014,8784.079341
Philippines,PHL,2015,8767.711943
Philippines,PHL,2016,8561.664039
Philippines,PHL,2017,8450.030023
Philippines,PHL,2018,8080.506061
Philippines,PHL,2019,7841.391785
Poland,POL,1990,3228.572752
Poland,POL,1991,3122.658651
Poland,POL,1992,2979.488239
Poland,POL,1993,2800.100319
Poland,POL,1994,3005.545986
Poland,POL,1995,2750.837088
Poland,POL,1996,2579.577674
Poland,POL,1997,2337.048197
Poland,POL,1998,2221.42112
Poland,POL,1999,2154.128366
Poland,POL,2000,2025.67326
Poland,POL,2001,1953.826628
Poland,POL,2002,1910.648112
Poland,POL,2003,1843.642259
Poland,POL,2004,1812.01356
Poland,POL,2005,1780.242604
Poland,POL,2006,1739.907898
Poland,POL,2007,1722.168405
Poland,POL,2008,1704.760886
Poland,POL,2009,1662.876955
Poland,POL,2010,1601.286407
Poland,POL,2011,1558.842361
Poland,POL,2012,1547.654598
Poland,POL,2013,1527.411377
Poland,POL,2014,1483.15969
Poland,POL,2015,1468.540169
Poland,POL,2016,1449.961187
Poland,POL,2017,1404.706169
Poland,POL,2018,1380.371153
Poland,POL,2019,1356.113662
Portugal,PRT,1990,2744.783548
Portugal,PRT,1991,2710.679116
Portugal,PRT,1992,2595.520371
Portugal,PRT,1993,2554.858587
Portugal,PRT,1994,2520.128228
Portugal,PRT,1995,2601.196077
Portugal,PRT,1996,2679.694494
Portugal,PRT,1997,2567.401755
Portugal,PRT,1998,2491.115181
Portugal,PRT,1999,2461.052782
Portugal,PRT,2000,2354.175962
Portugal,PRT,2001,2219.503142
Portugal,PRT,2002,2135.301023
Portugal,PRT,2003,2024.348508
Portugal,PRT,2004,1920.052102
Portugal,PRT,2005,1906.104087
Portugal,PRT,2006,1818.800378
Portugal,PRT,2007,1784.262308
Portugal,PRT,2008,1740.428093
Portugal,PRT,2009,1710.054627
Portugal,PRT,2010,1619.793576
Portugal,PRT,2011,1607.343845
Portugal,PRT,2012,1574.593481
Portugal,PRT,2013,1517.310391
Portugal,PRT,2014,1460.92679
Portugal,PRT,2015,1483.286515
Portugal,PRT,2016,1495.640693
Portugal,PRT,2017,1433.059777
Portugal,PRT,2018,1407.425766
Portugal,PRT,2019,1385.771899
Puerto Rico,PRI,1990,5196.722393
Puerto Rico,PRI,1991,5261.875604
Puerto Rico,PRI,1992,5455.394311
Puerto Rico,PRI,1993,5348.100649
Puerto Rico,PRI,1994,5681.509146
Puerto Rico,PRI,1995,5650.315078
Puerto Rico,PRI,1996,5247.107697
Puerto Rico,PRI,1997,4506.599582
Puerto Rico,PRI,1998,4130.762378
Puerto Rico,PRI,1999,4044.612356
Puerto Rico,PRI,2000,3834.906327
Puerto Rico,PRI,2001,3819.811983
Puerto Rico,PRI,2002,3623.789579
Puerto Rico,PRI,2003,3471.164606
Puerto Rico,PRI,2004,3387.641317
Puerto Rico,PRI,2005,3423.891021
Puerto Rico,PRI,2006,3266.331714
Puerto Rico,PRI,2007,3142.739547
Puerto Rico,PRI,2008,3106.859143
Puerto Rico,PRI,2009,3026.019131
Puerto Rico,PRI,2010,2909.759792
Puerto Rico,PRI,2011,2900.718302
Puerto Rico,PRI,2012,2825.771916
Puerto Rico,PRI,2013,2622.053637
Puerto Rico,PRI,2014,2551.626128
Puerto Rico,PRI,2015,2463.716524
Puerto Rico,PRI,2016,2577.867964
Puerto Rico,PRI,2017,2582.043466
Puerto Rico,PRI,2018,2566.064525
Puerto Rico,PRI,2019,2511.467785
Qatar,QAT,1990,4429.538004
Qatar,QAT,1991,4315.040956
Qatar,QAT,1992,4190.074814
Qatar,QAT,1993,4065.253263
Qatar,QAT,1994,3887.907339
Qatar,QAT,1995,3766.847346
Qatar,QAT,1996,3697.204031
Qatar,QAT,1997,3580.711779
Qatar,QAT,1998,3432.381913
Qatar,QAT,1999,3269.977651
Qatar,QAT,2000,3082.33183
Qatar,QAT,2001,2920.562111
Qatar,QAT,2002,2805.760498
Qatar,QAT,2003,2689.087454
Qatar,QAT,2004,2552.371375
Qatar,QAT,2005,2477.424735
Qatar,QAT,2006,2424.040373
Qatar,QAT,2007,2367.834198
Qatar,QAT,2008,2295.584095
Qatar,QAT,2009,2224.024455
Qatar,QAT,2010,2154.448793
Qatar,QAT,2011,2094.360017
Qatar,QAT,2012,2043.828326
Qatar,QAT,2013,2006.251783
Qatar,QAT,2014,1980.547121
Qatar,QAT,2015,1948.612235
Qatar,QAT,2016,1903.687026
Qatar,QAT,2017,1857.565633
Qatar,QAT,2018,1809.183802
Qatar,QAT,2019,1767.154782
Region of the Americas (WHO),,1990,8368.99796
Region of the Americas (WHO),,1991,8172.63347
Region of the Americas (WHO),,1992,7865.638823
Region of the Americas (WHO),,1993,7658.377192
Region of the Americas (WHO),,1994,7442.422378
Region of the Americas (WHO),,1995,7220.038911
Region of the Americas (WHO),,1996,6885.372452
Region of the Americas (WHO),,1997,6535.303175
Region of the Americas (WHO),,1998,6302.101266
Region of the Americas (WHO),,1999,6058.265317
Region of the Americas (WHO),,2000,5837.545329
Region of the Americas (WHO),,2001,5656.800044
Region of the Americas (WHO),,2002,5491.31022
Region of the Americas (WHO),,2003,5350.194265
Region of the Americas (WHO),,2004,5161.541342
Region of the Americas (WHO),,2005,4999.881361
Region of the Americas (WHO),,2006,4834.93916
Region of the Americas (WHO),,2007,4696.563387
Region of the Americas (WHO),,2008,4570.160942
Region of the Americas (WHO),,2009,4478.614462
Region of the Americas (WHO),,2010,4377.504289
Region of the Americas (WHO),,2011,4297.024848
Region of the Americas (WHO),,2012,4132.266028
Region of the Americas (WHO),,2013,4054.947236
Region of the Americas (WHO),,2014,3940.254821
Region of the Americas (WHO),,2015,3847.164656
Region of the Americas (WHO),,2016,3776.614755
Region of the Americas (WHO),,2017,3681.984219
Region of the Americas (WHO),,2018,3591.505905
Region of the Americas (WHO),,2019,3507.68404
Romania,ROU,1990,5945.869431
Romania,ROU,1991,5310.799785
Romania,ROU,1992,5361.417892
Romania,ROU,1993,5537.933805
Romania,ROU,1994,5649.340826
Romania,ROU,1995,5383.169977
Romania,ROU,1996,5611.102136
Romania,ROU,1997,5625.019436
Romania,ROU,1998,5290.810175
Romania,ROU,1999,4874.168494
Romania,ROU,2000,4747.23613
Romania,ROU,2001,4570.840446
Romania,ROU,2002,4318.284992
Romania,ROU,2003,4149.33169
Romania,ROU,2004,4068.910627
Romania,ROU,2005,3788.523906
Romania,ROU,2006,3542.528074
Romania,ROU,2007,3204.360863
Romania,ROU,2008,3071.029235
Romania,ROU,2009,2945.5264
Romania,ROU,2010,2864.482315
Romania,ROU,2011,2761.438503
Romania,ROU,2012,2707.610517
Romania,ROU,2013,2627.713706
Romania,ROU,2014,2628.416613
Romania,ROU,2015,2514.764383
Romania,ROU,2016,2450.051212
Romania,ROU,2017,2444.832344
Romania,ROU,2018,2384.401304
Romania,ROU,2019,2341.498545
Russia,RUS,1990,3952.097549
Russia,RUS,1991,4039.728039
Russia,RUS,1992,4149.472801
Russia,RUS,1993,4612.956753
Russia,RUS,1994,4777.830981
Russia,RUS,1995,4686.441086
Russia,RUS,1996,4451.438685
Russia,RUS,1997,4306.297404
Russia,RUS,1998,4219.999358
Russia,RUS,1999,4491.610313
Russia,RUS,2000,4480.360031
Russia,RUS,2001,4402.670716
Russia,RUS,2002,4309.313371
Russia,RUS,2003,4332.376859
Russia,RUS,2004,4203.84996
Russia,RUS,2005,4261.989741
Russia,RUS,2006,3996.26649
Russia,RUS,2007,3788.960827
Russia,RUS,2008,3669.432807
Russia,RUS,2009,3515.379112
Russia,RUS,2010,3410.245851
Russia,RUS,2011,3355.479582
Russia,RUS,2012,3414.210135
Russia,RUS,2013,3306.677413
Russia,RUS,2014,3246.404694
Russia,RUS,2015,3086.931778
Russia,RUS,2016,3027.140921
Russia,RUS,2017,2782.86082
Russia,RUS,2018,2773.664188
Russia,RUS,2019,2740.992187
Rwanda,RWA,1990,55856.93399
Rwanda,RWA,1991,56926.78172
Rwanda,RWA,1992,63146.82499
Rwanda,RWA,1993,72427.18698
Rwanda,RWA,1994,81149.1618
Rwanda,RWA,1995,66445.68119
Rwanda,RWA,1996,62537.20716
Rwanda,RWA,1997,62272.85076
Rwanda,RWA,1998,63154.04648
Rwanda,RWA,1999,61496.4112
Rwanda,RWA,2000,59111.25862
Rwanda,RWA,2001,56044.31903
Rwanda,RWA,2002,52226.41282
Rwanda,RWA,2003,48118.05718
Rwanda,RWA,2004,43423.4977
Rwanda,RWA,2005,38490.22857
Rwanda,RWA,2006,33866.22324
Rwanda,RWA,2007,30642.8967
Rwanda,RWA,2008,28657.96336
Rwanda,RWA,2009,26236.50408
Rwanda,RWA,2010,24509.76937
Rwanda,RWA,2011,22934.3298
Rwanda,RWA,2012,21809.72122
Rwanda,RWA,2013,19827.08694
Rwanda,RWA,2014,18974.69915
Rwanda,RWA,2015,18584.65624
Rwanda,RWA,2016,18216.1398
Rwanda,RWA,2017,17601.91698
Rwanda,RWA,2018,16567.31063
Rwanda,RWA,2019,15892.72856
Saint Kitts and Nevis,KNA,1990,8833.478123
Saint Kitts and Nevis,KNA,1991,8263.680279
Saint Kitts and Nevis,KNA,1992,8111.330488
Saint Kitts and Nevis,KNA,1993,7954.97679
Saint Kitts and Nevis,KNA,1994,7888.176312
Saint Kitts and Nevis,KNA,1995,7712.547388
Saint Kitts and Nevis,KNA,1996,7595.556504
Saint Kitts and Nevis,KNA,1997,7442.403934
Saint Kitts and Nevis,KNA,1998,7368.405192
Saint Kitts and Nevis,KNA,1999,7138.471509
Saint Kitts and Nevis,KNA,2000,6946.367187
Saint Kitts and Nevis,KNA,2001,6828.116242
Saint Kitts and Nevis,KNA,2002,6717.532188
Saint Kitts and Nevis,KNA,2003,6532.253795
Saint Kitts and Nevis,KNA,2004,6399.303127
Saint Kitts and Nevis,KNA,2005,6300.015701
Saint Kitts and Nevis,KNA,2006,6308.920206
Saint Kitts and Nevis,KNA,2007,6239.239447
Saint Kitts and Nevis,KNA,2008,6143.997663
Saint Kitts and Nevis,KNA,2009,6094.926462
Saint Kitts and Nevis,KNA,2010,6068.221624
Saint Kitts and Nevis,KNA,2011,6015.757196
Saint Kitts and Nevis,KNA,2012,6029.289068
Saint Kitts and Nevis,KNA,2013,6124.335179
Saint Kitts and Nevis,KNA,2014,6236.395791
Saint Kitts and Nevis,KNA,2015,6366.73427
Saint Kitts and Nevis,KNA,2016,6391.850521
Saint Kitts and Nevis,KNA,2017,6283.9798
Saint Kitts and Nevis,KNA,2018,6279.108905
Saint Kitts and Nevis,KNA,2019,6209.488181
Saint Lucia,LCA,1990,6391.542161
Saint Lucia,LCA,1991,6112.537157
Saint Lucia,LCA,1992,6053.949078
Saint Lucia,LCA,1993,5943.857502
Saint Lucia,LCA,1994,5826.608433
Saint Lucia,LCA,1995,5681.248991
Saint Lucia,LCA,1996,5585.453081
Saint Lucia,LCA,1997,5419.437277
Saint Lucia,LCA,1998,5246.286812
Saint Lucia,LCA,1999,5282.522804
Saint Lucia,LCA,2000,5189.432478
Saint Lucia,LCA,2001,5158.223069
Saint Lucia,LCA,2002,5117.540982
Saint Lucia,LCA,2003,5069.508318
Saint Lucia,LCA,2004,4998.744159
Saint Lucia,LCA,2005,4947.20082
Saint Lucia,LCA,2006,4834.467832
Saint Lucia,LCA,2007,4762.069915
Saint Lucia,LCA,2008,4674.02997
Saint Lucia,LCA,2009,4612.778701
Saint Lucia,LCA,2010,4515.708279
Saint Lucia,LCA,2011,4503.79354
Saint Lucia,LCA,2012,4466.22673
Saint Lucia,LCA,2013,4375.780419
Saint Lucia,LCA,2014,4397.65087
Saint Lucia,LCA,2015,4314.746694
Saint Lucia,LCA,2016,4279.698272
Saint Lucia,LCA,2017,4218.907553
Saint Lucia,LCA,2018,4164.424535
Saint Lucia,LCA,2019,4100.571533
Saint Vincent and the Grenadines,VCT,1990,8084.026298
Saint Vincent and the Grenadines,VCT,1991,7666.272866
Saint Vincent and the Grenadines,VCT,1992,7555.577323
Saint Vincent and the Grenadines,VCT,1993,7544.572172
Saint Vincent and the Grenadines,VCT,1994,7561.593133
Saint Vincent and the Grenadines,VCT,1995,7559.266223
Saint Vincent and the Grenadines,VCT,1996,7804.013607
Saint Vincent and the Grenadines,VCT,1997,7501.10854
Saint Vincent and the Grenadines,VCT,1998,7368.453981
Saint Vincent and the Grenadines,VCT,1999,7541.470409
Saint Vincent and the Grenadines,VCT,2000,7733.002815
Saint Vincent and the Grenadines,VCT,2001,7370.157927
Saint Vincent and the Grenadines,VCT,2002,7245.686631
Saint Vincent and the Grenadines,VCT,2003,6904.245139
Saint Vincent and the Grenadines,VCT,2004,6736.395791
Saint Vincent and the Grenadines,VCT,2005,6433.19359
Saint Vincent and the Grenadines,VCT,2006,6370.359207
Saint Vincent and the Grenadines,VCT,2007,6157.730705
Saint Vincent and the Grenadines,VCT,2008,5929.722067
Saint Vincent and the Grenadines,VCT,2009,5810.374653
Saint Vincent and the Grenadines,VCT,2010,5726.722828
Saint Vincent and the Grenadines,VCT,2011,5536.211829
Saint Vincent and the Grenadines,VCT,2012,5464.851113
Saint Vincent and the Grenadines,VCT,2013,5436.896554
Saint Vincent and the Grenadines,VCT,2014,5533.193803
Saint Vincent and the Grenadines,VCT,2015,5573.743121
Saint Vincent and the Grenadines,VCT,2016,5313.58065
Saint Vincent and the Grenadines,VCT,2017,5172.575383
Saint Vincent and the Grenadines,VCT,2018,5051.2508
Saint Vincent and the Grenadines,VCT,2019,4929.713942
Samoa,WSM,1990,8603.453283
Samoa,WSM,1991,8313.678132
Samoa,WSM,1992,8061.053564
Samoa,WSM,1993,7839.725882
Samoa,WSM,1994,7617.118684
Samoa,WSM,1995,7384.898525
Samoa,WSM,1996,7165.54749
Samoa,WSM,1997,6944.482504
Samoa,WSM,1998,6704.59367
Samoa,WSM,1999,6501.471696
Samoa,WSM,2000,6332.569559
Samoa,WSM,2001,6166.954456
Samoa,WSM,2002,5995.283079
Samoa,WSM,2003,5916.609747
Samoa,WSM,2004,5803.642852
Samoa,WSM,2005,5691.927415
Samoa,WSM,2006,5615.03322
Samoa,WSM,2007,5529.741303
Samoa,WSM,2008,5438.221884
Samoa,WSM,2009,5374.824088
Samoa,WSM,2010,5303.688267
Samoa,WSM,2011,5245.464728
Samoa,WSM,2012,5199.022622
Samoa,WSM,2013,5142.228832
Samoa,WSM,2014,5092.664473
Samoa,WSM,2015,5026.771869
Samoa,WSM,2016,4964.24806
Samoa,WSM,2017,4893.784004
Samoa,WSM,2018,4788.720394
Samoa,WSM,2019,4846.282509
San Marino,SMR,1990,1654.664184
San Marino,SMR,1991,1620.304065
San Marino,SMR,1992,1589.50443
San Marino,SMR,1993,1552.153277
San Marino,SMR,1994,1541.741248
San Marino,SMR,1995,1509.216728
San Marino,SMR,1996,1471.970954
San Marino,SMR,1997,1437.292916
San Marino,SMR,1998,1400.251486
San Marino,SMR,1999,1347.111233
San Marino,SMR,2000,1322.896604
San Marino,SMR,2001,1294.883312
San Marino,SMR,2002,1269.234059
San Marino,SMR,2003,1249.312765
San Marino,SMR,2004,1220.74653
San Marino,SMR,2005,1208.983688
San Marino,SMR,2006,1195.233066
San Marino,SMR,2007,1181.065096
San Marino,SMR,2008,1170.251127
San Marino,SMR,2009,1159.122187
San Marino,SMR,2010,1150.117189
San Marino,SMR,2011,1143.001539
San Marino,SMR,2012,1137.768337
San Marino,SMR,2013,1132.330159
San Marino,SMR,2014,1127.390941
San Marino,SMR,2015,1124.783543
San Marino,SMR,2016,1116.920791
San Marino,SMR,2017,1106.586219
San Marino,SMR,2018,1102.034581
San Marino,SMR,2019,1096.896185
Sao Tome and Principe,STP,1990,26341.67087
Sao Tome and Principe,STP,1991,25558.94515
Sao Tome and Principe,STP,1992,25221.63268
Sao Tome and Principe,STP,1993,24669.20993
Sao Tome and Principe,STP,1994,24630.22773
Sao Tome and Principe,STP,1995,24418.94512
Sao Tome and Principe,STP,1996,23943.07756
Sao Tome and Principe,STP,1997,23361.45912
Sao Tome and Principe,STP,1998,22663.37993
Sao Tome and Principe,STP,1999,21697.66487
Sao Tome and Principe,STP,2000,21476.78568
Sao Tome and Principe,STP,2001,20297.94401
Sao Tome and Principe,STP,2002,18609.01333
Sao Tome and Principe,STP,2003,18792.55166
Sao Tome and Principe,STP,2004,16925.6277
Sao Tome and Principe,STP,2005,18221.42527
Sao Tome and Principe,STP,2006,15854.8114
Sao Tome and Principe,STP,2007,14366.71148
Sao Tome and Principe,STP,2008,14112.76116
Sao Tome and Principe,STP,2009,13210.51811
Sao Tome and Principe,STP,2010,12044.54721
Sao Tome and Principe,STP,2011,12313.27586
Sao Tome and Principe,STP,2012,12600.38162
Sao Tome and Principe,STP,2013,11985.88802
Sao Tome and Principe,STP,2014,10508.29447
Sao Tome and Principe,STP,2015,10110.7035
Sao Tome and Principe,STP,2016,9767.66769
Sao Tome and Principe,STP,2017,9324.137178
Sao Tome and Principe,STP,2018,8957.468418
Sao Tome and Principe,STP,2019,8626.003854
Saudi Arabia,SAU,1990,8963.812944
Saudi Arabia,SAU,1991,8359.367393
Saudi Arabia,SAU,1992,7838.037494
Saudi Arabia,SAU,1993,7345.756058
Saudi Arabia,SAU,1994,6856.57624
Saudi Arabia,SAU,1995,6424.781951
Saudi Arabia,SAU,1996,6093.689843
Saudi Arabia,SAU,1997,5801.010932
Saudi Arabia,SAU,1998,5581.962865
Saudi Arabia,SAU,1999,5299.856043
Saudi Arabia,SAU,2000,5105.853381
Saudi Arabia,SAU,2001,4839.392972
Saudi Arabia,SAU,2002,4621.622696
Saudi Arabia,SAU,2003,4438.644868
Saudi Arabia,SAU,2004,4229.832167
Saudi Arabia,SAU,2005,4044.749951
Saudi Arabia,SAU,2006,3870.480677
Saudi Arabia,SAU,2007,3721.098791
Saudi Arabia,SAU,2008,3570.639618
Saudi Arabia,SAU,2009,3408.471856
Saudi Arabia,SAU,2010,3264.249761
Saudi Arabia,SAU,2011,3102.926267
Saudi Arabia,SAU,2012,2953.484887
Saudi Arabia,SAU,2013,2827.159874
Saudi Arabia,SAU,2014,2716.01113
Saudi Arabia,SAU,2015,2604.236289
Saudi Arabia,SAU,2016,2522.655609
Saudi Arabia,SAU,2017,2434.541632
Saudi Arabia,SAU,2018,2348.158259
Saudi Arabia,SAU,2019,2274.300869
Scotland,,1990,2189.208013
Scotland,,1991,2166.746937
Scotland,,1992,2112.172624
Scotland,,1993,2106.547192
Scotland,,1994,2044.267376
Scotland,,1995,2031.36062
Scotland,,1996,1987.677009
Scotland,,1997,1885.095545
Scotland,,1998,1870.775701
Scotland,,1999,1815.911637
Scotland,,2000,1761.352778
Scotland,,2001,1700.22082
Scotland,,2002,1686.53048
Scotland,,2003,1673.48841
Scotland,,2004,1618.984365
Scotland,,2005,1616.335332
Scotland,,2006,1550.885847
Scotland,,2007,1545.851789
Scotland,,2008,1496.074578
Scotland,,2009,1450.330643
Scotland,,2010,1411.290721
Scotland,,2011,1398.324998
Scotland,,2012,1364.705734
Scotland,,2013,1332.590979
Scotland,,2014,1296.685712
Scotland,,2015,1276.072652
Scotland,,2016,1280.145882
Scotland,,2017,1257.813699
Scotland,,2018,1262.813599
Scotland,,2019,1258.831602
Senegal,SEN,1990,40479.78095
Senegal,SEN,1991,39760.79685
Senegal,SEN,1992,39613.32843
Senegal,SEN,1993,39709.54742
Senegal,SEN,1994,39748.90386
Senegal,SEN,1995,40200.93252
Senegal,SEN,1996,40162.03059
Senegal,SEN,1997,39937.11349
Senegal,SEN,1998,39608.89771
Senegal,SEN,1999,38882.19694
Senegal,SEN,2000,38081.03409
Senegal,SEN,2001,34047.93515
Senegal,SEN,2002,32668.48864
Senegal,SEN,2003,32254.24863
Senegal,SEN,2004,30320.02775
Senegal,SEN,2005,29230.46516
Senegal,SEN,2006,28209.30608
Senegal,SEN,2007,26625.52186
Senegal,SEN,2008,25108.76855
Senegal,SEN,2009,23834.79752
Senegal,SEN,2010,24421.27849
Senegal,SEN,2011,23539.00304
Senegal,SEN,2012,23169.8446
Senegal,SEN,2013,22279.45104
Senegal,SEN,2014,21045.89971
Senegal,SEN,2015,20535.5303
Senegal,SEN,2016,19707.35512
Senegal,SEN,2017,19366.82555
Senegal,SEN,2018,18537.05019
Senegal,SEN,2019,17668.70454
Serbia,SRB,1990,4774.269717
Serbia,SRB,1991,3920.788574
Serbia,SRB,1992,3990.043899
Serbia,SRB,1993,4040.201884
Serbia,SRB,1994,4280.65551
Serbia,SRB,1995,3964.633626
Serbia,SRB,1996,3740.961887
Serbia,SRB,1997,3713.668755
Serbia,SRB,1998,3589.960674
Serbia,SRB,1999,2982.518643
Serbia,SRB,2000,2862.486286
Serbia,SRB,2001,2960.031053
Serbia,SRB,2002,2920.554024
Serbia,SRB,2003,2928.589336
Serbia,SRB,2004,2750.08154
Serbia,SRB,2005,2541.069347
Serbia,SRB,2006,2337.850993
Serbia,SRB,2007,2103.106505
Serbia,SRB,2008,1740.971286
Serbia,SRB,2009,1844.621992
Serbia,SRB,2010,1807.731812
Serbia,SRB,2011,1874.49808
Serbia,SRB,2012,1519.893509
Serbia,SRB,2013,1761.461603
Serbia,SRB,2014,1687.944682
Serbia,SRB,2015,1627.069711
Serbia,SRB,2016,1591.732416
Serbia,SRB,2017,1530.817548
Serbia,SRB,2018,1495.04458
Serbia,SRB,2019,1456.836565
Seychelles,SYC,1990,7058.241666
Seychelles,SYC,1991,6886.364784
Seychelles,SYC,1992,6683.585341
Seychelles,SYC,1993,6866.379311
Seychelles,SYC,1994,6423.134907
Seychelles,SYC,1995,5801.906971
Seychelles,SYC,1996,5629.335798
Seychelles,SYC,1997,5401.991551
Seychelles,SYC,1998,5270.256089
Seychelles,SYC,1999,5182.04153
Seychelles,SYC,2000,5096.018588
Seychelles,SYC,2001,5083.314024
Seychelles,SYC,2002,5130.907839
Seychelles,SYC,2003,5169.20958
Seychelles,SYC,2004,5098.559693
Seychelles,SYC,2005,5049.337609
Seychelles,SYC,2006,5017.453665
Seychelles,SYC,2007,5075.703626
Seychelles,SYC,2008,4955.860948
Seychelles,SYC,2009,4960.711121
Seychelles,SYC,2010,4949.408686
Seychelles,SYC,2011,4945.301068
Seychelles,SYC,2012,4988.037207
Seychelles,SYC,2013,5010.505482
Seychelles,SYC,2014,5022.992024
Seychelles,SYC,2015,5052.675134
Seychelles,SYC,2016,5039.527149
Seychelles,SYC,2017,4930.516473
Seychelles,SYC,2018,4788.022431
Seychelles,SYC,2019,4673.916866
Sierra Leone,SLE,1990,63673.94366
Sierra Leone,SLE,1991,64397.08807
Sierra Leone,SLE,1992,62918.17811
Sierra Leone,SLE,1993,61273.42643
Sierra Leone,SLE,1994,61521.63298
Sierra Leone,SLE,1995,60448.92724
Sierra Leone,SLE,1996,60139.67563
Sierra Leone,SLE,1997,61614.15114
Sierra Leone,SLE,1998,60638.49286
Sierra Leone,SLE,1999,59546.49915
Sierra Leone,SLE,2000,58746.85647
Sierra Leone,SLE,2001,58202.38045
Sierra Leone,SLE,2002,57737.05932
Sierra Leone,SLE,2003,57051.55812
Sierra Leone,SLE,2004,56098.67331
Sierra Leone,SLE,2005,55043.58704
Sierra Leone,SLE,2006,53893.98109
Sierra Leone,SLE,2007,52304.05457
Sierra Leone,SLE,2008,50989.07552
Sierra Leone,SLE,2009,48981.46727
Sierra Leone,SLE,2010,46754.09398
Sierra Leone,SLE,2011,44864.64296
Sierra Leone,SLE,2012,42851.83277
Sierra Leone,SLE,2013,40459.03138
Sierra Leone,SLE,2014,43379.52985
Sierra Leone,SLE,2015,39440.87305
Sierra Leone,SLE,2016,36055.34658
Sierra Leone,SLE,2017,34501.71644
Sierra Leone,SLE,2018,32909.18683
Sierra Leone,SLE,2019,31636.39118
Singapore,SGP,1990,2770.504808
Singapore,SGP,1991,2588.340383
Singapore,SGP,1992,2489.185611
Singapore,SGP,1993,2433.209488
Singapore,SGP,1994,2393.033538
Singapore,SGP,1995,2380.914067
Singapore,SGP,1996,2318.948374
Singapore,SGP,1997,2208.099499
Singapore,SGP,1998,2140.580505
Singapore,SGP,1999,2020.808425
Singapore,SGP,2000,1933.488254
Singapore,SGP,2001,1853.030293
Singapore,SGP,2002,1862.770732
Singapore,SGP,2003,1849.274583
Singapore,SGP,2004,1813.905045
Singapore,SGP,2005,1768.207148
Singapore,SGP,2006,1738.650206
Singapore,SGP,2007,1719.293487
Singapore,SGP,2008,1684.59035
Singapore,SGP,2009,1661.865833
Singapore,SGP,2010,1625.01333
Singapore,SGP,2011,1579.026753
Singapore,SGP,2012,1570.392205
Singapore,SGP,2013,1541.845517
Singapore,SGP,2014,1504.21292
Singapore,SGP,2015,1470.057046
Singapore,SGP,2016,1443.385496
Singapore,SGP,2017,1413.509326
Singapore,SGP,2018,1395.824912
Singapore,SGP,2019,1375.278273
Slovakia,SVK,1990,3484.470996
Slovakia,SVK,1991,3534.275408
Slovakia,SVK,1992,3377.091156
Slovakia,SVK,1993,3136.652349
Slovakia,SVK,1994,3019.781311
Slovakia,SVK,1995,2938.030471
Slovakia,SVK,1996,2775.895449
Slovakia,SVK,1997,2614.675039
Slovakia,SVK,1998,2532.404989
Slovakia,SVK,1999,2410.618608
Slovakia,SVK,2000,2312.827164
Slovakia,SVK,2001,2129.564818
Slovakia,SVK,2002,2154.703449
Slovakia,SVK,2003,2191.388841
Slovakia,SVK,2004,2125.50808
Slovakia,SVK,2005,2103.890994
Slovakia,SVK,2006,2031.896193
Slovakia,SVK,2007,1989.252955
Slovakia,SVK,2008,1932.32892
Slovakia,SVK,2009,1889.823299
Slovakia,SVK,2010,1825.793731
Slovakia,SVK,2011,1771.272205
Slovakia,SVK,2012,1779.680043
Slovakia,SVK,2013,1754.189342
Slovakia,SVK,2014,1757.791237
Slovakia,SVK,2015,1738.35912
Slovakia,SVK,2016,1697.613341
Slovakia,SVK,2017,1649.479574
Slovakia,SVK,2018,1612.919139
Slovakia,SVK,2019,1579.550113
Slovenia,SVN,1990,2027.562524
Slovenia,SVN,1991,1958.001036
Slovenia,SVN,1992,1894.285529
Slovenia,SVN,1993,1813.665963
Slovenia,SVN,1994,1749.100979
Slovenia,SVN,1995,1697.1973
Slovenia,SVN,1996,1652.664339
Slovenia,SVN,1997,1646.043987
Slovenia,SVN,1998,1645.435902
Slovenia,SVN,1999,1606.410702
Slovenia,SVN,2000,1560.311428
Slovenia,SVN,2001,1525.815905
Slovenia,SVN,2002,1476.347409
Slovenia,SVN,2003,1458.975244
Slovenia,SVN,2004,1432.439961
Slovenia,SVN,2005,1396.776977
Slovenia,SVN,2006,1325.212452
Slovenia,SVN,2007,1266.645785
Slovenia,SVN,2008,1216.918686
Slovenia,SVN,2009,1171.583058
Slovenia,SVN,2010,1152.536528
Slovenia,SVN,2011,1130.534743
Slovenia,SVN,2012,1089.03448
Slovenia,SVN,2013,1087.994161
Slovenia,SVN,2014,1026.841355
Slovenia,SVN,2015,1016.945595
Slovenia,SVN,2016,1011.801641
Slovenia,SVN,2017,995.0966145
Slovenia,SVN,2018,984.322515
Slovenia,SVN,2019,975.8361433
Solomon Islands,SLB,1990,25233.90478
Solomon Islands,SLB,1991,24841.9748
Solomon Islands,SLB,1992,24414.68938
Solomon Islands,SLB,1993,23993.09229
Solomon Islands,SLB,1994,23480.87825
Solomon Islands,SLB,1995,22996.13293
Solomon Islands,SLB,1996,22524.00374
Solomon Islands,SLB,1997,22041.56736
Solomon Islands,SLB,1998,21400.67401
Solomon Islands,SLB,1999,21042.45976
Solomon Islands,SLB,2000,20732.38277
Solomon Islands,SLB,2001,20488.70708
Solomon Islands,SLB,2002,20633.52898
Solomon Islands,SLB,2003,20666.81574
Solomon Islands,SLB,2004,20822.23487
Solomon Islands,SLB,2005,20676.79009
Solomon Islands,SLB,2006,20390.62773
Solomon Islands,SLB,2007,20318.29905
Solomon Islands,SLB,2008,21481.13577
Solomon Islands,SLB,2009,20338.70056
Solomon Islands,SLB,2010,20059.36362
Solomon Islands,SLB,2011,18372.89537
Solomon Islands,SLB,2012,17515.99119
Solomon Islands,SLB,2013,16815.11744
Solomon Islands,SLB,2014,15929.98937
Solomon Islands,SLB,2015,15367.25996
Solomon Islands,SLB,2016,15352.88642
Solomon Islands,SLB,2017,14773.12924
Solomon Islands,SLB,2018,13904.72977
Solomon Islands,SLB,2019,13579.46084
Somalia,SOM,1990,66988.64902
Somalia,SOM,1991,65216.71599
Somalia,SOM,1992,62843.40507
Somalia,SOM,1993,61731.10398
Somalia,SOM,1994,62203.51313
Somalia,SOM,1995,61343.19226
Somalia,SOM,1996,60786.26128
Somalia,SOM,1997,60481.00293
Somalia,SOM,1998,59484.04315
Somalia,SOM,1999,58650.40899
Somalia,SOM,2000,57935.6409
Somalia,SOM,2001,56508.96433
Somalia,SOM,2002,55029.46707
Somalia,SOM,2003,53589.89564
Somalia,SOM,2004,52239.58164
Somalia,SOM,2005,50876.21732
Somalia,SOM,2006,49894.89349
Somalia,SOM,2007,48894.1854
Somalia,SOM,2008,47228.40916
Somalia,SOM,2009,46192.20525
Somalia,SOM,2010,48608.35382
Somalia,SOM,2011,47761.64588
Somalia,SOM,2012,42980.06882
Somalia,SOM,2013,41762.06777
Somalia,SOM,2014,40647.14494
Somalia,SOM,2015,39591.35552
Somalia,SOM,2016,38605.54404
Somalia,SOM,2017,37694.25588
Somalia,SOM,2018,36608.67917
Somalia,SOM,2019,35597.36549
South Africa,ZAF,1990,21011.63663
South Africa,ZAF,1991,20646.68698
South Africa,ZAF,1992,20961.17199
South Africa,ZAF,1993,20733.48852
South Africa,ZAF,1994,21688.29967
South Africa,ZAF,1995,22983.16724
South Africa,ZAF,1996,25080.30287
South Africa,ZAF,1997,28394.87774
South Africa,ZAF,1998,32079.64873
South Africa,ZAF,1999,35567.26675
South Africa,ZAF,2000,39770.05755
South Africa,ZAF,2001,43351.4185
South Africa,ZAF,2002,47021.06269
South Africa,ZAF,2003,50314.47288
South Africa,ZAF,2004,52677.09193
South Africa,ZAF,2005,53721.19269
South Africa,ZAF,2006,53340.40279
South Africa,ZAF,2007,51198.4773
South Africa,ZAF,2008,48249.60098
South Africa,ZAF,2009,44284.14326
South Africa,ZAF,2010,40551.60055
South Africa,ZAF,2011,36923.92277
South Africa,ZAF,2012,33496.079
South Africa,ZAF,2013,30854.98681
South Africa,ZAF,2014,29399.00835
South Africa,ZAF,2015,28383.46758
South Africa,ZAF,2016,27854.70587
South Africa,ZAF,2017,26968.94024
South Africa,ZAF,2018,24952.88035
South Africa,ZAF,2019,23778.372
South Asia (WB),,1990,33661.95308
South Asia (WB),,1991,33003.19689
South Asia (WB),,1992,32355.56715
South Asia (WB),,1993,31097.8029
South Asia (WB),,1994,29888.02468
South Asia (WB),,1995,28991.36631
South Asia (WB),,1996,28044.87943
South Asia (WB),,1997,27557.98841
South Asia (WB),,1998,26911.93387
South Asia (WB),,1999,26198.34414
South Asia (WB),,2000,25478.36832
South Asia (WB),,2001,24668.14446
South Asia (WB),,2002,23867.9834
South Asia (WB),,2003,22993.94625
South Asia (WB),,2004,22171.76043
South Asia (WB),,2005,21545.32806
South Asia (WB),,2006,20877.34471
South Asia (WB),,2007,20148.93847
South Asia (WB),,2008,19491.65285
South Asia (WB),,2009,18611.13462
South Asia (WB),,2010,17946.18088
South Asia (WB),,2011,17368.40645
South Asia (WB),,2012,16642.86945
South Asia (WB),,2013,16044.63386
South Asia (WB),,2014,15352.32538
South Asia (WB),,2015,14755.70249
South Asia (WB),,2016,13925.99088
South Asia (WB),,2017,13406.78867
South Asia (WB),,2018,12932.77246
South Asia (WB),,2019,12407.26335
South Korea,KOR,1990,3292.568748
South Korea,KOR,1991,3012.857059
South Korea,KOR,1992,2762.931405
South Korea,KOR,1993,2543.07881
South Korea,KOR,1994,2387.878901
South Korea,KOR,1995,2228.249356
South Korea,KOR,1996,2116.516486
South Korea,KOR,1997,2023.765518
South Korea,KOR,1998,1962.713104
South Korea,KOR,1999,1904.849835
South Korea,KOR,2000,1902.150701
South Korea,KOR,2001,1899.375749
South Korea,KOR,2002,1850.479946
South Korea,KOR,2003,1786.283804
South Korea,KOR,2004,1699.584657
South Korea,KOR,2005,1615.319819
South Korea,KOR,2006,1546.0805
South Korea,KOR,2007,1494.999967
South Korea,KOR,2008,1448.946659
South Korea,KOR,2009,1412.240651
South Korea,KOR,2010,1398.681161
South Korea,KOR,2011,1383.368201
South Korea,KOR,2012,1373.453642
South Korea,KOR,2013,1350.28529
South Korea,KOR,2014,1321.390478
South Korea,KOR,2015,1297.530408
South Korea,KOR,2016,1272.079724
South Korea,KOR,2017,1253.459769
South Korea,KOR,2018,1234.112666
South Korea,KOR,2019,1217.08227
South Sudan,SSD,1990,53982.15407
South Sudan,SSD,1991,53396.62382
South Sudan,SSD,1992,52651.8943
South Sudan,SSD,1993,51926.53205
South Sudan,SSD,1994,51174.18974
South Sudan,SSD,1995,50079.44258
South Sudan,SSD,1996,49374.41451
South Sudan,SSD,1997,49040.71711
South Sudan,SSD,1998,48288.82581
South Sudan,SSD,1999,47501.83696
South Sudan,SSD,2000,46608.45187
South Sudan,SSD,2001,46027.48467
South Sudan,SSD,2002,45268.29686
South Sudan,SSD,2003,44314.42875
South Sudan,SSD,2004,43354.85674
South Sudan,SSD,2005,42415.28799
South Sudan,SSD,2006,41933.72448
South Sudan,SSD,2007,40745.33819
South Sudan,SSD,2008,39794.92484
South Sudan,SSD,2009,38832.01086
South Sudan,SSD,2010,38078.89014
South Sudan,SSD,2011,37359.99878
South Sudan,SSD,2012,36870.29538
South Sudan,SSD,2013,36596.95372
South Sudan,SSD,2014,36385.28087
South Sudan,SSD,2015,36526.34219
South Sudan,SSD,2016,36192.14501
South Sudan,SSD,2017,34152.90505
South Sudan,SSD,2018,32143.10452
South Sudan,SSD,2019,30849.26206
South-East Asia Region (WHO),,1990,30958.34034
South-East Asia Region (WHO),,1991,30266.34306
South-East Asia Region (WHO),,1992,29573.57412
South-East Asia Region (WHO),,1993,28317.21218
South-East Asia Region (WHO),,1994,27104.22828
South-East Asia Region (WHO),,1995,26565.91609
South-East Asia Region (WHO),,1996,25598.02223
South-East Asia Region (WHO),,1997,25078.45879
South-East Asia Region (WHO),,1998,24478.51853
South-East Asia Region (WHO),,1999,23792.77065
South-East Asia Region (WHO),,2000,23052.56596
South-East Asia Region (WHO),,2001,22293.0949
South-East Asia Region (WHO),,2002,21524.98626
South-East Asia Region (WHO),,2003,20506.44474
South-East Asia Region (WHO),,2004,19752.86305
South-East Asia Region (WHO),,2005,19160.3064
South-East Asia Region (WHO),,2006,18479.64133
South-East Asia Region (WHO),,2007,17800.47162
South-East Asia Region (WHO),,2008,17184.84303
South-East Asia Region (WHO),,2009,16382.91889
South-East Asia Region (WHO),,2010,15744.47118
South-East Asia Region (WHO),,2011,15171.3921
South-East Asia Region (WHO),,2012,14478.48029
South-East Asia Region (WHO),,2013,13894.35461
South-East Asia Region (WHO),,2014,13203.31059
South-East Asia Region (WHO),,2015,12645.64779
South-East Asia Region (WHO),,2016,11808.24868
South-East Asia Region (WHO),,2017,11300.32396
South-East Asia Region (WHO),,2018,10924.37932
South-East Asia Region (WHO),,2019,10469.20841
Spain,ESP,1990,2104.941625
Spain,ESP,1991,2107.351572
Spain,ESP,1992,2155.47048
Spain,ESP,1993,2170.32164
Spain,ESP,1994,2170.523846
Spain,ESP,1995,2190.629888
Spain,ESP,1996,2123.364789
Spain,ESP,1997,1754.86135
Spain,ESP,1998,1564.834664
Spain,ESP,1999,1519.691312
Spain,ESP,2000,1457.196299
Spain,ESP,2001,1411.106166
Spain,ESP,2002,1404.245199
Spain,ESP,2003,1391.247867
Spain,ESP,2004,1353.64283
Spain,ESP,2005,1320.598997
Spain,ESP,2006,1273.639993
Spain,ESP,2007,1258.97031
Spain,ESP,2008,1231.067609
Spain,ESP,2009,1190.761047
Spain,ESP,2010,1164.082569
Spain,ESP,2011,1144.067267
Spain,ESP,2012,1118.785625
Spain,ESP,2013,1076.262604
Spain,ESP,2014,1072.376302
Spain,ESP,2015,1051.081092
Spain,ESP,2016,1047.250309
Spain,ESP,2017,1030.264223
Spain,ESP,2018,1020.239656
Spain,ESP,2019,1011.618178
Sri Lanka,LKA,1990,8252.869116
Sri Lanka,LKA,1991,7633.418873
Sri Lanka,LKA,1992,7440.405749
Sri Lanka,LKA,1993,6689.413264
Sri Lanka,LKA,1994,6581.928383
Sri Lanka,LKA,1995,6560.88365
Sri Lanka,LKA,1996,6511.681168
Sri Lanka,LKA,1997,6420.907456
Sri Lanka,LKA,1998,5762.704169
Sri Lanka,LKA,1999,5573.313691
Sri Lanka,LKA,2000,5469.446581
Sri Lanka,LKA,2001,5054.259893
Sri Lanka,LKA,2002,4665.395509
Sri Lanka,LKA,2003,4497.95983
Sri Lanka,LKA,2004,4251.390799
Sri Lanka,LKA,2005,4769.955755
Sri Lanka,LKA,2006,3949.53621
Sri Lanka,LKA,2007,3675.472106
Sri Lanka,LKA,2008,3670.343223
Sri Lanka,LKA,2009,3825.502611
Sri Lanka,LKA,2010,3623.360261
Sri Lanka,LKA,2011,3592.544726
Sri Lanka,LKA,2012,3421.984924
Sri Lanka,LKA,2013,3337.264361
Sri Lanka,LKA,2014,3279.046243
Sri Lanka,LKA,2015,3134.040858
Sri Lanka,LKA,2016,3043.53867
Sri Lanka,LKA,2017,3070.020838
Sri Lanka,LKA,2018,2888.947897
Sri Lanka,LKA,2019,2831.655916
Sub-Saharan Africa (WB),,1990,51163.54481
Sub-Saharan Africa (WB),,1991,51502.9257
Sub-Saharan Africa (WB),,1992,51757.22926
Sub-Saharan Africa (WB),,1993,52092.58714
Sub-Saharan Africa (WB),,1994,52716.09694
Sub-Saharan Africa (WB),,1995,53083.57811
Sub-Saharan Africa (WB),,1996,53605.03631
Sub-Saharan Africa (WB),,1997,53700.45218
Sub-Saharan Africa (WB),,1998,53802.43622
Sub-Saharan Africa (WB),,1999,53714.25746
Sub-Saharan Africa (WB),,2000,53484.28345
Sub-Saharan Africa (WB),,2001,52891.24188
Sub-Saharan Africa (WB),,2002,51977.12165
Sub-Saharan Africa (WB),,2003,51010.51044
Sub-Saharan Africa (WB),,2004,49582.80432
Sub-Saharan Africa (WB),,2005,47797.35843
Sub-Saharan Africa (WB),,2006,45761.89196
Sub-Saharan Africa (WB),,2007,43537.98344
Sub-Saharan Africa (WB),,2008,41338.10266
Sub-Saharan Africa (WB),,2009,39317.74274
Sub-Saharan Africa (WB),,2010,37535.43496
Sub-Saharan Africa (WB),,2011,35722.89453
Sub-Saharan Africa (WB),,2012,33909.40154
Sub-Saharan Africa (WB),,2013,32341.36327
Sub-Saharan Africa (WB),,2014,31076.36344
Sub-Saharan Africa (WB),,2015,29758.32844
Sub-Saharan Africa (WB),,2016,28604.1595
Sub-Saharan Africa (WB),,2017,27363.50653
Sub-Saharan Africa (WB),,2018,26086.78012
Sub-Saharan Africa (WB),,2019,25070.96143
Sudan,SDN,1990,30966.10237
Sudan,SDN,1991,29606.48503
Sudan,SDN,1992,28673.64531
Sudan,SDN,1993,27774.7141
Sudan,SDN,1994,26999.26816
Sudan,SDN,1995,26214.00881
Sudan,SDN,1996,25341.9864
Sudan,SDN,1997,24228.23764
Sudan,SDN,1998,23723.72587
Sudan,SDN,1999,22868.10953
Sudan,SDN,2000,21841.8722
Sudan,SDN,2001,21046.39777
Sudan,SDN,2002,20292.50021
Sudan,SDN,2003,19518.53911
Sudan,SDN,2004,18576.89037
Sudan,SDN,2005,17374.14165
Sudan,SDN,2006,16581.19716
Sudan,SDN,2007,15724.18912
Sudan,SDN,2008,14889.12468
Sudan,SDN,2009,14389.11814
Sudan,SDN,2010,14048.32814
Sudan,SDN,2011,13521.93002
Sudan,SDN,2012,13001.75696
Sudan,SDN,2013,12476.67968
Sudan,SDN,2014,11770.15672
Sudan,SDN,2015,11194.72915
Sudan,SDN,2016,10703.02665
Sudan,SDN,2017,10375.27361
Sudan,SDN,2018,9751.279477
Sudan,SDN,2019,9282.636215
Suriname,SUR,1990,12064.02644
Suriname,SUR,1991,11649.97831
Suriname,SUR,1992,11418.31652
Suriname,SUR,1993,11747.69462
Suriname,SUR,1994,11478.77862
Suriname,SUR,1995,10959.59576
Suriname,SUR,1996,10950.21363
Suriname,SUR,1997,10751.78243
Suriname,SUR,1998,10655.11613
Suriname,SUR,1999,10677.41119
Suriname,SUR,2000,11472.82241
Suriname,SUR,2001,11578.84123
Suriname,SUR,2002,11195.7051
Suriname,SUR,2003,10624.08786
Suriname,SUR,2004,10269.68083
Suriname,SUR,2005,9851.896936
Suriname,SUR,2006,9337.533291
Suriname,SUR,2007,8967.660422
Suriname,SUR,2008,8642.865995
Suriname,SUR,2009,8385.967921
Suriname,SUR,2010,8161.507606
Suriname,SUR,2011,7769.755542
Suriname,SUR,2012,7563.561752
Suriname,SUR,2013,7401.572704
Suriname,SUR,2014,7487.666948
Suriname,SUR,2015,7334.200255
Suriname,SUR,2016,7176.657499
Suriname,SUR,2017,7049.894849
Suriname,SUR,2018,6931.381293
Suriname,SUR,2019,6798.024842
Sweden,SWE,1990,1378.2246
Sweden,SWE,1991,1366.41129
Sweden,SWE,1992,1309.755309
Sweden,SWE,1993,1274.543586
Sweden,SWE,1994,1223.176772
Sweden,SWE,1995,1181.137812
Sweden,SWE,1996,1153.678784
Sweden,SWE,1997,1087.093389
Sweden,SWE,1998,1059.764518
Sweden,SWE,1999,1041.708917
Sweden,SWE,2000,1028.346494
Sweden,SWE,2001,1033.780218
Sweden,SWE,2002,1012.188142
Sweden,SWE,2003,995.3705382
Sweden,SWE,2004,971.3015282
Sweden,SWE,2005,939.2855389
Sweden,SWE,2006,933.5629
Sweden,SWE,2007,915.8555588
Sweden,SWE,2008,907.1698582
Sweden,SWE,2009,920.9325409
Sweden,SWE,2010,910.0025769
Sweden,SWE,2011,899.1201354
Sweden,SWE,2012,919.5758982
Sweden,SWE,2013,914.5872953
Sweden,SWE,2014,883.6694516
Sweden,SWE,2015,898.3252409
Sweden,SWE,2016,903.4592411
Sweden,SWE,2017,893.0754785
Sweden,SWE,2018,879.1664052
Sweden,SWE,2019,875.8775367
Switzerland,CHE,1990,1499.979196
Switzerland,CHE,1991,1455.393025
Switzerland,CHE,1992,1417.30564
Switzerland,CHE,1993,1356.122757
Switzerland,CHE,1994,1304.420293
Switzerland,CHE,1995,1558.674828
Switzerland,CHE,1996,1465.518489
Switzerland,CHE,1997,1372.030793
Switzerland,CHE,1998,1313.202922
Switzerland,CHE,1999,1286.823326
Switzerland,CHE,2000,1282.421238
Switzerland,CHE,2001,1255.962031
Switzerland,CHE,2002,1215.332924
Switzerland,CHE,2003,1183.923121
Switzerland,CHE,2004,1171.434418
Switzerland,CHE,2005,1143.556162
Switzerland,CHE,2006,1143.138547
Switzerland,CHE,2007,1110.103956
Switzerland,CHE,2008,1094.405576
Switzerland,CHE,2009,1103.403127
Switzerland,CHE,2010,1069.519359
Switzerland,CHE,2011,1052.946146
Switzerland,CHE,2012,1041.522067
Switzerland,CHE,2013,1041.796974
Switzerland,CHE,2014,1036.248312
Switzerland,CHE,2015,1039.102188
Switzerland,CHE,2016,1005.316034
Switzerland,CHE,2017,993.0076501
Switzerland,CHE,2018,981.4798537
Switzerland,CHE,2019,972.599837
Syria,SYR,1990,9161.191522
Syria,SYR,1991,8745.507974
Syria,SYR,1992,8277.460702
Syria,SYR,1993,7736.681859
Syria,SYR,1994,7228.301608
Syria,SYR,1995,6725.273522
Syria,SYR,1996,6130.544525
Syria,SYR,1997,5580.949135
Syria,SYR,1998,5107.639452
Syria,SYR,1999,4614.671154
Syria,SYR,2000,4143.908624
Syria,SYR,2001,3800.23012
Syria,SYR,2002,3548.682803
Syria,SYR,2003,3114.651918
Syria,SYR,2004,2999.218097
Syria,SYR,2005,2951.162138
Syria,SYR,2006,2986.169366
Syria,SYR,2007,3041.91619
Syria,SYR,2008,3226.27593
Syria,SYR,2009,3183.738934
Syria,SYR,2010,3256.829789
Syria,SYR,2011,3487.109526
Syria,SYR,2012,3680.490076
Syria,SYR,2013,3792.82324
Syria,SYR,2014,3749.917503
Syria,SYR,2015,3631.824912
Syria,SYR,2016,3483.698975
Syria,SYR,2017,3322.488828
Syria,SYR,2018,3106.471804
Syria,SYR,2019,2965.837206
Taiwan,TWN,1990,2238.377632
Taiwan,TWN,1991,2130.174239
Taiwan,TWN,1992,2087.669932
Taiwan,TWN,1993,2023.174687
Taiwan,TWN,1994,2011.576483
Taiwan,TWN,1995,2089.614201
Taiwan,TWN,1996,2113.439894
Taiwan,TWN,1997,2074.987441
Taiwan,TWN,1998,2029.02175
Taiwan,TWN,1999,1943.370016
Taiwan,TWN,2000,1918.461047
Taiwan,TWN,2001,1868.067794
Taiwan,TWN,2002,1823.875909
Taiwan,TWN,2003,1744.940518
Taiwan,TWN,2004,1752.271729
Taiwan,TWN,2005,1734.957561
Taiwan,TWN,2006,1680.726903
Taiwan,TWN,2007,1674.825473
Taiwan,TWN,2008,1703.665452
Taiwan,TWN,2009,1634.399532
Taiwan,TWN,2010,1599.407167
Taiwan,TWN,2011,1679.539352
Taiwan,TWN,2012,1632.288968
Taiwan,TWN,2013,1570.596797
Taiwan,TWN,2014,1594.817842
Taiwan,TWN,2015,1630.833267
Taiwan,TWN,2016,1628.757657
Taiwan,TWN,2017,1599.565285
Taiwan,TWN,2018,1582.958473
Taiwan,TWN,2019,1569.525254
Tajikistan,TJK,1990,17062.29006
Tajikistan,TJK,1991,16674.80553
Tajikistan,TJK,1992,16962.27064
Tajikistan,TJK,1993,17189.23789
Tajikistan,TJK,1994,17292.60296
Tajikistan,TJK,1995,17116.82909
Tajikistan,TJK,1996,16875.35828
Tajikistan,TJK,1997,16575.01517
Tajikistan,TJK,1998,15903.60573
Tajikistan,TJK,1999,15231.44984
Tajikistan,TJK,2000,14613.73002
Tajikistan,TJK,2001,14007.38285
Tajikistan,TJK,2002,13261.62041
Tajikistan,TJK,2003,12511.46496
Tajikistan,TJK,2004,11772.93648
Tajikistan,TJK,2005,11221.66988
Tajikistan,TJK,2006,10763.97396
Tajikistan,TJK,2007,10215.31658
Tajikistan,TJK,2008,9697.515492
Tajikistan,TJK,2009,9286.592232
Tajikistan,TJK,2010,8857.116964
Tajikistan,TJK,2011,8452.663353
Tajikistan,TJK,2012,8142.190716
Tajikistan,TJK,2013,7857.428877
Tajikistan,TJK,2014,7667.908772
Tajikistan,TJK,2015,7393.466112
Tajikistan,TJK,2016,7159.955236
Tajikistan,TJK,2017,7005.100047
Tajikistan,TJK,2018,6748.868321
Tajikistan,TJK,2019,6552.812182
Tanzania,TZA,1990,51624.16277
Tanzania,TZA,1991,53379.69872
Tanzania,TZA,1992,55460.4968
Tanzania,TZA,1993,56854.18028
Tanzania,TZA,1994,58452.75913
Tanzania,TZA,1995,59609.02655
Tanzania,TZA,1996,60212.76259
Tanzania,TZA,1997,60717.00121
Tanzania,TZA,1998,60493.71815
Tanzania,TZA,1999,59437.73775
Tanzania,TZA,2000,58112.20093
Tanzania,TZA,2001,56280.20459
Tanzania,TZA,2002,54165.05405
Tanzania,TZA,2003,51870.74242
Tanzania,TZA,2004,49818.9575
Tanzania,TZA,2005,47862.22594
Tanzania,TZA,2006,45149.28608
Tanzania,TZA,2007,41560.0167
Tanzania,TZA,2008,38556.13005
Tanzania,TZA,2009,36383.29666
Tanzania,TZA,2010,34485.9009
Tanzania,TZA,2011,32753.08406
Tanzania,TZA,2012,30265.71764
Tanzania,TZA,2013,27687.75675
Tanzania,TZA,2014,26129.74992
Tanzania,TZA,2015,24751.08072
Tanzania,TZA,2016,23766.85198
Tanzania,TZA,2017,22638.19356
Tanzania,TZA,2018,21187.59834
Tanzania,TZA,2019,20117.73464
Thailand,THA,1990,7995.410248
Thailand,THA,1991,7685.288536
Thailand,THA,1992,7492.614259
Thailand,THA,1993,7434.02139
Thailand,THA,1994,7515.637583
Thailand,THA,1995,7599.729525
Thailand,THA,1996,7632.300112
Thailand,THA,1997,7510.015622
Thailand,THA,1998,7524.889096
Thailand,THA,1999,7529.489155
Thailand,THA,2000,7414.339899
Thailand,THA,2001,7217.443777
Thailand,THA,2002,7023.723935
Thailand,THA,2003,6720.544429
Thailand,THA,2004,6361.758987
Thailand,THA,2005,5881.830562
Thailand,THA,2006,5279.985358
Thailand,THA,2007,4801.635654
Thailand,THA,2008,4559.34386
Thailand,THA,2009,4401.771116
Thailand,THA,2010,4242.554535
Thailand,THA,2011,4101.372602
Thailand,THA,2012,4084.365947
Thailand,THA,2013,4116.386141
Thailand,THA,2014,4176.953393
Thailand,THA,2015,4164.074054
Thailand,THA,2016,4143.742163
Thailand,THA,2017,3969.470579
Thailand,THA,2018,3847.135816
Thailand,THA,2019,3724.893213
Timor,TLS,1990,34328.84715
Timor,TLS,1991,33417.39611
Timor,TLS,1992,32174.88273
Timor,TLS,1993,31067.54363
Timor,TLS,1994,30127.11513
Timor,TLS,1995,29226.62782
Timor,TLS,1996,28363.926
Timor,TLS,1997,27930.3679
Timor,TLS,1998,27103.60513
Timor,TLS,1999,26931.36872
Timor,TLS,2000,25899.48737
Timor,TLS,2001,24701.23266
Timor,TLS,2002,23466.74318
Timor,TLS,2003,22023.4429
Timor,TLS,2004,20980.72222
Timor,TLS,2005,19443.92732
Timor,TLS,2006,17980.29474
Timor,TLS,2007,16638.2109
Timor,TLS,2008,15929.42467
Timor,TLS,2009,14833.66898
Timor,TLS,2010,14167.10791
Timor,TLS,2011,12993.57341
Timor,TLS,2012,12056.65341
Timor,TLS,2013,11564.16918
Timor,TLS,2014,11350.52014
Timor,TLS,2015,11190.5786
Timor,TLS,2016,11035.15934
Timor,TLS,2017,10813.73518
Timor,TLS,2018,10562.53753
Timor,TLS,2019,10301.21181
Togo,TGO,1990,40629.15656
Togo,TGO,1991,40355.06353
Togo,TGO,1992,40257.16786
Togo,TGO,1993,40622.6686
Togo,TGO,1994,41154.8766
Togo,TGO,1995,41673.6352
Togo,TGO,1996,42610.24724
Togo,TGO,1997,43963.35172
Togo,TGO,1998,44358.74532
Togo,TGO,1999,44685.46752
Togo,TGO,2000,45276.25993
Togo,TGO,2001,45690.76047
Togo,TGO,2002,45619.86071
Togo,TGO,2003,45278.97744
Togo,TGO,2004,44601.8889
Togo,TGO,2005,43671.28938
Togo,TGO,2006,42500.8753
Togo,TGO,2007,41755.90115
Togo,TGO,2008,40448.83078
Togo,TGO,2009,38477.213
Togo,TGO,2010,36398.59784
Togo,TGO,2011,34542.46656
Togo,TGO,2012,33342.21825
Togo,TGO,2013,32294.94005
Togo,TGO,2014,30999.31459
Togo,TGO,2015,29657.73078
Togo,TGO,2016,27959.55114
Togo,TGO,2017,26168.32512
Togo,TGO,2018,24770.17905
Togo,TGO,2019,23566.93194
Tokelau,TKL,1990,8777.331523
Tokelau,TKL,1991,8509.456607
Tokelau,TKL,1992,8230.093055
Tokelau,TKL,1993,7960.95672
Tokelau,TKL,1994,7701.549127
Tokelau,TKL,1995,7449.46609
Tokelau,TKL,1996,7233.127907
Tokelau,TKL,1997,7037.514441
Tokelau,TKL,1998,6861.545501
Tokelau,TKL,1999,6574.864449
Tokelau,TKL,2000,6402.151104
Tokelau,TKL,2001,6249.842797
Tokelau,TKL,2002,6080.675181
Tokelau,TKL,2003,5930.311098
Tokelau,TKL,2004,5689.953532
Tokelau,TKL,2005,5481.504401
Tokelau,TKL,2006,5298.912205
Tokelau,TKL,2007,5119.367541
Tokelau,TKL,2008,4961.751646
Tokelau,TKL,2009,4892.387228
Tokelau,TKL,2010,4748.7451
Tokelau,TKL,2011,4616.456062
Tokelau,TKL,2012,4489.52545
Tokelau,TKL,2013,4362.681115
Tokelau,TKL,2014,4278.349911
Tokelau,TKL,2015,4209.975329
Tokelau,TKL,2016,4159.459525
Tokelau,TKL,2017,4099.555305
Tokelau,TKL,2018,4046.189943
Tokelau,TKL,2019,4000.491886
Tonga,TON,1990,7838.239436
Tonga,TON,1991,7629.701172
Tonga,TON,1992,7405.162743
Tonga,TON,1993,7334.270573
Tonga,TON,1994,7250.522032
Tonga,TON,1995,7094.972116
Tonga,TON,1996,6987.735039
Tonga,TON,1997,6946.586757
Tonga,TON,1998,6977.590244
Tonga,TON,1999,6844.090549
Tonga,TON,2000,6672.694041
Tonga,TON,2001,6528.344235
Tonga,TON,2002,6406.952206
Tonga,TON,2003,6287.624064
Tonga,TON,2004,6145.439601
Tonga,TON,2005,5904.343124
Tonga,TON,2006,5841.724781
Tonga,TON,2007,5808.683468
Tonga,TON,2008,5804.854186
Tonga,TON,2009,5740.284066
Tonga,TON,2010,5656.665947
Tonga,TON,2011,5551.277244
Tonga,TON,2012,5460.71786
Tonga,TON,2013,5380.904341
Tonga,TON,2014,5306.306202
Tonga,TON,2015,5230.746967
Tonga,TON,2016,5159.243408
Tonga,TON,2017,5079.949538
Tonga,TON,2018,4982.901278
Tonga,TON,2019,4885.166819
Trinidad and Tobago,TTO,1990,6371.678749
Trinidad and Tobago,TTO,1991,6352.530844
Trinidad and Tobago,TTO,1992,6552.881517
Trinidad and Tobago,TTO,1993,6600.051032
Trinidad and Tobago,TTO,1994,6747.58913
Trinidad and Tobago,TTO,1995,6714.701329
Trinidad and Tobago,TTO,1996,6911.41977
Trinidad and Tobago,TTO,1997,6833.17546
Trinidad and Tobago,TTO,1998,6903.816543
Trinidad and Tobago,TTO,1999,7431.412831
Trinidad and Tobago,TTO,2000,7405.04265
Trinidad and Tobago,TTO,2001,7228.131126
Trinidad and Tobago,TTO,2002,6876.064407
Trinidad and Tobago,TTO,2003,6456.399753
Trinidad and Tobago,TTO,2004,5851.94034
Trinidad and Tobago,TTO,2005,5547.402522
Trinidad and Tobago,TTO,2006,5255.348662
Trinidad and Tobago,TTO,2007,4886.396607
Trinidad and Tobago,TTO,2008,4794.97822
Trinidad and Tobago,TTO,2009,4635.368998
Trinidad and Tobago,TTO,2010,4452.401875
Trinidad and Tobago,TTO,2011,4290.183065
Trinidad and Tobago,TTO,2012,4208.234823
Trinidad and Tobago,TTO,2013,4206.480402
Trinidad and Tobago,TTO,2014,4161.332534
Trinidad and Tobago,TTO,2015,4110.470201
Trinidad and Tobago,TTO,2016,4069.482158
Trinidad and Tobago,TTO,2017,4034.347333
Trinidad and Tobago,TTO,2018,3999.05637
Trinidad and Tobago,TTO,2019,3957.800464
Tunisia,TUN,1990,7892.812443
Tunisia,TUN,1991,7529.378725
Tunisia,TUN,1992,7162.475743
Tunisia,TUN,1993,6858.997635
Tunisia,TUN,1994,6550.378545
Tunisia,TUN,1995,6295.427214
Tunisia,TUN,1996,5991.605608
Tunisia,TUN,1997,5715.718056
Tunisia,TUN,1998,5419.004845
Tunisia,TUN,1999,5087.840157
Tunisia,TUN,2000,4892.402649
Tunisia,TUN,2001,4715.579824
Tunisia,TUN,2002,4520.01208
Tunisia,TUN,2003,4348.461331
Tunisia,TUN,2004,4158.141246
Tunisia,TUN,2005,3985.140382
Tunisia,TUN,2006,3816.250749
Tunisia,TUN,2007,3678.103044
Tunisia,TUN,2008,3562.300456
Tunisia,TUN,2009,3475.271199
Tunisia,TUN,2010,3434.57115
Tunisia,TUN,2011,3352.433194
Tunisia,TUN,2012,3183.690493
Tunisia,TUN,2013,3066.316918
Tunisia,TUN,2014,2957.323777
Tunisia,TUN,2015,2852.386992
Tunisia,TUN,2016,2752.965734
Tunisia,TUN,2017,2661.724284
Tunisia,TUN,2018,2554.886265
Tunisia,TUN,2019,2456.165795
Turkey,TUR,1990,12125.33356
Turkey,TUR,1991,11467.50433
Turkey,TUR,1992,10893.57856
Turkey,TUR,1993,10332.73899
Turkey,TUR,1994,9954.16674
Turkey,TUR,1995,9557.806154
Turkey,TUR,1996,9014.563845
Turkey,TUR,1997,8514.559419
Turkey,TUR,1998,7998.547081
Turkey,TUR,1999,7487.382154
Turkey,TUR,2000,6936.358906
Turkey,TUR,2001,6469.723209
Turkey,TUR,2002,6095.183171
Turkey,TUR,2003,5620.660128
Turkey,TUR,2004,5129.837363
Turkey,TUR,2005,4743.713174
Turkey,TUR,2006,4384.768243
Turkey,TUR,2007,4112.795963
Turkey,TUR,2008,3879.614982
Turkey,TUR,2009,3795.20668
Turkey,TUR,2010,3718.254484
Turkey,TUR,2011,3545.781935
Turkey,TUR,2012,3459.342503
Turkey,TUR,2013,3438.148563
Turkey,TUR,2014,3426.188927
Turkey,TUR,2015,3361.045154
Turkey,TUR,2016,3292.526845
Turkey,TUR,2017,3149.62304
Turkey,TUR,2018,3020.566903
Turkey,TUR,2019,2894.538775
Turkmenistan,TKM,1990,14260.42961
Turkmenistan,TKM,1991,13875.07721
Turkmenistan,TKM,1992,13670.93483
Turkmenistan,TKM,1993,13728.27345
Turkmenistan,TKM,1994,13754.10836
Turkmenistan,TKM,1995,13657.43449
Turkmenistan,TKM,1996,13697.36745
Turkmenistan,TKM,1997,13745.11885
Turkmenistan,TKM,1998,13450.07053
Turkmenistan,TKM,1999,12838.94833
Turkmenistan,TKM,2000,12277.12302
Turkmenistan,TKM,2001,11732.54135
Turkmenistan,TKM,2002,11135.50053
Turkmenistan,TKM,2003,10689.56151
Turkmenistan,TKM,2004,10276.98993
Turkmenistan,TKM,2005,9931.672098
Turkmenistan,TKM,2006,9495.633397
Turkmenistan,TKM,2007,9121.665118
Turkmenistan,TKM,2008,8734.844914
Turkmenistan,TKM,2009,8267.702354
Turkmenistan,TKM,2010,7796.17502
Turkmenistan,TKM,2011,7437.766016
Turkmenistan,TKM,2012,7053.76293
Turkmenistan,TKM,2013,6806.11302
Turkmenistan,TKM,2014,6544.733548
Turkmenistan,TKM,2015,6319.278818
Turkmenistan,TKM,2016,6057.043234
Turkmenistan,TKM,2017,5823.674491
Turkmenistan,TKM,2018,5608.753789
Turkmenistan,TKM,2019,5399.551799
Tuvalu,TUV,1990,17574.40703
Tuvalu,TUV,1991,16599.02864
Tuvalu,TUV,1992,15718.48377
Tuvalu,TUV,1993,14946.14826
Tuvalu,TUV,1994,14037.74286
Tuvalu,TUV,1995,13461.85723
Tuvalu,TUV,1996,12971.11375
Tuvalu,TUV,1997,12390.2783
Tuvalu,TUV,1998,11698.59006
Tuvalu,TUV,1999,10932.53485
Tuvalu,TUV,2000,10313.14136
Tuvalu,TUV,2001,9733.235875
Tuvalu,TUV,2002,9267.305834
Tuvalu,TUV,2003,8902.659725
Tuvalu,TUV,2004,8624.981689
Tuvalu,TUV,2005,8301.356114
Tuvalu,TUV,2006,7849.794127
Tuvalu,TUV,2007,7606.826759
Tuvalu,TUV,2008,7355.398928
Tuvalu,TUV,2009,7123.93397
Tuvalu,TUV,2010,6940.128046
Tuvalu,TUV,2011,6791.795584
Tuvalu,TUV,2012,6619.553151
Tuvalu,TUV,2013,6441.463644
Tuvalu,TUV,2014,6297.117559
Tuvalu,TUV,2015,6153.511988
Tuvalu,TUV,2016,6021.663007
Tuvalu,TUV,2017,5886.667948
Tuvalu,TUV,2018,5759.955062
Tuvalu,TUV,2019,5641.719142
Uganda,UGA,1990,75944.97475
Uganda,UGA,1991,76978.01826
Uganda,UGA,1992,77511.60712
Uganda,UGA,1993,77695.11382
Uganda,UGA,1994,76948.72814
Uganda,UGA,1995,76070.28994
Uganda,UGA,1996,74909.35722
Uganda,UGA,1997,73726.61748
Uganda,UGA,1998,72243.51861
Uganda,UGA,1999,70524.45722
Uganda,UGA,2000,68550.3809
Uganda,UGA,2001,65942.748
Uganda,UGA,2002,63032.73475
Uganda,UGA,2003,60345.83866
Uganda,UGA,2004,57778.01406
Uganda,UGA,2005,53612.07033
Uganda,UGA,2006,49145.64306
Uganda,UGA,2007,46258.95411
Uganda,UGA,2008,43621.18794
Uganda,UGA,2009,41071.17314
Uganda,UGA,2010,38831.55949
Uganda,UGA,2011,36196.77506
Uganda,UGA,2012,33312.55724
Uganda,UGA,2013,30292.27165
Uganda,UGA,2014,28099.67832
Uganda,UGA,2015,26900.48171
Uganda,UGA,2016,26645.54967
Uganda,UGA,2017,24668.11963
Uganda,UGA,2018,22896.93517
Uganda,UGA,2019,21904.63904
Ukraine,UKR,1990,3201.073267
Ukraine,UKR,1991,3239.062072
Ukraine,UKR,1992,3245.722464
Ukraine,UKR,1993,3314.082429
Ukraine,UKR,1994,3480.95032
Ukraine,UKR,1995,3644.879583
Ukraine,UKR,1996,3656.647209
Ukraine,UKR,1997,3643.522714
Ukraine,UKR,1998,3543.549638
Ukraine,UKR,1999,3659.112473
Ukraine,UKR,2000,3733.494348
Ukraine,UKR,2001,3598.614827
Ukraine,UKR,2002,3443.033968
Ukraine,UKR,2003,3398.427545
Ukraine,UKR,2004,3445.157895
Ukraine,UKR,2005,3760.557908
Ukraine,UKR,2006,3733.884791
Ukraine,UKR,2007,3874.176119
Ukraine,UKR,2008,3850.343649
Ukraine,UKR,2009,3503.394668
Ukraine,UKR,2010,3329.374229
Ukraine,UKR,2011,3209.75873
Ukraine,UKR,2012,3140.53645
Ukraine,UKR,2013,2787.710729
Ukraine,UKR,2014,2925.450409
Ukraine,UKR,2015,3294.980943
Ukraine,UKR,2016,3271.460158
Ukraine,UKR,2017,3185.401231
Ukraine,UKR,2018,3117.301999
Ukraine,UKR,2019,3055.962117
United Arab Emirates,ARE,1990,4841.433374
United Arab Emirates,ARE,1991,4577.324467
United Arab Emirates,ARE,1992,4398.418621
United Arab Emirates,ARE,1993,4214.582315
United Arab Emirates,ARE,1994,4136.099537
United Arab Emirates,ARE,1995,3963.573248
United Arab Emirates,ARE,1996,3829.802912
United Arab Emirates,ARE,1997,3756.993739
United Arab Emirates,ARE,1998,3719.918405
United Arab Emirates,ARE,1999,3675.877124
United Arab Emirates,ARE,2000,3686.370517
United Arab Emirates,ARE,2001,3636.219468
United Arab Emirates,ARE,2002,3581.786864
United Arab Emirates,ARE,2003,3583.566335
United Arab Emirates,ARE,2004,3611.995637
United Arab Emirates,ARE,2005,3548.329576
United Arab Emirates,ARE,2006,3406.043768
United Arab Emirates,ARE,2007,3152.992791
United Arab Emirates,ARE,2008,3019.979057
United Arab Emirates,ARE,2009,2947.154914
United Arab Emirates,ARE,2010,2901.497691
United Arab Emirates,ARE,2011,2850.359136
United Arab Emirates,ARE,2012,2803.928638
United Arab Emirates,ARE,2013,2707.455541
United Arab Emirates,ARE,2014,2498.002262
United Arab Emirates,ARE,2015,2466.008279
United Arab Emirates,ARE,2016,2431.402192
United Arab Emirates,ARE,2017,2396.705562
United Arab Emirates,ARE,2018,2348.942877
United Arab Emirates,ARE,2019,2290.656108
United Kingdom,GBR,1990,2068.577058
United Kingdom,GBR,1991,2037.808403
United Kingdom,GBR,1992,1987.218139
United Kingdom,GBR,1993,2028.876489
United Kingdom,GBR,1994,2031.210763
United Kingdom,GBR,1995,2043.682135
United Kingdom,GBR,1996,2035.094097
United Kingdom,GBR,1997,1999.623958
United Kingdom,GBR,1998,1970.59925
United Kingdom,GBR,1999,1959.807851
United Kingdom,GBR,2000,1887.818266
United Kingdom,GBR,2001,1793.980303
United Kingdom,GBR,2002,1739.40093
United Kingdom,GBR,2003,1731.255331
United Kingdom,GBR,2004,1673.012544
United Kingdom,GBR,2005,1648.744524
United Kingdom,GBR,2006,1621.394024
United Kingdom,GBR,2007,1596.306949
United Kingdom,GBR,2008,1570.115972
United Kingdom,GBR,2009,1532.449162
United Kingdom,GBR,2010,1493.786227
United Kingdom,GBR,2011,1467.685618
United Kingdom,GBR,2012,1437.874392
United Kingdom,GBR,2013,1414.938002
United Kingdom,GBR,2014,1395.714398
United Kingdom,GBR,2015,1402.009586
United Kingdom,GBR,2016,1394.639555
United Kingdom,GBR,2017,1380.684613
United Kingdom,GBR,2018,1379.317861
United Kingdom,GBR,2019,1380.82471
United States,USA,1990,2524.474872
United States,USA,1991,2546.314635
United States,USA,1992,2555.517998
United States,USA,1993,2600.491277
United States,USA,1994,2625.271088
United States,USA,1995,2566.224494
United States,USA,1996,2331.410626
United States,USA,1997,2073.101132
United States,USA,1998,1998.775513
United States,USA,1999,1980.912902
United States,USA,2000,1932.382478
United States,USA,2001,1904.670214
United States,USA,2002,1899.930129
United States,USA,2003,1890.27454
United States,USA,2004,1861.105581
United States,USA,2005,1850.019863
United States,USA,2006,1824.688367
United States,USA,2007,1807.625281
United States,USA,2008,1778.938761
United States,USA,2009,1740.023177
United States,USA,2010,1685.302141
United States,USA,2011,1668.153594
United States,USA,2012,1653.64464
United States,USA,2013,1645.377987
United States,USA,2014,1633.386658
United States,USA,2015,1631.731784
United States,USA,2016,1641.418815
United States,USA,2017,1623.965439
United States,USA,2018,1605.4859
United States,USA,2019,1597.437141
United States Virgin Islands,VIR,1990,4242.61328
United States Virgin Islands,VIR,1991,4104.00896
United States Virgin Islands,VIR,1992,4017.615516
United States Virgin Islands,VIR,1993,3976.528453
United States Virgin Islands,VIR,1994,4003.077324
United States Virgin Islands,VIR,1995,3890.995814
United States Virgin Islands,VIR,1996,3847.671226
United States Virgin Islands,VIR,1997,3641.0687
United States Virgin Islands,VIR,1998,3521.127847
United States Virgin Islands,VIR,1999,3555.879749
United States Virgin Islands,VIR,2000,3550.02853
United States Virgin Islands,VIR,2001,3476.089833
United States Virgin Islands,VIR,2002,3351.421379
United States Virgin Islands,VIR,2003,3225.238058
United States Virgin Islands,VIR,2004,3162.178063
United States Virgin Islands,VIR,2005,3059.341919
United States Virgin Islands,VIR,2006,3013.239261
United States Virgin Islands,VIR,2007,2953.492204
United States Virgin Islands,VIR,2008,2903.038817
United States Virgin Islands,VIR,2009,2866.522259
United States Virgin Islands,VIR,2010,2853.992846
United States Virgin Islands,VIR,2011,2808.509542
United States Virgin Islands,VIR,2012,2780.413972
United States Virgin Islands,VIR,2013,2751.422092
United States Virgin Islands,VIR,2014,2726.74623
United States Virgin Islands,VIR,2015,2789.349358
United States Virgin Islands,VIR,2016,2665.096018
United States Virgin Islands,VIR,2017,2614.506293
United States Virgin Islands,VIR,2018,2581.710538
United States Virgin Islands,VIR,2019,2548.586924
Uruguay,URY,1990,4122.863328
Uruguay,URY,1991,4141.136016
Uruguay,URY,1992,3959.686205
Uruguay,URY,1993,4018.291103
Uruguay,URY,1994,3870.409515
Uruguay,URY,1995,3842.025106
Uruguay,URY,1996,3747.063079
Uruguay,URY,1997,3597.092419
Uruguay,URY,1998,3517.232757
Uruguay,URY,1999,3373.656525
Uruguay,URY,2000,3266.053107
Uruguay,URY,2001,3239.945575
Uruguay,URY,2002,3247.22668
Uruguay,URY,2003,3363.817241
Uruguay,URY,2004,3172.936057
Uruguay,URY,2005,3027.931549
Uruguay,URY,2006,2824.313323
Uruguay,URY,2007,2880.018867
Uruguay,URY,2008,2743.882229
Uruguay,URY,2009,2631.554224
Uruguay,URY,2010,2644.140468
Uruguay,URY,2011,2624.725287
Uruguay,URY,2012,2540.197511
Uruguay,URY,2013,2439.07603
Uruguay,URY,2014,2321.671316
Uruguay,URY,2015,2262.337446
Uruguay,URY,2016,2256.527486
Uruguay,URY,2017,2229.768624
Uruguay,URY,2018,2188.640137
Uruguay,URY,2019,2149.017386
Uzbekistan,UZB,1990,10874.83932
Uzbekistan,UZB,1991,10774.28728
Uzbekistan,UZB,1992,10856.45371
Uzbekistan,UZB,1993,11007.26072
Uzbekistan,UZB,1994,11129.12059
Uzbekistan,UZB,1995,11281.60016
Uzbekistan,UZB,1996,11276.7134
Uzbekistan,UZB,1997,11113.88746
Uzbekistan,UZB,1998,10961.18646
Uzbekistan,UZB,1999,10725.78504
Uzbekistan,UZB,2000,10551.54152
Uzbekistan,UZB,2001,10286.17868
Uzbekistan,UZB,2002,10070.75332
Uzbekistan,UZB,2003,9887.832394
Uzbekistan,UZB,2004,9677.113888
Uzbekistan,UZB,2005,9499.791478
Uzbekistan,UZB,2006,9183.649756
Uzbekistan,UZB,2007,8863.545085
Uzbekistan,UZB,2008,8502.521186
Uzbekistan,UZB,2009,8113.992347
Uzbekistan,UZB,2010,7762.049636
Uzbekistan,UZB,2011,7476.964101
Uzbekistan,UZB,2012,7183.726808
Uzbekistan,UZB,2013,6902.571359
Uzbekistan,UZB,2014,6676.791211
Uzbekistan,UZB,2015,6453.73061
Uzbekistan,UZB,2016,6231.476394
Uzbekistan,UZB,2017,6007.085108
Uzbekistan,UZB,2018,5811.921954
Uzbekistan,UZB,2019,5633.951077
Vanuatu,VUT,1990,16742.86439
Vanuatu,VUT,1991,15612.67784
Vanuatu,VUT,1992,14811.77725
Vanuatu,VUT,1993,14289.01852
Vanuatu,VUT,1994,13313.70288
Vanuatu,VUT,1995,13514.22585
Vanuatu,VUT,1996,13107.41332
Vanuatu,VUT,1997,12983.61852
Vanuatu,VUT,1998,12739.83349
Vanuatu,VUT,1999,12383.72201
Vanuatu,VUT,2000,12981.06494
Vanuatu,VUT,2001,12694.92141
Vanuatu,VUT,2002,13874.66175
Vanuatu,VUT,2003,14573.03369
Vanuatu,VUT,2004,14458.54433
Vanuatu,VUT,2005,13567.06661
Vanuatu,VUT,2006,12992.06322
Vanuatu,VUT,2007,12155.84802
Vanuatu,VUT,2008,11645.88297
Vanuatu,VUT,2009,11475.79522
Vanuatu,VUT,2010,11032.19646
Vanuatu,VUT,2011,10474.85816
Vanuatu,VUT,2012,10145.5496
Vanuatu,VUT,2013,9820.554521
Vanuatu,VUT,2014,9530.789768
Vanuatu,VUT,2015,9407.929961
Vanuatu,VUT,2016,9223.304454
Vanuatu,VUT,2017,9086.668213
Vanuatu,VUT,2018,8945.759871
Vanuatu,VUT,2019,8826.334874
Venezuela,VEN,1990,7189.85567
Venezuela,VEN,1991,6276.979085
Venezuela,VEN,1992,6369.352395
Venezuela,VEN,1993,6454.697382
Venezuela,VEN,1994,6823.156162
Venezuela,VEN,1995,6734.628897
Venezuela,VEN,1996,6482.472174
Venezuela,VEN,1997,6123.044998
Venezuela,VEN,1998,5959.126761
Venezuela,VEN,1999,5603.510035
Venezuela,VEN,2000,5375.59064
Venezuela,VEN,2001,5359.468697
Venezuela,VEN,2002,5149.161566
Venezuela,VEN,2003,5452.657072
Venezuela,VEN,2004,4811.875355
Venezuela,VEN,2005,4514.063094
Venezuela,VEN,2006,4362.796325
Venezuela,VEN,2007,4402.304176
Venezuela,VEN,2008,4393.559831
Venezuela,VEN,2009,4444.774685
Venezuela,VEN,2010,4426.276739
Venezuela,VEN,2011,4369.442727
Venezuela,VEN,2012,4372.371046
Venezuela,VEN,2013,4342.491531
Venezuela,VEN,2014,4286.244349
Venezuela,VEN,2015,4194.050688
Venezuela,VEN,2016,4203.277031
Venezuela,VEN,2017,4273.492965
Venezuela,VEN,2018,4193.970878
Venezuela,VEN,2019,4111.148278
Vietnam,VNM,1990,11442.02128
Vietnam,VNM,1991,11032.47151
Vietnam,VNM,1992,10647.68725
Vietnam,VNM,1993,10246.77858
Vietnam,VNM,1994,9856.068524
Vietnam,VNM,1995,9445.159067
Vietnam,VNM,1996,9062.143904
Vietnam,VNM,1997,8667.828191
Vietnam,VNM,1998,8325.651927
Vietnam,VNM,1999,7954.849711
Vietnam,VNM,2000,7659.065748
Vietnam,VNM,2001,7393.650698
Vietnam,VNM,2002,7141.630054
Vietnam,VNM,2003,6858.161769
Vietnam,VNM,2004,6586.953703
Vietnam,VNM,2005,6384.773977
Vietnam,VNM,2006,6219.597808
Vietnam,VNM,2007,6042.991434
Vietnam,VNM,2008,5831.259913
Vietnam,VNM,2009,5627.195035
Vietnam,VNM,2010,5411.77056
Vietnam,VNM,2011,5245.799913
Vietnam,VNM,2012,5046.657007
Vietnam,VNM,2013,4907.985667
Vietnam,VNM,2014,4709.783351
Vietnam,VNM,2015,4517.457772
Vietnam,VNM,2016,4353.489014
Vietnam,VNM,2017,4192.603751
Vietnam,VNM,2018,4038.73221
Vietnam,VNM,2019,3910.928788
Wales,,1990,1933.811296
Wales,,1991,1907.012767
Wales,,1992,1887.700893
Wales,,1993,1936.793507
Wales,,1994,1951.173535
Wales,,1995,1966.473378
Wales,,1996,1959.078363
Wales,,1997,1944.077428
Wales,,1998,1917.199569
Wales,,1999,1895.265353
Wales,,2000,1815.778694
Wales,,2001,1694.500122
Wales,,2002,1636.006178
Wales,,2003,1622.896112
Wales,,2004,1589.097848
Wales,,2005,1568.731178
Wales,,2006,1535.570002
Wales,,2007,1529.899267
Wales,,2008,1507.595592
Wales,,2009,1487.967791
Wales,,2010,1460.615749
Wales,,2011,1444.704228
Wales,,2012,1439.906642
Wales,,2013,1427.462939
Wales,,2014,1400.996756
Wales,,2015,1404.841482
Wales,,2016,1385.901115
Wales,,2017,1372.807336
Wales,,2018,1362.921655
Wales,,2019,1355.77221
Western Pacific Region (WHO),,1990,9525.852079
Western Pacific Region (WHO),,1991,9312.833784
Western Pacific Region (WHO),,1992,9034.402427
Western Pacific Region (WHO),,1993,8725.892762
Western Pacific Region (WHO),,1994,8445.55036
Western Pacific Region (WHO),,1995,8052.732143
Western Pacific Region (WHO),,1996,7663.804955
Western Pacific Region (WHO),,1997,7314.223313
Western Pacific Region (WHO),,1998,6975.710254
Western Pacific Region (WHO),,1999,6638.10934
Western Pacific Region (WHO),,2000,6279.236864
Western Pacific Region (WHO),,2001,5894.118644
Western Pacific Region (WHO),,2002,5554.551303
Western Pacific Region (WHO),,2003,5216.474506
Western Pacific Region (WHO),,2004,4968.419458
Western Pacific Region (WHO),,2005,4703.082602
Western Pacific Region (WHO),,2006,4444.211535
Western Pacific Region (WHO),,2007,4221.270036
Western Pacific Region (WHO),,2008,4055.003128
Western Pacific Region (WHO),,2009,3915.445404
Western Pacific Region (WHO),,2010,3745.074941
Western Pacific Region (WHO),,2011,3569.931854
Western Pacific Region (WHO),,2012,3390.863592
Western Pacific Region (WHO),,2013,3251.910506
Western Pacific Region (WHO),,2014,3172.148764
Western Pacific Region (WHO),,2015,3068.990835
Western Pacific Region (WHO),,2016,2940.540133
Western Pacific Region (WHO),,2017,2858.43621
Western Pacific Region (WHO),,2018,2770.578744
Western Pacific Region (WHO),,2019,2699.135341
World,OWID_WRL,1990,19962.11394
World,OWID_WRL,1991,19777.39443
World,OWID_WRL,1992,19565.69583
World,OWID_WRL,1993,19281.0828
World,OWID_WRL,1994,19046.59735
World,OWID_WRL,1995,18884.49791
World,OWID_WRL,1996,18611.41096
World,OWID_WRL,1997,18393.64269
World,OWID_WRL,1998,18180.12478
World,OWID_WRL,1999,17943.43721
World,OWID_WRL,2000,17633.76845
World,OWID_WRL,2001,17281.67659
World,OWID_WRL,2002,16909.43704
World,OWID_WRL,2003,16464.0309
World,OWID_WRL,2004,16038.3203
World,OWID_WRL,2005,15599.32317
World,OWID_WRL,2006,15081.83665
World,OWID_WRL,2007,14536.11473
World,OWID_WRL,2008,14040.81344
World,OWID_WRL,2009,13542.81883
World,OWID_WRL,2010,13107.65195
World,OWID_WRL,2011,12650.96699
World,OWID_WRL,2012,12132.8142
World,OWID_WRL,2013,11709.6136
World,OWID_WRL,2014,11322.29054
World,OWID_WRL,2015,10908.51101
World,OWID_WRL,2016,10434.92854
World,OWID_WRL,2017,10097.63101
World,OWID_WRL,2018,9776.817983
World,OWID_WRL,2019,9483.367339
World Bank High Income,,1990,2455.173883
World Bank High Income,,1991,2412.006617
World Bank High Income,,1992,2366.91392
World Bank High Income,,1993,2332.913739
World Bank High Income,,1994,2306.907936
World Bank High Income,,1995,2243.10078
World Bank High Income,,1996,2120.543611
World Bank High Income,,1997,1965.47637
World Bank High Income,,1998,1896.934258
World Bank High Income,,1999,1857.706612
World Bank High Income,,2000,1803.555036
World Bank High Income,,2001,1758.500738
World Bank High Income,,2002,1726.348956
World Bank High Income,,2003,1701.438439
World Bank High Income,,2004,1660.431899
World Bank High Income,,2005,1633.663911
World Bank High Income,,2006,1597.257798
World Bank High Income,,2007,1572.905535
World Bank High Income,,2008,1544.463521
World Bank High Income,,2009,1512.563651
World Bank High Income,,2010,1476.831173
World Bank High Income,,2011,1456.210596
World Bank High Income,,2012,1437.108177
World Bank High Income,,2013,1419.476901
World Bank High Income,,2014,1401.277204
World Bank High Income,,2015,1393.741635
World Bank High Income,,2016,1387.015623
World Bank High Income,,2017,1363.365181
World Bank High Income,,2018,1347.773036
World Bank High Income,,2019,1337.49135
World Bank Low Income,,1990,52192.7155
World Bank Low Income,,1991,52158.37836
World Bank Low Income,,1992,52054.22664
World Bank Low Income,,1993,52150.11515
World Bank Low Income,,1994,52493.55256
World Bank Low Income,,1995,53782.60217
World Bank Low Income,,1996,53282.93888
World Bank Low Income,,1997,52968.90677
World Bank Low Income,,1998,52517.43042
World Bank Low Income,,1999,51860.98811
World Bank Low Income,,2000,51127.41148
World Bank Low Income,,2001,49839.56383
World Bank Low Income,,2002,48405.55607
World Bank Low Income,,2003,46065.43455
World Bank Low Income,,2004,44417.59829
World Bank Low Income,,2005,42580.89793
World Bank Low Income,,2006,40646.12942
World Bank Low Income,,2007,38668.62353
World Bank Low Income,,2008,36720.62533
World Bank Low Income,,2009,35023.83352
World Bank Low Income,,2010,33561.52005
World Bank Low Income,,2011,32076.13759
World Bank Low Income,,2012,30447.91922
World Bank Low Income,,2013,28985.06655
World Bank Low Income,,2014,27828.7225
World Bank Low Income,,2015,26581.51839
World Bank Low Income,,2016,25493.30819
World Bank Low Income,,2017,24336.29022
World Bank Low Income,,2018,23220.57063
World Bank Low Income,,2019,22357.97632
World Bank Lower Middle Income,,1990,30144.58036
World Bank Lower Middle Income,,1991,29712.04882
World Bank Lower Middle Income,,1992,29248.13634
World Bank Lower Middle Income,,1993,28463.21731
World Bank Lower Middle Income,,1994,27723.54449
World Bank Lower Middle Income,,1995,27180.16672
World Bank Lower Middle Income,,1996,26624.8367
World Bank Lower Middle Income,,1997,26232.80623
World Bank Lower Middle Income,,1998,25802.65561
World Bank Lower Middle Income,,1999,25302.41324
World Bank Lower Middle Income,,2000,24764.30504
World Bank Lower Middle Income,,2001,24190.03285
World Bank Lower Middle Income,,2002,23545.30189
World Bank Lower Middle Income,,2003,22871.97718
World Bank Lower Middle Income,,2004,22153.67156
World Bank Lower Middle Income,,2005,21506.76384
World Bank Lower Middle Income,,2006,20812.6182
World Bank Lower Middle Income,,2007,20070.86694
World Bank Lower Middle Income,,2008,19381.80588
World Bank Lower Middle Income,,2009,18591.53116
World Bank Lower Middle Income,,2010,17948.78197
World Bank Lower Middle Income,,2011,17356.35935
World Bank Lower Middle Income,,2012,16687.36715
World Bank Lower Middle Income,,2013,16132.97278
World Bank Lower Middle Income,,2014,15535.09771
World Bank Lower Middle Income,,2015,15001.17607
World Bank Lower Middle Income,,2016,14316.3625
World Bank Lower Middle Income,,2017,13818.44434
World Bank Lower Middle Income,,2018,13328.31086
World Bank Lower Middle Income,,2019,12849.77205
World Bank Upper Middle Income,,1990,9562.048039
World Bank Upper Middle Income,,1991,9358.088666
World Bank Upper Middle Income,,1992,9096.062115
World Bank Upper Middle Income,,1993,8855.44013
World Bank Upper Middle Income,,1994,8646.252477
World Bank Upper Middle Income,,1995,8342.043231
World Bank Upper Middle Income,,1996,8030.053556
World Bank Upper Middle Income,,1997,7764.756804
World Bank Upper Middle Income,,1998,7521.810274
World Bank Upper Middle Income,,1999,7316.394958
World Bank Upper Middle Income,,2000,7078.969419
World Bank Upper Middle Income,,2001,6803.284434
World Bank Upper Middle Income,,2002,6575.394908
World Bank Upper Middle Income,,2003,6352.501615
World Bank Upper Middle Income,,2004,6133.201136
World Bank Upper Middle Income,,2005,5905.636781
World Bank Upper Middle Income,,2006,5615.588784
World Bank Upper Middle Income,,2007,5329.154675
World Bank Upper Middle Income,,2008,5093.337265
World Bank Upper Middle Income,,2009,4865.016928
World Bank Upper Middle Income,,2010,4625.931427
World Bank Upper Middle Income,,2011,4383.971953
World Bank Upper Middle Income,,2012,4169.818546
World Bank Upper Middle Income,,2013,3997.422767
World Bank Upper Middle Income,,2014,3886.710175
World Bank Upper Middle Income,,2015,3733.362848
World Bank Upper Middle Income,,2016,3580.578106
World Bank Upper Middle Income,,2017,3459.6302
World Bank Upper Middle Income,,2018,3343.214304
World Bank Upper Middle Income,,2019,3244.633802
Yemen,YEM,1990,29149.36016
Yemen,YEM,1991,28402.42087
Yemen,YEM,1992,27666.84385
Yemen,YEM,1993,27025.71498
Yemen,YEM,1994,26223.06466
Yemen,YEM,1995,25415.87872
Yemen,YEM,1996,24672.14057
Yemen,YEM,1997,23901.83943
Yemen,YEM,1998,23069.00517
Yemen,YEM,1999,21956.22584
Yemen,YEM,2000,20956.03609
Yemen,YEM,2001,20054.75101
Yemen,YEM,2002,18888.98941
Yemen,YEM,2003,18077.68619
Yemen,YEM,2004,17235.73632
Yemen,YEM,2005,16402.87516
Yemen,YEM,2006,15630.88948
Yemen,YEM,2007,14814.57175
Yemen,YEM,2008,14010.62648
Yemen,YEM,2009,13618.61229
Yemen,YEM,2010,13349.87121
Yemen,YEM,2011,12813.69885
Yemen,YEM,2012,12475.80263
Yemen,YEM,2013,11857.08066
Yemen,YEM,2014,11531.80095
Yemen,YEM,2015,11142.13791
Yemen,YEM,2016,11095.11091
Yemen,YEM,2017,11258.03813
Yemen,YEM,2018,10930.05
Yemen,YEM,2019,10798.59559
Zambia,ZMB,1990,58756.67508
Zambia,ZMB,1991,62679.17734
Zambia,ZMB,1992,66571.77057
Zambia,ZMB,1993,69735.04567
Zambia,ZMB,1994,73466.29134
Zambia,ZMB,1995,77051.23097
Zambia,ZMB,1996,79824.67743
Zambia,ZMB,1997,81799.31053
Zambia,ZMB,1998,83234.9191
Zambia,ZMB,1999,84185.76738
Zambia,ZMB,2000,84061.51001
Zambia,ZMB,2001,84768.28109
Zambia,ZMB,2002,81769.34351
Zambia,ZMB,2003,78562.53523
Zambia,ZMB,2004,73901.21362
Zambia,ZMB,2005,69418.72768
Zambia,ZMB,2006,64636.9086
Zambia,ZMB,2007,57853.01128
Zambia,ZMB,2008,50415.8166
Zambia,ZMB,2009,45610.09516
Zambia,ZMB,2010,42949.76281
Zambia,ZMB,2011,40191.02968
Zambia,ZMB,2012,37371.52808
Zambia,ZMB,2013,34920.24585
Zambia,ZMB,2014,33171.2179
Zambia,ZMB,2015,31648.8569
Zambia,ZMB,2016,30143.51797
Zambia,ZMB,2017,28970.07511
Zambia,ZMB,2018,27432.23254
Zambia,ZMB,2019,25907.59503
Zimbabwe,ZWE,1990,29182.83823
Zimbabwe,ZWE,1991,32113.44146
Zimbabwe,ZWE,1992,36384.90017
Zimbabwe,ZWE,1993,41867.96731
Zimbabwe,ZWE,1994,47289.23885
Zimbabwe,ZWE,1995,53692.05646
Zimbabwe,ZWE,1996,60272.88019
Zimbabwe,ZWE,1997,65190.25733
Zimbabwe,ZWE,1998,70772.79572
Zimbabwe,ZWE,1999,75437.71942
Zimbabwe,ZWE,2000,79358.74223
Zimbabwe,ZWE,2001,81582.84441
Zimbabwe,ZWE,2002,83412.84618
Zimbabwe,ZWE,2003,84342.69723
Zimbabwe,ZWE,2004,84159.95784
Zimbabwe,ZWE,2005,82067.60377
Zimbabwe,ZWE,2006,78766.42745
Zimbabwe,ZWE,2007,74505.4025
Zimbabwe,ZWE,2008,70026.65949
Zimbabwe,ZWE,2009,64407.05985
Zimbabwe,ZWE,2010,56041.48815
Zimbabwe,ZWE,2011,48765.60002
Zimbabwe,ZWE,2012,43521.72108
Zimbabwe,ZWE,2013,39995.26821
Zimbabwe,ZWE,2014,37784.18882
Zimbabwe,ZWE,2015,35857.22941
Zimbabwe,ZWE,2016,33900.74577
Zimbabwe,ZWE,2017,32080.99974
Zimbabwe,ZWE,2018,30123.21422
Zimbabwe,ZWE,2019,28868.75151