Country,Code,Year,DALYs (Disability-Adjusted Life Years) - Injuries 
Afghanistan,AFG,1990,10967.06594
Afghanistan,AFG,1991,12171.73578
Afghanistan,AFG,1992,11660.8662
Afghanistan,AFG,1993,11240.81663
Afghanistan,AFG,1994,12835.119
Afghanistan,AFG,1995,11599.56526
Afghanistan,AFG,1996,10768.70011
Afghanistan,AFG,1997,11697.29749
Afghanistan,AFG,1998,15477.61156
Afghanistan,AFG,1999,11089.7297
Afghanistan,AFG,2000,11088.21701
Afghanistan,AFG,2001,11098.19895
Afghanistan,AFG,2002,9562.18778
Afghanistan,AFG,2003,9232.170068
Afghanistan,AFG,2004,9128.552554
Afghanistan,AFG,2005,9285.600911
Afghanistan,AFG,2006,9850.413954
Afghanistan,AFG,2007,10129.21398
Afghanistan,AFG,2008,9697.343854
Afghanistan,AFG,2009,9263.907458
Afghanistan,AFG,2010,9256.802098
Afghanistan,AFG,2011,9057.624823
Afghanistan,AFG,2012,9261.262392
Afghanistan,AFG,2013,9188.719073
Afghanistan,AFG,2014,10184.46663
Afghanistan,AFG,2015,11005.10411
Afghanistan,AFG,2016,11466.05817
Afghanistan,AFG,2017,9850.492287
Afghanistan,AFG,2018,11246.0234
Afghanistan,AFG,2019,10470.07312
African Region (WHO),,1990,5931.214446
African Region (WHO),,1991,5369.541983
African Region (WHO),,1992,5140.891336
African Region (WHO),,1993,5172.309504
African Region (WHO),,1994,10442.68054
African Region (WHO),,1995,5157.557795
African Region (WHO),,1996,5357.623331
African Region (WHO),,1997,5485.324517
African Region (WHO),,1998,5502.649236
African Region (WHO),,1999,5706.156922
African Region (WHO),,2000,5546.889793
African Region (WHO),,2001,4943.729827
African Region (WHO),,2002,4962.711696
African Region (WHO),,2003,4860.221526
African Region (WHO),,2004,4689.996729
African Region (WHO),,2005,4573.660002
African Region (WHO),,2006,4431.731028
African Region (WHO),,2007,4321.448216
African Region (WHO),,2008,4248.190485
African Region (WHO),,2009,4211.628012
African Region (WHO),,2010,4048.414358
African Region (WHO),,2011,3971.074893
African Region (WHO),,2012,3903.886007
African Region (WHO),,2013,3914.025864
African Region (WHO),,2014,3925.197888
African Region (WHO),,2015,3838.110311
African Region (WHO),,2016,3719.484665
African Region (WHO),,2017,3715.440223
African Region (WHO),,2018,3645.483564
African Region (WHO),,2019,3529.429939
Albania,ALB,1990,3901.311356
Albania,ALB,1991,4204.808056
Albania,ALB,1992,4111.737575
Albania,ALB,1993,4087.279659
Albania,ALB,1994,4065.465798
Albania,ALB,1995,4130.612066
Albania,ALB,1996,4220.486775
Albania,ALB,1997,7803.924991
Albania,ALB,1998,4396.11183
Albania,ALB,1999,4283.257627
Albania,ALB,2000,4030.982322
Albania,ALB,2001,3757.540762
Albania,ALB,2002,3594.203658
Albania,ALB,2003,3460.128851
Albania,ALB,2004,3343.504952
Albania,ALB,2005,3095.083939
Albania,ALB,2006,2941.849919
Albania,ALB,2007,2877.71067
Albania,ALB,2008,2870.094357
Albania,ALB,2009,2674.396008
Albania,ALB,2010,2711.323917
Albania,ALB,2011,2687.357413
Albania,ALB,2012,2705.397702
Albania,ALB,2013,2681.105312
Albania,ALB,2014,2715.511602
Albania,ALB,2015,2737.031142
Albania,ALB,2016,2750.434799
Albania,ALB,2017,2752.758034
Albania,ALB,2018,2721.462745
Albania,ALB,2019,2780.367907
Algeria,DZA,1990,5865.714162
Algeria,DZA,1991,5601.178285
Algeria,DZA,1992,5566.794978
Algeria,DZA,1993,5514.375286
Algeria,DZA,1994,5838.03957
Algeria,DZA,1995,5895.058353
Algeria,DZA,1996,5383.008033
Algeria,DZA,1997,6113.151917
Algeria,DZA,1998,5783.963251
Algeria,DZA,1999,5125.744121
Algeria,DZA,2000,5194.548606
Algeria,DZA,2001,5011.485245
Algeria,DZA,2002,4763.371694
Algeria,DZA,2003,4840.976864
Algeria,DZA,2004,4225.884376
Algeria,DZA,2005,4023.188138
Algeria,DZA,2006,3890.448614
Algeria,DZA,2007,3807.568401
Algeria,DZA,2008,3650.179658
Algeria,DZA,2009,3543.045278
Algeria,DZA,2010,3371.554904
Algeria,DZA,2011,3300.516116
Algeria,DZA,2012,3216.679465
Algeria,DZA,2013,3147.072699
Algeria,DZA,2014,3092.800421
Algeria,DZA,2015,3020.887999
Algeria,DZA,2016,2923.388904
Algeria,DZA,2017,2857.165457
Algeria,DZA,2018,2874.146156
Algeria,DZA,2019,2792.977762
American Samoa,ASM,1990,3424.276503
American Samoa,ASM,1991,3392.513219
American Samoa,ASM,1992,3355.891739
American Samoa,ASM,1993,3293.713241
American Samoa,ASM,1994,3268.932376
American Samoa,ASM,1995,3246.15633
American Samoa,ASM,1996,3226.833572
American Samoa,ASM,1997,3214.086052
American Samoa,ASM,1998,3171.80735
American Samoa,ASM,1999,3115.874038
American Samoa,ASM,2000,3089.613219
American Samoa,ASM,2001,3056.778439
American Samoa,ASM,2002,3022.587491
American Samoa,ASM,2003,3661.468371
American Samoa,ASM,2004,3036.451875
American Samoa,ASM,2005,3061.703181
American Samoa,ASM,2006,3054.990786
American Samoa,ASM,2007,3023.81066
American Samoa,ASM,2008,2906.246793
American Samoa,ASM,2009,6251.367685
American Samoa,ASM,2010,2852.586905
American Samoa,ASM,2011,2830.020855
American Samoa,ASM,2012,2815.391107
American Samoa,ASM,2013,3037.518785
American Samoa,ASM,2014,2796.729594
American Samoa,ASM,2015,2778.179394
American Samoa,ASM,2016,2786.911555
American Samoa,ASM,2017,2804.536787
American Samoa,ASM,2018,2806.796842
American Samoa,ASM,2019,2804.422333
Andorra,AND,1990,2566.393194
Andorra,AND,1991,2539.676597
Andorra,AND,1992,2524.1944
Andorra,AND,1993,2484.493043
Andorra,AND,1994,2457.89204
Andorra,AND,1995,2419.180442
Andorra,AND,1996,2387.138719
Andorra,AND,1997,2361.199904
Andorra,AND,1998,2329.163012
Andorra,AND,1999,2297.910487
Andorra,AND,2000,2269.540781
Andorra,AND,2001,2238.263715
Andorra,AND,2002,2203.383783
Andorra,AND,2003,2189.291778
Andorra,AND,2004,2186.400235
Andorra,AND,2005,2169.492211
Andorra,AND,2006,2155.996088
Andorra,AND,2007,2135.96556
Andorra,AND,2008,2114.874795
Andorra,AND,2009,2095.419325
Andorra,AND,2010,2071.94373
Andorra,AND,2011,2052.707111
Andorra,AND,2012,2039.839254
Andorra,AND,2013,2022.911077
Andorra,AND,2014,2007.37696
Andorra,AND,2015,1993.914438
Andorra,AND,2016,2007.719846
Andorra,AND,2017,2021.37349
Andorra,AND,2018,2017.947909
Andorra,AND,2019,2011.675406
Angola,AGO,1990,8758.602643
Angola,AGO,1991,7405.478631
Angola,AGO,1992,8366.066104
Angola,AGO,1993,13730.46918
Angola,AGO,1994,9548.492984
Angola,AGO,1995,7491.034186
Angola,AGO,1996,6887.042265
Angola,AGO,1997,8089.858366
Angola,AGO,1998,13237.09854
Angola,AGO,1999,10248.91493
Angola,AGO,2000,8708.733495
Angola,AGO,2001,8389.288724
Angola,AGO,2002,7121.661604
Angola,AGO,2003,6828.40032
Angola,AGO,2004,6916.104612
Angola,AGO,2005,6616.251831
Angola,AGO,2006,6451.761161
Angola,AGO,2007,6305.382384
Angola,AGO,2008,6107.59102
Angola,AGO,2009,5942.539292
Angola,AGO,2010,5797.601307
Angola,AGO,2011,5656.731935
Angola,AGO,2012,5461.430163
Angola,AGO,2013,5230.126212
Angola,AGO,2014,4981.309107
Angola,AGO,2015,4841.256032
Angola,AGO,2016,4661.30984
Angola,AGO,2017,4580.949425
Angola,AGO,2018,4500.217019
Angola,AGO,2019,4420.549642
Antigua and Barbuda,ATG,1990,2722.951015
Antigua and Barbuda,ATG,1991,2808.39115
Antigua and Barbuda,ATG,1992,2708.898203
Antigua and Barbuda,ATG,1993,2787.56524
Antigua and Barbuda,ATG,1994,2776.513936
Antigua and Barbuda,ATG,1995,2971.578235
Antigua and Barbuda,ATG,1996,2893.950831
Antigua and Barbuda,ATG,1997,4223.682027
Antigua and Barbuda,ATG,1998,3008.60277
Antigua and Barbuda,ATG,1999,2956.580688
Antigua and Barbuda,ATG,2000,2767.868926
Antigua and Barbuda,ATG,2001,2790.974091
Antigua and Barbuda,ATG,2002,2714.394651
Antigua and Barbuda,ATG,2003,2686.682551
Antigua and Barbuda,ATG,2004,2677.023832
Antigua and Barbuda,ATG,2005,2670.893803
Antigua and Barbuda,ATG,2006,2599.846322
Antigua and Barbuda,ATG,2007,2467.616854
Antigua and Barbuda,ATG,2008,2397.723559
Antigua and Barbuda,ATG,2009,2550.183319
Antigua and Barbuda,ATG,2010,2480.216681
Antigua and Barbuda,ATG,2011,2456.59881
Antigua and Barbuda,ATG,2012,2465.193687
Antigua and Barbuda,ATG,2013,2450.209389
Antigua and Barbuda,ATG,2014,2392.093904
Antigua and Barbuda,ATG,2015,2361.564647
Antigua and Barbuda,ATG,2016,2349.931781
Antigua and Barbuda,ATG,2017,2413.237451
Antigua and Barbuda,ATG,2018,2349.974479
Antigua and Barbuda,ATG,2019,2342.692556
Argentina,ARG,1990,3808.837042
Argentina,ARG,1991,3801.954673
Argentina,ARG,1992,3849.259555
Argentina,ARG,1993,3839.795776
Argentina,ARG,1994,3853.969193
Argentina,ARG,1995,3826.108071
Argentina,ARG,1996,3859.881827
Argentina,ARG,1997,3839.382619
Argentina,ARG,1998,3828.056443
Argentina,ARG,1999,3815.074335
Argentina,ARG,2000,3776.878055
Argentina,ARG,2001,3755.921368
Argentina,ARG,2002,3713.786271
Argentina,ARG,2003,3575.985656
Argentina,ARG,2004,3419.367645
Argentina,ARG,2005,3380.355813
Argentina,ARG,2006,3392.432984
Argentina,ARG,2007,3392.13759
Argentina,ARG,2008,3409.751089
Argentina,ARG,2009,3371.057524
Argentina,ARG,2010,3333.038512
Argentina,ARG,2011,3334.090265
Argentina,ARG,2012,3344.164928
Argentina,ARG,2013,3334.521193
Argentina,ARG,2014,3257.19375
Argentina,ARG,2015,3172.844793
Argentina,ARG,2016,3165.828255
Argentina,ARG,2017,3165.280503
Argentina,ARG,2018,3136.356453
Argentina,ARG,2019,3100.869958
Armenia,ARM,1990,5060.656566
Armenia,ARM,1991,5007.025196
Armenia,ARM,1992,5249.968822
Armenia,ARM,1993,5512.34646
Armenia,ARM,1994,5447.817549
Armenia,ARM,1995,4728.356703
Armenia,ARM,1996,4272.669127
Armenia,ARM,1997,3945.269626
Armenia,ARM,1998,3689.497999
Armenia,ARM,1999,3442.942187
Armenia,ARM,2000,3218.092454
Armenia,ARM,2001,3115.750423
Armenia,ARM,2002,2981.713795
Armenia,ARM,2003,2860.274417
Armenia,ARM,2004,2796.054351
Armenia,ARM,2005,2789.248657
Armenia,ARM,2006,2794.285351
Armenia,ARM,2007,2775.866116
Armenia,ARM,2008,2739.593397
Armenia,ARM,2009,2721.522926
Armenia,ARM,2010,2687.867318
Armenia,ARM,2011,2655.866851
Armenia,ARM,2012,2615.822602
Armenia,ARM,2013,2491.428603
Armenia,ARM,2014,2470.069921
Armenia,ARM,2015,2518.204749
Armenia,ARM,2016,2624.921593
Armenia,ARM,2017,2364.01049
Armenia,ARM,2018,2353.041407
Armenia,ARM,2019,2333.024991
Australia,AUS,1990,3558.975503
Australia,AUS,1991,3428.350838
Australia,AUS,1992,3340.650408
Australia,AUS,1993,3255.435159
Australia,AUS,1994,3255.049176
Australia,AUS,1995,3227.794722
Australia,AUS,1996,3234.728718
Australia,AUS,1997,3211.764263
Australia,AUS,1998,3188.541968
Australia,AUS,1999,3142.923338
Australia,AUS,2000,3073.025209
Australia,AUS,2001,2982.886158
Australia,AUS,2002,2930.390721
Australia,AUS,2003,2885.487724
Australia,AUS,2004,2817.575871
Australia,AUS,2005,2777.846371
Australia,AUS,2006,2756.366667
Australia,AUS,2007,2754.222671
Australia,AUS,2008,2751.557226
Australia,AUS,2009,2768.523338
Australia,AUS,2010,2707.121794
Australia,AUS,2011,2676.282957
Australia,AUS,2012,2629.170399
Australia,AUS,2013,2601.682748
Australia,AUS,2014,2607.040165
Australia,AUS,2015,2624.712707
Australia,AUS,2016,2617.733656
Australia,AUS,2017,2626.448418
Australia,AUS,2018,2623.847231
Australia,AUS,2019,2612.668969
Austria,AUT,1990,3428.121579
Austria,AUT,1991,3389.851811
Austria,AUT,1992,3321.016134
Austria,AUT,1993,3305.375533
Austria,AUT,1994,3241.889701
Austria,AUT,1995,3119.091876
Austria,AUT,1996,2981.220828
Austria,AUT,1997,2866.608511
Austria,AUT,1998,2767.27096
Austria,AUT,1999,2748.06696
Austria,AUT,2000,2693.033913
Austria,AUT,2001,2603.33615
Austria,AUT,2002,2558.104752
Austria,AUT,2003,2516.577503
Austria,AUT,2004,2462.36639
Austria,AUT,2005,2426.607958
Austria,AUT,2006,2348.537591
Austria,AUT,2007,2295.912155
Austria,AUT,2008,2243.800312
Austria,AUT,2009,2228.098916
Austria,AUT,2010,2193.782383
Austria,AUT,2011,2126.540221
Austria,AUT,2012,2081.324761
Austria,AUT,2013,2031.854792
Austria,AUT,2014,1999.216516
Austria,AUT,2015,2005.013495
Austria,AUT,2016,1975.314116
Austria,AUT,2017,1964.602347
Austria,AUT,2018,1962.162576
Austria,AUT,2019,1966.678296
Azerbaijan,AZE,1990,4157.429436
Azerbaijan,AZE,1991,4494.213738
Azerbaijan,AZE,1992,7115.083886
Azerbaijan,AZE,1993,6479.072139
Azerbaijan,AZE,1994,6609.547036
Azerbaijan,AZE,1995,4842.265887
Azerbaijan,AZE,1996,3942.330728
Azerbaijan,AZE,1997,3693.044294
Azerbaijan,AZE,1998,3409.694614
Azerbaijan,AZE,1999,3188.567595
Azerbaijan,AZE,2000,3049.004487
Azerbaijan,AZE,2001,2859.194972
Azerbaijan,AZE,2002,2798.210859
Azerbaijan,AZE,2003,2746.420786
Azerbaijan,AZE,2004,2735.103089
Azerbaijan,AZE,2005,2768.157623
Azerbaijan,AZE,2006,2667.101188
Azerbaijan,AZE,2007,2631.243387
Azerbaijan,AZE,2008,2602.87719
Azerbaijan,AZE,2009,2548.498568
Azerbaijan,AZE,2010,2541.966488
Azerbaijan,AZE,2011,2492.049828
Azerbaijan,AZE,2012,2428.738329
Azerbaijan,AZE,2013,2408.943251
Azerbaijan,AZE,2014,2400.860876
Azerbaijan,AZE,2015,2392.621902
Azerbaijan,AZE,2016,2389.974937
Azerbaijan,AZE,2017,2337.412108
Azerbaijan,AZE,2018,2335.678415
Azerbaijan,AZE,2019,2303.083947
Bahamas,BHS,1990,4234.079968
Bahamas,BHS,1991,4086.224226
Bahamas,BHS,1992,4242.167248
Bahamas,BHS,1993,4252.826546
Bahamas,BHS,1994,4431.067161
Bahamas,BHS,1995,4204.488279
Bahamas,BHS,1996,4205.987626
Bahamas,BHS,1997,4223.495854
Bahamas,BHS,1998,4152.955001
Bahamas,BHS,1999,4148.589473
Bahamas,BHS,2000,4151.578121
Bahamas,BHS,2001,4007.187139
Bahamas,BHS,2002,4014.19445
Bahamas,BHS,2003,3548.891437
Bahamas,BHS,2004,3692.456569
Bahamas,BHS,2005,3707.330813
Bahamas,BHS,2006,3750.267653
Bahamas,BHS,2007,3838.158497
Bahamas,BHS,2008,3960.732907
Bahamas,BHS,2009,4086.645231
Bahamas,BHS,2010,4228.007573
Bahamas,BHS,2011,4393.689774
Bahamas,BHS,2012,4500.338479
Bahamas,BHS,2013,4436.087869
Bahamas,BHS,2014,4329.043322
Bahamas,BHS,2015,4742.746568
Bahamas,BHS,2016,4188.528927
Bahamas,BHS,2017,4132.554544
Bahamas,BHS,2018,4018.043664
Bahamas,BHS,2019,4967.17827
Bahrain,BHR,1990,3011.155254
Bahrain,BHR,1991,2957.070609
Bahrain,BHR,1992,2904.846076
Bahrain,BHR,1993,2886.003546
Bahrain,BHR,1994,2891.194497
Bahrain,BHR,1995,2885.126969
Bahrain,BHR,1996,2935.026451
Bahrain,BHR,1997,2923.115359
Bahrain,BHR,1998,2901.597873
Bahrain,BHR,1999,2911.87094
Bahrain,BHR,2000,3988.328047
Bahrain,BHR,2001,2756.540308
Bahrain,BHR,2002,2655.093309
Bahrain,BHR,2003,2602.257087
Bahrain,BHR,2004,2562.803954
Bahrain,BHR,2005,2505.070326
Bahrain,BHR,2006,2761.941718
Bahrain,BHR,2007,2326.184244
Bahrain,BHR,2008,2270.129581
Bahrain,BHR,2009,2171.14871
Bahrain,BHR,2010,2079.376005
Bahrain,BHR,2011,2140.124405
Bahrain,BHR,2012,2105.233037
Bahrain,BHR,2013,2106.923137
Bahrain,BHR,2014,2064.392068
Bahrain,BHR,2015,2041.636143
Bahrain,BHR,2016,1990.099314
Bahrain,BHR,2017,2030.360359
Bahrain,BHR,2018,1911.823458
Bahrain,BHR,2019,1873.447161
Bangladesh,BGD,1990,4337.302798
Bangladesh,BGD,1991,11598.588
Bangladesh,BGD,1992,4202.27544
Bangladesh,BGD,1993,4158.580471
Bangladesh,BGD,1994,4124.39714
Bangladesh,BGD,1995,4222.667194
Bangladesh,BGD,1996,4152.86476
Bangladesh,BGD,1997,4057.900056
Bangladesh,BGD,1998,4001.610433
Bangladesh,BGD,1999,3855.83602
Bangladesh,BGD,2000,3825.910943
Bangladesh,BGD,2001,3705.362717
Bangladesh,BGD,2002,3564.550067
Bangladesh,BGD,2003,3454.546386
Bangladesh,BGD,2004,3311.745739
Bangladesh,BGD,2005,3228.332439
Bangladesh,BGD,2006,3132.066509
Bangladesh,BGD,2007,3315.96717
Bangladesh,BGD,2008,2968.334974
Bangladesh,BGD,2009,2884.603629
Bangladesh,BGD,2010,2764.366658
Bangladesh,BGD,2011,2602.019106
Bangladesh,BGD,2012,2467.838851
Bangladesh,BGD,2013,2386.178792
Bangladesh,BGD,2014,2286.658107
Bangladesh,BGD,2015,2217.092905
Bangladesh,BGD,2016,2165.458512
Bangladesh,BGD,2017,2140.214386
Bangladesh,BGD,2018,2075.839769
Bangladesh,BGD,2019,2038.241688
Barbados,BRB,1990,2742.945415
Barbados,BRB,1991,2685.929425
Barbados,BRB,1992,2855.455449
Barbados,BRB,1993,2877.760439
Barbados,BRB,1994,2786.259295
Barbados,BRB,1995,2801.907317
Barbados,BRB,1996,2808.020601
Barbados,BRB,1997,2737.274838
Barbados,BRB,1998,2617.81513
Barbados,BRB,1999,2614.850575
Barbados,BRB,2000,2603.832135
Barbados,BRB,2001,2466.235564
Barbados,BRB,2002,2479.491181
Barbados,BRB,2003,2572.48447
Barbados,BRB,2004,2593.045676
Barbados,BRB,2005,2487.928252
Barbados,BRB,2006,2426.308258
Barbados,BRB,2007,2354.099797
Barbados,BRB,2008,2352.156173
Barbados,BRB,2009,2276.941278
Barbados,BRB,2010,2280.411773
Barbados,BRB,2011,2322.744966
Barbados,BRB,2012,2245.21463
Barbados,BRB,2013,2236.420422
Barbados,BRB,2014,2197.281042
Barbados,BRB,2015,2207.44663
Barbados,BRB,2016,2212.176824
Barbados,BRB,2017,2228.743605
Barbados,BRB,2018,2214.844965
Barbados,BRB,2019,2248.874207
Belarus,BLR,1990,6052.228896
Belarus,BLR,1991,6296.006368
Belarus,BLR,1992,6599.665426
Belarus,BLR,1993,7021.038851
Belarus,BLR,1994,7169.016234
Belarus,BLR,1995,7459.391676
Belarus,BLR,1996,7344.131991
Belarus,BLR,1997,7520.656477
Belarus,BLR,1998,7785.282959
Belarus,BLR,1999,7956.208293
Belarus,BLR,2000,7539.789853
Belarus,BLR,2001,7681.247746
Belarus,BLR,2002,7782.431371
Belarus,BLR,2003,7432.495539
Belarus,BLR,2004,7236.290212
Belarus,BLR,2005,7307.21568
Belarus,BLR,2006,6965.046073
Belarus,BLR,2007,6480.198022
Belarus,BLR,2008,6442.424115
Belarus,BLR,2009,6277.317551
Belarus,BLR,2010,6102.208728
Belarus,BLR,2011,6102.078569
Belarus,BLR,2012,5242.385225
Belarus,BLR,2013,4914.277567
Belarus,BLR,2014,4661.892438
Belarus,BLR,2015,4402.77451
Belarus,BLR,2016,4225.388836
Belarus,BLR,2017,4191.420489
Belarus,BLR,2018,4251.203998
Belarus,BLR,2019,4263.905324
Belgium,BEL,1990,3478.024748
Belgium,BEL,1991,3441.542139
Belgium,BEL,1992,3422.057898
Belgium,BEL,1993,3416.208262
Belgium,BEL,1994,3400.329591
Belgium,BEL,1995,3340.265538
Belgium,BEL,1996,3276.762485
Belgium,BEL,1997,3263.764429
Belgium,BEL,1998,3270.156925
Belgium,BEL,1999,3316.405229
Belgium,BEL,2000,3362.328865
Belgium,BEL,2001,3353.448705
Belgium,BEL,2002,3304.867062
Belgium,BEL,2003,3257.182572
Belgium,BEL,2004,3212.977123
Belgium,BEL,2005,3175.511954
Belgium,BEL,2006,3145.393462
Belgium,BEL,2007,3140.638485
Belgium,BEL,2008,3107.383293
Belgium,BEL,2009,3041.242009
Belgium,BEL,2010,3006.920111
Belgium,BEL,2011,2955.986994
Belgium,BEL,2012,2851.070486
Belgium,BEL,2013,2733.327633
Belgium,BEL,2014,2634.308821
Belgium,BEL,2015,2583.516656
Belgium,BEL,2016,2611.649892
Belgium,BEL,2017,2601.659018
Belgium,BEL,2018,2571.610698
Belgium,BEL,2019,2476.329546
Belize,BLZ,1990,4360.627954
Belize,BLZ,1991,5088.991455
Belize,BLZ,1992,4558.584321
Belize,BLZ,1993,4614.88461
Belize,BLZ,1994,4810.841091
Belize,BLZ,1995,4870.863266
Belize,BLZ,1996,4916.206686
Belize,BLZ,1997,5256.147277
Belize,BLZ,1998,5748.32411
Belize,BLZ,1999,5351.981744
Belize,BLZ,2000,5647.220588
Belize,BLZ,2001,6125.45763
Belize,BLZ,2002,5462.127135
Belize,BLZ,2003,5222.741233
Belize,BLZ,2004,5052.744525
Belize,BLZ,2005,5143.272533
Belize,BLZ,2006,4917.095912
Belize,BLZ,2007,4809.351582
Belize,BLZ,2008,4944.434984
Belize,BLZ,2009,4849.452751
Belize,BLZ,2010,4942.325448
Belize,BLZ,2011,4919.974549
Belize,BLZ,2012,4799.81527
Belize,BLZ,2013,4699.074978
Belize,BLZ,2014,4586.532483
Belize,BLZ,2015,4631.164207
Belize,BLZ,2016,4767.462494
Belize,BLZ,2017,4787.60745
Belize,BLZ,2018,4738.012415
Belize,BLZ,2019,4712.835954
Benin,BEN,1990,4324.653258
Benin,BEN,1991,4344.751655
Benin,BEN,1992,4304.936521
Benin,BEN,1993,4299.683109
Benin,BEN,1994,4329.648093
Benin,BEN,1995,4382.862823
Benin,BEN,1996,4364.437173
Benin,BEN,1997,4352.999805
Benin,BEN,1998,4332.944038
Benin,BEN,1999,4319.459146
Benin,BEN,2000,4342.625943
Benin,BEN,2001,4239.301835
Benin,BEN,2002,4248.014556
Benin,BEN,2003,4293.070297
Benin,BEN,2004,4141.810127
Benin,BEN,2005,4053.70907
Benin,BEN,2006,4025.721692
Benin,BEN,2007,3948.588306
Benin,BEN,2008,3911.925654
Benin,BEN,2009,3951.105592
Benin,BEN,2010,3958.639849
Benin,BEN,2011,3924.497232
Benin,BEN,2012,3919.39705
Benin,BEN,2013,3821.6799
Benin,BEN,2014,3749.929157
Benin,BEN,2015,3793.431973
Benin,BEN,2016,3753.819614
Benin,BEN,2017,3711.465939
Benin,BEN,2018,3583.288728
Benin,BEN,2019,3516.33097
Bermuda,BMU,1990,2686.078009
Bermuda,BMU,1991,2636.996072
Bermuda,BMU,1992,2582.83548
Bermuda,BMU,1993,2479.270286
Bermuda,BMU,1994,2385.38119
Bermuda,BMU,1995,2296.894787
Bermuda,BMU,1996,2161.821201
Bermuda,BMU,1997,2122.902805
Bermuda,BMU,1998,2059.927138
Bermuda,BMU,1999,1959.997267
Bermuda,BMU,2000,2520.813199
Bermuda,BMU,2001,1855.78968
Bermuda,BMU,2002,1820.034758
Bermuda,BMU,2003,2093.917239
Bermuda,BMU,2004,1768.457277
Bermuda,BMU,2005,1789.186849
Bermuda,BMU,2006,1754.81536
Bermuda,BMU,2007,1740.614746
Bermuda,BMU,2008,1730.808077
Bermuda,BMU,2009,1733.181491
Bermuda,BMU,2010,1714.158335
Bermuda,BMU,2011,1689.204714
Bermuda,BMU,2012,1688.34093
Bermuda,BMU,2013,1690.900635
Bermuda,BMU,2014,1654.495037
Bermuda,BMU,2015,1633.950104
Bermuda,BMU,2016,1648.326126
Bermuda,BMU,2017,1666.274148
Bermuda,BMU,2018,1665.015669
Bermuda,BMU,2019,1658.218674
Bhutan,BTN,1990,3946.518742
Bhutan,BTN,1991,3989.16687
Bhutan,BTN,1992,3954.90353
Bhutan,BTN,1993,3938.433466
Bhutan,BTN,1994,4284.878342
Bhutan,BTN,1995,3883.162278
Bhutan,BTN,1996,3869.768422
Bhutan,BTN,1997,3954.264371
Bhutan,BTN,1998,3921.925851
Bhutan,BTN,1999,3715.275385
Bhutan,BTN,2000,5575.263471
Bhutan,BTN,2001,3741.500571
Bhutan,BTN,2002,3600.910354
Bhutan,BTN,2003,3582.400254
Bhutan,BTN,2004,3504.456808
Bhutan,BTN,2005,3395.0725
Bhutan,BTN,2006,3248.761209
Bhutan,BTN,2007,3350.31839
Bhutan,BTN,2008,3329.097553
Bhutan,BTN,2009,3391.293757
Bhutan,BTN,2010,3166.213051
Bhutan,BTN,2011,3113.727724
Bhutan,BTN,2012,3025.075977
Bhutan,BTN,2013,2983.676263
Bhutan,BTN,2014,2943.405133
Bhutan,BTN,2015,2897.756416
Bhutan,BTN,2016,2872.981005
Bhutan,BTN,2017,2846.429495
Bhutan,BTN,2018,2837.920431
Bhutan,BTN,2019,2802.420838
Bolivia,BOL,1990,6278.458864
Bolivia,BOL,1991,6203.137666
Bolivia,BOL,1992,6137.728445
Bolivia,BOL,1993,5962.999169
Bolivia,BOL,1994,5805.51194
Bolivia,BOL,1995,5686.223023
Bolivia,BOL,1996,5601.828612
Bolivia,BOL,1997,5529.752662
Bolivia,BOL,1998,5483.931119
Bolivia,BOL,1999,5249.710085
Bolivia,BOL,2000,5185.848574
Bolivia,BOL,2001,4933.77973
Bolivia,BOL,2002,4863.549066
Bolivia,BOL,2003,4698.645492
Bolivia,BOL,2004,4503.569813
Bolivia,BOL,2005,4298.0627
Bolivia,BOL,2006,4236.455388
Bolivia,BOL,2007,4159.215169
Bolivia,BOL,2008,4120.187501
Bolivia,BOL,2009,3968.268217
Bolivia,BOL,2010,3921.04217
Bolivia,BOL,2011,3849.576507
Bolivia,BOL,2012,3720.680167
Bolivia,BOL,2013,3673.316958
Bolivia,BOL,2014,3589.731508
Bolivia,BOL,2015,3488.440275
Bolivia,BOL,2016,3431.713349
Bolivia,BOL,2017,3386.104499
Bolivia,BOL,2018,3313.731389
Bolivia,BOL,2019,3280.344234
Bosnia and Herzegovina,BIH,1990,4085.917653
Bosnia and Herzegovina,BIH,1991,4127.530352
Bosnia and Herzegovina,BIH,1992,14059.22244
Bosnia and Herzegovina,BIH,1993,11860.60136
Bosnia and Herzegovina,BIH,1994,8331.002465
Bosnia and Herzegovina,BIH,1995,19040.49031
Bosnia and Herzegovina,BIH,1996,3574.379486
Bosnia and Herzegovina,BIH,1997,3465.76207
Bosnia and Herzegovina,BIH,1998,3281.951937
Bosnia and Herzegovina,BIH,1999,3168.381516
Bosnia and Herzegovina,BIH,2000,3182.979789
Bosnia and Herzegovina,BIH,2001,3081.176947
Bosnia and Herzegovina,BIH,2002,3051.107761
Bosnia and Herzegovina,BIH,2003,2952.55818
Bosnia and Herzegovina,BIH,2004,2908.034735
Bosnia and Herzegovina,BIH,2005,2955.247839
Bosnia and Herzegovina,BIH,2006,2903.909271
Bosnia and Herzegovina,BIH,2007,2947.400173
Bosnia and Herzegovina,BIH,2008,2871.408736
Bosnia and Herzegovina,BIH,2009,2794.582843
Bosnia and Herzegovina,BIH,2010,2747.053507
Bosnia and Herzegovina,BIH,2011,2702.451285
Bosnia and Herzegovina,BIH,2012,2674.70074
Bosnia and Herzegovina,BIH,2013,2676.555494
Bosnia and Herzegovina,BIH,2014,2687.785939
Bosnia and Herzegovina,BIH,2015,2693.951213
Bosnia and Herzegovina,BIH,2016,2717.724888
Bosnia and Herzegovina,BIH,2017,2724.173821
Bosnia and Herzegovina,BIH,2018,2700.453399
Bosnia and Herzegovina,BIH,2019,2678.627007
Botswana,BWA,1990,4256.377406
Botswana,BWA,1991,4333.281638
Botswana,BWA,1992,4526.785625
Botswana,BWA,1993,4707.292156
Botswana,BWA,1994,4956.250477
Botswana,BWA,1995,5290.731483
Botswana,BWA,1996,5381.075037
Botswana,BWA,1997,5577.488388
Botswana,BWA,1998,5936.195996
Botswana,BWA,1999,6238.260979
Botswana,BWA,2000,6559.252001
Botswana,BWA,2001,6761.671921
Botswana,BWA,2002,6876.199473
Botswana,BWA,2003,6810.709431
Botswana,BWA,2004,6608.209531
Botswana,BWA,2005,6408.557394
Botswana,BWA,2006,6308.021592
Botswana,BWA,2007,6152.200572
Botswana,BWA,2008,6047.261364
Botswana,BWA,2009,5931.595181
Botswana,BWA,2010,5906.883314
Botswana,BWA,2011,5780.184354
Botswana,BWA,2012,5649.420085
Botswana,BWA,2013,5554.930017
Botswana,BWA,2014,5416.443717
Botswana,BWA,2015,5306.464918
Botswana,BWA,2016,5171.203017
Botswana,BWA,2017,5130.668496
Botswana,BWA,2018,5086.153657
Botswana,BWA,2019,4999.115832
Brazil,BRA,1990,5858.844171
Brazil,BRA,1991,5672.331092
Brazil,BRA,1992,5482.399893
Brazil,BRA,1993,5495.371909
Brazil,BRA,1994,5459.270613
Brazil,BRA,1995,5503.540094
Brazil,BRA,1996,5457.650072
Brazil,BRA,1997,5362.39732
Brazil,BRA,1998,5292.781674
Brazil,BRA,1999,5179.091852
Brazil,BRA,2000,5137.014959
Brazil,BRA,2001,5109.859385
Brazil,BRA,2002,5107.370494
Brazil,BRA,2003,5035.402892
Brazil,BRA,2004,4947.313985
Brazil,BRA,2005,4834.822078
Brazil,BRA,2006,4796.172738
Brazil,BRA,2007,4754.33134
Brazil,BRA,2008,4756.645643
Brazil,BRA,2009,4753.628016
Brazil,BRA,2010,4741.692169
Brazil,BRA,2011,4763.109067
Brazil,BRA,2012,4719.719154
Brazil,BRA,2013,4713.149322
Brazil,BRA,2014,4678.687191
Brazil,BRA,2015,4589.06713
Brazil,BRA,2016,4601.479796
Brazil,BRA,2017,4478.281973
Brazil,BRA,2018,4352.773665
Brazil,BRA,2019,4280.055325
Brunei,BRN,1990,4325.911453
Brunei,BRN,1991,4246.271023
Brunei,BRN,1992,4137.551948
Brunei,BRN,1993,4033.801071
Brunei,BRN,1994,3927.890999
Brunei,BRN,1995,3828.130427
Brunei,BRN,1996,3744.783934
Brunei,BRN,1997,3584.245823
Brunei,BRN,1998,3363.537167
Brunei,BRN,1999,3186.476344
Brunei,BRN,2000,3058.416975
Brunei,BRN,2001,2942.670092
Brunei,BRN,2002,2868.418695
Brunei,BRN,2003,2833.475804
Brunei,BRN,2004,2800.040478
Brunei,BRN,2005,2726.604878
Brunei,BRN,2006,2660.237433
Brunei,BRN,2007,2616.824115
Brunei,BRN,2008,2533.564586
Brunei,BRN,2009,2480.807621
Brunei,BRN,2010,2480.842774
Brunei,BRN,2011,2506.273735
Brunei,BRN,2012,2524.972424
Brunei,BRN,2013,2529.850654
Brunei,BRN,2014,2501.362866
Brunei,BRN,2015,2506.93682
Brunei,BRN,2016,2464.108396
Brunei,BRN,2017,2497.735332
Brunei,BRN,2018,2491.460859
Brunei,BRN,2019,2471.002786
Bulgaria,BGR,1990,4894.61618
Bulgaria,BGR,1991,4876.472213
Bulgaria,BGR,1992,4988.355454
Bulgaria,BGR,1993,5023.789141
Bulgaria,BGR,1994,5153.344222
Bulgaria,BGR,1995,5010.522634
Bulgaria,BGR,1996,4955.079787
Bulgaria,BGR,1997,4972.685141
Bulgaria,BGR,1998,4782.167183
Bulgaria,BGR,1999,4577.155905
Bulgaria,BGR,2000,4483.75409
Bulgaria,BGR,2001,4327.333551
Bulgaria,BGR,2002,4173.730974
Bulgaria,BGR,2003,4065.49082
Bulgaria,BGR,2004,3993.1633
Bulgaria,BGR,2005,3874.760027
Bulgaria,BGR,2006,3840.231321
Bulgaria,BGR,2007,3731.461579
Bulgaria,BGR,2008,3661.658698
Bulgaria,BGR,2009,3566.788342
Bulgaria,BGR,2010,3456.722756
Bulgaria,BGR,2011,3331.644576
Bulgaria,BGR,2012,3282.81638
Bulgaria,BGR,2013,3197.918923
Bulgaria,BGR,2014,3168.285544
Bulgaria,BGR,2015,3130.436503
Bulgaria,BGR,2016,3109.443437
Bulgaria,BGR,2017,3106.734785
Bulgaria,BGR,2018,3123.863484
Bulgaria,BGR,2019,3112.551808
Burkina Faso,BFA,1990,4880.123155
Burkina Faso,BFA,1991,4753.622897
Burkina Faso,BFA,1992,4682.523789
Burkina Faso,BFA,1993,4644.679469
Burkina Faso,BFA,1994,4611.49262
Burkina Faso,BFA,1995,4567.69477
Burkina Faso,BFA,1996,4507.359486
Burkina Faso,BFA,1997,4472.81836
Burkina Faso,BFA,1998,4449.301066
Burkina Faso,BFA,1999,4387.549324
Burkina Faso,BFA,2000,4406.437672
Burkina Faso,BFA,2001,4285.027687
Burkina Faso,BFA,2002,4271.553286
Burkina Faso,BFA,2003,4241.787948
Burkina Faso,BFA,2004,4267.111958
Burkina Faso,BFA,2005,4200.372342
Burkina Faso,BFA,2006,4207.801328
Burkina Faso,BFA,2007,4119.294407
Burkina Faso,BFA,2008,4103.949215
Burkina Faso,BFA,2009,4057.719458
Burkina Faso,BFA,2010,4117.832935
Burkina Faso,BFA,2011,4122.435228
Burkina Faso,BFA,2012,4262.240985
Burkina Faso,BFA,2013,4353.805785
Burkina Faso,BFA,2014,4434.953404
Burkina Faso,BFA,2015,4513.685459
Burkina Faso,BFA,2016,4653.229409
Burkina Faso,BFA,2017,4672.75121
Burkina Faso,BFA,2018,4651.58631
Burkina Faso,BFA,2019,4743.508877
Burundi,BDI,1990,5081.10097
Burundi,BDI,1991,5514.152773
Burundi,BDI,1992,5193.176117
Burundi,BDI,1993,5029.10893
Burundi,BDI,1994,18492.45526
Burundi,BDI,1995,19406.04477
Burundi,BDI,1996,20550.12984
Burundi,BDI,1997,21601.23643
Burundi,BDI,1998,19350.83541
Burundi,BDI,1999,19361.44821
Burundi,BDI,2000,20039.96233
Burundi,BDI,2001,19216.11699
Burundi,BDI,2002,18570.25591
Burundi,BDI,2003,18528.0497
Burundi,BDI,2004,17448.38323
Burundi,BDI,2005,17231.88652
Burundi,BDI,2006,6590.085871
Burundi,BDI,2007,6287.807321
Burundi,BDI,2008,6211.276012
Burundi,BDI,2009,6218.611862
Burundi,BDI,2010,6005.176128
Burundi,BDI,2011,5870.515373
Burundi,BDI,2012,5634.927664
Burundi,BDI,2013,5556.02548
Burundi,BDI,2014,5514.93216
Burundi,BDI,2015,5776.750238
Burundi,BDI,2016,5411.866382
Burundi,BDI,2017,5204.199472
Burundi,BDI,2018,5177.01231
Burundi,BDI,2019,4973.46563
Cambodia,KHM,1990,5780.223748
Cambodia,KHM,1991,5710.016688
Cambodia,KHM,1992,5505.570503
Cambodia,KHM,1993,5546.345632
Cambodia,KHM,1994,5944.345292
Cambodia,KHM,1995,5578.746964
Cambodia,KHM,1996,5603.030051
Cambodia,KHM,1997,5332.096373
Cambodia,KHM,1998,5090.3557
Cambodia,KHM,1999,4815.410906
Cambodia,KHM,2000,4826.903044
Cambodia,KHM,2001,4614.3225
Cambodia,KHM,2002,4552.938345
Cambodia,KHM,2003,4434.093978
Cambodia,KHM,2004,4344.513075
Cambodia,KHM,2005,4255.154243
Cambodia,KHM,2006,4089.4623
Cambodia,KHM,2007,4012.11209
Cambodia,KHM,2008,3891.184158
Cambodia,KHM,2009,3803.650219
Cambodia,KHM,2010,3886.825013
Cambodia,KHM,2011,3740.607343
Cambodia,KHM,2012,3603.350809
Cambodia,KHM,2013,3604.205902
Cambodia,KHM,2014,3518.814826
Cambodia,KHM,2015,3466.019931
Cambodia,KHM,2016,3431.541445
Cambodia,KHM,2017,3377.195231
Cambodia,KHM,2018,3344.423076
Cambodia,KHM,2019,3293.763861
Cameroon,CMR,1990,3956.40611
Cameroon,CMR,1991,4057.219286
Cameroon,CMR,1992,4091.503055
Cameroon,CMR,1993,4149.172628
Cameroon,CMR,1994,4223.791449
Cameroon,CMR,1995,4378.424517
Cameroon,CMR,1996,4233.094943
Cameroon,CMR,1997,4297.331201
Cameroon,CMR,1998,4430.140995
Cameroon,CMR,1999,4394.628722
Cameroon,CMR,2000,4419.497527
Cameroon,CMR,2001,4367.477467
Cameroon,CMR,2002,4467.3497
Cameroon,CMR,2003,4503.226923
Cameroon,CMR,2004,4400.323048
Cameroon,CMR,2005,4405.108903
Cameroon,CMR,2006,4403.808111
Cameroon,CMR,2007,4326.542754
Cameroon,CMR,2008,4251.250779
Cameroon,CMR,2009,4191.406493
Cameroon,CMR,2010,4215.906693
Cameroon,CMR,2011,4207.740407
Cameroon,CMR,2012,4141.645219
Cameroon,CMR,2013,4115.788661
Cameroon,CMR,2014,4330.321087
Cameroon,CMR,2015,4343.55903
Cameroon,CMR,2016,4138.69187
Cameroon,CMR,2017,4024.966519
Cameroon,CMR,2018,4114.340524
Cameroon,CMR,2019,3835.687765
Canada,CAN,1990,3025.118119
Canada,CAN,1991,2957.038565
Canada,CAN,1992,2891.431232
Canada,CAN,1993,2847.105181
Canada,CAN,1994,2789.185449
Canada,CAN,1995,2730.008314
Canada,CAN,1996,2672.395604
Canada,CAN,1997,2621.648264
Canada,CAN,1998,2579.281315
Canada,CAN,1999,2538.915463
Canada,CAN,2000,2473.650088
Canada,CAN,2001,2438.316306
Canada,CAN,2002,2402.741217
Canada,CAN,2003,2373.258775
Canada,CAN,2004,2337.016734
Canada,CAN,2005,2336.78477
Canada,CAN,2006,2298.939985
Canada,CAN,2007,2272.391205
Canada,CAN,2008,2244.951678
Canada,CAN,2009,2199.556628
Canada,CAN,2010,2169.94064
Canada,CAN,2011,2125.001163
Canada,CAN,2012,2114.754844
Canada,CAN,2013,2097.218221
Canada,CAN,2014,2097.251193
Canada,CAN,2015,2105.478272
Canada,CAN,2016,2134.235184
Canada,CAN,2017,2125.882006
Canada,CAN,2018,2103.199329
Canada,CAN,2019,2076.682799
Cape Verde,CPV,1990,3112.391806
Cape Verde,CPV,1991,3151.593948
Cape Verde,CPV,1992,3197.697478
Cape Verde,CPV,1993,3278.776884
Cape Verde,CPV,1994,3369.363265
Cape Verde,CPV,1995,3470.708836
Cape Verde,CPV,1996,3641.110265
Cape Verde,CPV,1997,3825.510345
Cape Verde,CPV,1998,3904.462208
Cape Verde,CPV,1999,4243.202099
Cape Verde,CPV,2000,3975.412198
Cape Verde,CPV,2001,3954.725514
Cape Verde,CPV,2002,3940.21748
Cape Verde,CPV,2003,3902.20494
Cape Verde,CPV,2004,3871.793532
Cape Verde,CPV,2005,3837.596377
Cape Verde,CPV,2006,3733.160693
Cape Verde,CPV,2007,4282.557922
Cape Verde,CPV,2008,3629.284706
Cape Verde,CPV,2009,3642.904489
Cape Verde,CPV,2010,3648.206913
Cape Verde,CPV,2011,3619.725408
Cape Verde,CPV,2012,3596.371775
Cape Verde,CPV,2013,3558.78651
Cape Verde,CPV,2014,3550.27149
Cape Verde,CPV,2015,3726.156763
Cape Verde,CPV,2016,3446.225766
Cape Verde,CPV,2017,3392.676742
Cape Verde,CPV,2018,3291.106522
Cape Verde,CPV,2019,3211.796941
Central African Republic,CAF,1990,7197.161223
Central African Republic,CAF,1991,7275.650274
Central African Republic,CAF,1992,7150.830499
Central African Republic,CAF,1993,7239.414299
Central African Republic,CAF,1994,7245.332407
Central African Republic,CAF,1995,7194.015328
Central African Republic,CAF,1996,7515.771526
Central African Republic,CAF,1997,7641.263588
Central African Republic,CAF,1998,7589.163254
Central African Republic,CAF,1999,7744.605682
Central African Republic,CAF,2000,7709.878346
Central African Republic,CAF,2001,8112.557157
Central African Republic,CAF,2002,8381.622143
Central African Republic,CAF,2003,7970.022978
Central African Republic,CAF,2004,7833.818648
Central African Republic,CAF,2005,7697.644071
Central African Republic,CAF,2006,8164.097411
Central African Republic,CAF,2007,8163.971543
Central African Republic,CAF,2008,7805.517602
Central African Republic,CAF,2009,8022.954266
Central African Republic,CAF,2010,8101.308615
Central African Republic,CAF,2011,8010.947671
Central African Republic,CAF,2012,7767.719981
Central African Republic,CAF,2013,13690.43909
Central African Republic,CAF,2014,15105.09004
Central African Republic,CAF,2015,8933.809745
Central African Republic,CAF,2016,8611.933474
Central African Republic,CAF,2017,10328.73329
Central African Republic,CAF,2018,8321.738972
Central African Republic,CAF,2019,7539.839085
Chad,TCD,1990,4897.199627
Chad,TCD,1991,4278.603796
Chad,TCD,1992,5463.96834
Chad,TCD,1993,4543.82312
Chad,TCD,1994,4714.544601
Chad,TCD,1995,4313.275881
Chad,TCD,1996,4421.154593
Chad,TCD,1997,4723.812664
Chad,TCD,1998,4784.514883
Chad,TCD,1999,5004.458791
Chad,TCD,2000,5503.384455
Chad,TCD,2001,4981.206164
Chad,TCD,2002,4937.302252
Chad,TCD,2003,4736.909095
Chad,TCD,2004,4764.867132
Chad,TCD,2005,4850.905535
Chad,TCD,2006,6152.055496
Chad,TCD,2007,4914.577494
Chad,TCD,2008,5152.106863
Chad,TCD,2009,4594.647719
Chad,TCD,2010,4539.248364
Chad,TCD,2011,4443.565211
Chad,TCD,2012,4383.545672
Chad,TCD,2013,4373.472598
Chad,TCD,2014,4309.123667
Chad,TCD,2015,4484.427447
Chad,TCD,2016,4185.853572
Chad,TCD,2017,4171.711256
Chad,TCD,2018,4231.831962
Chad,TCD,2019,4183.693172
Chile,CHL,1990,4749.760242
Chile,CHL,1991,4614.744875
Chile,CHL,1992,4336.763346
Chile,CHL,1993,4302.834581
Chile,CHL,1994,4165.589721
Chile,CHL,1995,4130.323366
Chile,CHL,1996,4008.865303
Chile,CHL,1997,3859.041928
Chile,CHL,1998,3702.50648
Chile,CHL,1999,3548.565054
Chile,CHL,2000,3433.392964
Chile,CHL,2001,3414.024629
Chile,CHL,2002,3297.210673
Chile,CHL,2003,3242.895937
Chile,CHL,2004,3214.64944
Chile,CHL,2005,3182.032751
Chile,CHL,2006,3115.300251
Chile,CHL,2007,3051.676069
Chile,CHL,2008,3041.921789
Chile,CHL,2009,3029.558388
Chile,CHL,2010,3123.717527
Chile,CHL,2011,2864.966326
Chile,CHL,2012,2778.566767
Chile,CHL,2013,2737.807146
Chile,CHL,2014,2730.601683
Chile,CHL,2015,2759.272411
Chile,CHL,2016,2658.324546
Chile,CHL,2017,2655.793004
Chile,CHL,2018,2626.969901
Chile,CHL,2019,2607.426359
China,CHN,1990,4715.634376
China,CHN,1991,4610.946099
China,CHN,1992,4490.538057
China,CHN,1993,4407.266989
China,CHN,1994,4396.875324
China,CHN,1995,4355.70187
China,CHN,1996,4275.935084
China,CHN,1997,4162.33404
China,CHN,1998,4117.346016
China,CHN,1999,4015.290545
China,CHN,2000,3941.432086
China,CHN,2001,3804.336581
China,CHN,2002,3674.795441
China,CHN,2003,3603.063555
China,CHN,2004,3573.536291
China,CHN,2005,3460.677687
China,CHN,2006,3303.060637
China,CHN,2007,3195.127607
China,CHN,2008,3479.738713
China,CHN,2009,3124.730714
China,CHN,2010,3066.676382
China,CHN,2011,2901.607562
China,CHN,2012,2764.669948
China,CHN,2013,2667.277279
China,CHN,2014,2594.527869
China,CHN,2015,2500.499068
China,CHN,2016,2444.943563
China,CHN,2017,2391.347566
China,CHN,2018,2356.492654
China,CHN,2019,2322.384438
Colombia,COL,1990,8023.28119
Colombia,COL,1991,8655.455003
Colombia,COL,1992,8722.672344
Colombia,COL,1993,8395.333478
Colombia,COL,1994,8262.938766
Colombia,COL,1995,7935.729368
Colombia,COL,1996,7964.813247
Colombia,COL,1997,7705.633757
Colombia,COL,1998,7689.232121
Colombia,COL,1999,7903.577274
Colombia,COL,2000,7996.534816
Colombia,COL,2001,7976.345558
Colombia,COL,2002,8828.50515
Colombia,COL,2003,6717.649334
Colombia,COL,2004,6426.918278
Colombia,COL,2005,5857.07291
Colombia,COL,2006,5675.512168
Colombia,COL,2007,5395.85854
Colombia,COL,2008,5295.670324
Colombia,COL,2009,5346.764993
Colombia,COL,2010,5189.02405
Colombia,COL,2011,4907.804564
Colombia,COL,2012,4716.568266
Colombia,COL,2013,4526.532836
Colombia,COL,2014,4286.730248
Colombia,COL,2015,4222.591964
Colombia,COL,2016,4219.92815
Colombia,COL,2017,4269.124573
Colombia,COL,2018,4172.305713
Colombia,COL,2019,4116.560083
Comoros,COM,1990,3956.855593
Comoros,COM,1991,3985.384997
Comoros,COM,1992,4146.217644
Comoros,COM,1993,4148.693542
Comoros,COM,1994,4250.680693
Comoros,COM,1995,4277.291775
Comoros,COM,1996,6623.658528
Comoros,COM,1997,4900.338607
Comoros,COM,1998,4921.055692
Comoros,COM,1999,3901.527781
Comoros,COM,2000,3917.922465
Comoros,COM,2001,3802.53204
Comoros,COM,2002,3884.935108
Comoros,COM,2003,3564.122692
Comoros,COM,2004,3520.345758
Comoros,COM,2005,3902.932112
Comoros,COM,2006,3685.089479
Comoros,COM,2007,4389.315689
Comoros,COM,2008,3729.349385
Comoros,COM,2009,5015.104849
Comoros,COM,2010,2984.248768
Comoros,COM,2011,4137.234159
Comoros,COM,2012,3380.182847
Comoros,COM,2013,3363.714159
Comoros,COM,2014,3711.196356
Comoros,COM,2015,3682.726355
Comoros,COM,2016,3648.832885
Comoros,COM,2017,3635.72417
Comoros,COM,2018,3509.210713
Comoros,COM,2019,3474.475165
Congo,COG,1990,5628.465024
Congo,COG,1991,5681.794494
Congo,COG,1992,5390.007607
Congo,COG,1993,6450.630487
Congo,COG,1994,5966.67358
Congo,COG,1995,5632.224328
Congo,COG,1996,5712.382171
Congo,COG,1997,26769.61519
Congo,COG,1998,13331.07204
Congo,COG,1999,7915.077608
Congo,COG,2000,6802.491342
Congo,COG,2001,5533.773336
Congo,COG,2002,5639.233133
Congo,COG,2003,5329.774544
Congo,COG,2004,5211.175381
Congo,COG,2005,5137.084206
Congo,COG,2006,4981.375499
Congo,COG,2007,4928.833133
Congo,COG,2008,4817.486145
Congo,COG,2009,4868.685573
Congo,COG,2010,4652.361689
Congo,COG,2011,4385.825755
Congo,COG,2012,4817.181595
Congo,COG,2013,4342.147355
Congo,COG,2014,4220.269291
Congo,COG,2015,4100.300995
Congo,COG,2016,4083.259362
Congo,COG,2017,3967.569234
Congo,COG,2018,3968.802897
Congo,COG,2019,3874.89725
Cook Islands,COK,1990,4253.738306
Cook Islands,COK,1991,3888.26602
Cook Islands,COK,1992,3740.506526
Cook Islands,COK,1993,3600.483578
Cook Islands,COK,1994,3489.87477
Cook Islands,COK,1995,3401.122922
Cook Islands,COK,1996,3323.448057
Cook Islands,COK,1997,6921.410244
Cook Islands,COK,1998,3212.713663
Cook Islands,COK,1999,3153.462266
Cook Islands,COK,2000,3076.550061
Cook Islands,COK,2001,2984.999611
Cook Islands,COK,2002,2920.913776
Cook Islands,COK,2003,2867.554316
Cook Islands,COK,2004,2816.464922
Cook Islands,COK,2005,2765.527272
Cook Islands,COK,2006,2699.143547
Cook Islands,COK,2007,2641.088316
Cook Islands,COK,2008,2575.43031
Cook Islands,COK,2009,2526.176598
Cook Islands,COK,2010,2499.633248
Cook Islands,COK,2011,2476.324949
Cook Islands,COK,2012,2454.189773
Cook Islands,COK,2013,2462.009198
Cook Islands,COK,2014,2450.58057
Cook Islands,COK,2015,2415.973973
Cook Islands,COK,2016,2414.877623
Cook Islands,COK,2017,2422.360972
Cook Islands,COK,2018,2412.170163
Cook Islands,COK,2019,2397.801934
Costa Rica,CRI,1990,3176.10345
Costa Rica,CRI,1991,3180.435763
Costa Rica,CRI,1992,3186.122646
Costa Rica,CRI,1993,3125.527309
Costa Rica,CRI,1994,3183.339339
Costa Rica,CRI,1995,3233.994111
Costa Rica,CRI,1996,3175.858042
Costa Rica,CRI,1997,3095.527704
Costa Rica,CRI,1998,3072.728505
Costa Rica,CRI,1999,3105.574113
Costa Rica,CRI,2000,2972.45515
Costa Rica,CRI,2001,2904.002686
Costa Rica,CRI,2002,2898.086735
Costa Rica,CRI,2003,2896.660828
Costa Rica,CRI,2004,2892.131667
Costa Rica,CRI,2005,2742.272963
Costa Rica,CRI,2006,2861.132394
Costa Rica,CRI,2007,2673.288723
Costa Rica,CRI,2008,2722.409073
Costa Rica,CRI,2009,2681.579225
Costa Rica,CRI,2010,2909.974094
Costa Rica,CRI,2011,2768.851769
Costa Rica,CRI,2012,2751.151094
Costa Rica,CRI,2013,2729.343795
Costa Rica,CRI,2014,2761.938453
Costa Rica,CRI,2015,2929.265353
Costa Rica,CRI,2016,3115.348737
Costa Rica,CRI,2017,3096.522279
Costa Rica,CRI,2018,2953.762553
Costa Rica,CRI,2019,2912.213223
Cote d'Ivoire,CIV,1990,4189.39306
Cote d'Ivoire,CIV,1991,4195.626806
Cote d'Ivoire,CIV,1992,4214.45277
Cote d'Ivoire,CIV,1993,4304.99535
Cote d'Ivoire,CIV,1994,4371.098786
Cote d'Ivoire,CIV,1995,4444.275815
Cote d'Ivoire,CIV,1996,4434.969345
Cote d'Ivoire,CIV,1997,4415.934319
Cote d'Ivoire,CIV,1998,4434.018662
Cote d'Ivoire,CIV,1999,4440.897743
Cote d'Ivoire,CIV,2000,4522.559295
Cote d'Ivoire,CIV,2001,4342.1677
Cote d'Ivoire,CIV,2002,4671.607064
Cote d'Ivoire,CIV,2003,4589.526732
Cote d'Ivoire,CIV,2004,4395.926232
Cote d'Ivoire,CIV,2005,4187.173008
Cote d'Ivoire,CIV,2006,4077.918039
Cote d'Ivoire,CIV,2007,3988.847292
Cote d'Ivoire,CIV,2008,3887.440436
Cote d'Ivoire,CIV,2009,3852.493604
Cote d'Ivoire,CIV,2010,3863.162306
Cote d'Ivoire,CIV,2011,4295.42014
Cote d'Ivoire,CIV,2012,3812.105975
Cote d'Ivoire,CIV,2013,3852.85732
Cote d'Ivoire,CIV,2014,3854.636854
Cote d'Ivoire,CIV,2015,3795.746221
Cote d'Ivoire,CIV,2016,3659.285323
Cote d'Ivoire,CIV,2017,3540.756284
Cote d'Ivoire,CIV,2018,3501.622054
Cote d'Ivoire,CIV,2019,3391.383603
Croatia,HRV,1990,4785.641586
Croatia,HRV,1991,6218.058432
Croatia,HRV,1992,5642.97182
Croatia,HRV,1993,5488.850736
Croatia,HRV,1994,4631.417574
Croatia,HRV,1995,5457.710162
Croatia,HRV,1996,4342.873646
Croatia,HRV,1997,4118.599358
Croatia,HRV,1998,3962.838048
Croatia,HRV,1999,3840.568242
Croatia,HRV,2000,3736.482213
Croatia,HRV,2001,3653.378325
Croatia,HRV,2002,3590.091733
Croatia,HRV,2003,3574.253029
Croatia,HRV,2004,3459.586073
Croatia,HRV,2005,3463.464015
Croatia,HRV,2006,3384.102474
Croatia,HRV,2007,3411.757206
Croatia,HRV,2008,3392.279684
Croatia,HRV,2009,3246.049973
Croatia,HRV,2010,3129.147359
Croatia,HRV,2011,3053.881037
Croatia,HRV,2012,2999.678747
Croatia,HRV,2013,2892.564471
Croatia,HRV,2014,2836.658774
Croatia,HRV,2015,2832.342593
Croatia,HRV,2016,2764.171095
Croatia,HRV,2017,2760.856942
Croatia,HRV,2018,2768.787912
Croatia,HRV,2019,2759.14416
Cuba,CUB,1990,4192.541759
Cuba,CUB,1991,4171.066441
Cuba,CUB,1992,4096.992654
Cuba,CUB,1993,4111.381533
Cuba,CUB,1994,4097.608341
Cuba,CUB,1995,3965.927054
Cuba,CUB,1996,3734.280088
Cuba,CUB,1997,3639.189811
Cuba,CUB,1998,3526.209542
Cuba,CUB,1999,3349.829712
Cuba,CUB,2000,3158.4065
Cuba,CUB,2001,3021.575352
Cuba,CUB,2002,2848.585838
Cuba,CUB,2003,2761.076553
Cuba,CUB,2004,2698.83646
Cuba,CUB,2005,2693.594327
Cuba,CUB,2006,2517.348605
Cuba,CUB,2007,2473.23254
Cuba,CUB,2008,2448.174726
Cuba,CUB,2009,2459.936186
Cuba,CUB,2010,2455.867705
Cuba,CUB,2011,2383.911222
Cuba,CUB,2012,2448.111658
Cuba,CUB,2013,2415.541122
Cuba,CUB,2014,2383.741751
Cuba,CUB,2015,2428.263022
Cuba,CUB,2016,2427.925643
Cuba,CUB,2017,2463.765972
Cuba,CUB,2018,2479.494107
Cuba,CUB,2019,2418.180343
Cyprus,CYP,1990,3049.405347
Cyprus,CYP,1991,3043.031781
Cyprus,CYP,1992,3051.580498
Cyprus,CYP,1993,3071.128966
Cyprus,CYP,1994,3094.754473
Cyprus,CYP,1995,3082.295768
Cyprus,CYP,1996,3077.845231
Cyprus,CYP,1997,3062.535387
Cyprus,CYP,1998,3240.29235
Cyprus,CYP,1999,2976.78359
Cyprus,CYP,2000,2936.58197
Cyprus,CYP,2001,2857.871025
Cyprus,CYP,2002,2801.486998
Cyprus,CYP,2003,2679.232791
Cyprus,CYP,2004,2641.000567
Cyprus,CYP,2005,2704.516358
Cyprus,CYP,2006,2476.027567
Cyprus,CYP,2007,2422.174357
Cyprus,CYP,2008,2314.257152
Cyprus,CYP,2009,2218.468967
Cyprus,CYP,2010,2096.263684
Cyprus,CYP,2011,2065.11095
Cyprus,CYP,2012,1952.655858
Cyprus,CYP,2013,1927.046937
Cyprus,CYP,2014,1912.925746
Cyprus,CYP,2015,1896.846292
Cyprus,CYP,2016,1903.3806
Cyprus,CYP,2017,1920.753979
Cyprus,CYP,2018,2084.648007
Cyprus,CYP,2019,2147.578482
Czechia,CZE,1990,4708.545798
Czechia,CZE,1991,4636.801349
Czechia,CZE,1992,4606.488272
Czechia,CZE,1993,4471.595473
Czechia,CZE,1994,4432.980078
Czechia,CZE,1995,4346.772774
Czechia,CZE,1996,4167.646575
Czechia,CZE,1997,4142.89273
Czechia,CZE,1998,3972.177131
Czechia,CZE,1999,3912.608196
Czechia,CZE,2000,3887.132792
Czechia,CZE,2001,3853.87908
Czechia,CZE,2002,3813.713975
Czechia,CZE,2003,3830.138615
Czechia,CZE,2004,3735.558001
Czechia,CZE,2005,3653.142066
Czechia,CZE,2006,3544.782553
Czechia,CZE,2007,3491.621331
Czechia,CZE,2008,3438.81062
Czechia,CZE,2009,3361.920468
Czechia,CZE,2010,3313.601553
Czechia,CZE,2011,3240.388265
Czechia,CZE,2012,3171.264869
Czechia,CZE,2013,3103.643724
Czechia,CZE,2014,3017.865981
Czechia,CZE,2015,2979.204686
Czechia,CZE,2016,2976.4467
Czechia,CZE,2017,2987.710035
Czechia,CZE,2018,2933.734524
Czechia,CZE,2019,2794.214112
Democratic Republic of Congo,COD,1990,5929.495383
Democratic Republic of Congo,COD,1991,5908.059914
Democratic Republic of Congo,COD,1992,5855.238037
Democratic Republic of Congo,COD,1993,6224.958986
Democratic Republic of Congo,COD,1994,5679.505864
Democratic Republic of Congo,COD,1995,5730.457404
Democratic Republic of Congo,COD,1996,10438.81665
Democratic Republic of Congo,COD,1997,7562.968524
Democratic Republic of Congo,COD,1998,6928.243197
Democratic Republic of Congo,COD,1999,6856.685453
Democratic Republic of Congo,COD,2000,6045.001192
Democratic Republic of Congo,COD,2001,5893.661832
Democratic Republic of Congo,COD,2002,6551.234554
Democratic Republic of Congo,COD,2003,6056.212491
Democratic Republic of Congo,COD,2004,5505.282411
Democratic Republic of Congo,COD,2005,5384.575678
Democratic Republic of Congo,COD,2006,5311.266269
Democratic Republic of Congo,COD,2007,5297.026896
Democratic Republic of Congo,COD,2008,5508.452931
Democratic Republic of Congo,COD,2009,5712.764975
Democratic Republic of Congo,COD,2010,5140.078801
Democratic Republic of Congo,COD,2011,5003.995323
Democratic Republic of Congo,COD,2012,5078.798062
Democratic Republic of Congo,COD,2013,5023.212612
Democratic Republic of Congo,COD,2014,4857.965219
Democratic Republic of Congo,COD,2015,4822.821488
Democratic Republic of Congo,COD,2016,4766.946249
Democratic Republic of Congo,COD,2017,5034.917278
Democratic Republic of Congo,COD,2018,4657.016632
Democratic Republic of Congo,COD,2019,4423.915265
Denmark,DNK,1990,3184.776268
Denmark,DNK,1991,3124.06984
Denmark,DNK,1992,3052.243031
Denmark,DNK,1993,2985.248881
Denmark,DNK,1994,2908.544981
Denmark,DNK,1995,2822.370756
Denmark,DNK,1996,2746.042211
Denmark,DNK,1997,2649.117729
Denmark,DNK,1998,2555.753863
Denmark,DNK,1999,2555.854338
Denmark,DNK,2000,2425.280564
Denmark,DNK,2001,2335.773981
Denmark,DNK,2002,2286.927776
Denmark,DNK,2003,2218.750454
Denmark,DNK,2004,2145.829036
Denmark,DNK,2005,2067.265725
Denmark,DNK,2006,2013.640177
Denmark,DNK,2007,1994.583914
Denmark,DNK,2008,1949.030668
Denmark,DNK,2009,1853.228252
Denmark,DNK,2010,1765.976371
Denmark,DNK,2011,1710.014462
Denmark,DNK,2012,1644.692277
Denmark,DNK,2013,1603.627287
Denmark,DNK,2014,1588.971128
Denmark,DNK,2015,1577.688708
Denmark,DNK,2016,1604.405537
Denmark,DNK,2017,1628.286575
Denmark,DNK,2018,1635.19231
Denmark,DNK,2019,1638.362706
Djibouti,DJI,1990,4246.385072
Djibouti,DJI,1991,4547.625359
Djibouti,DJI,1992,8090.775463
Djibouti,DJI,1993,4233.79245
Djibouti,DJI,1994,5994.481828
Djibouti,DJI,1995,4160.679173
Djibouti,DJI,1996,3986.836064
Djibouti,DJI,1997,4152.226735
Djibouti,DJI,1998,4229.129646
Djibouti,DJI,1999,4408.669797
Djibouti,DJI,2000,4028.1316
Djibouti,DJI,2001,3991.386679
Djibouti,DJI,2002,4006.392191
Djibouti,DJI,2003,3880.037638
Djibouti,DJI,2004,4462.464656
Djibouti,DJI,2005,4011.578792
Djibouti,DJI,2006,4877.60892
Djibouti,DJI,2007,3946.936082
Djibouti,DJI,2008,3945.261151
Djibouti,DJI,2009,3883.528938
Djibouti,DJI,2010,3784.202721
Djibouti,DJI,2011,3729.578462
Djibouti,DJI,2012,3676.00862
Djibouti,DJI,2013,3646.869264
Djibouti,DJI,2014,3474.899604
Djibouti,DJI,2015,3549.621803
Djibouti,DJI,2016,3355.241343
Djibouti,DJI,2017,3349.851546
Djibouti,DJI,2018,3353.688552
Djibouti,DJI,2019,3760.973993
Dominica,DMA,1990,3579.108989
Dominica,DMA,1991,3694.516965
Dominica,DMA,1992,3580.156259
Dominica,DMA,1993,3550.586245
Dominica,DMA,1994,3522.211768
Dominica,DMA,1995,3639.260433
Dominica,DMA,1996,3465.118124
Dominica,DMA,1997,3436.581044
Dominica,DMA,1998,4253.721289
Dominica,DMA,1999,3504.206161
Dominica,DMA,2000,3468.832868
Dominica,DMA,2001,3422.767809
Dominica,DMA,2002,3437.338426
Dominica,DMA,2003,3610.497002
Dominica,DMA,2004,3614.499173
Dominica,DMA,2005,3493.725519
Dominica,DMA,2006,3483.500195
Dominica,DMA,2007,3837.186388
Dominica,DMA,2008,3451.059438
Dominica,DMA,2009,3464.198048
Dominica,DMA,2010,3688.619358
Dominica,DMA,2011,3430.832084
Dominica,DMA,2012,3279.012564
Dominica,DMA,2013,3282.006096
Dominica,DMA,2014,3250.139754
Dominica,DMA,2015,4344.169691
Dominica,DMA,2016,3226.635331
Dominica,DMA,2017,5192.508
Dominica,DMA,2018,3262.63843
Dominica,DMA,2019,3256.114454
Dominican Republic,DOM,1990,4039.939604
Dominican Republic,DOM,1991,3899.932838
Dominican Republic,DOM,1992,3820.620844
Dominican Republic,DOM,1993,3791.736865
Dominican Republic,DOM,1994,3795.783089
Dominican Republic,DOM,1995,3762.626815
Dominican Republic,DOM,1996,3940.509
Dominican Republic,DOM,1997,3835.975821
Dominican Republic,DOM,1998,4128.628877
Dominican Republic,DOM,1999,3862.840436
Dominican Republic,DOM,2000,3824.174257
Dominican Republic,DOM,2001,3815.917232
Dominican Republic,DOM,2002,3862.981541
Dominican Republic,DOM,2003,4003.654881
Dominican Republic,DOM,2004,4598.687103
Dominican Republic,DOM,2005,4301.537654
Dominican Republic,DOM,2006,4286.353575
Dominican Republic,DOM,2007,4400.186783
Dominican Republic,DOM,2008,4254.508117
Dominican Republic,DOM,2009,4203.662167
Dominican Republic,DOM,2010,4153.994564
Dominican Republic,DOM,2011,4171.215529
Dominican Republic,DOM,2012,4333.325221
Dominican Republic,DOM,2013,4453.362677
Dominican Republic,DOM,2014,4474.739279
Dominican Republic,DOM,2015,4474.500754
Dominican Republic,DOM,2016,4439.964885
Dominican Republic,DOM,2017,4294.575908
Dominican Republic,DOM,2018,4150.925851
Dominican Republic,DOM,2019,4024.414911
East Asia & Pacific (WB),,1990,4582.329826
East Asia & Pacific (WB),,1991,4509.664961
East Asia & Pacific (WB),,1992,4389.65063
East Asia & Pacific (WB),,1993,4309.472346
East Asia & Pacific (WB),,1994,4290.940575
East Asia & Pacific (WB),,1995,4264.626294
East Asia & Pacific (WB),,1996,4180.155478
East Asia & Pacific (WB),,1997,4075.833336
East Asia & Pacific (WB),,1998,4016.193293
East Asia & Pacific (WB),,1999,3943.750056
East Asia & Pacific (WB),,2000,3854.837926
East Asia & Pacific (WB),,2001,3732.719217
East Asia & Pacific (WB),,2002,3622.388224
East Asia & Pacific (WB),,2003,3555.221931
East Asia & Pacific (WB),,2004,3981.795162
East Asia & Pacific (WB),,2005,3400.76365
East Asia & Pacific (WB),,2006,3296.013928
East Asia & Pacific (WB),,2007,3173.808693
East Asia & Pacific (WB),,2008,3704.426877
East Asia & Pacific (WB),,2009,3092.334565
East Asia & Pacific (WB),,2010,3019.403758
East Asia & Pacific (WB),,2011,2918.743018
East Asia & Pacific (WB),,2012,2800.481796
East Asia & Pacific (WB),,2013,2745.970137
East Asia & Pacific (WB),,2014,2651.708909
East Asia & Pacific (WB),,2015,2586.586859
East Asia & Pacific (WB),,2016,2554.027507
East Asia & Pacific (WB),,2017,2541.499263
East Asia & Pacific (WB),,2018,2498.054356
East Asia & Pacific (WB),,2019,2450.805764
Eastern Mediterranean Region (WHO),,1990,5789.166173
Eastern Mediterranean Region (WHO),,1991,5198.41064
Eastern Mediterranean Region (WHO),,1992,5069.408778
Eastern Mediterranean Region (WHO),,1993,4971.213063
Eastern Mediterranean Region (WHO),,1994,4974.294032
Eastern Mediterranean Region (WHO),,1995,4866.774576
Eastern Mediterranean Region (WHO),,1996,4800.933338
Eastern Mediterranean Region (WHO),,1997,4866.053797
Eastern Mediterranean Region (WHO),,1998,4876.564332
Eastern Mediterranean Region (WHO),,1999,4562.237033
Eastern Mediterranean Region (WHO),,2000,4475.878713
Eastern Mediterranean Region (WHO),,2001,4435.429044
Eastern Mediterranean Region (WHO),,2002,4376.410406
Eastern Mediterranean Region (WHO),,2003,4805.806278
Eastern Mediterranean Region (WHO),,2004,4534.038663
Eastern Mediterranean Region (WHO),,2005,5181.17242
Eastern Mediterranean Region (WHO),,2006,4547.935025
Eastern Mediterranean Region (WHO),,2007,4527.214074
Eastern Mediterranean Region (WHO),,2008,4271.303456
Eastern Mediterranean Region (WHO),,2009,4191.728337
Eastern Mediterranean Region (WHO),,2010,4167.207531
Eastern Mediterranean Region (WHO),,2011,4267.489407
Eastern Mediterranean Region (WHO),,2012,4615.359988
Eastern Mediterranean Region (WHO),,2013,4527.73334
Eastern Mediterranean Region (WHO),,2014,4875.968153
Eastern Mediterranean Region (WHO),,2015,4746.069475
Eastern Mediterranean Region (WHO),,2016,4765.394647
Eastern Mediterranean Region (WHO),,2017,4411.211839
Eastern Mediterranean Region (WHO),,2018,4085.809826
Eastern Mediterranean Region (WHO),,2019,3783.321709
Ecuador,ECU,1990,4728.245732
Ecuador,ECU,1991,4948.195457
Ecuador,ECU,1992,4884.916668
Ecuador,ECU,1993,5034.298075
Ecuador,ECU,1994,4807.943201
Ecuador,ECU,1995,4806.761459
Ecuador,ECU,1996,4875.390904
Ecuador,ECU,1997,4765.057474
Ecuador,ECU,1998,4844.265947
Ecuador,ECU,1999,4638.323691
Ecuador,ECU,2000,4644.63113
Ecuador,ECU,2001,4655.564096
Ecuador,ECU,2002,4951.282051
Ecuador,ECU,2003,5043.670931
Ecuador,ECU,2004,5117.930198
Ecuador,ECU,2005,5289.469527
Ecuador,ECU,2006,5344.779762
Ecuador,ECU,2007,5390.019344
Ecuador,ECU,2008,5474.900911
Ecuador,ECU,2009,5384.176032
Ecuador,ECU,2010,5324.8574
Ecuador,ECU,2011,5050.613546
Ecuador,ECU,2012,4856.315969
Ecuador,ECU,2013,4547.295158
Ecuador,ECU,2014,4324.57093
Ecuador,ECU,2015,4152.510761
Ecuador,ECU,2016,4235.394339
Ecuador,ECU,2017,3966.595549
Ecuador,ECU,2018,3921.453018
Ecuador,ECU,2019,3936.487043
Egypt,EGY,1990,4547.422952
Egypt,EGY,1991,4312.479915
Egypt,EGY,1992,4115.888819
Egypt,EGY,1993,4059.56052
Egypt,EGY,1994,4068.146384
Egypt,EGY,1995,3859.931149
Egypt,EGY,1996,3716.009842
Egypt,EGY,1997,3625.764988
Egypt,EGY,1998,3450.36617
Egypt,EGY,1999,3382.994781
Egypt,EGY,2000,3226.65219
Egypt,EGY,2001,3231.748958
Egypt,EGY,2002,3229.287152
Egypt,EGY,2003,3147.525041
Egypt,EGY,2004,3081.767667
Egypt,EGY,2005,3011.241527
Egypt,EGY,2006,3050.838337
Egypt,EGY,2007,2909.978982
Egypt,EGY,2008,2915.118009
Egypt,EGY,2009,2916.841168
Egypt,EGY,2010,2906.049608
Egypt,EGY,2011,2993.818905
Egypt,EGY,2012,2923.47588
Egypt,EGY,2013,2969.073967
Egypt,EGY,2014,2799.898548
Egypt,EGY,2015,2861.920183
Egypt,EGY,2016,2742.811662
Egypt,EGY,2017,2780.304288
Egypt,EGY,2018,2726.859603
Egypt,EGY,2019,2632.383121
El Salvador,SLV,1990,9542.817005
El Salvador,SLV,1991,9497.85887
El Salvador,SLV,1992,8172.51181
El Salvador,SLV,1993,8266.901723
El Salvador,SLV,1994,8402.840706
El Salvador,SLV,1995,8272.732212
El Salvador,SLV,1996,7887.571265
El Salvador,SLV,1997,7894.612167
El Salvador,SLV,1998,8472.256247
El Salvador,SLV,1999,7416.440832
El Salvador,SLV,2000,7248.741032
El Salvador,SLV,2001,7986.119232
El Salvador,SLV,2002,6604.508018
El Salvador,SLV,2003,6667.361869
El Salvador,SLV,2004,6875.963574
El Salvador,SLV,2005,6999.695336
El Salvador,SLV,2006,6851.856998
El Salvador,SLV,2007,6647.208111
El Salvador,SLV,2008,6418.102002
El Salvador,SLV,2009,6776.901655
El Salvador,SLV,2010,6114.918938
El Salvador,SLV,2011,6056.529139
El Salvador,SLV,2012,8432.165166
El Salvador,SLV,2013,8192.482272
El Salvador,SLV,2014,8510.65624
El Salvador,SLV,2015,8817.241193
El Salvador,SLV,2016,5781.497744
El Salvador,SLV,2017,5702.081025
El Salvador,SLV,2018,5652.505348
El Salvador,SLV,2019,5478.051634
England,,1990,2201.85557
England,,1991,2157.207869
England,,1992,2080.334932
England,,1993,2040.409282
England,,1994,2012.810995
England,,1995,1988.954041
England,,1996,1965.076509
England,,1997,1945.195299
England,,1998,1927.288398
England,,1999,1890.825253
England,,2000,1860.958404
England,,2001,1837.903182
England,,2002,1815.168323
England,,2003,1788.672021
England,,2004,1740.421204
England,,2005,1723.462214
England,,2006,1715.133949
England,,2007,1693.152719
England,,2008,1669.721541
England,,2009,1637.809349
England,,2010,1580.702634
England,,2011,1530.234203
England,,2012,1498.22889
England,,2013,1491.136827
England,,2014,1486.01517
England,,2015,1482.893944
England,,2016,1506.278655
England,,2017,1532.743914
England,,2018,1561.687309
England,,2019,1538.01235
Equatorial Guinea,GNQ,1990,6028.343073
Equatorial Guinea,GNQ,1991,5974.949186
Equatorial Guinea,GNQ,1992,5850.03041
Equatorial Guinea,GNQ,1993,5772.982045
Equatorial Guinea,GNQ,1994,5637.609076
Equatorial Guinea,GNQ,1995,5631.220285
Equatorial Guinea,GNQ,1996,5524.745497
Equatorial Guinea,GNQ,1997,5131.957772
Equatorial Guinea,GNQ,1998,4959.649408
Equatorial Guinea,GNQ,1999,4754.200235
Equatorial Guinea,GNQ,2000,4540.492017
Equatorial Guinea,GNQ,2001,4160.959019
Equatorial Guinea,GNQ,2002,3799.987793
Equatorial Guinea,GNQ,2003,3661.574187
Equatorial Guinea,GNQ,2004,3616.833388
Equatorial Guinea,GNQ,2005,4074.218167
Equatorial Guinea,GNQ,2006,3402.316183
Equatorial Guinea,GNQ,2007,3306.795304
Equatorial Guinea,GNQ,2008,3326.385312
Equatorial Guinea,GNQ,2009,3132.748006
Equatorial Guinea,GNQ,2010,3072.344417
Equatorial Guinea,GNQ,2011,3069.136563
Equatorial Guinea,GNQ,2012,2991.997149
Equatorial Guinea,GNQ,2013,2868.813015
Equatorial Guinea,GNQ,2014,2823.443742
Equatorial Guinea,GNQ,2015,2794.615078
Equatorial Guinea,GNQ,2016,2824.448929
Equatorial Guinea,GNQ,2017,2806.957969
Equatorial Guinea,GNQ,2018,2841.843858
Equatorial Guinea,GNQ,2019,2795.269438
Eritrea,ERI,1990,27482.66625
Eritrea,ERI,1991,28115.7292
Eritrea,ERI,1992,6869.713105
Eritrea,ERI,1993,6831.887152
Eritrea,ERI,1994,6685.064535
Eritrea,ERI,1995,6817.659376
Eritrea,ERI,1996,6791.580235
Eritrea,ERI,1997,6599.90752
Eritrea,ERI,1998,7765.580708
Eritrea,ERI,1999,35043.13817
Eritrea,ERI,2000,9244.39639
Eritrea,ERI,2001,6464.922242
Eritrea,ERI,2002,6527.355734
Eritrea,ERI,2003,6520.623672
Eritrea,ERI,2004,6478.007891
Eritrea,ERI,2005,6579.791789
Eritrea,ERI,2006,6206.335482
Eritrea,ERI,2007,6098.362735
Eritrea,ERI,2008,6288.02166
Eritrea,ERI,2009,5906.538364
Eritrea,ERI,2010,5786.541742
Eritrea,ERI,2011,5670.766057
Eritrea,ERI,2012,5567.301214
Eritrea,ERI,2013,5541.965686
Eritrea,ERI,2014,5416.061742
Eritrea,ERI,2015,5356.713878
Eritrea,ERI,2016,5302.011815
Eritrea,ERI,2017,5186.905282
Eritrea,ERI,2018,5118.30134
Eritrea,ERI,2019,5072.38993
Estonia,EST,1990,7816.948929
Estonia,EST,1991,8099.775548
Estonia,EST,1992,8330.697075
Estonia,EST,1993,9062.741088
Estonia,EST,1994,10845.99686
Estonia,EST,1995,9229.618953
Estonia,EST,1996,7908.156217
Estonia,EST,1997,7634.997999
Estonia,EST,1998,7644.702163
Estonia,EST,1999,7111.440413
Estonia,EST,2000,6761.088968
Estonia,EST,2001,6895.446569
Estonia,EST,2002,6417.614106
Estonia,EST,2003,5889.7614
Estonia,EST,2004,5490.593526
Estonia,EST,2005,5199.523208
Estonia,EST,2006,4996.998162
Estonia,EST,2007,4897.160514
Estonia,EST,2008,4315.57655
Estonia,EST,2009,3915.950332
Estonia,EST,2010,3529.180023
Estonia,EST,2011,3465.457726
Estonia,EST,2012,3378.783709
Estonia,EST,2013,3079.208142
Estonia,EST,2014,3020.70944
Estonia,EST,2015,2863.272492
Estonia,EST,2016,2830.642468
Estonia,EST,2017,2885.405065
Estonia,EST,2018,2896.19744
Estonia,EST,2019,2870.204558
Eswatini,SWZ,1990,5990.688648
Eswatini,SWZ,1991,5884.053083
Eswatini,SWZ,1992,5743.393572
Eswatini,SWZ,1993,5580.811947
Eswatini,SWZ,1994,5529.682023
Eswatini,SWZ,1995,5626.902564
Eswatini,SWZ,1996,5808.388658
Eswatini,SWZ,1997,5865.320488
Eswatini,SWZ,1998,6108.11997
Eswatini,SWZ,1999,6312.652324
Eswatini,SWZ,2000,6679.890625
Eswatini,SWZ,2001,7133.100939
Eswatini,SWZ,2002,7181.663322
Eswatini,SWZ,2003,7358.776464
Eswatini,SWZ,2004,7596.739927
Eswatini,SWZ,2005,7513.11761
Eswatini,SWZ,2006,7433.788318
Eswatini,SWZ,2007,7432.92233
Eswatini,SWZ,2008,7410.38482
Eswatini,SWZ,2009,7339.921596
Eswatini,SWZ,2010,7187.357991
Eswatini,SWZ,2011,7026.500112
Eswatini,SWZ,2012,6922.637102
Eswatini,SWZ,2013,6759.922623
Eswatini,SWZ,2014,6694.439552
Eswatini,SWZ,2015,6578.336892
Eswatini,SWZ,2016,6361.86696
Eswatini,SWZ,2017,6286.259601
Eswatini,SWZ,2018,6218.329467
Eswatini,SWZ,2019,6149.86408
Ethiopia,ETH,1990,12596.36369
Ethiopia,ETH,1991,8049.873989
Ethiopia,ETH,1992,6717.323143
Ethiopia,ETH,1993,6409.204595
Ethiopia,ETH,1994,6280.099282
Ethiopia,ETH,1995,6243.672631
Ethiopia,ETH,1996,5892.652889
Ethiopia,ETH,1997,5733.962116
Ethiopia,ETH,1998,5695.938131
Ethiopia,ETH,1999,8892.119181
Ethiopia,ETH,2000,9758.674816
Ethiopia,ETH,2001,5260.796024
Ethiopia,ETH,2002,5187.356663
Ethiopia,ETH,2003,5017.521614
Ethiopia,ETH,2004,4825.952235
Ethiopia,ETH,2005,4738.684947
Ethiopia,ETH,2006,4659.141927
Ethiopia,ETH,2007,4487.842861
Ethiopia,ETH,2008,4316.614052
Ethiopia,ETH,2009,4256.44751
Ethiopia,ETH,2010,4045.845347
Ethiopia,ETH,2011,3895.992604
Ethiopia,ETH,2012,3774.938038
Ethiopia,ETH,2013,3605.166618
Ethiopia,ETH,2014,3526.597881
Ethiopia,ETH,2015,3457.333969
Ethiopia,ETH,2016,3503.253174
Ethiopia,ETH,2017,3409.744154
Ethiopia,ETH,2018,3384.88084
Ethiopia,ETH,2019,3264.91717
Europe & Central Asia (WB),,1990,4618.024866
Europe & Central Asia (WB),,1991,4692.851316
Europe & Central Asia (WB),,1992,4957.383206
Europe & Central Asia (WB),,1993,5270.328016
Europe & Central Asia (WB),,1994,5279.371415
Europe & Central Asia (WB),,1995,5213.621377
Europe & Central Asia (WB),,1996,4901.233224
Europe & Central Asia (WB),,1997,4647.285582
Europe & Central Asia (WB),,1998,4554.34723
Europe & Central Asia (WB),,1999,4860.254043
Europe & Central Asia (WB),,2000,4663.745534
Europe & Central Asia (WB),,2001,4565.704114
Europe & Central Asia (WB),,2002,4482.903774
Europe & Central Asia (WB),,2003,4392.523164
Europe & Central Asia (WB),,2004,4291.364068
Europe & Central Asia (WB),,2005,4248.486934
Europe & Central Asia (WB),,2006,4008.091882
Europe & Central Asia (WB),,2007,3852.217947
Europe & Central Asia (WB),,2008,3730.169397
Europe & Central Asia (WB),,2009,3517.530534
Europe & Central Asia (WB),,2010,3437.062064
Europe & Central Asia (WB),,2011,3269.334341
Europe & Central Asia (WB),,2012,3185.176269
Europe & Central Asia (WB),,2013,3095.976773
Europe & Central Asia (WB),,2014,3079.442235
Europe & Central Asia (WB),,2015,3043.809334
Europe & Central Asia (WB),,2016,2963.521044
Europe & Central Asia (WB),,2017,2879.399758
Europe & Central Asia (WB),,2018,2893.929659
Europe & Central Asia (WB),,2019,2876.531058
European Region (WHO),,1990,4601.684471
European Region (WHO),,1991,4675.291448
European Region (WHO),,1992,4937.355913
European Region (WHO),,1993,5247.886956
European Region (WHO),,1994,5256.158647
European Region (WHO),,1995,5189.764964
European Region (WHO),,1996,4880.703051
European Region (WHO),,1997,4627.385567
European Region (WHO),,1998,4533.768511
European Region (WHO),,1999,4835.752791
European Region (WHO),,2000,4642.425056
European Region (WHO),,2001,4548.712225
European Region (WHO),,2002,4471.049116
European Region (WHO),,2003,4375.881271
European Region (WHO),,2004,4274.215487
European Region (WHO),,2005,4228.389417
European Region (WHO),,2006,3992.966965
European Region (WHO),,2007,3835.28738
European Region (WHO),,2008,3716.955758
European Region (WHO),,2009,3505.641374
European Region (WHO),,2010,3420.585073
European Region (WHO),,2011,3253.913374
European Region (WHO),,2012,3169.874588
European Region (WHO),,2013,3080.607837
European Region (WHO),,2014,3076.846739
European Region (WHO),,2015,3028.709094
European Region (WHO),,2016,2949.44891
European Region (WHO),,2017,2866.23512
European Region (WHO),,2018,2880.768842
European Region (WHO),,2019,2862.733544
Fiji,FJI,1990,3266.941243
Fiji,FJI,1991,3235.92657
Fiji,FJI,1992,3195.738201
Fiji,FJI,1993,3336.343235
Fiji,FJI,1994,3167.08569
Fiji,FJI,1995,3152.59165
Fiji,FJI,1996,3180.428316
Fiji,FJI,1997,3353.196381
Fiji,FJI,1998,3124.143371
Fiji,FJI,1999,3423.96526
Fiji,FJI,2000,3385.407286
Fiji,FJI,2001,3247.700415
Fiji,FJI,2002,3165.655508
Fiji,FJI,2003,3197.122904
Fiji,FJI,2004,3121.974516
Fiji,FJI,2005,3026.934011
Fiji,FJI,2006,3037.719833
Fiji,FJI,2007,3029.260237
Fiji,FJI,2008,2996.952151
Fiji,FJI,2009,2941.061265
Fiji,FJI,2010,2847.319191
Fiji,FJI,2011,2825.380592
Fiji,FJI,2012,2960.685099
Fiji,FJI,2013,2864.188615
Fiji,FJI,2014,2826.165093
Fiji,FJI,2015,2797.479112
Fiji,FJI,2016,3101.891155
Fiji,FJI,2017,2809.67225
Fiji,FJI,2018,2844.945863
Fiji,FJI,2019,2785.410174
Finland,FIN,1990,4293.476744
Finland,FIN,1991,4223.583821
Finland,FIN,1992,4109.546015
Finland,FIN,1993,3984.650203
Finland,FIN,1994,3907.602212
Finland,FIN,1995,3863.057958
Finland,FIN,1996,3790.789742
Finland,FIN,1997,3758.249356
Finland,FIN,1998,3706.071722
Finland,FIN,1999,3702.327185
Finland,FIN,2000,3692.042492
Finland,FIN,2001,3642.021872
Finland,FIN,2002,3588.417338
Finland,FIN,2003,3541.533904
Finland,FIN,2004,3545.054371
Finland,FIN,2005,3469.218983
Finland,FIN,2006,3412.074359
Finland,FIN,2007,3389.491202
Finland,FIN,2008,3282.226192
Finland,FIN,2009,3178.501773
Finland,FIN,2010,3075.339536
Finland,FIN,2011,2945.871187
Finland,FIN,2012,2822.499774
Finland,FIN,2013,2701.786945
Finland,FIN,2014,2595.354875
Finland,FIN,2015,2494.060475
Finland,FIN,2016,2499.425842
Finland,FIN,2017,2518.688728
Finland,FIN,2018,2497.92811
Finland,FIN,2019,2453.692512
France,FRA,1990,3899.184411
France,FRA,1991,3850.740276
France,FRA,1992,3773.510415
France,FRA,1993,3710.713747
France,FRA,1994,3628.98956
France,FRA,1995,3542.265067
France,FRA,1996,3461.105893
France,FRA,1997,3398.10876
France,FRA,1998,3363.278771
France,FRA,1999,3299.107466
France,FRA,2000,3216.123553
France,FRA,2001,3171.892995
France,FRA,2002,3090.55639
France,FRA,2003,3016.496302
France,FRA,2004,2862.493939
France,FRA,2005,2802.159695
France,FRA,2006,2730.974539
France,FRA,2007,2663.299387
France,FRA,2008,2622.883101
France,FRA,2009,2602.284078
France,FRA,2010,2561.808912
France,FRA,2011,2497.116254
France,FRA,2012,2414.847135
France,FRA,2013,2343.800326
France,FRA,2014,2283.394968
France,FRA,2015,2308.538977
France,FRA,2016,2246.690586
France,FRA,2017,2232.390864
France,FRA,2018,2246.848345
France,FRA,2019,2305.594842
G20,,1990,4818.586996
G20,,1991,4762.929668
G20,,1992,4722.961832
G20,,1993,4724.930721
G20,,1994,4707.09218
G20,,1995,4632.751801
G20,,1996,4507.371022
G20,,1997,4433.8765
G20,,1998,4413.491017
G20,,1999,4420.270921
G20,,2000,4328.396178
G20,,2001,4266.999413
G20,,2002,4124.692133
G20,,2003,4031.154205
G20,,2004,4218.015704
G20,,2005,3941.076643
G20,,2006,3835.251512
G20,,2007,3733.378671
G20,,2008,3780.576254
G20,,2009,3613.440987
G20,,2010,3564.96132
G20,,2011,3478.448091
G20,,2012,3377.165396
G20,,2013,3280.847141
G20,,2014,3170.445112
G20,,2015,3094.168298
G20,,2016,3038.76563
G20,,2017,3000.353125
G20,,2018,3026.053257
G20,,2019,3004.798938
Gabon,GAB,1990,4852.749812
Gabon,GAB,1991,5257.790102
Gabon,GAB,1992,4798.642786
Gabon,GAB,1993,4791.842873
Gabon,GAB,1994,4637.475919
Gabon,GAB,1995,4762.302109
Gabon,GAB,1996,4700.116476
Gabon,GAB,1997,4715.678583
Gabon,GAB,1998,4619.376184
Gabon,GAB,1999,4512.220583
Gabon,GAB,2000,4539.586801
Gabon,GAB,2001,4573.97806
Gabon,GAB,2002,4588.79398
Gabon,GAB,2003,4616.157084
Gabon,GAB,2004,4593.580487
Gabon,GAB,2005,4459.043079
Gabon,GAB,2006,4425.575467
Gabon,GAB,2007,4499.136721
Gabon,GAB,2008,4560.141469
Gabon,GAB,2009,4353.630393
Gabon,GAB,2010,4172.818592
Gabon,GAB,2011,4115.425006
Gabon,GAB,2012,3951.101572
Gabon,GAB,2013,3927.055243
Gabon,GAB,2014,3783.829839
Gabon,GAB,2015,3730.448309
Gabon,GAB,2016,3767.346698
Gabon,GAB,2017,3641.638217
Gabon,GAB,2018,3590.339002
Gabon,GAB,2019,3547.3527
Gambia,GMB,1990,2929.147569
Gambia,GMB,1991,2945.680725
Gambia,GMB,1992,3585.426822
Gambia,GMB,1993,2892.871976
Gambia,GMB,1994,2903.354365
Gambia,GMB,1995,3024.623131
Gambia,GMB,1996,2838.033433
Gambia,GMB,1997,2843.24272
Gambia,GMB,1998,2929.472643
Gambia,GMB,1999,3309.19378
Gambia,GMB,2000,2933.192293
Gambia,GMB,2001,2812.895788
Gambia,GMB,2002,2808.47009
Gambia,GMB,2003,2831.619017
Gambia,GMB,2004,3062.783755
Gambia,GMB,2005,3123.585053
Gambia,GMB,2006,2962.494608
Gambia,GMB,2007,3053.957035
Gambia,GMB,2008,2825.072
Gambia,GMB,2009,2791.250946
Gambia,GMB,2010,2738.81899
Gambia,GMB,2011,2461.391296
Gambia,GMB,2012,2515.663395
Gambia,GMB,2013,2469.51496
Gambia,GMB,2014,2592.706283
Gambia,GMB,2015,2471.494334
Gambia,GMB,2016,2566.399842
Gambia,GMB,2017,2669.527001
Gambia,GMB,2018,2611.465495
Gambia,GMB,2019,2567.224063
Georgia,GEO,1990,4346.892437
Georgia,GEO,1991,4487.660708
Georgia,GEO,1992,5431.63451
Georgia,GEO,1993,6597.423416
Georgia,GEO,1994,4134.847979
Georgia,GEO,1995,3750.560848
Georgia,GEO,1996,3276.525825
Georgia,GEO,1997,3189.392847
Georgia,GEO,1998,3338.393092
Georgia,GEO,1999,3051.046764
Georgia,GEO,2000,2924.157165
Georgia,GEO,2001,3063.016445
Georgia,GEO,2002,3257.234286
Georgia,GEO,2003,2979.829062
Georgia,GEO,2004,3014.949777
Georgia,GEO,2005,3103.851982
Georgia,GEO,2006,3150.132289
Georgia,GEO,2007,3184.717482
Georgia,GEO,2008,4284.270184
Georgia,GEO,2009,3508.720124
Georgia,GEO,2010,3488.643831
Georgia,GEO,2011,3437.351664
Georgia,GEO,2012,3543.737972
Georgia,GEO,2013,3481.595069
Georgia,GEO,2014,3496.827482
Georgia,GEO,2015,3501.831105
Georgia,GEO,2016,3475.694329
Georgia,GEO,2017,3451.991968
Georgia,GEO,2018,3410.259952
Georgia,GEO,2019,3377.047523
Germany,DEU,1990,2854.994335
Germany,DEU,1991,2841.457609
Germany,DEU,1992,2764.967573
Germany,DEU,1993,2701.572454
Germany,DEU,1994,2652.675642
Germany,DEU,1995,2606.385637
Germany,DEU,1996,2547.660533
Germany,DEU,1997,2462.270602
Germany,DEU,1998,2380.426586
Germany,DEU,1999,2316.014549
Germany,DEU,2000,2250.480829
Germany,DEU,2001,2170.565829
Germany,DEU,2002,2124.851611
Germany,DEU,2003,2073.323141
Germany,DEU,2004,1990.457292
Germany,DEU,2005,1924.861004
Germany,DEU,2006,1876.071775
Germany,DEU,2007,1842.277341
Germany,DEU,2008,1816.732268
Germany,DEU,2009,1804.164448
Germany,DEU,2010,1792.350579
Germany,DEU,2011,1767.05145
Germany,DEU,2012,1733.480779
Germany,DEU,2013,1718.369761
Germany,DEU,2014,1701.047725
Germany,DEU,2015,1719.951395
Germany,DEU,2016,1740.203879
Germany,DEU,2017,1757.523572
Germany,DEU,2018,1759.510842
Germany,DEU,2019,1761.676684
Ghana,GHA,1990,3399.92277
Ghana,GHA,1991,3389.519415
Ghana,GHA,1992,3336.412049
Ghana,GHA,1993,3298.489577
Ghana,GHA,1994,4003.653481
Ghana,GHA,1995,3351.430077
Ghana,GHA,1996,3224.367633
Ghana,GHA,1997,3263.207242
Ghana,GHA,1998,3244.347716
Ghana,GHA,1999,3287.366909
Ghana,GHA,2000,3268.799685
Ghana,GHA,2001,3409.842214
Ghana,GHA,2002,3392.036377
Ghana,GHA,2003,3423.144507
Ghana,GHA,2004,3457.534026
Ghana,GHA,2005,3491.204117
Ghana,GHA,2006,3502.764312
Ghana,GHA,2007,3493.117083
Ghana,GHA,2008,3391.771068
Ghana,GHA,2009,3348.852512
Ghana,GHA,2010,3313.711853
Ghana,GHA,2011,3287.545933
Ghana,GHA,2012,3249.761317
Ghana,GHA,2013,3232.93961
Ghana,GHA,2014,3242.516179
Ghana,GHA,2015,3305.335472
Ghana,GHA,2016,3300.097577
Ghana,GHA,2017,3271.694162
Ghana,GHA,2018,3128.590659
Ghana,GHA,2019,3059.5161
Greece,GRC,1990,2702.364053
Greece,GRC,1991,2711.744683
Greece,GRC,1992,2626.82424
Greece,GRC,1993,2592.652469
Greece,GRC,1994,2573.984312
Greece,GRC,1995,2553.782212
Greece,GRC,1996,2523.535197
Greece,GRC,1997,2504.842637
Greece,GRC,1998,2431.074189
Greece,GRC,1999,2444.520098
Greece,GRC,2000,2359.087863
Greece,GRC,2001,2262.838406
Greece,GRC,2002,2197.249165
Greece,GRC,2003,2163.269381
Greece,GRC,2004,2170.162733
Greece,GRC,2005,2206.800359
Greece,GRC,2006,2102.995488
Greece,GRC,2007,2146.11117
Greece,GRC,2008,2074.070135
Greece,GRC,2009,2072.757792
Greece,GRC,2010,2021.594697
Greece,GRC,2011,1962.156032
Greece,GRC,2012,1908.516237
Greece,GRC,2013,1837.393938
Greece,GRC,2014,1832.556976
Greece,GRC,2015,2082.30474
Greece,GRC,2016,1980.513264
Greece,GRC,2017,1834.452739
Greece,GRC,2018,1890.463154
Greece,GRC,2019,1861.12937
Greenland,GRL,1990,10345.49258
Greenland,GRL,1991,10241.17306
Greenland,GRL,1992,10115.03087
Greenland,GRL,1993,10479.12334
Greenland,GRL,1994,10432.8654
Greenland,GRL,1995,10373.41158
Greenland,GRL,1996,10137.4276
Greenland,GRL,1997,9914.233183
Greenland,GRL,1998,9623.694937
Greenland,GRL,1999,9387.005673
Greenland,GRL,2000,9121.608507
Greenland,GRL,2001,8860.971374
Greenland,GRL,2002,8661.776242
Greenland,GRL,2003,8457.423731
Greenland,GRL,2004,7922.350396
Greenland,GRL,2005,7756.607243
Greenland,GRL,2006,7568.537082
Greenland,GRL,2007,7404.327462
Greenland,GRL,2008,7225.587874
Greenland,GRL,2009,7062.009455
Greenland,GRL,2010,6922.505669
Greenland,GRL,2011,6762.794601
Greenland,GRL,2012,6480.918074
Greenland,GRL,2013,6321.455362
Greenland,GRL,2014,6178.048737
Greenland,GRL,2015,6027.086083
Greenland,GRL,2016,5937.966344
Greenland,GRL,2017,5844.554526
Greenland,GRL,2018,5757.257374
Greenland,GRL,2019,5656.252598
Grenada,GRD,1990,3832.319144
Grenada,GRD,1991,3722.821542
Grenada,GRD,1992,3834.183046
Grenada,GRD,1993,3521.630028
Grenada,GRD,1994,3358.263452
Grenada,GRD,1995,3225.080217
Grenada,GRD,1996,3194.158905
Grenada,GRD,1997,3144.840809
Grenada,GRD,1998,3087.555302
Grenada,GRD,1999,3110.42886
Grenada,GRD,2000,3187.482144
Grenada,GRD,2001,2992.5959
Grenada,GRD,2002,2991.823328
Grenada,GRD,2003,3001.757174
Grenada,GRD,2004,3869.518294
Grenada,GRD,2005,3048.254045
Grenada,GRD,2006,2937.284034
Grenada,GRD,2007,2899.979005
Grenada,GRD,2008,2989.343259
Grenada,GRD,2009,2997.788456
Grenada,GRD,2010,2997.669344
Grenada,GRD,2011,2944.863266
Grenada,GRD,2012,2843.850231
Grenada,GRD,2013,2857.177338
Grenada,GRD,2014,2813.993365
Grenada,GRD,2015,2792.353133
Grenada,GRD,2016,2767.461932
Grenada,GRD,2017,2878.03357
Grenada,GRD,2018,2754.08079
Grenada,GRD,2019,2712.115922
Guam,GUM,1990,3023.240064
Guam,GUM,1991,3047.358642
Guam,GUM,1992,3014.819188
Guam,GUM,1993,2973.521451
Guam,GUM,1994,2981.119728
Guam,GUM,1995,3010.196299
Guam,GUM,1996,3025.002722
Guam,GUM,1997,9092.094546
Guam,GUM,1998,2932.346927
Guam,GUM,1999,2894.893143
Guam,GUM,2000,2856.122319
Guam,GUM,2001,2792.763211
Guam,GUM,2002,2771.717148
Guam,GUM,2003,2723.987926
Guam,GUM,2004,2755.878028
Guam,GUM,2005,2683.156096
Guam,GUM,2006,2650.229744
Guam,GUM,2007,2719.121013
Guam,GUM,2008,2745.819695
Guam,GUM,2009,2677.672636
Guam,GUM,2010,2726.968776
Guam,GUM,2011,2596.018119
Guam,GUM,2012,2607.784658
Guam,GUM,2013,2704.481277
Guam,GUM,2014,2633.842474
Guam,GUM,2015,2643.973296
Guam,GUM,2016,2658.655623
Guam,GUM,2017,2669.076684
Guam,GUM,2018,2667.324106
Guam,GUM,2019,2653.445736
Guatemala,GTM,1990,8494.503882
Guatemala,GTM,1991,8539.119142
Guatemala,GTM,1992,8455.740979
Guatemala,GTM,1993,8071.442964
Guatemala,GTM,1994,8124.547824
Guatemala,GTM,1995,7827.798807
Guatemala,GTM,1996,7439.841273
Guatemala,GTM,1997,7582.636527
Guatemala,GTM,1998,7623.610674
Guatemala,GTM,1999,6970.325637
Guatemala,GTM,2000,6922.920003
Guatemala,GTM,2001,6517.052618
Guatemala,GTM,2002,6459.720928
Guatemala,GTM,2003,6572.009983
Guatemala,GTM,2004,6665.622283
Guatemala,GTM,2005,7280.031452
Guatemala,GTM,2006,7004.995181
Guatemala,GTM,2007,6701.308008
Guatemala,GTM,2008,6776.969074
Guatemala,GTM,2009,7049.458773
Guatemala,GTM,2010,6577.434473
Guatemala,GTM,2011,6141.645223
Guatemala,GTM,2012,5801.023237
Guatemala,GTM,2013,5658.604718
Guatemala,GTM,2014,5518.336251
Guatemala,GTM,2015,5476.820152
Guatemala,GTM,2016,5397.703105
Guatemala,GTM,2017,5350.426335
Guatemala,GTM,2018,5503.889563
Guatemala,GTM,2019,5379.329395
Guinea,GIN,1990,4498.941698
Guinea,GIN,1991,4442.056922
Guinea,GIN,1992,4752.867644
Guinea,GIN,1993,4388.895242
Guinea,GIN,1994,4379.808528
Guinea,GIN,1995,4454.919922
Guinea,GIN,1996,4377.219613
Guinea,GIN,1997,4307.384108
Guinea,GIN,1998,4389.853081
Guinea,GIN,1999,4446.342177
Guinea,GIN,2000,5119.864374
Guinea,GIN,2001,4789.074063
Guinea,GIN,2002,4281.09567
Guinea,GIN,2003,4267.022517
Guinea,GIN,2004,4411.206223
Guinea,GIN,2005,4374.391037
Guinea,GIN,2006,4444.112057
Guinea,GIN,2007,4546.028028
Guinea,GIN,2008,4332.477384
Guinea,GIN,2009,4465.383649
Guinea,GIN,2010,4320.440038
Guinea,GIN,2011,4316.71893
Guinea,GIN,2012,4281.090565
Guinea,GIN,2013,4405.08009
Guinea,GIN,2014,4352.367246
Guinea,GIN,2015,4328.605193
Guinea,GIN,2016,4263.94883
Guinea,GIN,2017,4197.918574
Guinea,GIN,2018,4129.043076
Guinea,GIN,2019,3997.742735
Guinea-Bissau,GNB,1990,6666.501738
Guinea-Bissau,GNB,1991,6621.812604
Guinea-Bissau,GNB,1992,6587.373552
Guinea-Bissau,GNB,1993,6540.098146
Guinea-Bissau,GNB,1994,6502.111123
Guinea-Bissau,GNB,1995,6546.796269
Guinea-Bissau,GNB,1996,6417.564067
Guinea-Bissau,GNB,1997,6338.396969
Guinea-Bissau,GNB,1998,10439.63303
Guinea-Bissau,GNB,1999,7241.083281
Guinea-Bissau,GNB,2000,6366.864333
Guinea-Bissau,GNB,2001,6378.624929
Guinea-Bissau,GNB,2002,6261.031741
Guinea-Bissau,GNB,2003,6239.153781
Guinea-Bissau,GNB,2004,6243.9907
Guinea-Bissau,GNB,2005,6107.977276
Guinea-Bissau,GNB,2006,6218.875071
Guinea-Bissau,GNB,2007,6316.538606
Guinea-Bissau,GNB,2008,6106.55409
Guinea-Bissau,GNB,2009,6248.440437
Guinea-Bissau,GNB,2010,5916.693402
Guinea-Bissau,GNB,2011,5649.368906
Guinea-Bissau,GNB,2012,5547.748346
Guinea-Bissau,GNB,2013,5400.424645
Guinea-Bissau,GNB,2014,5478.270426
Guinea-Bissau,GNB,2015,5252.765833
Guinea-Bissau,GNB,2016,5188.995822
Guinea-Bissau,GNB,2017,5056.65105
Guinea-Bissau,GNB,2018,4896.242169
Guinea-Bissau,GNB,2019,4682.225132
Guyana,GUY,1990,6313.71688
Guyana,GUY,1991,6005.170433
Guyana,GUY,1992,5615.253141
Guyana,GUY,1993,5816.890978
Guyana,GUY,1994,5769.382081
Guyana,GUY,1995,5833.799199
Guyana,GUY,1996,6308.158634
Guyana,GUY,1997,6420.740501
Guyana,GUY,1998,6578.620216
Guyana,GUY,1999,6563.388252
Guyana,GUY,2000,6513.440974
Guyana,GUY,2001,6559.854709
Guyana,GUY,2002,6737.723552
Guyana,GUY,2003,6866.404959
Guyana,GUY,2004,6777.303854
Guyana,GUY,2005,7077.101586
Guyana,GUY,2006,6842.795424
Guyana,GUY,2007,6638.955737
Guyana,GUY,2008,6908.109851
Guyana,GUY,2009,6394.205511
Guyana,GUY,2010,6597.722093
Guyana,GUY,2011,6673.057095
Guyana,GUY,2012,6737.418027
Guyana,GUY,2013,6718.755398
Guyana,GUY,2014,6809.890504
Guyana,GUY,2015,6623.014613
Guyana,GUY,2016,6500.358726
Guyana,GUY,2017,6365.396765
Guyana,GUY,2018,6294.147324
Guyana,GUY,2019,6172.939571
Haiti,HTI,1990,8739.036659
Haiti,HTI,1991,8585.255108
Haiti,HTI,1992,8219.724968
Haiti,HTI,1993,9481.00017
Haiti,HTI,1994,8658.665981
Haiti,HTI,1995,7493.638091
Haiti,HTI,1996,7365.135611
Haiti,HTI,1997,7492.012734
Haiti,HTI,1998,6853.987147
Haiti,HTI,1999,6589.174889
Haiti,HTI,2000,6513.480958
Haiti,HTI,2001,6518.91751
Haiti,HTI,2002,6374.886854
Haiti,HTI,2003,6407.56884
Haiti,HTI,2004,9904.963931
Haiti,HTI,2005,6340.104042
Haiti,HTI,2006,6241.923849
Haiti,HTI,2007,6277.028074
Haiti,HTI,2008,6578.268443
Haiti,HTI,2009,6066.314961
Haiti,HTI,2010,129363.9182
Haiti,HTI,2011,6927.198511
Haiti,HTI,2012,6957.547075
Haiti,HTI,2013,6827.320901
Haiti,HTI,2014,6847.635035
Haiti,HTI,2015,6783.403042
Haiti,HTI,2016,6988.916389
Haiti,HTI,2017,6639.597935
Haiti,HTI,2018,6497.037755
Haiti,HTI,2019,6385.310042
Honduras,HND,1990,6390.088372
Honduras,HND,1991,6304.220837
Honduras,HND,1992,6287.010729
Honduras,HND,1993,6688.528072
Honduras,HND,1994,6334.715213
Honduras,HND,1995,6208.921065
Honduras,HND,1996,6083.255215
Honduras,HND,1997,6044.393719
Honduras,HND,1998,20525.90513
Honduras,HND,1999,6066.221316
Honduras,HND,2000,5990.804722
Honduras,HND,2001,5921.509326
Honduras,HND,2002,5817.601975
Honduras,HND,2003,5816.770485
Honduras,HND,2004,5684.679418
Honduras,HND,2005,5556.674064
Honduras,HND,2006,5504.354663
Honduras,HND,2007,5518.72846
Honduras,HND,2008,5537.143182
Honduras,HND,2009,5410.850343
Honduras,HND,2010,5416.58238
Honduras,HND,2011,5077.616771
Honduras,HND,2012,7938.403726
Honduras,HND,2013,7362.052076
Honduras,HND,2014,7238.00136
Honduras,HND,2015,7460.051076
Honduras,HND,2016,4397.606805
Honduras,HND,2017,4351.338219
Honduras,HND,2018,4295.954326
Honduras,HND,2019,4258.182304
Hungary,HUN,1990,5615.226247
Hungary,HUN,1991,5534.963638
Hungary,HUN,1992,5552.381042
Hungary,HUN,1993,5387.188561
Hungary,HUN,1994,5194.655299
Hungary,HUN,1995,4951.552192
Hungary,HUN,1996,4643.491236
Hungary,HUN,1997,4502.596354
Hungary,HUN,1998,4496.264233
Hungary,HUN,1999,4417.013856
Hungary,HUN,2000,4160.543628
Hungary,HUN,2001,4000.736286
Hungary,HUN,2002,3923.979096
Hungary,HUN,2003,3839.75599
Hungary,HUN,2004,3725.983248
Hungary,HUN,2005,3660.699656
Hungary,HUN,2006,3546.903271
Hungary,HUN,2007,3455.027591
Hungary,HUN,2008,3303.854849
Hungary,HUN,2009,3210.458483
Hungary,HUN,2010,3078.692625
Hungary,HUN,2011,2982.249393
Hungary,HUN,2012,2905.206491
Hungary,HUN,2013,2795.122423
Hungary,HUN,2014,2753.743758
Hungary,HUN,2015,2768.302484
Hungary,HUN,2016,2726.016578
Hungary,HUN,2017,2740.401006
Hungary,HUN,2018,2752.939973
Hungary,HUN,2019,2750.010794
Iceland,ISL,1990,2718.12972
Iceland,ISL,1991,2648.768905
Iceland,ISL,1992,2516.534036
Iceland,ISL,1993,2470.03428
Iceland,ISL,1994,2442.008772
Iceland,ISL,1995,2855.64585
Iceland,ISL,1996,2334.103744
Iceland,ISL,1997,2290.355968
Iceland,ISL,1998,2235.794936
Iceland,ISL,1999,2250.363288
Iceland,ISL,2000,2195.864047
Iceland,ISL,2001,2105.591712
Iceland,ISL,2002,2011.200089
Iceland,ISL,2003,1964.308906
Iceland,ISL,2004,1960.398077
Iceland,ISL,2005,1906.824481
Iceland,ISL,2006,1899.977446
Iceland,ISL,2007,1861.106628
Iceland,ISL,2008,1830.538042
Iceland,ISL,2009,1805.476715
Iceland,ISL,2010,1776.694763
Iceland,ISL,2011,1751.63703
Iceland,ISL,2012,1740.967637
Iceland,ISL,2013,1717.976942
Iceland,ISL,2014,1671.59243
Iceland,ISL,2015,1667.505811
Iceland,ISL,2016,1682.559911
Iceland,ISL,2017,1710.682842
Iceland,ISL,2018,1664.92864
Iceland,ISL,2019,1668.193224
India,IND,1990,5881.87176
India,IND,1991,5858.477646
India,IND,1992,5806.726146
India,IND,1993,5782.614071
India,IND,1994,5641.449926
India,IND,1995,5542.621459
India,IND,1996,5479.670986
India,IND,1997,5591.062784
India,IND,1998,5668.224737
India,IND,1999,5682.272295
India,IND,2000,5569.453409
India,IND,2001,5576.812672
India,IND,2002,5298.942919
India,IND,2003,5087.319379
India,IND,2004,5083.604221
India,IND,2005,5044.957786
India,IND,2006,5006.997068
India,IND,2007,4941.616729
India,IND,2008,4912.671536
India,IND,2009,4784.549855
India,IND,2010,4737.13414
India,IND,2011,4691.721192
India,IND,2012,4568.065051
India,IND,2013,4412.253031
India,IND,2014,4154.571431
India,IND,2015,4036.91908
India,IND,2016,3937.260275
India,IND,2017,3896.451705
India,IND,2018,3973.775813
India,IND,2019,3970.319028
Indonesia,IDN,1990,3974.08553
Indonesia,IDN,1991,3894.019449
Indonesia,IDN,1992,3888.160482
Indonesia,IDN,1993,3736.461767
Indonesia,IDN,1994,3664.311392
Indonesia,IDN,1995,3578.954177
Indonesia,IDN,1996,3522.505541
Indonesia,IDN,1997,3491.529569
Indonesia,IDN,1998,3436.602981
Indonesia,IDN,1999,3454.811651
Indonesia,IDN,2000,3373.641126
Indonesia,IDN,2001,3307.573243
Indonesia,IDN,2002,3197.634616
Indonesia,IDN,2003,3096.484697
Indonesia,IDN,2004,7054.807907
Indonesia,IDN,2005,2899.86313
Indonesia,IDN,2006,2966.437589
Indonesia,IDN,2007,2734.454411
Indonesia,IDN,2008,2614.697892
Indonesia,IDN,2009,2575.69303
Indonesia,IDN,2010,2467.863668
Indonesia,IDN,2011,2376.90389
Indonesia,IDN,2012,2327.542908
Indonesia,IDN,2013,2288.827323
Indonesia,IDN,2014,2249.954227
Indonesia,IDN,2015,2203.659974
Indonesia,IDN,2016,2173.463133
Indonesia,IDN,2017,2159.081333
Indonesia,IDN,2018,2262.061611
Indonesia,IDN,2019,2124.826656
Iran,IRN,1990,10629.5943
Iran,IRN,1991,6541.566054
Iran,IRN,1992,6402.228337
Iran,IRN,1993,6363.909776
Iran,IRN,1994,6185.327484
Iran,IRN,1995,6030.690781
Iran,IRN,1996,5912.741594
Iran,IRN,1997,6063.056391
Iran,IRN,1998,5708.866573
Iran,IRN,1999,5607.10839
Iran,IRN,2000,5476.075151
Iran,IRN,2001,5425.601864
Iran,IRN,2002,5274.131779
Iran,IRN,2003,7287.422384
Iran,IRN,2004,5079.554143
Iran,IRN,2005,4884.983795
Iran,IRN,2006,4660.299835
Iran,IRN,2007,4521.056456
Iran,IRN,2008,4386.910089
Iran,IRN,2009,4232.683605
Iran,IRN,2010,4102.282192
Iran,IRN,2011,3969.83299
Iran,IRN,2012,3860.420947
Iran,IRN,2013,3724.729852
Iran,IRN,2014,3516.974953
Iran,IRN,2015,3333.802922
Iran,IRN,2016,3188.27847
Iran,IRN,2017,3163.396825
Iran,IRN,2018,3107.797228
Iran,IRN,2019,2961.675321
Iraq,IRQ,1990,7778.100901
Iraq,IRQ,1991,7525.006613
Iraq,IRQ,1992,7427.936837
Iraq,IRQ,1993,7224.728501
Iraq,IRQ,1994,7388.724002
Iraq,IRQ,1995,7230.312202
Iraq,IRQ,1996,6973.694842
Iraq,IRQ,1997,6927.731612
Iraq,IRQ,1998,6658.361635
Iraq,IRQ,1999,6463.156314
Iraq,IRQ,2000,6337.747511
Iraq,IRQ,2001,6144.398224
Iraq,IRQ,2002,6042.403616
Iraq,IRQ,2003,9002.088494
Iraq,IRQ,2004,9157.278092
Iraq,IRQ,2005,10558.70313
Iraq,IRQ,2006,13477.48185
Iraq,IRQ,2007,13183.12587
Iraq,IRQ,2008,8575.202182
Iraq,IRQ,2009,7342.322594
Iraq,IRQ,2010,6839.090746
Iraq,IRQ,2011,6635.649932
Iraq,IRQ,2012,6703.866719
Iraq,IRQ,2013,8211.057472
Iraq,IRQ,2014,10890.07491
Iraq,IRQ,2015,9562.413257
Iraq,IRQ,2016,9671.770921
Iraq,IRQ,2017,8956.61861
Iraq,IRQ,2018,5087.8584
Iraq,IRQ,2019,4896.096544
Ireland,IRL,1990,2616.061373
Ireland,IRL,1991,2610.999365
Ireland,IRL,1992,2562.481206
Ireland,IRL,1993,2537.143787
Ireland,IRL,1994,2533.419156
Ireland,IRL,1995,2576.73106
Ireland,IRL,1996,2609.102469
Ireland,IRL,1997,2612.792428
Ireland,IRL,1998,2614.929185
Ireland,IRL,1999,2602.572209
Ireland,IRL,2000,2572.854537
Ireland,IRL,2001,2510.961804
Ireland,IRL,2002,2428.994331
Ireland,IRL,2003,2307.58306
Ireland,IRL,2004,2262.190513
Ireland,IRL,2005,2231.02761
Ireland,IRL,2006,2212.826392
Ireland,IRL,2007,2161.881067
Ireland,IRL,2008,2124.976283
Ireland,IRL,2009,2115.604242
Ireland,IRL,2010,1985.54739
Ireland,IRL,2011,1946.466048
Ireland,IRL,2012,1862.350027
Ireland,IRL,2013,1777.957317
Ireland,IRL,2014,1735.344109
Ireland,IRL,2015,1665.066134
Ireland,IRL,2016,1640.031841
Ireland,IRL,2017,1641.606315
Ireland,IRL,2018,1655.88725
Ireland,IRL,2019,1646.353347
Israel,ISR,1990,2482.609737
Israel,ISR,1991,2417.644905
Israel,ISR,1992,2449.811449
Israel,ISR,1993,2393.672881
Israel,ISR,1994,2502.640728
Israel,ISR,1995,2422.666894
Israel,ISR,1996,2570.681073
Israel,ISR,1997,2414.99823
Israel,ISR,1998,2274.85667
Israel,ISR,1999,2226.015013
Israel,ISR,2000,2363.961112
Israel,ISR,2001,2693.118814
Israel,ISR,2002,3289.880374
Israel,ISR,2003,2679.403202
Israel,ISR,2004,2579.695914
Israel,ISR,2005,2260.04735
Israel,ISR,2006,2534.005114
Israel,ISR,2007,2175.968046
Israel,ISR,2008,2465.983868
Israel,ISR,2009,2377.243187
Israel,ISR,2010,1863.877536
Israel,ISR,2011,1812.575902
Israel,ISR,2012,1744.240907
Israel,ISR,2013,1661.53394
Israel,ISR,2014,2847.835534
Israel,ISR,2015,1653.310095
Israel,ISR,2016,1663.353665
Israel,ISR,2017,1677.776253
Israel,ISR,2018,1716.506494
Israel,ISR,2019,1652.769748
Italy,ITA,1990,2669.877068
Italy,ITA,1991,2687.296431
Italy,ITA,1992,2624.454438
Italy,ITA,1993,2526.229919
Italy,ITA,1994,2472.7335
Italy,ITA,1995,2435.980875
Italy,ITA,1996,2398.201921
Italy,ITA,1997,2360.041471
Italy,ITA,1998,2346.128511
Italy,ITA,1999,2264.89768
Italy,ITA,2000,2206.361199
Italy,ITA,2001,2134.388163
Italy,ITA,2002,2034.234402
Italy,ITA,2003,1925.641641
Italy,ITA,2004,1810.22441
Italy,ITA,2005,1737.597402
Italy,ITA,2006,1698.500007
Italy,ITA,2007,1667.834824
Italy,ITA,2008,1623.993767
Italy,ITA,2009,1602.422486
Italy,ITA,2010,1531.016101
Italy,ITA,2011,1499.402139
Italy,ITA,2012,1468.767176
Italy,ITA,2013,1436.629807
Italy,ITA,2014,1396.155003
Italy,ITA,2015,1392.541319
Italy,ITA,2016,1388.307991
Italy,ITA,2017,1371.367273
Italy,ITA,2018,1420.237557
Italy,ITA,2019,1489.097426
Jamaica,JAM,1990,2110.386592
Jamaica,JAM,1991,2119.20845
Jamaica,JAM,1992,2193.996782
Jamaica,JAM,1993,2186.778281
Jamaica,JAM,1994,2282.396952
Jamaica,JAM,1995,2450.860492
Jamaica,JAM,1996,2680.00504
Jamaica,JAM,1997,2892.06116
Jamaica,JAM,1998,2936.44446
Jamaica,JAM,1999,3001.550002
Jamaica,JAM,2000,2431.749184
Jamaica,JAM,2001,2416.06751
Jamaica,JAM,2002,2231.949767
Jamaica,JAM,2003,2090.434259
Jamaica,JAM,2004,2095.377572
Jamaica,JAM,2005,2684.39271
Jamaica,JAM,2006,2365.885935
Jamaica,JAM,2007,2779.908034
Jamaica,JAM,2008,2895.804245
Jamaica,JAM,2009,3392.586595
Jamaica,JAM,2010,2342.751488
Jamaica,JAM,2011,2601.869761
Jamaica,JAM,2012,1934.809824
Jamaica,JAM,2013,1827.152036
Jamaica,JAM,2014,1831.823603
Jamaica,JAM,2015,1975.308646
Jamaica,JAM,2016,2017.496613
Jamaica,JAM,2017,2036.90649
Jamaica,JAM,2018,2045.991877
Jamaica,JAM,2019,2108.67328
Japan,JPN,1990,2563.191587
Japan,JPN,1991,2530.018118
Japan,JPN,1992,2504.894375
Japan,JPN,1993,2484.42167
Japan,JPN,1994,2441.171244
Japan,JPN,1995,2507.401684
Japan,JPN,1996,2393.321767
Japan,JPN,1997,2392.410792
Japan,JPN,1998,2457.960324
Japan,JPN,1999,2464.319589
Japan,JPN,2000,2417.237051
Japan,JPN,2001,2388.926077
Japan,JPN,2002,2357.548664
Japan,JPN,2003,2357.905902
Japan,JPN,2004,2337.660673
Japan,JPN,2005,2321.769597
Japan,JPN,2006,2274.788483
Japan,JPN,2007,2232.705597
Japan,JPN,2008,2208.126933
Japan,JPN,2009,2180.122108
Japan,JPN,2010,2150.618111
Japan,JPN,2011,2306.545617
Japan,JPN,2012,2064.364038
Japan,JPN,2013,2009.063527
Japan,JPN,2014,1968.711431
Japan,JPN,2015,1909.763013
Japan,JPN,2016,1906.760283
Japan,JPN,2017,1897.474041
Japan,JPN,2018,1911.422528
Japan,JPN,2019,1900.614283
Jordan,JOR,1990,3138.660632
Jordan,JOR,1991,3102.296643
Jordan,JOR,1992,3054.464384
Jordan,JOR,1993,3043.952675
Jordan,JOR,1994,3066.042319
Jordan,JOR,1995,3011.151971
Jordan,JOR,1996,2990.392461
Jordan,JOR,1997,2942.707149
Jordan,JOR,1998,2942.80589
Jordan,JOR,1999,2892.438788
Jordan,JOR,2000,2923.496948
Jordan,JOR,2001,2902.179211
Jordan,JOR,2002,2768.855972
Jordan,JOR,2003,2765.917999
Jordan,JOR,2004,2659.920654
Jordan,JOR,2005,2617.309591
Jordan,JOR,2006,2368.076274
Jordan,JOR,2007,2257.922179
Jordan,JOR,2008,2218.025756
Jordan,JOR,2009,2090.888102
Jordan,JOR,2010,2000.819895
Jordan,JOR,2011,1951.367576
Jordan,JOR,2012,1917.232621
Jordan,JOR,2013,1887.178447
Jordan,JOR,2014,1863.089715
Jordan,JOR,2015,1845.783782
Jordan,JOR,2016,1917.734926
Jordan,JOR,2017,1899.679085
Jordan,JOR,2018,2345.97911
Jordan,JOR,2019,1876.548924
Kazakhstan,KAZ,1990,6491.167492
Kazakhstan,KAZ,1991,6588.170069
Kazakhstan,KAZ,1992,6867.700112
Kazakhstan,KAZ,1993,6973.31549
Kazakhstan,KAZ,1994,7066.342238
Kazakhstan,KAZ,1995,7342.101788
Kazakhstan,KAZ,1996,7295.229498
Kazakhstan,KAZ,1997,7161.689452
Kazakhstan,KAZ,1998,7001.090472
Kazakhstan,KAZ,1999,6957.41723
Kazakhstan,KAZ,2000,7347.26545
Kazakhstan,KAZ,2001,7473.144687
Kazakhstan,KAZ,2002,7445.058515
Kazakhstan,KAZ,2003,7600.753154
Kazakhstan,KAZ,2004,7901.894205
Kazakhstan,KAZ,2005,7945.479459
Kazakhstan,KAZ,2006,7892.0274
Kazakhstan,KAZ,2007,7606.188402
Kazakhstan,KAZ,2008,7007.867953
Kazakhstan,KAZ,2009,6454.406061
Kazakhstan,KAZ,2010,6292.317823
Kazakhstan,KAZ,2011,6054.499731
Kazakhstan,KAZ,2012,5854.227466
Kazakhstan,KAZ,2013,5545.247687
Kazakhstan,KAZ,2014,5222.213995
Kazakhstan,KAZ,2015,4966.889402
Kazakhstan,KAZ,2016,4682.723559
Kazakhstan,KAZ,2017,4462.115125
Kazakhstan,KAZ,2018,4413.302711
Kazakhstan,KAZ,2019,4424.208955
Kenya,KEN,1990,3071.693571
Kenya,KEN,1991,3116.660484
Kenya,KEN,1992,3179.097274
Kenya,KEN,1993,3174.825473
Kenya,KEN,1994,3061.09137
Kenya,KEN,1995,2966.107109
Kenya,KEN,1996,2976.239662
Kenya,KEN,1997,3110.523448
Kenya,KEN,1998,3142.720599
Kenya,KEN,1999,3103.16658
Kenya,KEN,2000,3314.19379
Kenya,KEN,2001,3244.018469
Kenya,KEN,2002,3249.910261
Kenya,KEN,2003,3293.010339
Kenya,KEN,2004,3360.510454
Kenya,KEN,2005,3441.577096
Kenya,KEN,2006,3482.589685
Kenya,KEN,2007,3501.815449
Kenya,KEN,2008,3718.9584
Kenya,KEN,2009,3435.008467
Kenya,KEN,2010,3385.761566
Kenya,KEN,2011,3364.682632
Kenya,KEN,2012,3338.613867
Kenya,KEN,2013,3331.999698
Kenya,KEN,2014,3192.422069
Kenya,KEN,2015,3143.520532
Kenya,KEN,2016,3061.399896
Kenya,KEN,2017,3076.55681
Kenya,KEN,2018,3019.487762
Kenya,KEN,2019,2932.053487
Kiribati,KIR,1990,5288.506338
Kiribati,KIR,1991,5337.566733
Kiribati,KIR,1992,5150.932832
Kiribati,KIR,1993,4984.341684
Kiribati,KIR,1994,5077.80924
Kiribati,KIR,1995,5263.285383
Kiribati,KIR,1996,4783.213888
Kiribati,KIR,1997,4678.647544
Kiribati,KIR,1998,4611.688473
Kiribati,KIR,1999,4621.107828
Kiribati,KIR,2000,4592.803375
Kiribati,KIR,2001,4564.375987
Kiribati,KIR,2002,4524.982442
Kiribati,KIR,2003,4488.8999
Kiribati,KIR,2004,4435.275052
Kiribati,KIR,2005,4393.813386
Kiribati,KIR,2006,4384.751598
Kiribati,KIR,2007,4419.278072
Kiribati,KIR,2008,4419.85653
Kiribati,KIR,2009,4398.868586
Kiribati,KIR,2010,4367.120922
Kiribati,KIR,2011,4319.103798
Kiribati,KIR,2012,4261.338517
Kiribati,KIR,2013,4218.365622
Kiribati,KIR,2014,4174.221176
Kiribati,KIR,2015,4134.654777
Kiribati,KIR,2016,4121.22217
Kiribati,KIR,2017,4105.929979
Kiribati,KIR,2018,7741.515696
Kiribati,KIR,2019,3983.510355
Kuwait,KWT,1990,6533.18023
Kuwait,KWT,1991,11855.64779
Kuwait,KWT,1992,2823.464659
Kuwait,KWT,1993,2792.004656
Kuwait,KWT,1994,2939.214783
Kuwait,KWT,1995,2901.473283
Kuwait,KWT,1996,2696.793343
Kuwait,KWT,1997,2816.666621
Kuwait,KWT,1998,2638.203921
Kuwait,KWT,1999,2754.335408
Kuwait,KWT,2000,2688.84707
Kuwait,KWT,2001,2454.457386
Kuwait,KWT,2002,2535.967568
Kuwait,KWT,2003,2531.708726
Kuwait,KWT,2004,2556.649614
Kuwait,KWT,2005,2518.241954
Kuwait,KWT,2006,2480.888374
Kuwait,KWT,2007,2378.007285
Kuwait,KWT,2008,2431.109394
Kuwait,KWT,2009,2367.026031
Kuwait,KWT,2010,2044.121302
Kuwait,KWT,2011,1925.215901
Kuwait,KWT,2012,1921.385896
Kuwait,KWT,2013,1874.540019
Kuwait,KWT,2014,1851.149474
Kuwait,KWT,2015,1916.149337
Kuwait,KWT,2016,1816.247625
Kuwait,KWT,2017,1812.705635
Kuwait,KWT,2018,1801.666248
Kuwait,KWT,2019,1777.677881
Kyrgyzstan,KGZ,1990,6044.308793
Kyrgyzstan,KGZ,1991,5882.626693
Kyrgyzstan,KGZ,1992,5838.344797
Kyrgyzstan,KGZ,1993,5833.640127
Kyrgyzstan,KGZ,1994,6141.961994
Kyrgyzstan,KGZ,1995,5818.144718
Kyrgyzstan,KGZ,1996,5493.234135
Kyrgyzstan,KGZ,1997,5164.795167
Kyrgyzstan,KGZ,1998,4948.039066
Kyrgyzstan,KGZ,1999,4757.564666
Kyrgyzstan,KGZ,2000,4812.305813
Kyrgyzstan,KGZ,2001,4516.601678
Kyrgyzstan,KGZ,2002,4484.939519
Kyrgyzstan,KGZ,2003,4461.506113
Kyrgyzstan,KGZ,2004,4341.491017
Kyrgyzstan,KGZ,2005,4317.511596
Kyrgyzstan,KGZ,2006,4337.763235
Kyrgyzstan,KGZ,2007,4224.659514
Kyrgyzstan,KGZ,2008,4164.367906
Kyrgyzstan,KGZ,2009,3897.954984
Kyrgyzstan,KGZ,2010,4261.441332
Kyrgyzstan,KGZ,2011,3752.198658
Kyrgyzstan,KGZ,2012,3618.700006
Kyrgyzstan,KGZ,2013,3510.806869
Kyrgyzstan,KGZ,2014,3406.874541
Kyrgyzstan,KGZ,2015,3304.535979
Kyrgyzstan,KGZ,2016,3087.964792
Kyrgyzstan,KGZ,2017,3083.638625
Kyrgyzstan,KGZ,2018,3037.496188
Kyrgyzstan,KGZ,2019,3022.994755
Laos,LAO,1990,6924.649206
Laos,LAO,1991,6429.437083
Laos,LAO,1992,6358.908755
Laos,LAO,1993,6220.281148
Laos,LAO,1994,6103.211585
Laos,LAO,1995,6031.392476
Laos,LAO,1996,5888.69251
Laos,LAO,1997,5745.925519
Laos,LAO,1998,5715.259589
Laos,LAO,1999,5539.89488
Laos,LAO,2000,5401.392814
Laos,LAO,2001,5271.384483
Laos,LAO,2002,5147.052517
Laos,LAO,2003,5022.749118
Laos,LAO,2004,4860.576257
Laos,LAO,2005,4729.482817
Laos,LAO,2006,4649.566363
Laos,LAO,2007,4414.020422
Laos,LAO,2008,4376.98674
Laos,LAO,2009,4276.570848
Laos,LAO,2010,4094.663022
Laos,LAO,2011,3970.420391
Laos,LAO,2012,3812.093702
Laos,LAO,2013,3772.625271
Laos,LAO,2014,3500.851791
Laos,LAO,2015,3456.307666
Laos,LAO,2016,3356.131557
Laos,LAO,2017,3253.929201
Laos,LAO,2018,3293.087121
Laos,LAO,2019,3108.688916
Latin America & Caribbean (WB),,1990,5640.497637
Latin America & Caribbean (WB),,1991,5567.474861
Latin America & Caribbean (WB),,1992,5437.691989
Latin America & Caribbean (WB),,1993,5382.598816
Latin America & Caribbean (WB),,1994,5301.347192
Latin America & Caribbean (WB),,1995,5206.922555
Latin America & Caribbean (WB),,1996,5128.387655
Latin America & Caribbean (WB),,1997,5033.685057
Latin America & Caribbean (WB),,1998,5209.427431
Latin America & Caribbean (WB),,1999,5216.790371
Latin America & Caribbean (WB),,2000,4834.398388
Latin America & Caribbean (WB),,2001,4789.6109
Latin America & Caribbean (WB),,2002,4807.500514
Latin America & Caribbean (WB),,2003,4620.019746
Latin America & Caribbean (WB),,2004,4586.212285
Latin America & Caribbean (WB),,2005,4434.270916
Latin America & Caribbean (WB),,2006,4386.203447
Latin America & Caribbean (WB),,2007,4350.169655
Latin America & Caribbean (WB),,2008,4391.358134
Latin America & Caribbean (WB),,2009,4431.228568
Latin America & Caribbean (WB),,2010,6632.209278
Latin America & Caribbean (WB),,2011,4348.127079
Latin America & Caribbean (WB),,2012,4352.430467
Latin America & Caribbean (WB),,2013,4295.503891
Latin America & Caribbean (WB),,2014,4221.465338
Latin America & Caribbean (WB),,2015,4168.413624
Latin America & Caribbean (WB),,2016,4111.635242
Latin America & Caribbean (WB),,2017,4120.839908
Latin America & Caribbean (WB),,2018,4029.605432
Latin America & Caribbean (WB),,2019,3942.722526
Latvia,LVA,1990,8165.829162
Latvia,LVA,1991,8516.139299
Latvia,LVA,1992,8974.984828
Latvia,LVA,1993,10114.61147
Latvia,LVA,1994,10830.2028
Latvia,LVA,1995,9978.03612
Latvia,LVA,1996,8430.973052
Latvia,LVA,1997,8006.763294
Latvia,LVA,1998,8137.624321
Latvia,LVA,1999,7707.364251
Latvia,LVA,2000,7371.905198
Latvia,LVA,2001,7461.05296
Latvia,LVA,2002,7076.919186
Latvia,LVA,2003,6562.974221
Latvia,LVA,2004,6262.671745
Latvia,LVA,2005,6250.747297
Latvia,LVA,2006,6288.779341
Latvia,LVA,2007,5835.742763
Latvia,LVA,2008,5268.9923
Latvia,LVA,2009,4830.404798
Latvia,LVA,2010,4636.928798
Latvia,LVA,2011,4257.247916
Latvia,LVA,2012,4117.618859
Latvia,LVA,2013,4151.216682
Latvia,LVA,2014,3980.680966
Latvia,LVA,2015,3806.053659
Latvia,LVA,2016,3624.484568
Latvia,LVA,2017,3670.973096
Latvia,LVA,2018,3684.641598
Latvia,LVA,2019,3707.248614
Lebanon,LBN,1990,7527.415553
Lebanon,LBN,1991,3910.80583
Lebanon,LBN,1992,3939.621596
Lebanon,LBN,1993,3729.035218
Lebanon,LBN,1994,3681.435413
Lebanon,LBN,1995,3508.013581
Lebanon,LBN,1996,3596.715362
Lebanon,LBN,1997,3255.786288
Lebanon,LBN,1998,3090.445611
Lebanon,LBN,1999,2969.280964
Lebanon,LBN,2000,2828.634163
Lebanon,LBN,2001,2639.565605
Lebanon,LBN,2002,2556.756703
Lebanon,LBN,2003,2547.99524
Lebanon,LBN,2004,2429.497201
Lebanon,LBN,2005,2414.775863
Lebanon,LBN,2006,3481.748639
Lebanon,LBN,2007,2349.945056
Lebanon,LBN,2008,2515.809887
Lebanon,LBN,2009,2306.683311
Lebanon,LBN,2010,2312.176956
Lebanon,LBN,2011,2193.407998
Lebanon,LBN,2012,2232.180709
Lebanon,LBN,2013,2347.792124
Lebanon,LBN,2014,2525.132594
Lebanon,LBN,2015,2478.85646
Lebanon,LBN,2016,2457.995943
Lebanon,LBN,2017,2520.94245
Lebanon,LBN,2018,3109.290956
Lebanon,LBN,2019,2078.007667
Lesotho,LSO,1990,5622.645297
Lesotho,LSO,1991,5641.65374
Lesotho,LSO,1992,5749.535042
Lesotho,LSO,1993,5795.711
Lesotho,LSO,1994,5855.265258
Lesotho,LSO,1995,5789.107989
Lesotho,LSO,1996,5735.933059
Lesotho,LSO,1997,5829.190327
Lesotho,LSO,1998,6428.324511
Lesotho,LSO,1999,6576.953494
Lesotho,LSO,2000,6822.805192
Lesotho,LSO,2001,7062.001518
Lesotho,LSO,2002,7379.839445
Lesotho,LSO,2003,7681.506695
Lesotho,LSO,2004,7968.525763
Lesotho,LSO,2005,8151.2424
Lesotho,LSO,2006,8263.473475
Lesotho,LSO,2007,8478.469044
Lesotho,LSO,2008,8500.075313
Lesotho,LSO,2009,8530.259331
Lesotho,LSO,2010,8606.586638
Lesotho,LSO,2011,8708.418804
Lesotho,LSO,2012,8722.651108
Lesotho,LSO,2013,8681.165348
Lesotho,LSO,2014,8679.894116
Lesotho,LSO,2015,8629.883758
Lesotho,LSO,2016,8458.746852
Lesotho,LSO,2017,8328.91892
Lesotho,LSO,2018,8267.63825
Lesotho,LSO,2019,8218.17356
Liberia,LBR,1990,16238.04723
Liberia,LBR,1991,5978.827054
Liberia,LBR,1992,5614.52433
Liberia,LBR,1993,12195.82519
Liberia,LBR,1994,16791.49495
Liberia,LBR,1995,10326.47338
Liberia,LBR,1996,12207.69141
Liberia,LBR,1997,4040.76012
Liberia,LBR,1998,3975.691051
Liberia,LBR,1999,4015.903464
Liberia,LBR,2000,3851.417165
Liberia,LBR,2001,4366.721241
Liberia,LBR,2002,8021.126916
Liberia,LBR,2003,9809.771777
Liberia,LBR,2004,3248.291861
Liberia,LBR,2005,3232.528229
Liberia,LBR,2006,3154.276847
Liberia,LBR,2007,3124.180632
Liberia,LBR,2008,3137.768169
Liberia,LBR,2009,3141.57349
Liberia,LBR,2010,3177.175236
Liberia,LBR,2011,3133.006758
Liberia,LBR,2012,3148.693428
Liberia,LBR,2013,3123.281937
Liberia,LBR,2014,3034.198973
Liberia,LBR,2015,2923.580346
Liberia,LBR,2016,2877.387174
Liberia,LBR,2017,2784.364755
Liberia,LBR,2018,2759.964301
Liberia,LBR,2019,2782.05398
Libya,LBY,1990,4430.88099
Libya,LBY,1991,4320.02005
Libya,LBY,1992,4506.778893
Libya,LBY,1993,4168.842933
Libya,LBY,1994,4090.679052
Libya,LBY,1995,4033.873658
Libya,LBY,1996,7142.092011
Libya,LBY,1997,3983.196971
Libya,LBY,1998,3877.580915
Libya,LBY,1999,3813.147569
Libya,LBY,2000,3863.327907
Libya,LBY,2001,3737.596672
Libya,LBY,2002,3779.129927
Libya,LBY,2003,3590.654566
Libya,LBY,2004,3388.399889
Libya,LBY,2005,3215.16441
Libya,LBY,2006,3194.714239
Libya,LBY,2007,3354.45886
Libya,LBY,2008,3620.683284
Libya,LBY,2009,3719.639188
Libya,LBY,2010,3601.490376
Libya,LBY,2011,9847.087526
Libya,LBY,2012,3768.402465
Libya,LBY,2013,3527.320925
Libya,LBY,2014,7864.038092
Libya,LBY,2015,7032.289063
Libya,LBY,2016,7606.461029
Libya,LBY,2017,4924.365342
Libya,LBY,2018,4798.487239
Libya,LBY,2019,4350.018524
Lithuania,LTU,1990,7233.339881
Lithuania,LTU,1991,7756.810876
Lithuania,LTU,1992,7867.357668
Lithuania,LTU,1993,8575.742478
Lithuania,LTU,1994,8889.991067
Lithuania,LTU,1995,8547.168813
Lithuania,LTU,1996,7880.571982
Lithuania,LTU,1997,7483.46881
Lithuania,LTU,1998,7394.067829
Lithuania,LTU,1999,7288.708375
Lithuania,LTU,2000,7169.159392
Lithuania,LTU,2001,7454.322908
Lithuania,LTU,2002,7140.889049
Lithuania,LTU,2003,7036.482504
Lithuania,LTU,2004,6955.69817
Lithuania,LTU,2005,7248.728566
Lithuania,LTU,2006,7292.774545
Lithuania,LTU,2007,7367.936052
Lithuania,LTU,2008,6803.199327
Lithuania,LTU,2009,5963.503977
Lithuania,LTU,2010,5744.441389
Lithuania,LTU,2011,5411.180264
Lithuania,LTU,2012,5249.751467
Lithuania,LTU,2013,5149.253115
Lithuania,LTU,2014,4883.841468
Lithuania,LTU,2015,4692.96327
Lithuania,LTU,2016,4459.548015
Lithuania,LTU,2017,4059.678825
Lithuania,LTU,2018,4057.647075
Lithuania,LTU,2019,4066.987046
Luxembourg,LUX,1990,3674.946598
Luxembourg,LUX,1991,3607.78866
Luxembourg,LUX,1992,3520.148508
Luxembourg,LUX,1993,3503.002951
Luxembourg,LUX,1994,3385.280293
Luxembourg,LUX,1995,3266.033162
Luxembourg,LUX,1996,3189.928475
Luxembourg,LUX,1997,3031.026979
Luxembourg,LUX,1998,2867.081622
Luxembourg,LUX,1999,2784.62795
Luxembourg,LUX,2000,2741.723311
Luxembourg,LUX,2001,2638.724204
Luxembourg,LUX,2002,2604.801454
Luxembourg,LUX,2003,2490.172177
Luxembourg,LUX,2004,2366.267901
Luxembourg,LUX,2005,2289.548739
Luxembourg,LUX,2006,2242.292606
Luxembourg,LUX,2007,2158.800092
Luxembourg,LUX,2008,2091.056567
Luxembourg,LUX,2009,2046.492587
Luxembourg,LUX,2010,2012.692922
Luxembourg,LUX,2011,2002.365057
Luxembourg,LUX,2012,1975.627703
Luxembourg,LUX,2013,1949.9076
Luxembourg,LUX,2014,1961.063333
Luxembourg,LUX,2015,1978.214105
Luxembourg,LUX,2016,1959.392914
Luxembourg,LUX,2017,1960.924363
Luxembourg,LUX,2018,1954.132666
Luxembourg,LUX,2019,1946.340274
Madagascar,MDG,1990,4087.501501
Madagascar,MDG,1991,4047.276317
Madagascar,MDG,1992,3938.577635
Madagascar,MDG,1993,3934.382254
Madagascar,MDG,1994,3882.606875
Madagascar,MDG,1995,3446.616501
Madagascar,MDG,1996,3408.374206
Madagascar,MDG,1997,3461.471884
Madagascar,MDG,1998,3401.309366
Madagascar,MDG,1999,3353.592125
Madagascar,MDG,2000,3404.039873
Madagascar,MDG,2001,3280.46761
Madagascar,MDG,2002,3298.666108
Madagascar,MDG,2003,3268.717649
Madagascar,MDG,2004,3288.800507
Madagascar,MDG,2005,3156.634514
Madagascar,MDG,2006,3051.852332
Madagascar,MDG,2007,3034.480055
Madagascar,MDG,2008,3043.45552
Madagascar,MDG,2009,3050.262157
Madagascar,MDG,2010,2977.497258
Madagascar,MDG,2011,2925.559007
Madagascar,MDG,2012,2929.027369
Madagascar,MDG,2013,2879.323122
Madagascar,MDG,2014,2908.662639
Madagascar,MDG,2015,2827.507188
Madagascar,MDG,2016,2770.611917
Madagascar,MDG,2017,2769.266339
Madagascar,MDG,2018,2735.257893
Madagascar,MDG,2019,2678.822314
Malawi,MWI,1990,4051.005823
Malawi,MWI,1991,4301.412334
Malawi,MWI,1992,4024.672539
Malawi,MWI,1993,4005.450689
Malawi,MWI,1994,4028.625338
Malawi,MWI,1995,4004.907067
Malawi,MWI,1996,3938.405016
Malawi,MWI,1997,3898.988518
Malawi,MWI,1998,3886.793269
Malawi,MWI,1999,3908.640247
Malawi,MWI,2000,3889.737203
Malawi,MWI,2001,3805.37845
Malawi,MWI,2002,3709.414237
Malawi,MWI,2003,3649.696691
Malawi,MWI,2004,3584.878206
Malawi,MWI,2005,3497.065997
Malawi,MWI,2006,3388.683248
Malawi,MWI,2007,3306.875403
Malawi,MWI,2008,3206.558843
Malawi,MWI,2009,3197.280755
Malawi,MWI,2010,3187.127538
Malawi,MWI,2011,3197.035752
Malawi,MWI,2012,3139.302703
Malawi,MWI,2013,3046.915719
Malawi,MWI,2014,2984.437109
Malawi,MWI,2015,3038.894728
Malawi,MWI,2016,2890.360862
Malawi,MWI,2017,2829.096169
Malawi,MWI,2018,2805.6728
Malawi,MWI,2019,2780.288515
Malaysia,MYS,1990,3387.26265
Malaysia,MYS,1991,3361.412107
Malaysia,MYS,1992,3258.371749
Malaysia,MYS,1993,3265.935702
Malaysia,MYS,1994,3238.438617
Malaysia,MYS,1995,3333.714543
Malaysia,MYS,1996,3366.076282
Malaysia,MYS,1997,3285.388772
Malaysia,MYS,1998,3203.689328
Malaysia,MYS,1999,3364.920282
Malaysia,MYS,2000,3122.365833
Malaysia,MYS,2001,2976.034538
Malaysia,MYS,2002,2916.885475
Malaysia,MYS,2003,2961.798268
Malaysia,MYS,2004,2922.672228
Malaysia,MYS,2005,2847.237189
Malaysia,MYS,2006,2778.354846
Malaysia,MYS,2007,2721.324128
Malaysia,MYS,2008,2729.260078
Malaysia,MYS,2009,2754.636182
Malaysia,MYS,2010,2677.722939
Malaysia,MYS,2011,2640.031571
Malaysia,MYS,2012,2599.035079
Malaysia,MYS,2013,2500.286775
Malaysia,MYS,2014,2564.32267
Malaysia,MYS,2015,2554.688344
Malaysia,MYS,2016,2562.808553
Malaysia,MYS,2017,2573.456151
Malaysia,MYS,2018,2550.3293
Malaysia,MYS,2019,2586.886281
Maldives,MDV,1990,3967.970319
Maldives,MDV,1991,3733.384595
Maldives,MDV,1992,3529.109439
Maldives,MDV,1993,3331.720098
Maldives,MDV,1994,3185.044084
Maldives,MDV,1995,3078.219341
Maldives,MDV,1996,2966.052775
Maldives,MDV,1997,2884.300542
Maldives,MDV,1998,2764.027218
Maldives,MDV,1999,2971.776764
Maldives,MDV,2000,2600.437245
Maldives,MDV,2001,2442.482528
Maldives,MDV,2002,2256.429252
Maldives,MDV,2003,2103.266392
Maldives,MDV,2004,4522.018093
Maldives,MDV,2005,1939.449268
Maldives,MDV,2006,1947.969981
Maldives,MDV,2007,1893.129503
Maldives,MDV,2008,1846.860919
Maldives,MDV,2009,1812.230807
Maldives,MDV,2010,1781.856545
Maldives,MDV,2011,1752.16677
Maldives,MDV,2012,1714.176166
Maldives,MDV,2013,1688.917578
Maldives,MDV,2014,1669.630084
Maldives,MDV,2015,1653.899811
Maldives,MDV,2016,1663.70625
Maldives,MDV,2017,1656.789864
Maldives,MDV,2018,1644.870947
Maldives,MDV,2019,1629.619714
Mali,MLI,1990,5308.868227
Mali,MLI,1991,5050.126308
Mali,MLI,1992,4847.38045
Mali,MLI,1993,4703.610274
Mali,MLI,1994,5220.799523
Mali,MLI,1995,4590.936984
Mali,MLI,1996,4504.659666
Mali,MLI,1997,7447.550834
Mali,MLI,1998,10204.62912
Mali,MLI,1999,5426.003401
Mali,MLI,2000,5355.637069
Mali,MLI,2001,5196.073093
Mali,MLI,2002,5272.020716
Mali,MLI,2003,4912.889383
Mali,MLI,2004,4107.093114
Mali,MLI,2005,4011.741895
Mali,MLI,2006,4068.289379
Mali,MLI,2007,3935.321246
Mali,MLI,2008,3967.778203
Mali,MLI,2009,3980.465425
Mali,MLI,2010,3888.840621
Mali,MLI,2011,3804.760743
Mali,MLI,2012,3901.735711
Mali,MLI,2013,4116.407291
Mali,MLI,2014,3810.076486
Mali,MLI,2015,3894.418265
Mali,MLI,2016,3945.114758
Mali,MLI,2017,4166.471926
Mali,MLI,2018,4481.007507
Mali,MLI,2019,4187.46085
Malta,MLT,1990,2010.969918
Malta,MLT,1991,2039.167084
Malta,MLT,1992,2057.046736
Malta,MLT,1993,2006.443213
Malta,MLT,1994,1988.007192
Malta,MLT,1995,1976.749375
Malta,MLT,1996,1936.380147
Malta,MLT,1997,1922.716903
Malta,MLT,1998,1906.850918
Malta,MLT,1999,1878.062822
Malta,MLT,2000,1848.96965
Malta,MLT,2001,1841.503104
Malta,MLT,2002,1842.402563
Malta,MLT,2003,1846.68568
Malta,MLT,2004,1848.571891
Malta,MLT,2005,1833.091684
Malta,MLT,2006,1854.597544
Malta,MLT,2007,1854.031066
Malta,MLT,2008,1832.150282
Malta,MLT,2009,1796.056568
Malta,MLT,2010,1778.901031
Malta,MLT,2011,1769.237162
Malta,MLT,2012,1752.5203
Malta,MLT,2013,1734.166922
Malta,MLT,2014,1713.324425
Malta,MLT,2015,1691.300855
Malta,MLT,2016,1709.131847
Malta,MLT,2017,1719.098023
Malta,MLT,2018,1690.214951
Malta,MLT,2019,1702.242371
Marshall Islands,MHL,1990,5553.910282
Marshall Islands,MHL,1991,5544.940286
Marshall Islands,MHL,1992,5535.952641
Marshall Islands,MHL,1993,5462.978431
Marshall Islands,MHL,1994,5124.637236
Marshall Islands,MHL,1995,5148.615578
Marshall Islands,MHL,1996,5154.338805
Marshall Islands,MHL,1997,5197.355238
Marshall Islands,MHL,1998,5218.211116
Marshall Islands,MHL,1999,5234.433342
Marshall Islands,MHL,2000,5245.187553
Marshall Islands,MHL,2001,5246.012046
Marshall Islands,MHL,2002,5249.259861
Marshall Islands,MHL,2003,5257.497278
Marshall Islands,MHL,2004,5247.118744
Marshall Islands,MHL,2005,5234.318375
Marshall Islands,MHL,2006,5232.008493
Marshall Islands,MHL,2007,5180.358864
Marshall Islands,MHL,2008,5127.208314
Marshall Islands,MHL,2009,5070.017614
Marshall Islands,MHL,2010,5004.490157
Marshall Islands,MHL,2011,4939.411191
Marshall Islands,MHL,2012,4869.728527
Marshall Islands,MHL,2013,4794.886832
Marshall Islands,MHL,2014,4733.325483
Marshall Islands,MHL,2015,4684.186022
Marshall Islands,MHL,2016,4645.809229
Marshall Islands,MHL,2017,4613.190998
Marshall Islands,MHL,2018,4566.385589
Marshall Islands,MHL,2019,4519.174176
Mauritania,MRT,1990,5237.312492
Mauritania,MRT,1991,4972.818344
Mauritania,MRT,1992,4896.833502
Mauritania,MRT,1993,4824.789183
Mauritania,MRT,1994,4847.189011
Mauritania,MRT,1995,4479.412658
Mauritania,MRT,1996,4500.128603
Mauritania,MRT,1997,4415.244989
Mauritania,MRT,1998,4477.156563
Mauritania,MRT,1999,4211.076295
Mauritania,MRT,2000,4186.982562
Mauritania,MRT,2001,4142.576389
Mauritania,MRT,2002,4094.773387
Mauritania,MRT,2003,3957.046538
Mauritania,MRT,2004,3837.837594
Mauritania,MRT,2005,4011.262315
Mauritania,MRT,2006,3860.846023
Mauritania,MRT,2007,3785.443806
Mauritania,MRT,2008,3587.204589
Mauritania,MRT,2009,3594.47718
Mauritania,MRT,2010,3497.022007
Mauritania,MRT,2011,3479.091102
Mauritania,MRT,2012,3494.032714
Mauritania,MRT,2013,3517.338724
Mauritania,MRT,2014,3312.374742
Mauritania,MRT,2015,3219.326543
Mauritania,MRT,2016,3093.046712
Mauritania,MRT,2017,3109.161163
Mauritania,MRT,2018,2996.47596
Mauritania,MRT,2019,2916.942044
Mauritius,MUS,1990,2788.000453
Mauritius,MUS,1991,2749.934034
Mauritius,MUS,1992,2752.862927
Mauritius,MUS,1993,2793.635141
Mauritius,MUS,1994,2796.476522
Mauritius,MUS,1995,2779.350348
Mauritius,MUS,1996,2781.874183
Mauritius,MUS,1997,2735.461453
Mauritius,MUS,1998,2635.894662
Mauritius,MUS,1999,2638.426174
Mauritius,MUS,2000,2554.054379
Mauritius,MUS,2001,2494.459636
Mauritius,MUS,2002,2514.517293
Mauritius,MUS,2003,2420.917025
Mauritius,MUS,2004,2417.469738
Mauritius,MUS,2005,2408.654804
Mauritius,MUS,2006,2435.602629
Mauritius,MUS,2007,2409.673268
Mauritius,MUS,2008,2403.025402
Mauritius,MUS,2009,2408.608721
Mauritius,MUS,2010,2375.487669
Mauritius,MUS,2011,2368.443163
Mauritius,MUS,2012,2277.743515
Mauritius,MUS,2013,2294.595367
Mauritius,MUS,2014,2235.032473
Mauritius,MUS,2015,2262.695071
Mauritius,MUS,2016,2218.439782
Mauritius,MUS,2017,2240.207082
Mauritius,MUS,2018,2187.504197
Mauritius,MUS,2019,2153.396993
Mexico,MEX,1990,5258.936202
Mexico,MEX,1991,5008.846455
Mexico,MEX,1992,4786.891971
Mexico,MEX,1993,4576.326791
Mexico,MEX,1994,4397.875102
Mexico,MEX,1995,4215.326393
Mexico,MEX,1996,4062.4585
Mexico,MEX,1997,4005.26463
Mexico,MEX,1998,4004.596243
Mexico,MEX,1999,3850.847274
Mexico,MEX,2000,3697.724672
Mexico,MEX,2001,3590.494763
Mexico,MEX,2002,3567.940227
Mexico,MEX,2003,3545.855628
Mexico,MEX,2004,3459.414084
Mexico,MEX,2005,3493.944622
Mexico,MEX,2006,3489.816886
Mexico,MEX,2007,3479.212863
Mexico,MEX,2008,3692.497612
Mexico,MEX,2009,3854.441541
Mexico,MEX,2010,3875.621611
Mexico,MEX,2011,3866.789169
Mexico,MEX,2012,3766.892714
Mexico,MEX,2013,3731.919345
Mexico,MEX,2014,3621.073927
Mexico,MEX,2015,3612.293501
Mexico,MEX,2016,3736.413762
Mexico,MEX,2017,4047.414955
Mexico,MEX,2018,3973.978203
Mexico,MEX,2019,3785.619467
Micronesia (country),FSM,1990,5814.706325
Micronesia (country),FSM,1991,5802.300054
Micronesia (country),FSM,1992,5782.71179
Micronesia (country),FSM,1993,5750.573091
Micronesia (country),FSM,1994,5734.767817
Micronesia (country),FSM,1995,5682.118954
Micronesia (country),FSM,1996,5649.142558
Micronesia (country),FSM,1997,5596.759176
Micronesia (country),FSM,1998,5538.678241
Micronesia (country),FSM,1999,5471.152455
Micronesia (country),FSM,2000,5394.660697
Micronesia (country),FSM,2001,5315.925923
Micronesia (country),FSM,2002,7746.261133
Micronesia (country),FSM,2003,5192.891362
Micronesia (country),FSM,2004,5211.432872
Micronesia (country),FSM,2005,5129.124518
Micronesia (country),FSM,2006,5087.750428
Micronesia (country),FSM,2007,5066.579375
Micronesia (country),FSM,2008,5048.571419
Micronesia (country),FSM,2009,5021.945242
Micronesia (country),FSM,2010,4981.777655
Micronesia (country),FSM,2011,4946.404045
Micronesia (country),FSM,2012,4913.411582
Micronesia (country),FSM,2013,4877.867462
Micronesia (country),FSM,2014,4854.510185
Micronesia (country),FSM,2015,5116.73422
Micronesia (country),FSM,2016,4831.053989
Micronesia (country),FSM,2017,4829.480764
Micronesia (country),FSM,2018,4812.327976
Micronesia (country),FSM,2019,4789.75698
Middle East & North Africa (WB),,1990,6454.224148
Middle East & North Africa (WB),,1991,5378.125357
Middle East & North Africa (WB),,1992,5260.275179
Middle East & North Africa (WB),,1993,5180.505205
Middle East & North Africa (WB),,1994,5199.945162
Middle East & North Africa (WB),,1995,5073.045398
Middle East & North Africa (WB),,1996,4963.207901
Middle East & North Africa (WB),,1997,4974.541724
Middle East & North Africa (WB),,1998,4775.485675
Middle East & North Africa (WB),,1999,4640.255254
Middle East & North Africa (WB),,2000,4585.972742
Middle East & North Africa (WB),,2001,4534.627516
Middle East & North Africa (WB),,2002,4494.323469
Middle East & North Africa (WB),,2003,5096.945137
Middle East & North Africa (WB),,2004,4564.427251
Middle East & North Africa (WB),,2005,4508.967108
Middle East & North Africa (WB),,2006,4732.932404
Middle East & North Africa (WB),,2007,4621.140009
Middle East & North Africa (WB),,2008,4266.055728
Middle East & North Africa (WB),,2009,4094.648995
Middle East & North Africa (WB),,2010,3894.337988
Middle East & North Africa (WB),,2011,4159.914771
Middle East & North Africa (WB),,2012,4703.166731
Middle East & North Africa (WB),,2013,4586.594312
Middle East & North Africa (WB),,2014,5066.399245
Middle East & North Africa (WB),,2015,4782.876013
Middle East & North Africa (WB),,2016,4863.013989
Middle East & North Africa (WB),,2017,4459.584076
Middle East & North Africa (WB),,2018,3888.277871
Middle East & North Africa (WB),,2019,3539.938458
Moldova,MDA,1990,6706.537906
Moldova,MDA,1991,6825.88
Moldova,MDA,1992,7606.768348
Moldova,MDA,1993,6649.904539
Moldova,MDA,1994,6946.865644
Moldova,MDA,1995,6947.060655
Moldova,MDA,1996,6458.875894
Moldova,MDA,1997,5925.396182
Moldova,MDA,1998,5713.62644
Moldova,MDA,1999,5654.407291
Moldova,MDA,2000,5569.104369
Moldova,MDA,2001,5457.53469
Moldova,MDA,2002,5362.155095
Moldova,MDA,2003,5245.616243
Moldova,MDA,2004,5133.539588
Moldova,MDA,2005,5314.109122
Moldova,MDA,2006,5160.58432
Moldova,MDA,2007,5009.490215
Moldova,MDA,2008,4857.43427
Moldova,MDA,2009,4793.987854
Moldova,MDA,2010,4822.967177
Moldova,MDA,2011,4298.372756
Moldova,MDA,2012,4245.397939
Moldova,MDA,2013,4007.860094
Moldova,MDA,2014,4019.047168
Moldova,MDA,2015,3962.083788
Moldova,MDA,2016,3810.672281
Moldova,MDA,2017,3516.528713
Moldova,MDA,2018,3457.15945
Moldova,MDA,2019,3456.238014
Monaco,MCO,1990,2483.002316
Monaco,MCO,1991,2439.867473
Monaco,MCO,1992,2393.188232
Monaco,MCO,1993,2372.807325
Monaco,MCO,1994,2348.921782
Monaco,MCO,1995,2321.739247
Monaco,MCO,1996,2297.856455
Monaco,MCO,1997,2273.998181
Monaco,MCO,1998,2246.21344
Monaco,MCO,1999,2218.748145
Monaco,MCO,2000,2193.866914
Monaco,MCO,2001,2175.340805
Monaco,MCO,2002,2168.967657
Monaco,MCO,2003,2153.824178
Monaco,MCO,2004,2146.141527
Monaco,MCO,2005,2141.553764
Monaco,MCO,2006,2138.138378
Monaco,MCO,2007,2125.244592
Monaco,MCO,2008,2115.19465
Monaco,MCO,2009,2115.244716
Monaco,MCO,2010,2113.188045
Monaco,MCO,2011,2110.089987
Monaco,MCO,2012,2103.800676
Monaco,MCO,2013,2095.377802
Monaco,MCO,2014,2083.689601
Monaco,MCO,2015,2068.437241
Monaco,MCO,2016,2072.46043
Monaco,MCO,2017,2076.035476
Monaco,MCO,2018,2060.705392
Monaco,MCO,2019,2044.008157
Mongolia,MNG,1990,6078.571829
Mongolia,MNG,1991,5915.240747
Mongolia,MNG,1992,6304.707133
Mongolia,MNG,1993,6695.474474
Mongolia,MNG,1994,7051.909339
Mongolia,MNG,1995,6850.677435
Mongolia,MNG,1996,6928.629223
Mongolia,MNG,1997,6666.757241
Mongolia,MNG,1998,6512.860638
Mongolia,MNG,1999,6322.019781
Mongolia,MNG,2000,6337.629716
Mongolia,MNG,2001,6306.537781
Mongolia,MNG,2002,6260.600762
Mongolia,MNG,2003,6329.301444
Mongolia,MNG,2004,6407.554237
Mongolia,MNG,2005,6393.640402
Mongolia,MNG,2006,6271.35818
Mongolia,MNG,2007,6214.07315
Mongolia,MNG,2008,6151.842965
Mongolia,MNG,2009,5933.285113
Mongolia,MNG,2010,5828.500321
Mongolia,MNG,2011,5677.199524
Mongolia,MNG,2012,5547.29454
Mongolia,MNG,2013,5430.752029
Mongolia,MNG,2014,5342.061742
Mongolia,MNG,2015,5200.554509
Mongolia,MNG,2016,5070.953846
Mongolia,MNG,2017,5058.392761
Mongolia,MNG,2018,4990.828989
Mongolia,MNG,2019,4927.620462
Montenegro,MNE,1990,3753.888994
Montenegro,MNE,1991,3864.856644
Montenegro,MNE,1992,3812.317558
Montenegro,MNE,1993,3632.374943
Montenegro,MNE,1994,3582.910931
Montenegro,MNE,1995,3553.875117
Montenegro,MNE,1996,3520.587035
Montenegro,MNE,1997,3550.889977
Montenegro,MNE,1998,3736.359927
Montenegro,MNE,1999,3980.165246
Montenegro,MNE,2000,3878.658792
Montenegro,MNE,2001,3681.97565
Montenegro,MNE,2002,3514.148737
Montenegro,MNE,2003,3506.628234
Montenegro,MNE,2004,3510.646378
Montenegro,MNE,2005,3509.476057
Montenegro,MNE,2006,3535.870486
Montenegro,MNE,2007,3438.230992
Montenegro,MNE,2008,3339.577282
Montenegro,MNE,2009,3242.309271
Montenegro,MNE,2010,3104.374647
Montenegro,MNE,2011,3029.732344
Montenegro,MNE,2012,3006.755161
Montenegro,MNE,2013,3097.467111
Montenegro,MNE,2014,2997.187433
Montenegro,MNE,2015,2942.68588
Montenegro,MNE,2016,2947.289748
Montenegro,MNE,2017,2957.133836
Montenegro,MNE,2018,2966.384869
Montenegro,MNE,2019,2939.351791
Morocco,MAR,1990,4889.871011
Morocco,MAR,1991,4843.454686
Morocco,MAR,1992,5194.369339
Morocco,MAR,1993,5229.798859
Morocco,MAR,1994,5135.694981
Morocco,MAR,1995,5228.2688
Morocco,MAR,1996,4999.212474
Morocco,MAR,1997,4963.839681
Morocco,MAR,1998,4860.487829
Morocco,MAR,1999,4815.894641
Morocco,MAR,2000,4669.698102
Morocco,MAR,2001,4571.885772
Morocco,MAR,2002,4488.982648
Morocco,MAR,2003,4411.144445
Morocco,MAR,2004,4417.553655
Morocco,MAR,2005,4209.360482
Morocco,MAR,2006,4132.125943
Morocco,MAR,2007,4072.324322
Morocco,MAR,2008,4054.264926
Morocco,MAR,2009,3983.915901
Morocco,MAR,2010,3927.260244
Morocco,MAR,2011,3837.001398
Morocco,MAR,2012,3738.03158
Morocco,MAR,2013,3400.045274
Morocco,MAR,2014,3360.969644
Morocco,MAR,2015,3289.375882
Morocco,MAR,2016,3206.500936
Morocco,MAR,2017,3137.051352
Morocco,MAR,2018,3066.726435
Morocco,MAR,2019,2993.591189
Mozambique,MOZ,1990,5948.385971
Mozambique,MOZ,1991,6049.272116
Mozambique,MOZ,1992,5198.01734
Mozambique,MOZ,1993,4854.831291
Mozambique,MOZ,1994,4808.832348
Mozambique,MOZ,1995,4674.894824
Mozambique,MOZ,1996,4643.02029
Mozambique,MOZ,1997,4611.432637
Mozambique,MOZ,1998,4610.567072
Mozambique,MOZ,1999,4590.669608
Mozambique,MOZ,2000,4872.685684
Mozambique,MOZ,2001,4500.433033
Mozambique,MOZ,2002,4491.550342
Mozambique,MOZ,2003,4397.310467
Mozambique,MOZ,2004,4412.379065
Mozambique,MOZ,2005,4467.869711
Mozambique,MOZ,2006,4632.763863
Mozambique,MOZ,2007,4758.15382
Mozambique,MOZ,2008,4735.719494
Mozambique,MOZ,2009,4694.533363
Mozambique,MOZ,2010,4694.388723
Mozambique,MOZ,2011,4621.969161
Mozambique,MOZ,2012,4616.973269
Mozambique,MOZ,2013,4615.393541
Mozambique,MOZ,2014,4549.41742
Mozambique,MOZ,2015,4546.84633
Mozambique,MOZ,2016,4452.603548
Mozambique,MOZ,2017,4353.35323
Mozambique,MOZ,2018,4337.080842
Mozambique,MOZ,2019,4406.655814
Myanmar,MMR,1990,6686.91049
Myanmar,MMR,1991,6743.702483
Myanmar,MMR,1992,6714.512089
Myanmar,MMR,1993,6401.883517
Myanmar,MMR,1994,6396.134172
Myanmar,MMR,1995,6377.254375
Myanmar,MMR,1996,6155.611916
Myanmar,MMR,1997,6072.073428
Myanmar,MMR,1998,5955.053808
Myanmar,MMR,1999,5785.18417
Myanmar,MMR,2000,5660.751688
Myanmar,MMR,2001,5429.473787
Myanmar,MMR,2002,5255.84834
Myanmar,MMR,2003,5068.448609
Myanmar,MMR,2004,5034.061603
Myanmar,MMR,2005,4877.097291
Myanmar,MMR,2006,4685.226193
Myanmar,MMR,2007,4461.252863
Myanmar,MMR,2008,19653.81494
Myanmar,MMR,2009,4285.000389
Myanmar,MMR,2010,4108.373384
Myanmar,MMR,2011,4063.629475
Myanmar,MMR,2012,3899.4743
Myanmar,MMR,2013,3749.30708
Myanmar,MMR,2014,3635.579896
Myanmar,MMR,2015,3654.161734
Myanmar,MMR,2016,3556.373374
Myanmar,MMR,2017,4346.75115
Myanmar,MMR,2018,3253.736366
Myanmar,MMR,2019,3230.38658
Namibia,NAM,1990,5103.744265
Namibia,NAM,1991,5170.032022
Namibia,NAM,1992,5082.406533
Namibia,NAM,1993,5013.539232
Namibia,NAM,1994,5065.169023
Namibia,NAM,1995,5120.027415
Namibia,NAM,1996,5201.18037
Namibia,NAM,1997,5305.387325
Namibia,NAM,1998,5654.389999
Namibia,NAM,1999,5857.509337
Namibia,NAM,2000,6393.522864
Namibia,NAM,2001,5981.412636
Namibia,NAM,2002,6152.754285
Namibia,NAM,2003,6050.393641
Namibia,NAM,2004,5826.807293
Namibia,NAM,2005,5734.261189
Namibia,NAM,2006,5504.976286
Namibia,NAM,2007,5362.136471
Namibia,NAM,2008,5310.734111
Namibia,NAM,2009,5314.669494
Namibia,NAM,2010,5001.32461
Namibia,NAM,2011,5077.648113
Namibia,NAM,2012,4648.192189
Namibia,NAM,2013,4742.469908
Namibia,NAM,2014,4666.701363
Namibia,NAM,2015,4642.44263
Namibia,NAM,2016,4596.419901
Namibia,NAM,2017,4544.131145
Namibia,NAM,2018,4517.788179
Namibia,NAM,2019,4416.078884
Nauru,NRU,1990,5995.319702
Nauru,NRU,1991,6046.068035
Nauru,NRU,1992,6124.211672
Nauru,NRU,1993,6213.34344
Nauru,NRU,1994,6339.288865
Nauru,NRU,1995,6518.033671
Nauru,NRU,1996,6706.054236
Nauru,NRU,1997,6888.319916
Nauru,NRU,1998,7090.70782
Nauru,NRU,1999,7229.010646
Nauru,NRU,2000,7321.748663
Nauru,NRU,2001,7403.283258
Nauru,NRU,2002,7439.105689
Nauru,NRU,2003,7387.88735
Nauru,NRU,2004,7376.816395
Nauru,NRU,2005,7349.601092
Nauru,NRU,2006,7311.228896
Nauru,NRU,2007,7297.497163
Nauru,NRU,2008,7191.008251
Nauru,NRU,2009,7104.888256
Nauru,NRU,2010,6916.321372
Nauru,NRU,2011,6708.519179
Nauru,NRU,2012,6542.557464
Nauru,NRU,2013,6328.111784
Nauru,NRU,2014,6078.793113
Nauru,NRU,2015,5910.38459
Nauru,NRU,2016,5763.776271
Nauru,NRU,2017,5640.739732
Nauru,NRU,2018,5548.083619
Nauru,NRU,2019,5479.446778
Nepal,NPL,1990,4825.50324
Nepal,NPL,1991,4691.197997
Nepal,NPL,1992,4621.716624
Nepal,NPL,1993,4828.709995
Nepal,NPL,1994,4338.378896
Nepal,NPL,1995,4340.049315
Nepal,NPL,1996,4339.649135
Nepal,NPL,1997,4028.682004
Nepal,NPL,1998,4097.698967
Nepal,NPL,1999,3946.581568
Nepal,NPL,2000,3853.880338
Nepal,NPL,2001,3775.241411
Nepal,NPL,2002,4789.961227
Nepal,NPL,2003,3875.831427
Nepal,NPL,2004,4113.498756
Nepal,NPL,2005,3798.031154
Nepal,NPL,2006,3578.209215
Nepal,NPL,2007,3433.231555
Nepal,NPL,2008,3404.727125
Nepal,NPL,2009,3369.592197
Nepal,NPL,2010,3329.231658
Nepal,NPL,2011,3310.096187
Nepal,NPL,2012,3249.055083
Nepal,NPL,2013,3265.745739
Nepal,NPL,2014,3285.275376
Nepal,NPL,2015,4925.789201
Nepal,NPL,2016,3209.126697
Nepal,NPL,2017,3176.748771
Nepal,NPL,2018,3115.888769
Nepal,NPL,2019,3101.393025
Netherlands,NLD,1990,2137.772264
Netherlands,NLD,1991,2103.033319
Netherlands,NLD,1992,2090.944413
Netherlands,NLD,1993,2054.096373
Netherlands,NLD,1994,2001.975338
Netherlands,NLD,1995,1978.986259
Netherlands,NLD,1996,1974.466056
Netherlands,NLD,1997,1904.040341
Netherlands,NLD,1998,1867.408811
Netherlands,NLD,1999,1868.785847
Netherlands,NLD,2000,1853.316725
Netherlands,NLD,2001,1837.100611
Netherlands,NLD,2002,1821.115592
Netherlands,NLD,2003,1800.793812
Netherlands,NLD,2004,1713.434927
Netherlands,NLD,2005,1660.779789
Netherlands,NLD,2006,1610.870586
Netherlands,NLD,2007,1582.870688
Netherlands,NLD,2008,1569.123778
Netherlands,NLD,2009,1555.3965
Netherlands,NLD,2010,1548.240369
Netherlands,NLD,2011,1549.916109
Netherlands,NLD,2012,1561.220904
Netherlands,NLD,2013,1551.855818
Netherlands,NLD,2014,1607.873448
Netherlands,NLD,2015,1552.431387
Netherlands,NLD,2016,1565.782949
Netherlands,NLD,2017,1571.0573
Netherlands,NLD,2018,1591.541033
Netherlands,NLD,2019,1605.427513
New Zealand,NZL,1990,4449.170517
New Zealand,NZL,1991,4324.188198
New Zealand,NZL,1992,4266.678438
New Zealand,NZL,1993,4192.106656
New Zealand,NZL,1994,4118.401224
New Zealand,NZL,1995,4149.896145
New Zealand,NZL,1996,4120.785946
New Zealand,NZL,1997,4079.495964
New Zealand,NZL,1998,3971.872126
New Zealand,NZL,1999,3895.018823
New Zealand,NZL,2000,3834.117804
New Zealand,NZL,2001,3785.38704
New Zealand,NZL,2002,3748.755821
New Zealand,NZL,2003,3684.281506
New Zealand,NZL,2004,3630.58794
New Zealand,NZL,2005,3563.97876
New Zealand,NZL,2006,3498.443369
New Zealand,NZL,2007,3477.34737
New Zealand,NZL,2008,3457.575683
New Zealand,NZL,2009,3390.543082
New Zealand,NZL,2010,3301.93906
New Zealand,NZL,2011,3451.613216
New Zealand,NZL,2012,3205.358524
New Zealand,NZL,2013,3116.467012
New Zealand,NZL,2014,3097.33994
New Zealand,NZL,2015,3091.530854
New Zealand,NZL,2016,3092.958171
New Zealand,NZL,2017,3107.156248
New Zealand,NZL,2018,3101.845711
New Zealand,NZL,2019,3087.808802
Nicaragua,NIC,1990,4684.920092
Nicaragua,NIC,1991,4770.418053
Nicaragua,NIC,1992,4871.566185
Nicaragua,NIC,1993,4554.982124
Nicaragua,NIC,1994,4393.612363
Nicaragua,NIC,1995,4365.056065
Nicaragua,NIC,1996,4345.564973
Nicaragua,NIC,1997,4065.751693
Nicaragua,NIC,1998,8714.221557
Nicaragua,NIC,1999,3932.267149
Nicaragua,NIC,2000,3722.812806
Nicaragua,NIC,2001,3658.362245
Nicaragua,NIC,2002,3598.077352
Nicaragua,NIC,2003,3550.647365
Nicaragua,NIC,2004,3494.906052
Nicaragua,NIC,2005,3466.065288
Nicaragua,NIC,2006,3294.942833
Nicaragua,NIC,2007,3449.105467
Nicaragua,NIC,2008,3280.034266
Nicaragua,NIC,2009,3190.581482
Nicaragua,NIC,2010,3131.703641
Nicaragua,NIC,2011,3085.256804
Nicaragua,NIC,2012,3040.858182
Nicaragua,NIC,2013,3005.769072
Nicaragua,NIC,2014,3003.476657
Nicaragua,NIC,2015,2780.443709
Nicaragua,NIC,2016,2872.095591
Nicaragua,NIC,2017,2789.231789
Nicaragua,NIC,2018,2747.576162
Nicaragua,NIC,2019,2676.412036
Niger,NER,1990,5102.175145
Niger,NER,1991,4914.081032
Niger,NER,1992,4911.469512
Niger,NER,1993,4868.342699
Niger,NER,1994,4859.412173
Niger,NER,1995,4781.841791
Niger,NER,1996,4583.99962
Niger,NER,1997,4609.641796
Niger,NER,1998,4663.665721
Niger,NER,1999,4473.761955
Niger,NER,2000,4406.490179
Niger,NER,2001,4394.943169
Niger,NER,2002,4296.19603
Niger,NER,2003,4206.84816
Niger,NER,2004,4026.717744
Niger,NER,2005,4094.674852
Niger,NER,2006,3979.222206
Niger,NER,2007,3914.981525
Niger,NER,2008,3705.001136
Niger,NER,2009,3619.416801
Niger,NER,2010,3528.072312
Niger,NER,2011,3543.307418
Niger,NER,2012,3549.847363
Niger,NER,2013,3615.197908
Niger,NER,2014,3665.383977
Niger,NER,2015,3865.155775
Niger,NER,2016,3806.176269
Niger,NER,2017,3814.172752
Niger,NER,2018,3779.092359
Niger,NER,2019,3678.725474
Nigeria,NGA,1990,3373.226635
Nigeria,NGA,1991,3374.22286
Nigeria,NGA,1992,3445.025016
Nigeria,NGA,1993,3426.029065
Nigeria,NGA,1994,3338.662897
Nigeria,NGA,1995,3300.754373
Nigeria,NGA,1996,3286.241243
Nigeria,NGA,1997,3306.594106
Nigeria,NGA,1998,3364.630607
Nigeria,NGA,1999,3429.582998
Nigeria,NGA,2000,3527.799137
Nigeria,NGA,2001,3390.735487
Nigeria,NGA,2002,3355.376931
Nigeria,NGA,2003,3211.994689
Nigeria,NGA,2004,3277.619402
Nigeria,NGA,2005,3081.692431
Nigeria,NGA,2006,3091.201641
Nigeria,NGA,2007,3042.409507
Nigeria,NGA,2008,2978.195109
Nigeria,NGA,2009,2978.334087
Nigeria,NGA,2010,2949.918778
Nigeria,NGA,2011,2930.190052
Nigeria,NGA,2012,2931.78557
Nigeria,NGA,2013,3005.279933
Nigeria,NGA,2014,3260.035572
Nigeria,NGA,2015,3178.225381
Nigeria,NGA,2016,2883.939672
Nigeria,NGA,2017,2844.158761
Nigeria,NGA,2018,2789.728789
Nigeria,NGA,2019,2620.173781
Niue,NIU,1990,4002.487383
Niue,NIU,1991,4051.102079
Niue,NIU,1992,4133.108964
Niue,NIU,1993,4117.432337
Niue,NIU,1994,4116.156091
Niue,NIU,1995,4157.922621
Niue,NIU,1996,4186.179072
Niue,NIU,1997,4188.920459
Niue,NIU,1998,4136.599443
Niue,NIU,1999,4080.525189
Niue,NIU,2000,4019.050614
Niue,NIU,2001,3979.923989
Niue,NIU,2002,3945.331963
Niue,NIU,2003,3911.837528
Niue,NIU,2004,7747.139955
Niue,NIU,2005,3822.656239
Niue,NIU,2006,3767.63394
Niue,NIU,2007,3682.73361
Niue,NIU,2008,3602.204912
Niue,NIU,2009,3462.926561
Niue,NIU,2010,3363.817279
Niue,NIU,2011,3321.859421
Niue,NIU,2012,3276.867197
Niue,NIU,2013,3238.688557
Niue,NIU,2014,3201.820047
Niue,NIU,2015,3171.788503
Niue,NIU,2016,3160.630439
Niue,NIU,2017,3148.525318
Niue,NIU,2018,3130.053612
Niue,NIU,2019,3111.970001
North America (WB),,1990,3680.050071
North America (WB),,1991,3639.646283
North America (WB),,1992,3555.425371
North America (WB),,1993,3564.113032
North America (WB),,1994,3514.180359
North America (WB),,1995,3445.25367
North America (WB),,1996,3337.547963
North America (WB),,1997,3215.532443
North America (WB),,1998,3109.220391
North America (WB),,1999,3023.826158
North America (WB),,2000,2982.815712
North America (WB),,2001,3057.500896
North America (WB),,2002,2978.844137
North America (WB),,2003,2962.732972
North America (WB),,2004,2922.920241
North America (WB),,2005,2992.42189
North America (WB),,2006,2927.039279
North America (WB),,2007,2885.040123
North America (WB),,2008,2805.424614
North America (WB),,2009,2734.115389
North America (WB),,2010,2673.706713
North America (WB),,2011,2665.517053
North America (WB),,2012,2641.029224
North America (WB),,2013,2621.916153
North America (WB),,2014,2628.586078
North America (WB),,2015,2691.23129
North America (WB),,2016,2755.56964
North America (WB),,2017,2716.944665
North America (WB),,2018,2678.156518
North America (WB),,2019,2681.066091
North Korea,PRK,1990,5164.577781
North Korea,PRK,1991,4997.425957
North Korea,PRK,1992,4841.887967
North Korea,PRK,1993,4763.248869
North Korea,PRK,1994,4604.755118
North Korea,PRK,1995,4548.809572
North Korea,PRK,1996,4461.588623
North Korea,PRK,1997,4373.958885
North Korea,PRK,1998,4350.721602
North Korea,PRK,1999,4284.301754
North Korea,PRK,2000,4233.112355
North Korea,PRK,2001,4209.424697
North Korea,PRK,2002,4150.81299
North Korea,PRK,2003,4116.24096
North Korea,PRK,2004,4107.214487
North Korea,PRK,2005,4063.561212
North Korea,PRK,2006,4021.834213
North Korea,PRK,2007,4085.399777
North Korea,PRK,2008,3993.970982
North Korea,PRK,2009,3938.270022
North Korea,PRK,2010,3919.24554
North Korea,PRK,2011,3851.568231
North Korea,PRK,2012,3817.514062
North Korea,PRK,2013,3724.655059
North Korea,PRK,2014,3635.890492
North Korea,PRK,2015,3579.595714
North Korea,PRK,2016,3625.217779
North Korea,PRK,2017,3492.099507
North Korea,PRK,2018,3455.608221
North Korea,PRK,2019,3353.431943
North Macedonia,MKD,1990,3398.25185
North Macedonia,MKD,1991,3437.999157
North Macedonia,MKD,1992,3441.265007
North Macedonia,MKD,1993,3922.847064
North Macedonia,MKD,1994,3390.169358
North Macedonia,MKD,1995,3319.834534
North Macedonia,MKD,1996,3257.462056
North Macedonia,MKD,1997,3221.807028
North Macedonia,MKD,1998,3261.027724
North Macedonia,MKD,1999,3251.646675
North Macedonia,MKD,2000,3200.960108
North Macedonia,MKD,2001,3518.49465
North Macedonia,MKD,2002,3195.944475
North Macedonia,MKD,2003,3059.770571
North Macedonia,MKD,2004,2850.851961
North Macedonia,MKD,2005,2710.947384
North Macedonia,MKD,2006,2712.199363
North Macedonia,MKD,2007,2708.928543
North Macedonia,MKD,2008,2578.860819
North Macedonia,MKD,2009,2568.902685
North Macedonia,MKD,2010,2451.727015
North Macedonia,MKD,2011,2385.095791
North Macedonia,MKD,2012,2394.941523
North Macedonia,MKD,2013,2365.049123
North Macedonia,MKD,2014,2362.829716
North Macedonia,MKD,2015,2399.68818
North Macedonia,MKD,2016,2457.256674
North Macedonia,MKD,2017,2403.884767
North Macedonia,MKD,2018,2396.808417
North Macedonia,MKD,2019,2406.933364
Northern Ireland,,1990,2816.701441
Northern Ireland,,1991,2788.970048
Northern Ireland,,1992,2704.27462
Northern Ireland,,1993,2475.512831
Northern Ireland,,1994,2578.079521
Northern Ireland,,1995,2279.813534
Northern Ireland,,1996,2172.223467
Northern Ireland,,1997,2187.45724
Northern Ireland,,1998,2338.489627
Northern Ireland,,1999,2258.300868
Northern Ireland,,2000,2110.552842
Northern Ireland,,2001,2069.358675
Northern Ireland,,2002,2041.522069
Northern Ireland,,2003,1964.09402
Northern Ireland,,2004,1994.393656
Northern Ireland,,2005,2066.045073
Northern Ireland,,2006,2123.140681
Northern Ireland,,2007,2129.860744
Northern Ireland,,2008,2118.932691
Northern Ireland,,2009,2100.186277
Northern Ireland,,2010,2049.148614
Northern Ireland,,2011,1970.234724
Northern Ireland,,2012,1919.13498
Northern Ireland,,2013,1862.894156
Northern Ireland,,2014,1830.291521
Northern Ireland,,2015,1846.125708
Northern Ireland,,2016,1834.516051
Northern Ireland,,2017,1825.477425
Northern Ireland,,2018,1842.878069
Northern Ireland,,2019,1826.653763
Northern Mariana Islands,MNP,1990,4341.992715
Northern Mariana Islands,MNP,1991,4256.639492
Northern Mariana Islands,MNP,1992,4187.475869
Northern Mariana Islands,MNP,1993,4134.945911
Northern Mariana Islands,MNP,1994,4080.551289
Northern Mariana Islands,MNP,1995,4016.197629
Northern Mariana Islands,MNP,1996,3963.328226
Northern Mariana Islands,MNP,1997,3944.119739
Northern Mariana Islands,MNP,1998,3918.989086
Northern Mariana Islands,MNP,1999,3719.962085
Northern Mariana Islands,MNP,2000,3619.847968
Northern Mariana Islands,MNP,2001,3649.592917
Northern Mariana Islands,MNP,2002,3661.598538
Northern Mariana Islands,MNP,2003,3680.638572
Northern Mariana Islands,MNP,2004,3982.84892
Northern Mariana Islands,MNP,2005,3772.353652
Northern Mariana Islands,MNP,2006,3616.337512
Northern Mariana Islands,MNP,2007,3679.768666
Northern Mariana Islands,MNP,2008,3526.598157
Northern Mariana Islands,MNP,2009,3490.720377
Northern Mariana Islands,MNP,2010,3422.836537
Northern Mariana Islands,MNP,2011,3414.184627
Northern Mariana Islands,MNP,2012,3396.69515
Northern Mariana Islands,MNP,2013,3379.879519
Northern Mariana Islands,MNP,2014,3347.783123
Northern Mariana Islands,MNP,2015,3347.43136
Northern Mariana Islands,MNP,2016,3354.4505
Northern Mariana Islands,MNP,2017,3352.633716
Northern Mariana Islands,MNP,2018,3566.027801
Northern Mariana Islands,MNP,2019,3285.301983
Norway,NOR,1990,3082.992596
Norway,NOR,1991,2931.193358
Norway,NOR,1992,2842.02948
Norway,NOR,1993,2717.244358
Norway,NOR,1994,2640.461451
Norway,NOR,1995,2576.611349
Norway,NOR,1996,2520.290958
Norway,NOR,1997,2507.974925
Norway,NOR,1998,2500.464801
Norway,NOR,1999,2484.300363
Norway,NOR,2000,2476.158292
Norway,NOR,2001,2425.449972
Norway,NOR,2002,2383.852476
Norway,NOR,2003,2330.845614
Norway,NOR,2004,2279.184697
Norway,NOR,2005,2230.077296
Norway,NOR,2006,2188.150333
Norway,NOR,2007,2139.070908
Norway,NOR,2008,2131.605423
Norway,NOR,2009,2119.624123
Norway,NOR,2010,2086.987077
Norway,NOR,2011,2187.284668
Norway,NOR,2012,1978.727437
Norway,NOR,2013,1961.411195
Norway,NOR,2014,1918.12087
Norway,NOR,2015,1869.381427
Norway,NOR,2016,1879.901109
Norway,NOR,2017,1871.507539
Norway,NOR,2018,1872.741888
Norway,NOR,2019,1864.484941
OECD Countries,,1990,3618.614008
OECD Countries,,1991,3571.646571
OECD Countries,,1992,3505.963472
OECD Countries,,1993,3441.20018
OECD Countries,,1994,3402.848935
OECD Countries,,1995,3334.543755
OECD Countries,,1996,3232.309812
OECD Countries,,1997,3151.614509
OECD Countries,,1998,3101.006607
OECD Countries,,1999,3127.207533
OECD Countries,,2000,2945.582899
OECD Countries,,2001,2911.5593
OECD Countries,,2002,2844.112398
OECD Countries,,2003,2801.568543
OECD Countries,,2004,2736.292759
OECD Countries,,2005,2722.013465
OECD Countries,,2006,2671.527334
OECD Countries,,2007,2631.614453
OECD Countries,,2008,2604.600166
OECD Countries,,2009,2575.821088
OECD Countries,,2010,2532.590952
OECD Countries,,2011,2523.347597
OECD Countries,,2012,2453.032423
OECD Countries,,2013,2418.171819
OECD Countries,,2014,2398.180353
OECD Countries,,2015,2395.246261
OECD Countries,,2016,2426.29374
OECD Countries,,2017,2438.052085
OECD Countries,,2018,2431.483881
OECD Countries,,2019,2405.443195
Oman,OMN,1990,7498.977348
Oman,OMN,1991,7273.310245
Oman,OMN,1992,7149.611133
Oman,OMN,1993,7051.049938
Oman,OMN,1994,7065.613253
Oman,OMN,1995,7074.179199
Oman,OMN,1996,7005.901128
Oman,OMN,1997,6900.243826
Oman,OMN,1998,6785.591972
Oman,OMN,1999,6642.14142
Oman,OMN,2000,6499.593828
Oman,OMN,2001,6365.894891
Oman,OMN,2002,6412.063845
Oman,OMN,2003,6277.035004
Oman,OMN,2004,6057.003163
Oman,OMN,2005,5892.973474
Oman,OMN,2006,5948.416581
Oman,OMN,2007,6299.018747
Oman,OMN,2008,5997.280319
Oman,OMN,2009,5651.418044
Oman,OMN,2010,5464.130355
Oman,OMN,2011,5321.32683
Oman,OMN,2012,4985.662976
Oman,OMN,2013,4680.724093
Oman,OMN,2014,4456.074847
Oman,OMN,2015,4296.800542
Oman,OMN,2016,4196.168963
Oman,OMN,2017,4061.660191
Oman,OMN,2018,3904.850529
Oman,OMN,2019,3792.344283
Pakistan,PAK,1990,3144.980252
Pakistan,PAK,1991,3165.287815
Pakistan,PAK,1992,3203.364287
Pakistan,PAK,1993,3170.325312
Pakistan,PAK,1994,3210.495615
Pakistan,PAK,1995,3314.767064
Pakistan,PAK,1996,3265.719847
Pakistan,PAK,1997,3283.051154
Pakistan,PAK,1998,3277.578008
Pakistan,PAK,1999,3246.727399
Pakistan,PAK,2000,3195.684644
Pakistan,PAK,2001,3188.338338
Pakistan,PAK,2002,3182.302521
Pakistan,PAK,2003,3173.010427
Pakistan,PAK,2004,3144.32881
Pakistan,PAK,2005,5805.437765
Pakistan,PAK,2006,3114.443577
Pakistan,PAK,2007,3155.122975
Pakistan,PAK,2008,3251.709457
Pakistan,PAK,2009,3345.604
Pakistan,PAK,2010,3509.946354
Pakistan,PAK,2011,3217.968018
Pakistan,PAK,2012,3251.704994
Pakistan,PAK,2013,3203.759598
Pakistan,PAK,2014,3142.729354
Pakistan,PAK,2015,3133.420923
Pakistan,PAK,2016,3033.469815
Pakistan,PAK,2017,2980.850448
Pakistan,PAK,2018,2937.817191
Pakistan,PAK,2019,2882.042534
Palau,PLW,1990,6501.529648
Palau,PLW,1991,6343.539088
Palau,PLW,1992,6210.619968
Palau,PLW,1993,6133.002231
Palau,PLW,1994,5901.413912
Palau,PLW,1995,5822.751002
Palau,PLW,1996,6116.101458
Palau,PLW,1997,5773.845398
Palau,PLW,1998,5767.766589
Palau,PLW,1999,5779.78396
Palau,PLW,2000,5741.655321
Palau,PLW,2001,5692.282514
Palau,PLW,2002,5628.983281
Palau,PLW,2003,5563.306489
Palau,PLW,2004,5548.389911
Palau,PLW,2005,5654.068682
Palau,PLW,2006,5616.66017
Palau,PLW,2007,5572.281704
Palau,PLW,2008,5544.850727
Palau,PLW,2009,5527.515081
Palau,PLW,2010,5500.092947
Palau,PLW,2011,5497.698941
Palau,PLW,2012,5471.905588
Palau,PLW,2013,5511.033881
Palau,PLW,2014,5489.127515
Palau,PLW,2015,5454.78025
Palau,PLW,2016,5423.742024
Palau,PLW,2017,5398.586688
Palau,PLW,2018,5380.372115
Palau,PLW,2019,5362.176491
Palestine,PSE,1990,4920.175459
Palestine,PSE,1991,4729.065604
Palestine,PSE,1992,4718.907586
Palestine,PSE,1993,4339.711297
Palestine,PSE,1994,3749.289732
Palestine,PSE,1995,3454.915409
Palestine,PSE,1996,3304.736459
Palestine,PSE,1997,3197.908852
Palestine,PSE,1998,3181.379677
Palestine,PSE,1999,3268.574554
Palestine,PSE,2000,7400.839024
Palestine,PSE,2001,9067.343437
Palestine,PSE,2002,10975.86067
Palestine,PSE,2003,8781.766021
Palestine,PSE,2004,9390.147243
Palestine,PSE,2005,7063.939018
Palestine,PSE,2006,10909.02304
Palestine,PSE,2007,7240.486127
Palestine,PSE,2008,12762.99568
Palestine,PSE,2009,12109.83448
Palestine,PSE,2010,4046.436385
Palestine,PSE,2011,4140.100585
Palestine,PSE,2012,4749.988875
Palestine,PSE,2013,3306.619194
Palestine,PSE,2014,3337.962574
Palestine,PSE,2015,3343.809719
Palestine,PSE,2016,3245.74743
Palestine,PSE,2017,3141.465047
Palestine,PSE,2018,3307.511049
Palestine,PSE,2019,2967.822256
Panama,PAN,1990,3955.64789
Panama,PAN,1991,3984.009845
Panama,PAN,1992,3887.749434
Panama,PAN,1993,3980.936473
Panama,PAN,1994,3992.899481
Panama,PAN,1995,4026.182749
Panama,PAN,1996,3797.502455
Panama,PAN,1997,3809.997037
Panama,PAN,1998,3652.391114
Panama,PAN,1999,3547.791814
Panama,PAN,2000,3342.319904
Panama,PAN,2001,3295.68173
Panama,PAN,2002,3327.927329
Panama,PAN,2003,3343.820652
Panama,PAN,2004,3213.328002
Panama,PAN,2005,3206.165946
Panama,PAN,2006,3334.94563
Panama,PAN,2007,3398.396228
Panama,PAN,2008,3639.297055
Panama,PAN,2009,3732.590802
Panama,PAN,2010,3609.842132
Panama,PAN,2011,3558.515641
Panama,PAN,2012,3510.01168
Panama,PAN,2013,3320.694563
Panama,PAN,2014,3278.758891
Panama,PAN,2015,2999.734182
Panama,PAN,2016,2877.847548
Panama,PAN,2017,2892.728895
Panama,PAN,2018,2876.952771
Panama,PAN,2019,2844.124136
Papua New Guinea,PNG,1990,4416.21262
Papua New Guinea,PNG,1991,4688.700452
Papua New Guinea,PNG,1992,4455.585246
Papua New Guinea,PNG,1993,4441.356041
Papua New Guinea,PNG,1994,4350.564641
Papua New Guinea,PNG,1995,4273.232758
Papua New Guinea,PNG,1996,4434.102317
Papua New Guinea,PNG,1997,4271.425952
Papua New Guinea,PNG,1998,6873.66966
Papua New Guinea,PNG,1999,4548.665746
Papua New Guinea,PNG,2000,4438.387984
Papua New Guinea,PNG,2001,4470.889339
Papua New Guinea,PNG,2002,4458.178225
Papua New Guinea,PNG,2003,4381.994117
Papua New Guinea,PNG,2004,4380.557366
Papua New Guinea,PNG,2005,4465.200264
Papua New Guinea,PNG,2006,4504.547561
Papua New Guinea,PNG,2007,4649.014476
Papua New Guinea,PNG,2008,4486.879908
Papua New Guinea,PNG,2009,4439.758849
Papua New Guinea,PNG,2010,4518.051237
Papua New Guinea,PNG,2011,4581.694401
Papua New Guinea,PNG,2012,4853.859016
Papua New Guinea,PNG,2013,4486.541914
Papua New Guinea,PNG,2014,4426.406887
Papua New Guinea,PNG,2015,4404.374048
Papua New Guinea,PNG,2016,4353.807201
Papua New Guinea,PNG,2017,4326.668034
Papua New Guinea,PNG,2018,4428.475534
Papua New Guinea,PNG,2019,4278.949931
Paraguay,PRY,1990,3040.567792
Paraguay,PRY,1991,2974.870384
Paraguay,PRY,1992,3087.513887
Paraguay,PRY,1993,3228.979817
Paraguay,PRY,1994,3353.439798
Paraguay,PRY,1995,3503.161813
Paraguay,PRY,1996,3606.966448
Paraguay,PRY,1997,3560.432872
Paraguay,PRY,1998,3553.879409
Paraguay,PRY,1999,3561.370683
Paraguay,PRY,2000,3614.159325
Paraguay,PRY,2001,3529.357748
Paraguay,PRY,2002,3530.439232
Paraguay,PRY,2003,3615.165789
Paraguay,PRY,2004,4070.682151
Paraguay,PRY,2005,3558.052678
Paraguay,PRY,2006,3529.699847
Paraguay,PRY,2007,3487.264897
Paraguay,PRY,2008,3516.690669
Paraguay,PRY,2009,3575.574492
Paraguay,PRY,2010,3489.186796
Paraguay,PRY,2011,3387.554995
Paraguay,PRY,2012,3334.340905
Paraguay,PRY,2013,3324.582556
Paraguay,PRY,2014,3272.842347
Paraguay,PRY,2015,3289.623633
Paraguay,PRY,2016,3367.269741
Paraguay,PRY,2017,3340.094309
Paraguay,PRY,2018,3320.332952
Paraguay,PRY,2019,3322.379527
Peru,PER,1990,6170.496264
Peru,PER,1991,6101.292546
Peru,PER,1992,6045.653304
Peru,PER,1993,5671.495343
Peru,PER,1994,5457.380996
Peru,PER,1995,5260.209159
Peru,PER,1996,5165.444229
Peru,PER,1997,5010.985861
Peru,PER,1998,4784.948794
Peru,PER,1999,4367.042494
Peru,PER,2000,4185.977175
Peru,PER,2001,3908.449152
Peru,PER,2002,3666.892144
Peru,PER,2003,3594.031128
Peru,PER,2004,3396.801218
Peru,PER,2005,3271.507087
Peru,PER,2006,3156.942401
Peru,PER,2007,3140.346788
Peru,PER,2008,3026.194142
Peru,PER,2009,3247.920037
Peru,PER,2010,3205.385627
Peru,PER,2011,3041.444866
Peru,PER,2012,2977.846083
Peru,PER,2013,2838.460211
Peru,PER,2014,2769.783484
Peru,PER,2015,2628.892762
Peru,PER,2016,2583.888046
Peru,PER,2017,2553.617698
Peru,PER,2018,2511.987475
Peru,PER,2019,2483.440243
Philippines,PHL,1990,4840.05259
Philippines,PHL,1991,5022.072999
Philippines,PHL,1992,4236.612532
Philippines,PHL,1993,4173.853668
Philippines,PHL,1994,4054.928427
Philippines,PHL,1995,4028.334542
Philippines,PHL,1996,3839.219127
Philippines,PHL,1997,3743.937337
Philippines,PHL,1998,3728.419303
Philippines,PHL,1999,3626.517778
Philippines,PHL,2000,3747.486287
Philippines,PHL,2001,3609.703059
Philippines,PHL,2002,3480.876265
Philippines,PHL,2003,3405.27622
Philippines,PHL,2004,3370.340871
Philippines,PHL,2005,3219.520557
Philippines,PHL,2006,3364.425852
Philippines,PHL,2007,3097.722314
Philippines,PHL,2008,3185.408186
Philippines,PHL,2009,3196.795086
Philippines,PHL,2010,2977.184982
Philippines,PHL,2011,3046.469933
Philippines,PHL,2012,3054.766248
Philippines,PHL,2013,3609.604175
Philippines,PHL,2014,2883.568458
Philippines,PHL,2015,2901.666993
Philippines,PHL,2016,2965.870816
Philippines,PHL,2017,3015.524746
Philippines,PHL,2018,2867.336974
Philippines,PHL,2019,2793.270333
Poland,POL,1990,5099.373324
Poland,POL,1991,5191.224467
Poland,POL,1992,5009.088593
Poland,POL,1993,4747.628199
Poland,POL,1994,4761.504982
Poland,POL,1995,4711.591802
Poland,POL,1996,4548.942054
Poland,POL,1997,4513.447956
Poland,POL,1998,4433.146751
Poland,POL,1999,4410.718783
Poland,POL,2000,4180.595766
Poland,POL,2001,4069.881831
Poland,POL,2002,3992.925161
Poland,POL,2003,3894.242505
Poland,POL,2004,3868.707866
Poland,POL,2005,3828.4744
Poland,POL,2006,3791.898085
Poland,POL,2007,3766.759508
Poland,POL,2008,3707.313833
Poland,POL,2009,3604.847871
Poland,POL,2010,3475.440567
Poland,POL,2011,3414.245482
Poland,POL,2012,3344.652439
Poland,POL,2013,3244.827307
Poland,POL,2014,3127.107405
Poland,POL,2015,3093.296094
Poland,POL,2016,3073.391652
Poland,POL,2017,3093.210036
Poland,POL,2018,3098.931058
Poland,POL,2019,3080.115963
Portugal,PRT,1990,4249.680916
Portugal,PRT,1991,4266.611294
Portugal,PRT,1992,4106.132728
Portugal,PRT,1993,3885.700185
Portugal,PRT,1994,3673.445443
Portugal,PRT,1995,3601.177921
Portugal,PRT,1996,3486.504325
Portugal,PRT,1997,3402.901927
Portugal,PRT,1998,3251.153587
Portugal,PRT,1999,3110.514498
Portugal,PRT,2000,2977.613284
Portugal,PRT,2001,2909.974599
Portugal,PRT,2002,2804.343909
Portugal,PRT,2003,2673.345779
Portugal,PRT,2004,2548.978731
Portugal,PRT,2005,2411.826019
Portugal,PRT,2006,2292.665138
Portugal,PRT,2007,2212.6688
Portugal,PRT,2008,2110.144163
Portugal,PRT,2009,2024.18322
Portugal,PRT,2010,1943.198648
Portugal,PRT,2011,1856.404243
Portugal,PRT,2012,1781.755312
Portugal,PRT,2013,1716.74277
Portugal,PRT,2014,1672.374889
Portugal,PRT,2015,1605.710629
Portugal,PRT,2016,1571.613977
Portugal,PRT,2017,1585.74549
Portugal,PRT,2018,1608.150746
Portugal,PRT,2019,1623.663037
Puerto Rico,PRI,1990,4019.353117
Puerto Rico,PRI,1991,4167.920087
Puerto Rico,PRI,1992,4302.102415
Puerto Rico,PRI,1993,4445.501305
Puerto Rico,PRI,1994,4188.160924
Puerto Rico,PRI,1995,4237.644772
Puerto Rico,PRI,1996,4041.710962
Puerto Rico,PRI,1997,3859.070541
Puerto Rico,PRI,1998,3767.011327
Puerto Rico,PRI,1999,3410.232132
Puerto Rico,PRI,2000,3370.819675
Puerto Rico,PRI,2001,3455.305735
Puerto Rico,PRI,2002,3285.020265
Puerto Rico,PRI,2003,3223.049805
Puerto Rico,PRI,2004,3243.279318
Puerto Rico,PRI,2005,3278.282046
Puerto Rico,PRI,2006,3265.64659
Puerto Rico,PRI,2007,3280.900771
Puerto Rico,PRI,2008,3302.516805
Puerto Rico,PRI,2009,3466.041661
Puerto Rico,PRI,2010,3388.469067
Puerto Rico,PRI,2011,3532.260704
Puerto Rico,PRI,2012,3351.764329
Puerto Rico,PRI,2013,3250.044671
Puerto Rico,PRI,2014,3004.652559
Puerto Rico,PRI,2015,2861.941734
Puerto Rico,PRI,2016,2911.675214
Puerto Rico,PRI,2017,5861.798092
Puerto Rico,PRI,2018,2964.772232
Puerto Rico,PRI,2019,2968.531929
Qatar,QAT,1990,5178.631457
Qatar,QAT,1991,5171.560006
Qatar,QAT,1992,5094.881115
Qatar,QAT,1993,4935.556115
Qatar,QAT,1994,4819.32167
Qatar,QAT,1995,4845.326058
Qatar,QAT,1996,4968.446023
Qatar,QAT,1997,5007.887648
Qatar,QAT,1998,4951.881772
Qatar,QAT,1999,4846.24235
Qatar,QAT,2000,4717.240935
Qatar,QAT,2001,4716.420865
Qatar,QAT,2002,4735.209584
Qatar,QAT,2003,4538.348217
Qatar,QAT,2004,4393.456957
Qatar,QAT,2005,4392.686523
Qatar,QAT,2006,4394.748488
Qatar,QAT,2007,4297.617854
Qatar,QAT,2008,4156.883118
Qatar,QAT,2009,4111.820536
Qatar,QAT,2010,3835.465654
Qatar,QAT,2011,3668.394099
Qatar,QAT,2012,3578.942464
Qatar,QAT,2013,3393.122344
Qatar,QAT,2014,3278.752317
Qatar,QAT,2015,3073.260347
Qatar,QAT,2016,3012.022527
Qatar,QAT,2017,2933.113868
Qatar,QAT,2018,2893.616167
Qatar,QAT,2019,2881.559881
Region of the Americas (WHO),,1990,4880.838582
Region of the Americas (WHO),,1991,4825.39251
Region of the Americas (WHO),,1992,4717.681163
Region of the Americas (WHO),,1993,4691.965847
Region of the Americas (WHO),,1994,4633.82012
Region of the Americas (WHO),,1995,4557.455973
Region of the Americas (WHO),,1996,4477.460379
Region of the Americas (WHO),,1997,4379.959159
Region of the Americas (WHO),,1998,4461.281326
Region of the Americas (WHO),,1999,4440.783405
Region of the Americas (WHO),,2000,4184.616661
Region of the Americas (WHO),,2001,4187.419363
Region of the Americas (WHO),,2002,4174.839265
Region of the Americas (WHO),,2003,4050.870154
Region of the Americas (WHO),,2004,4018.591418
Region of the Americas (WHO),,2005,3946.439914
Region of the Americas (WHO),,2006,3895.173622
Region of the Americas (WHO),,2007,3861.193207
Region of the Americas (WHO),,2008,3864.902717
Region of the Americas (WHO),,2009,3869.348003
Region of the Americas (WHO),,2010,5334.239641
Region of the Americas (WHO),,2011,3799.335563
Region of the Americas (WHO),,2012,3799.022269
Region of the Americas (WHO),,2013,3758.689466
Region of the Americas (WHO),,2014,3715.414931
Region of the Americas (WHO),,2015,3703.058684
Region of the Americas (WHO),,2016,3686.997727
Region of the Americas (WHO),,2017,3670.712761
Region of the Americas (WHO),,2018,3609.221022
Region of the Americas (WHO),,2019,3552.121108
Romania,ROU,1990,5384.898693
Romania,ROU,1991,5138.741425
Romania,ROU,1992,5156.06108
Romania,ROU,1993,5119.008202
Romania,ROU,1994,5141.024423
Romania,ROU,1995,5066.471433
Romania,ROU,1996,5044.421809
Romania,ROU,1997,4922.328119
Romania,ROU,1998,4689.073787
Romania,ROU,1999,4454.472217
Romania,ROU,2000,4330.444753
Romania,ROU,2001,4261.53746
Romania,ROU,2002,4192.28845
Romania,ROU,2003,4079.004219
Romania,ROU,2004,3942.985604
Romania,ROU,2005,3828.245456
Romania,ROU,2006,3730.427479
Romania,ROU,2007,3649.256085
Romania,ROU,2008,3666.704472
Romania,ROU,2009,3607.307099
Romania,ROU,2010,3512.052101
Romania,ROU,2011,3288.275696
Romania,ROU,2012,3260.318968
Romania,ROU,2013,3102.491882
Romania,ROU,2014,3126.849581
Romania,ROU,2015,3086.816223
Romania,ROU,2016,3061.602599
Romania,ROU,2017,3067.244342
Romania,ROU,2018,3058.216861
Romania,ROU,2019,3058.940321
Russia,RUS,1990,7495.368907
Russia,RUS,1991,7741.492538
Russia,RUS,1992,8584.476006
Russia,RUS,1993,10193.22501
Russia,RUS,1994,11085.26027
Russia,RUS,1995,10784.03116
Russia,RUS,1996,9884.458217
Russia,RUS,1997,9023.928103
Russia,RUS,1998,8915.329141
Russia,RUS,1999,9898.362207
Russia,RUS,2000,10247.5343
Russia,RUS,2001,10133.6386
Russia,RUS,2002,10067.41976
Russia,RUS,2003,10002.14898
Russia,RUS,2004,9810.839293
Russia,RUS,2005,9920.604623
Russia,RUS,2006,8973.453582
Russia,RUS,2007,8352.651473
Russia,RUS,2008,8032.007513
Russia,RUS,2009,7429.526118
Russia,RUS,2010,7317.611345
Russia,RUS,2011,6700.902266
Russia,RUS,2012,6503.396199
Russia,RUS,2013,6231.149829
Russia,RUS,2014,6076.844291
Russia,RUS,2015,5690.385927
Russia,RUS,2016,5348.653403
Russia,RUS,2017,5033.627507
Russia,RUS,2018,5158.098857
Russia,RUS,2019,5162.703402
Rwanda,RWA,1990,8020.771327
Rwanda,RWA,1991,6802.297067
Rwanda,RWA,1992,7041.178564
Rwanda,RWA,1993,7281.303478
Rwanda,RWA,1994,578901.4089
Rwanda,RWA,1995,12710.94235
Rwanda,RWA,1996,8276.81975
Rwanda,RWA,1997,12957.58321
Rwanda,RWA,1998,9542.456955
Rwanda,RWA,1999,7455.164611
Rwanda,RWA,2000,6949.639323
Rwanda,RWA,2001,7950.031583
Rwanda,RWA,2002,6317.073241
Rwanda,RWA,2003,6369.253458
Rwanda,RWA,2004,5926.468985
Rwanda,RWA,2005,5689.534804
Rwanda,RWA,2006,5463.475375
Rwanda,RWA,2007,5270.533252
Rwanda,RWA,2008,5062.086038
Rwanda,RWA,2009,5841.241714
Rwanda,RWA,2010,4799.472779
Rwanda,RWA,2011,4616.176545
Rwanda,RWA,2012,4489.799705
Rwanda,RWA,2013,4275.835724
Rwanda,RWA,2014,4256.021672
Rwanda,RWA,2015,4195.754947
Rwanda,RWA,2016,4242.177883
Rwanda,RWA,2017,4034.005773
Rwanda,RWA,2018,4050.919709
Rwanda,RWA,2019,3927.638383
Saint Kitts and Nevis,KNA,1990,4312.181903
Saint Kitts and Nevis,KNA,1991,4185.379399
Saint Kitts and Nevis,KNA,1992,4083.102153
Saint Kitts and Nevis,KNA,1993,4127.059441
Saint Kitts and Nevis,KNA,1994,4149.643023
Saint Kitts and Nevis,KNA,1995,3981.095407
Saint Kitts and Nevis,KNA,1996,3781.603469
Saint Kitts and Nevis,KNA,1997,3806.454494
Saint Kitts and Nevis,KNA,1998,4258.445666
Saint Kitts and Nevis,KNA,1999,3598.436315
Saint Kitts and Nevis,KNA,2000,3402.946609
Saint Kitts and Nevis,KNA,2001,3328.527124
Saint Kitts and Nevis,KNA,2002,3214.612329
Saint Kitts and Nevis,KNA,2003,3228.446655
Saint Kitts and Nevis,KNA,2004,3120.068363
Saint Kitts and Nevis,KNA,2005,3036.223783
Saint Kitts and Nevis,KNA,2006,2943.661368
Saint Kitts and Nevis,KNA,2007,2985.45581
Saint Kitts and Nevis,KNA,2008,3792.443499
Saint Kitts and Nevis,KNA,2009,3964.380264
Saint Kitts and Nevis,KNA,2010,3896.12562
Saint Kitts and Nevis,KNA,2011,3958.815889
Saint Kitts and Nevis,KNA,2012,3862.008721
Saint Kitts and Nevis,KNA,2013,3872.893636
Saint Kitts and Nevis,KNA,2014,3829.434302
Saint Kitts and Nevis,KNA,2015,3814.343627
Saint Kitts and Nevis,KNA,2016,3801.86721
Saint Kitts and Nevis,KNA,2017,3738.266575
Saint Kitts and Nevis,KNA,2018,3619.40965
Saint Kitts and Nevis,KNA,2019,2813.412297
Saint Lucia,LCA,1990,4002.970441
Saint Lucia,LCA,1991,3979.118865
Saint Lucia,LCA,1992,3996.702156
Saint Lucia,LCA,1993,4037.227533
Saint Lucia,LCA,1994,4100.589473
Saint Lucia,LCA,1995,3832.573536
Saint Lucia,LCA,1996,3687.60823
Saint Lucia,LCA,1997,3645.648078
Saint Lucia,LCA,1998,3692.741076
Saint Lucia,LCA,1999,3560.83987
Saint Lucia,LCA,2000,3609.667647
Saint Lucia,LCA,2001,3636.627467
Saint Lucia,LCA,2002,3724.941198
Saint Lucia,LCA,2003,3658.32894
Saint Lucia,LCA,2004,3635.509877
Saint Lucia,LCA,2005,3568.235758
Saint Lucia,LCA,2006,3442.761105
Saint Lucia,LCA,2007,3461.055348
Saint Lucia,LCA,2008,3348.860989
Saint Lucia,LCA,2009,3473.104817
Saint Lucia,LCA,2010,3924.283486
Saint Lucia,LCA,2011,3549.881437
Saint Lucia,LCA,2012,3547.403682
Saint Lucia,LCA,2013,3687.952495
Saint Lucia,LCA,2014,3459.596712
Saint Lucia,LCA,2015,3460.484662
Saint Lucia,LCA,2016,3379.973539
Saint Lucia,LCA,2017,3360.466462
Saint Lucia,LCA,2018,3330.709846
Saint Lucia,LCA,2019,3307.500236
Saint Vincent and the Grenadines,VCT,1990,3800.847185
Saint Vincent and the Grenadines,VCT,1991,3775.850118
Saint Vincent and the Grenadines,VCT,1992,3850.739769
Saint Vincent and the Grenadines,VCT,1993,3675.369851
Saint Vincent and the Grenadines,VCT,1994,3693.4222
Saint Vincent and the Grenadines,VCT,1995,3873.671684
Saint Vincent and the Grenadines,VCT,1996,3694.514537
Saint Vincent and the Grenadines,VCT,1997,3680.481867
Saint Vincent and the Grenadines,VCT,1998,3721.154704
Saint Vincent and the Grenadines,VCT,1999,3570.70233
Saint Vincent and the Grenadines,VCT,2000,3484.784885
Saint Vincent and the Grenadines,VCT,2001,3473.36417
Saint Vincent and the Grenadines,VCT,2002,3882.856245
Saint Vincent and the Grenadines,VCT,2003,3429.261918
Saint Vincent and the Grenadines,VCT,2004,3577.246489
Saint Vincent and the Grenadines,VCT,2005,3855.9373
Saint Vincent and the Grenadines,VCT,2006,3683.816895
Saint Vincent and the Grenadines,VCT,2007,3737.416172
Saint Vincent and the Grenadines,VCT,2008,3591.880808
Saint Vincent and the Grenadines,VCT,2009,3606.335973
Saint Vincent and the Grenadines,VCT,2010,3364.958194
Saint Vincent and the Grenadines,VCT,2011,3200.706243
Saint Vincent and the Grenadines,VCT,2012,3236.840769
Saint Vincent and the Grenadines,VCT,2013,3978.35321
Saint Vincent and the Grenadines,VCT,2014,3327.617147
Saint Vincent and the Grenadines,VCT,2015,3297.572215
Saint Vincent and the Grenadines,VCT,2016,3429.331139
Saint Vincent and the Grenadines,VCT,2017,3383.188187
Saint Vincent and the Grenadines,VCT,2018,3353.350915
Saint Vincent and the Grenadines,VCT,2019,3320.000673
Samoa,WSM,1990,4166.840969
Samoa,WSM,1991,4325.843714
Samoa,WSM,1992,3864.576853
Samoa,WSM,1993,3857.725356
Samoa,WSM,1994,3851.206034
Samoa,WSM,1995,3840.868927
Samoa,WSM,1996,3820.127037
Samoa,WSM,1997,3807.683039
Samoa,WSM,1998,3786.480668
Samoa,WSM,1999,3796.95492
Samoa,WSM,2000,3767.565612
Samoa,WSM,2001,3727.036655
Samoa,WSM,2002,3677.845113
Samoa,WSM,2003,3638.247887
Samoa,WSM,2004,3639.141345
Samoa,WSM,2005,3874.312553
Samoa,WSM,2006,3566.217403
Samoa,WSM,2007,3527.310363
Samoa,WSM,2008,3486.515407
Samoa,WSM,2009,8195.171764
Samoa,WSM,2010,3537.593013
Samoa,WSM,2011,3517.03148
Samoa,WSM,2012,3865.39466
Samoa,WSM,2013,3488.446451
Samoa,WSM,2014,3465.375916
Samoa,WSM,2015,3453.195937
Samoa,WSM,2016,3444.911305
Samoa,WSM,2017,3429.634057
Samoa,WSM,2018,3413.059461
Samoa,WSM,2019,3333.531179
San Marino,SMR,1990,2312.4507
San Marino,SMR,1991,2281.607522
San Marino,SMR,1992,2252.840314
San Marino,SMR,1993,2224.79553
San Marino,SMR,1994,2207.753612
San Marino,SMR,1995,2164.242059
San Marino,SMR,1996,2129.953572
San Marino,SMR,1997,2096.350024
San Marino,SMR,1998,2067.888147
San Marino,SMR,1999,2036.57854
San Marino,SMR,2000,2013.326562
San Marino,SMR,2001,1978.80453
San Marino,SMR,2002,1946.538067
San Marino,SMR,2003,1913.995961
San Marino,SMR,2004,1900.326587
San Marino,SMR,2005,1885.178053
San Marino,SMR,2006,1873.834861
San Marino,SMR,2007,1859.571154
San Marino,SMR,2008,1845.564018
San Marino,SMR,2009,1839.305153
San Marino,SMR,2010,1829.787202
San Marino,SMR,2011,1826.147474
San Marino,SMR,2012,1827.190106
San Marino,SMR,2013,1830.501428
San Marino,SMR,2014,1834.814285
San Marino,SMR,2015,1838.526741
San Marino,SMR,2016,1859.491496
San Marino,SMR,2017,1878.676646
San Marino,SMR,2018,1880.051427
San Marino,SMR,2019,1875.107294
Sao Tome and Principe,STP,1990,2977.166973
Sao Tome and Principe,STP,1991,2976.946569
Sao Tome and Principe,STP,1992,2985.476979
Sao Tome and Principe,STP,1993,2898.250283
Sao Tome and Principe,STP,1994,2908.535895
Sao Tome and Principe,STP,1995,2878.560219
Sao Tome and Principe,STP,1996,2930.845131
Sao Tome and Principe,STP,1997,2959.209565
Sao Tome and Principe,STP,1998,2989.334523
Sao Tome and Principe,STP,1999,2992.186253
Sao Tome and Principe,STP,2000,2683.964989
Sao Tome and Principe,STP,2001,2653.245278
Sao Tome and Principe,STP,2002,2816.613748
Sao Tome and Principe,STP,2003,2560.830218
Sao Tome and Principe,STP,2004,2807.477566
Sao Tome and Principe,STP,2005,2473.799317
Sao Tome and Principe,STP,2006,2693.037037
Sao Tome and Principe,STP,2007,3184.225841
Sao Tome and Principe,STP,2008,3302.595466
Sao Tome and Principe,STP,2009,2548.683439
Sao Tome and Principe,STP,2010,2585.208399
Sao Tome and Principe,STP,2011,2422.543262
Sao Tome and Principe,STP,2012,2368.511432
Sao Tome and Principe,STP,2013,2414.926185
Sao Tome and Principe,STP,2014,2558.539892
Sao Tome and Principe,STP,2015,2530.161702
Sao Tome and Principe,STP,2016,2498.272899
Sao Tome and Principe,STP,2017,2492.469901
Sao Tome and Principe,STP,2018,2464.397089
Sao Tome and Principe,STP,2019,2434.862493
Saudi Arabia,SAU,1990,7345.403383
Saudi Arabia,SAU,1991,6915.619096
Saudi Arabia,SAU,1992,6672.672135
Saudi Arabia,SAU,1993,6570.935312
Saudi Arabia,SAU,1994,6542.149045
Saudi Arabia,SAU,1995,6492.676491
Saudi Arabia,SAU,1996,6358.552753
Saudi Arabia,SAU,1997,6418.157284
Saudi Arabia,SAU,1998,6209.660662
Saudi Arabia,SAU,1999,6164.342088
Saudi Arabia,SAU,2000,6079.975372
Saudi Arabia,SAU,2001,6055.263287
Saudi Arabia,SAU,2002,6048.747154
Saudi Arabia,SAU,2003,6075.462779
Saudi Arabia,SAU,2004,6064.547599
Saudi Arabia,SAU,2005,6107.827387
Saudi Arabia,SAU,2006,6198.777278
Saudi Arabia,SAU,2007,6183.543275
Saudi Arabia,SAU,2008,6162.317524
Saudi Arabia,SAU,2009,6141.972814
Saudi Arabia,SAU,2010,6098.09375
Saudi Arabia,SAU,2011,6015.416678
Saudi Arabia,SAU,2012,5930.481499
Saudi Arabia,SAU,2013,5796.1586
Saudi Arabia,SAU,2014,5711.033306
Saudi Arabia,SAU,2015,6006.965779
Saudi Arabia,SAU,2016,5492.973887
Saudi Arabia,SAU,2017,5326.321756
Saudi Arabia,SAU,2018,5242.582402
Saudi Arabia,SAU,2019,5154.310845
Scotland,,1990,2597.106974
Scotland,,1991,2550.042056
Scotland,,1992,2512.971529
Scotland,,1993,2485.661254
Scotland,,1994,2482.714092
Scotland,,1995,2441.977484
Scotland,,1996,2414.790186
Scotland,,1997,2352.586436
Scotland,,1998,2338.464618
Scotland,,1999,2331.808053
Scotland,,2000,2247.427122
Scotland,,2001,2235.551878
Scotland,,2002,2214.002546
Scotland,,2003,2143.639912
Scotland,,2004,2078.021705
Scotland,,2005,2024.775736
Scotland,,2006,2075.751016
Scotland,,2007,2082.030501
Scotland,,2008,2043.117555
Scotland,,2009,2003.688293
Scotland,,2010,1928.591662
Scotland,,2011,1883.492268
Scotland,,2012,1824.671631
Scotland,,2013,1780.273088
Scotland,,2014,1721.928975
Scotland,,2015,1731.592272
Scotland,,2016,1798.628301
Scotland,,2017,1833.49996
Scotland,,2018,1830.512346
Scotland,,2019,1815.57604
Senegal,SEN,1990,3676.964399
Senegal,SEN,1991,3559.722399
Senegal,SEN,1992,3716.398162
Senegal,SEN,1993,3603.237204
Senegal,SEN,1994,3376.730073
Senegal,SEN,1995,3479.028793
Senegal,SEN,1996,3125.202821
Senegal,SEN,1997,3331.68632
Senegal,SEN,1998,3291.927921
Senegal,SEN,1999,3125.823334
Senegal,SEN,2000,2881.818115
Senegal,SEN,2001,3393.738872
Senegal,SEN,2002,4054.326166
Senegal,SEN,2003,3093.427793
Senegal,SEN,2004,3213.13673
Senegal,SEN,2005,3156.137708
Senegal,SEN,2006,3149.435356
Senegal,SEN,2007,3033.498382
Senegal,SEN,2008,3003.47477
Senegal,SEN,2009,3011.207759
Senegal,SEN,2010,2740.890125
Senegal,SEN,2011,2758.273979
Senegal,SEN,2012,2685.558641
Senegal,SEN,2013,2704.405187
Senegal,SEN,2014,2801.093957
Senegal,SEN,2015,2765.828034
Senegal,SEN,2016,2787.163544
Senegal,SEN,2017,2767.283116
Senegal,SEN,2018,2685.536873
Senegal,SEN,2019,2637.657924
Serbia,SRB,1990,4307.879315
Serbia,SRB,1991,6158.598014
Serbia,SRB,1992,4310.497751
Serbia,SRB,1993,4060.230421
Serbia,SRB,1994,4103.17837
Serbia,SRB,1995,4076.693863
Serbia,SRB,1996,4050.561
Serbia,SRB,1997,4063.484019
Serbia,SRB,1998,4822.99119
Serbia,SRB,1999,9706.154344
Serbia,SRB,2000,4087.10046
Serbia,SRB,2001,3721.262572
Serbia,SRB,2002,3592.265057
Serbia,SRB,2003,3499.580401
Serbia,SRB,2004,3424.888737
Serbia,SRB,2005,3313.129802
Serbia,SRB,2006,3201.347703
Serbia,SRB,2007,3074.293319
Serbia,SRB,2008,3004.287929
Serbia,SRB,2009,2943.353307
Serbia,SRB,2010,2832.713744
Serbia,SRB,2011,2773.422198
Serbia,SRB,2012,2680.307054
Serbia,SRB,2013,2633.551497
Serbia,SRB,2014,2627.911356
Serbia,SRB,2015,2579.711765
Serbia,SRB,2016,2546.739661
Serbia,SRB,2017,2565.404034
Serbia,SRB,2018,2582.238759
Serbia,SRB,2019,2577.672978
Seychelles,SYC,1990,3350.325195
Seychelles,SYC,1991,3261.933419
Seychelles,SYC,1992,3237.198344
Seychelles,SYC,1993,3241.750198
Seychelles,SYC,1994,3477.681621
Seychelles,SYC,1995,3459.595178
Seychelles,SYC,1996,3413.320423
Seychelles,SYC,1997,3660.400134
Seychelles,SYC,1998,3259.125827
Seychelles,SYC,1999,3185.991466
Seychelles,SYC,2000,3096.707781
Seychelles,SYC,2001,3062.835352
Seychelles,SYC,2002,3107.12805
Seychelles,SYC,2003,3158.55449
Seychelles,SYC,2004,3276.485395
Seychelles,SYC,2005,2946.962738
Seychelles,SYC,2006,2905.344879
Seychelles,SYC,2007,2825.82406
Seychelles,SYC,2008,2664.824787
Seychelles,SYC,2009,2646.126849
Seychelles,SYC,2010,2757.690315
Seychelles,SYC,2011,2799.502233
Seychelles,SYC,2012,2696.451505
Seychelles,SYC,2013,2682.420423
Seychelles,SYC,2014,2750.301409
Seychelles,SYC,2015,2799.495075
Seychelles,SYC,2016,2849.032245
Seychelles,SYC,2017,2793.299376
Seychelles,SYC,2018,2783.67414
Seychelles,SYC,2019,2773.09047
Sierra Leone,SLE,1990,4372.249258
Sierra Leone,SLE,1991,6695.455081
Sierra Leone,SLE,1992,5468.450537
Sierra Leone,SLE,1993,5345.865406
Sierra Leone,SLE,1994,8024.774594
Sierra Leone,SLE,1995,9461.938912
Sierra Leone,SLE,1996,6227.282796
Sierra Leone,SLE,1997,6325.208428
Sierra Leone,SLE,1998,12368.79881
Sierra Leone,SLE,1999,11426.76098
Sierra Leone,SLE,2000,6036.445205
Sierra Leone,SLE,2001,4317.589763
Sierra Leone,SLE,2002,4197.532378
Sierra Leone,SLE,2003,4217.918496
Sierra Leone,SLE,2004,4357.48699
Sierra Leone,SLE,2005,4381.556234
Sierra Leone,SLE,2006,4358.907931
Sierra Leone,SLE,2007,4539.221977
Sierra Leone,SLE,2008,4177.586885
Sierra Leone,SLE,2009,4358.239245
Sierra Leone,SLE,2010,4144.413288
Sierra Leone,SLE,2011,4083.950274
Sierra Leone,SLE,2012,4030.072092
Sierra Leone,SLE,2013,4027.458192
Sierra Leone,SLE,2014,3974.794644
Sierra Leone,SLE,2015,3844.643013
Sierra Leone,SLE,2016,3794.259749
Sierra Leone,SLE,2017,4802.217862
Sierra Leone,SLE,2018,3775.551326
Sierra Leone,SLE,2019,3705.198102
Singapore,SGP,1990,2413.55868
Singapore,SGP,1991,2385.608111
Singapore,SGP,1992,2338.136146
Singapore,SGP,1993,2276.557403
Singapore,SGP,1994,2247.278442
Singapore,SGP,1995,2220.271105
Singapore,SGP,1996,2190.734773
Singapore,SGP,1997,2163.945964
Singapore,SGP,1998,2087.172317
Singapore,SGP,1999,2011.386789
Singapore,SGP,2000,1963.330787
Singapore,SGP,2001,1894.974363
Singapore,SGP,2002,1843.466713
Singapore,SGP,2003,1791.156502
Singapore,SGP,2004,1725.590915
Singapore,SGP,2005,1655.742256
Singapore,SGP,2006,1629.299372
Singapore,SGP,2007,1609.348216
Singapore,SGP,2008,1589.243741
Singapore,SGP,2009,1547.032839
Singapore,SGP,2010,1501.209504
Singapore,SGP,2011,1468.788109
Singapore,SGP,2012,1449.910909
Singapore,SGP,2013,1418.422203
Singapore,SGP,2014,1388.695724
Singapore,SGP,2015,1373.631784
Singapore,SGP,2016,1378.944839
Singapore,SGP,2017,1384.92091
Singapore,SGP,2018,1377.594033
Singapore,SGP,2019,1359.923971
Slovakia,SVK,1990,4848.660014
Slovakia,SVK,1991,4763.847749
Slovakia,SVK,1992,4629.010901
Slovakia,SVK,1993,4412.374125
Slovakia,SVK,1994,4264.825896
Slovakia,SVK,1995,4226.288825
Slovakia,SVK,1996,4086.74283
Slovakia,SVK,1997,4133.41956
Slovakia,SVK,1998,4174.419356
Slovakia,SVK,1999,4005.800835
Slovakia,SVK,2000,3903.512701
Slovakia,SVK,2001,3820.055144
Slovakia,SVK,2002,3797.933175
Slovakia,SVK,2003,3762.41132
Slovakia,SVK,2004,3641.782453
Slovakia,SVK,2005,3636.739862
Slovakia,SVK,2006,3569.152484
Slovakia,SVK,2007,3574.30002
Slovakia,SVK,2008,3518.693666
Slovakia,SVK,2009,3433.765337
Slovakia,SVK,2010,3327.939203
Slovakia,SVK,2011,3283.799428
Slovakia,SVK,2012,3197.711251
Slovakia,SVK,2013,3105.23095
Slovakia,SVK,2014,3086.076038
Slovakia,SVK,2015,3108.22593
Slovakia,SVK,2016,3025.32474
Slovakia,SVK,2017,3017.884469
Slovakia,SVK,2018,3024.088713
Slovakia,SVK,2019,3016.749694
Slovenia,SVN,1990,5268.793412
Slovenia,SVN,1991,5220.543497
Slovenia,SVN,1992,5025.684364
Slovenia,SVN,1993,4924.868753
Slovenia,SVN,1994,4885.297169
Slovenia,SVN,1995,4802.348135
Slovenia,SVN,1996,4767.891938
Slovenia,SVN,1997,4735.63105
Slovenia,SVN,1998,4642.18849
Slovenia,SVN,1999,4528.747876
Slovenia,SVN,2000,4413.531116
Slovenia,SVN,2001,4431.063973
Slovenia,SVN,2002,4319.234048
Slovenia,SVN,2003,4336.179104
Slovenia,SVN,2004,4229.273843
Slovenia,SVN,2005,4070.226682
Slovenia,SVN,2006,4091.185903
Slovenia,SVN,2007,4028.15687
Slovenia,SVN,2008,3849.335408
Slovenia,SVN,2009,3677.370581
Slovenia,SVN,2010,3570.115532
Slovenia,SVN,2011,3439.310495
Slovenia,SVN,2012,3364.162934
Slovenia,SVN,2013,3274.166625
Slovenia,SVN,2014,3099.35193
Slovenia,SVN,2015,3138.800687
Slovenia,SVN,2016,3146.524032
Slovenia,SVN,2017,3162.834345
Slovenia,SVN,2018,3100.900972
Slovenia,SVN,2019,2994.511325
Solomon Islands,SLB,1990,7086.415625
Solomon Islands,SLB,1991,7688.819381
Solomon Islands,SLB,1992,7069.706605
Solomon Islands,SLB,1993,7106.668345
Solomon Islands,SLB,1994,7024.094777
Solomon Islands,SLB,1995,6984.986297
Solomon Islands,SLB,1996,6969.706267
Solomon Islands,SLB,1997,6970.966728
Solomon Islands,SLB,1998,7063.187525
Solomon Islands,SLB,1999,7125.66246
Solomon Islands,SLB,2000,7159.234152
Solomon Islands,SLB,2001,7211.957929
Solomon Islands,SLB,2002,7236.548433
Solomon Islands,SLB,2003,7209.694208
Solomon Islands,SLB,2004,7134.428969
Solomon Islands,SLB,2005,7103.543431
Solomon Islands,SLB,2006,7108.056786
Solomon Islands,SLB,2007,7698.866007
Solomon Islands,SLB,2008,6849.379909
Solomon Islands,SLB,2009,7138.392579
Solomon Islands,SLB,2010,6843.726028
Solomon Islands,SLB,2011,6859.895435
Solomon Islands,SLB,2012,6777.677488
Solomon Islands,SLB,2013,6837.412055
Solomon Islands,SLB,2014,7152.818843
Solomon Islands,SLB,2015,6747.831628
Solomon Islands,SLB,2016,6542.128663
Solomon Islands,SLB,2017,6518.611263
Solomon Islands,SLB,2018,6469.483379
Solomon Islands,SLB,2019,6398.327389
Somalia,SOM,1990,7669.597423
Somalia,SOM,1991,12773.71244
Somalia,SOM,1992,9395.420203
Somalia,SOM,1993,5688.872883
Somalia,SOM,1994,5963.864896
Somalia,SOM,1995,5740.255186
Somalia,SOM,1996,6112.739231
Somalia,SOM,1997,7530.594852
Somalia,SOM,1998,5876.545099
Somalia,SOM,1999,5888.912427
Somalia,SOM,2000,5617.277761
Somalia,SOM,2001,5816.4841
Somalia,SOM,2002,5858.966379
Somalia,SOM,2003,5877.995052
Somalia,SOM,2004,6599.553213
Somalia,SOM,2005,5756.97033
Somalia,SOM,2006,5918.882926
Somalia,SOM,2007,6476.736538
Somalia,SOM,2008,6597.744798
Somalia,SOM,2009,6668.972506
Somalia,SOM,2010,7131.125163
Somalia,SOM,2011,6676.604591
Somalia,SOM,2012,7091.301253
Somalia,SOM,2013,6320.234235
Somalia,SOM,2014,6102.246607
Somalia,SOM,2015,5996.082235
Somalia,SOM,2016,6347.836086
Somalia,SOM,2017,6931.497059
Somalia,SOM,2018,6471.365128
Somalia,SOM,2019,5739.72442
South Africa,ZAF,1990,9783.009397
South Africa,ZAF,1991,9629.114244
South Africa,ZAF,1992,9926.043583
South Africa,ZAF,1993,9166.923846
South Africa,ZAF,1994,9169.190263
South Africa,ZAF,1995,8907.390985
South Africa,ZAF,1996,8540.636488
South Africa,ZAF,1997,9086.500226
South Africa,ZAF,1998,9224.35758
South Africa,ZAF,1999,8965.641535
South Africa,ZAF,2000,9122.306714
South Africa,ZAF,2001,8861.613297
South Africa,ZAF,2002,8920.060387
South Africa,ZAF,2003,8997.194346
South Africa,ZAF,2004,8812.320416
South Africa,ZAF,2005,8522.697889
South Africa,ZAF,2006,8262.148785
South Africa,ZAF,2007,7770.462745
South Africa,ZAF,2008,7386.911036
South Africa,ZAF,2009,6956.515829
South Africa,ZAF,2010,6545.835141
South Africa,ZAF,2011,6040.071964
South Africa,ZAF,2012,5809.767131
South Africa,ZAF,2013,5586.325434
South Africa,ZAF,2014,5527.775532
South Africa,ZAF,2015,5403.178645
South Africa,ZAF,2016,5151.052896
South Africa,ZAF,2017,5157.600005
South Africa,ZAF,2018,5286.754573
South Africa,ZAF,2019,5331.408318
South Asia (WB),,1990,5524.404144
South Asia (WB),,1991,6220.473009
South Asia (WB),,1992,5467.554779
South Asia (WB),,1993,5427.460244
South Asia (WB),,1994,5337.629173
South Asia (WB),,1995,5297.339565
South Asia (WB),,1996,5227.143604
South Asia (WB),,1997,5313.083026
South Asia (WB),,1998,5418.780795
South Asia (WB),,1999,5330.528321
South Asia (WB),,2000,5238.431069
South Asia (WB),,2001,5215.862259
South Asia (WB),,2002,4980.409722
South Asia (WB),,2003,4790.345926
South Asia (WB),,2004,4904.035389
South Asia (WB),,2005,5017.546647
South Asia (WB),,2006,4710.370664
South Asia (WB),,2007,4682.281948
South Asia (WB),,2008,4655.069552
South Asia (WB),,2009,4555.439547
South Asia (WB),,2010,4518.080636
South Asia (WB),,2011,4406.227514
South Asia (WB),,2012,4306.907888
South Asia (WB),,2013,4177.338109
South Asia (WB),,2014,3990.020184
South Asia (WB),,2015,3939.863776
South Asia (WB),,2016,3837.78382
South Asia (WB),,2017,3769.17304
South Asia (WB),,2018,3831.567145
South Asia (WB),,2019,3805.542332
South Korea,KOR,1990,4960.859727
South Korea,KOR,1991,4964.124315
South Korea,KOR,1992,4883.843581
South Korea,KOR,1993,4846.186361
South Korea,KOR,1994,4801.009763
South Korea,KOR,1995,4760.829736
South Korea,KOR,1996,4579.553503
South Korea,KOR,1997,4379.905528
South Korea,KOR,1998,4220.3245
South Korea,KOR,1999,3913.323864
South Korea,KOR,2000,3744.400877
South Korea,KOR,2001,3579.72477
South Korea,KOR,2002,3502.782639
South Korea,KOR,2003,3465.49645
South Korea,KOR,2004,3307.231951
South Korea,KOR,2005,3209.392566
South Korea,KOR,2006,3117.029474
South Korea,KOR,2007,3084.189046
South Korea,KOR,2008,3068.645715
South Korea,KOR,2009,3053.219121
South Korea,KOR,2010,2993.291672
South Korea,KOR,2011,2892.20867
South Korea,KOR,2012,2770.309197
South Korea,KOR,2013,2669.319567
South Korea,KOR,2014,2608.160864
South Korea,KOR,2015,2484.363969
South Korea,KOR,2016,2435.948722
South Korea,KOR,2017,2433.441133
South Korea,KOR,2018,2440.323553
South Korea,KOR,2019,2439.927165
South Sudan,SSD,1990,4191.910268
South Sudan,SSD,1991,4116.554434
South Sudan,SSD,1992,4114.094198
South Sudan,SSD,1993,4113.459128
South Sudan,SSD,1994,4078.870669
South Sudan,SSD,1995,4222.416613
South Sudan,SSD,1996,4140.522484
South Sudan,SSD,1997,10107.30115
South Sudan,SSD,1998,8267.620865
South Sudan,SSD,1999,6447.115378
South Sudan,SSD,2000,5529.5154
South Sudan,SSD,2001,4532.062888
South Sudan,SSD,2002,4428.302152
South Sudan,SSD,2003,4412.506408
South Sudan,SSD,2004,3808.15904
South Sudan,SSD,2005,3726.547396
South Sudan,SSD,2006,4234.738429
South Sudan,SSD,2007,4020.023765
South Sudan,SSD,2008,3801.919452
South Sudan,SSD,2009,5282.597232
South Sudan,SSD,2010,4086.495539
South Sudan,SSD,2011,4939.233716
South Sudan,SSD,2012,4376.550884
South Sudan,SSD,2013,5897.436497
South Sudan,SSD,2014,6332.127947
South Sudan,SSD,2015,5316.251422
South Sudan,SSD,2016,5118.042285
South Sudan,SSD,2017,5405.042401
South Sudan,SSD,2018,4815.38605
South Sudan,SSD,2019,4020.182223
South-East Asia Region (WHO),,1990,5497.570759
South-East Asia Region (WHO),,1991,6076.110941
South-East Asia Region (WHO),,1992,5416.101397
South-East Asia Region (WHO),,1993,5362.247539
South-East Asia Region (WHO),,1994,5259.88871
South-East Asia Region (WHO),,1995,5232.103165
South-East Asia Region (WHO),,1996,5173.32875
South-East Asia Region (WHO),,1997,5196.196533
South-East Asia Region (WHO),,1998,5211.030009
South-East Asia Region (WHO),,1999,5202.808166
South-East Asia Region (WHO),,2000,5094.274361
South-East Asia Region (WHO),,2001,5047.037253
South-East Asia Region (WHO),,2002,4831.414086
South-East Asia Region (WHO),,2003,4638.525077
South-East Asia Region (WHO),,2004,5291.18908
South-East Asia Region (WHO),,2005,4529.743235
South-East Asia Region (WHO),,2006,4494.403906
South-East Asia Region (WHO),,2007,4414.127403
South-East Asia Region (WHO),,2008,4790.195039
South-East Asia Region (WHO),,2009,4256.714157
South-East Asia Region (WHO),,2010,4187.59992
South-East Asia Region (WHO),,2011,4102.728543
South-East Asia Region (WHO),,2012,3990.469428
South-East Asia Region (WHO),,2013,3859.566593
South-East Asia Region (WHO),,2014,3661.198671
South-East Asia Region (WHO),,2015,3591.812112
South-East Asia Region (WHO),,2016,3488.812115
South-East Asia Region (WHO),,2017,3474.649413
South-East Asia Region (WHO),,2018,3506.51254
South-East Asia Region (WHO),,2019,3481.334416
Spain,ESP,1990,3000.635343
Spain,ESP,1991,2939.00305
Spain,ESP,1992,2796.438604
Spain,ESP,1993,2657.484113
Spain,ESP,1994,2567.062233
Spain,ESP,1995,2500.819776
Spain,ESP,1996,2467.539722
Spain,ESP,1997,2438.153025
Spain,ESP,1998,2419.427549
Spain,ESP,1999,2404.569579
Spain,ESP,2000,2377.220248
Spain,ESP,2001,2320.150992
Spain,ESP,2002,2283.241292
Spain,ESP,2003,2261.313181
Spain,ESP,2004,2228.770566
Spain,ESP,2005,2099.354346
Spain,ESP,2006,2013.024738
Spain,ESP,2007,1940.444664
Spain,ESP,2008,1871.900352
Spain,ESP,2009,1747.403539
Spain,ESP,2010,1666.549811
Spain,ESP,2011,1613.629607
Spain,ESP,2012,1558.707882
Spain,ESP,2013,1511.166138
Spain,ESP,2014,1480.42661
Spain,ESP,2015,1473.9791
Spain,ESP,2016,1477.256605
Spain,ESP,2017,1493.639306
Spain,ESP,2018,1523.587697
Spain,ESP,2019,1568.049577
Sri Lanka,LKA,1990,7607.870736
Sri Lanka,LKA,1991,7737.576885
Sri Lanka,LKA,1992,6873.966659
Sri Lanka,LKA,1993,5633.905091
Sri Lanka,LKA,1994,5414.93612
Sri Lanka,LKA,1995,7430.585032
Sri Lanka,LKA,1996,7296.14106
Sri Lanka,LKA,1997,7074.36273
Sri Lanka,LKA,1998,6986.698389
Sri Lanka,LKA,1999,6140.655572
Sri Lanka,LKA,2000,6443.970548
Sri Lanka,LKA,2001,5460.404629
Sri Lanka,LKA,2002,4673.087659
Sri Lanka,LKA,2003,4614.711057
Sri Lanka,LKA,2004,14241.14367
Sri Lanka,LKA,2005,4652.305349
Sri Lanka,LKA,2006,5284.692029
Sri Lanka,LKA,2007,5006.507512
Sri Lanka,LKA,2008,6609.340457
Sri Lanka,LKA,2009,6804.311375
Sri Lanka,LKA,2010,5961.776577
Sri Lanka,LKA,2011,3507.861297
Sri Lanka,LKA,2012,3363.026516
Sri Lanka,LKA,2013,3213.919568
Sri Lanka,LKA,2014,3225.85961
Sri Lanka,LKA,2015,3198.302264
Sri Lanka,LKA,2016,3265.503603
Sri Lanka,LKA,2017,3275.053176
Sri Lanka,LKA,2018,3258.100787
Sri Lanka,LKA,2019,3291.641317
Sub-Saharan Africa (WB),,1990,6021.63236
Sub-Saharan Africa (WB),,1991,5523.902516
Sub-Saharan Africa (WB),,1992,5243.355577
Sub-Saharan Africa (WB),,1993,5243.818468
Sub-Saharan Africa (WB),,1994,10414.90873
Sub-Saharan Africa (WB),,1995,5149.295101
Sub-Saharan Africa (WB),,1996,5389.427545
Sub-Saharan Africa (WB),,1997,5521.190751
Sub-Saharan Africa (WB),,1998,5534.978385
Sub-Saharan Africa (WB),,1999,5721.615012
Sub-Saharan Africa (WB),,2000,5564.057903
Sub-Saharan Africa (WB),,2001,4973.212903
Sub-Saharan Africa (WB),,2002,5025.151592
Sub-Saharan Africa (WB),,2003,4931.666708
Sub-Saharan Africa (WB),,2004,4838.500728
Sub-Saharan Africa (WB),,2005,4633.998656
Sub-Saharan Africa (WB),,2006,4502.380675
Sub-Saharan Africa (WB),,2007,4399.441855
Sub-Saharan Africa (WB),,2008,4331.714675
Sub-Saharan Africa (WB),,2009,4310.309802
Sub-Saharan Africa (WB),,2010,4145.433137
Sub-Saharan Africa (WB),,2011,4080.744612
Sub-Saharan Africa (WB),,2012,4000.168171
Sub-Saharan Africa (WB),,2013,4006.475602
Sub-Saharan Africa (WB),,2014,4011.507274
Sub-Saharan Africa (WB),,2015,3925.515499
Sub-Saharan Africa (WB),,2016,3812.019399
Sub-Saharan Africa (WB),,2017,3807.336013
Sub-Saharan Africa (WB),,2018,3729.948188
Sub-Saharan Africa (WB),,2019,3597.797143
Sudan,SDN,1990,7610.212195
Sudan,SDN,1991,7142.259008
Sudan,SDN,1992,6838.659347
Sudan,SDN,1993,7224.571767
Sudan,SDN,1994,5716.202477
Sudan,SDN,1995,5712.082764
Sudan,SDN,1996,5961.337739
Sudan,SDN,1997,6433.292066
Sudan,SDN,1998,6515.007819
Sudan,SDN,1999,5326.182393
Sudan,SDN,2000,5505.682114
Sudan,SDN,2001,5392.185868
Sudan,SDN,2002,5911.667574
Sudan,SDN,2003,6201.906595
Sudan,SDN,2004,7087.230142
Sudan,SDN,2005,4899.541572
Sudan,SDN,2006,4900.486484
Sudan,SDN,2007,4716.130888
Sudan,SDN,2008,4582.045783
Sudan,SDN,2009,4803.716447
Sudan,SDN,2010,4314.146328
Sudan,SDN,2011,4728.357209
Sudan,SDN,2012,4072.956763
Sudan,SDN,2013,4201.708464
Sudan,SDN,2014,4064.679501
Sudan,SDN,2015,4019.665419
Sudan,SDN,2016,3838.907179
Sudan,SDN,2017,3470.239221
Sudan,SDN,2018,3462.916073
Sudan,SDN,2019,3223.74698
Suriname,SUR,1990,5088.295638
Suriname,SUR,1991,5231.593312
Suriname,SUR,1992,5377.393486
Suriname,SUR,1993,5595.893433
Suriname,SUR,1994,5289.721821
Suriname,SUR,1995,4667.992679
Suriname,SUR,1996,4359.192082
Suriname,SUR,1997,4322.29167
Suriname,SUR,1998,4488.126866
Suriname,SUR,1999,4592.239748
Suriname,SUR,2000,4302.368228
Suriname,SUR,2001,4297.017647
Suriname,SUR,2002,4285.253671
Suriname,SUR,2003,4429.668612
Suriname,SUR,2004,4487.164834
Suriname,SUR,2005,4437.437554
Suriname,SUR,2006,4453.602697
Suriname,SUR,2007,4491.353724
Suriname,SUR,2008,4702.137087
Suriname,SUR,2009,4463.695278
Suriname,SUR,2010,4431.055759
Suriname,SUR,2011,4307.463025
Suriname,SUR,2012,4140.053477
Suriname,SUR,2013,4109.796818
Suriname,SUR,2014,4020.245297
Suriname,SUR,2015,4148.96471
Suriname,SUR,2016,4197.724417
Suriname,SUR,2017,4177.725376
Suriname,SUR,2018,4154.371307
Suriname,SUR,2019,4139.528555
Sweden,SWE,1990,2784.058519
Sweden,SWE,1991,2733.584427
Sweden,SWE,1992,2628.496594
Sweden,SWE,1993,2563.927155
Sweden,SWE,1994,2655.480851
Sweden,SWE,1995,2397.239044
Sweden,SWE,1996,2331.599808
Sweden,SWE,1997,2285.563649
Sweden,SWE,1998,2291.45006
Sweden,SWE,1999,2222.145619
Sweden,SWE,2000,2178.525604
Sweden,SWE,2001,2167.863204
Sweden,SWE,2002,2146.619563
Sweden,SWE,2003,2134.422926
Sweden,SWE,2004,2147.854739
Sweden,SWE,2005,2085.624559
Sweden,SWE,2006,2053.037451
Sweden,SWE,2007,2048.115348
Sweden,SWE,2008,2020.484097
Sweden,SWE,2009,1994.111889
Sweden,SWE,2010,1956.135981
Sweden,SWE,2011,1927.510729
Sweden,SWE,2012,1909.172521
Sweden,SWE,2013,1904.548599
Sweden,SWE,2014,1877.514399
Sweden,SWE,2015,1870.476675
Sweden,SWE,2016,1866.816664
Sweden,SWE,2017,1879.875217
Sweden,SWE,2018,1859.134573
Sweden,SWE,2019,1842.664678
Switzerland,CHE,1990,3718.841443
Switzerland,CHE,1991,3727.889392
Switzerland,CHE,1992,3672.989778
Switzerland,CHE,1993,3584.083999
Switzerland,CHE,1994,3501.463338
Switzerland,CHE,1995,3288.007994
Switzerland,CHE,1996,3145.214326
Switzerland,CHE,1997,3076.649666
Switzerland,CHE,1998,2993.513184
Switzerland,CHE,1999,2942.264294
Switzerland,CHE,2000,2917.22272
Switzerland,CHE,2001,2860.018835
Switzerland,CHE,2002,2762.096107
Switzerland,CHE,2003,2677.368626
Switzerland,CHE,2004,2602.086404
Switzerland,CHE,2005,2526.097924
Switzerland,CHE,2006,2439.320073
Switzerland,CHE,2007,2364.479538
Switzerland,CHE,2008,2290.066514
Switzerland,CHE,2009,2233.353648
Switzerland,CHE,2010,2141.696985
Switzerland,CHE,2011,2081.950526
Switzerland,CHE,2012,2032.046827
Switzerland,CHE,2013,1982.775186
Switzerland,CHE,2014,1921.234431
Switzerland,CHE,2015,1900.457159
Switzerland,CHE,2016,1889.443274
Switzerland,CHE,2017,1902.342157
Switzerland,CHE,2018,1919.765725
Switzerland,CHE,2019,1901.681573
Syria,SYR,1990,2730.256345
Syria,SYR,1991,2668.227647
Syria,SYR,1992,2656.569237
Syria,SYR,1993,2541.739371
Syria,SYR,1994,2507.704936
Syria,SYR,1995,2443.194934
Syria,SYR,1996,2394.533569
Syria,SYR,1997,2379.686589
Syria,SYR,1998,2348.326333
Syria,SYR,1999,2287.436687
Syria,SYR,2000,2173.85987
Syria,SYR,2001,2094.919327
Syria,SYR,2002,2088.46753
Syria,SYR,2003,1895.820687
Syria,SYR,2004,1841.312679
Syria,SYR,2005,1835.538149
Syria,SYR,2006,2094.936948
Syria,SYR,2007,1939.583944
Syria,SYR,2008,1866.599151
Syria,SYR,2009,1801.491938
Syria,SYR,2010,1816.141071
Syria,SYR,2011,5715.755489
Syria,SYR,2012,21955.6939
Syria,SYR,2013,20576.83117
Syria,SYR,2014,27209.06722
Syria,SYR,2015,22662.92126
Syria,SYR,2016,26448.25974
Syria,SYR,2017,17129.15247
Syria,SYR,2018,5783.275518
Syria,SYR,2019,4665.312082
Taiwan,TWN,1990,4483.232493
Taiwan,TWN,1991,4312.387678
Taiwan,TWN,1992,4217.457115
Taiwan,TWN,1993,4140.612854
Taiwan,TWN,1994,4092.304063
Taiwan,TWN,1995,4064.826597
Taiwan,TWN,1996,3959.962473
Taiwan,TWN,1997,3729.710726
Taiwan,TWN,1998,3558.046929
Taiwan,TWN,1999,3907.162409
Taiwan,TWN,2000,3300.640294
Taiwan,TWN,2001,3200.142813
Taiwan,TWN,2002,3038.159508
Taiwan,TWN,2003,2912.212082
Taiwan,TWN,2004,2907.874226
Taiwan,TWN,2005,2908.532059
Taiwan,TWN,2006,2763.257353
Taiwan,TWN,2007,2582.622933
Taiwan,TWN,2008,2453.454019
Taiwan,TWN,2009,2450.443982
Taiwan,TWN,2010,2225.834869
Taiwan,TWN,2011,2216.451263
Taiwan,TWN,2012,2139.124491
Taiwan,TWN,2013,2015.753512
Taiwan,TWN,2014,1984.540951
Taiwan,TWN,2015,1918.783805
Taiwan,TWN,2016,1945.595368
Taiwan,TWN,2017,1938.958729
Taiwan,TWN,2018,1980.065272
Taiwan,TWN,2019,1962.885934
Tajikistan,TJK,1990,4422.796477
Tajikistan,TJK,1991,4449.024451
Tajikistan,TJK,1992,10635.28619
Tajikistan,TJK,1993,21997.61564
Tajikistan,TJK,1994,6119.894126
Tajikistan,TJK,1995,5902.324234
Tajikistan,TJK,1996,8121.903939
Tajikistan,TJK,1997,5121.665242
Tajikistan,TJK,1998,5282.999809
Tajikistan,TJK,1999,4306.700708
Tajikistan,TJK,2000,4082.04876
Tajikistan,TJK,2001,3944.019058
Tajikistan,TJK,2002,3728.59717
Tajikistan,TJK,2003,3500.010753
Tajikistan,TJK,2004,3408.984884
Tajikistan,TJK,2005,3350.68958
Tajikistan,TJK,2006,3289.053256
Tajikistan,TJK,2007,3221.642158
Tajikistan,TJK,2008,3126.190017
Tajikistan,TJK,2009,3093.313685
Tajikistan,TJK,2010,3160.420621
Tajikistan,TJK,2011,2986.444148
Tajikistan,TJK,2012,2941.644871
Tajikistan,TJK,2013,2821.009849
Tajikistan,TJK,2014,2785.613546
Tajikistan,TJK,2015,2778.451994
Tajikistan,TJK,2016,2754.264681
Tajikistan,TJK,2017,2757.77837
Tajikistan,TJK,2018,2737.76103
Tajikistan,TJK,2019,2720.292433
Tanzania,TZA,1990,3754.810792
Tanzania,TZA,1991,3664.54239
Tanzania,TZA,1992,3577.428565
Tanzania,TZA,1993,3532.280967
Tanzania,TZA,1994,3491.548293
Tanzania,TZA,1995,3420.562657
Tanzania,TZA,1996,3556.229034
Tanzania,TZA,1997,3402.378284
Tanzania,TZA,1998,3382.00761
Tanzania,TZA,1999,3332.654879
Tanzania,TZA,2000,3256.652648
Tanzania,TZA,2001,3224.60617
Tanzania,TZA,2002,3292.220003
Tanzania,TZA,2003,3228.849375
Tanzania,TZA,2004,3219.222917
Tanzania,TZA,2005,3196.296178
Tanzania,TZA,2006,3239.064572
Tanzania,TZA,2007,3213.396346
Tanzania,TZA,2008,3169.10174
Tanzania,TZA,2009,3189.105475
Tanzania,TZA,2010,3142.666599
Tanzania,TZA,2011,3148.032842
Tanzania,TZA,2012,3132.036255
Tanzania,TZA,2013,3112.392716
Tanzania,TZA,2014,3010.698408
Tanzania,TZA,2015,3042.677637
Tanzania,TZA,2016,3009.809036
Tanzania,TZA,2017,3006.805266
Tanzania,TZA,2018,2977.112689
Tanzania,TZA,2019,2909.894058
Thailand,THA,1990,5817.700567
Thailand,THA,1991,5918.64147
Thailand,THA,1992,5942.0553
Thailand,THA,1993,6161.70981
Thailand,THA,1994,6494.29921
Thailand,THA,1995,6835.540685
Thailand,THA,1996,7025.89427
Thailand,THA,1997,6487.721392
Thailand,THA,1998,6112.702535
Thailand,THA,1999,6179.262687
Thailand,THA,2000,5990.68807
Thailand,THA,2001,5752.621174
Thailand,THA,2002,5707.105985
Thailand,THA,2003,5512.765327
Thailand,THA,2004,5792.55073
Thailand,THA,2005,4745.156118
Thailand,THA,2006,4491.446332
Thailand,THA,2007,4225.744783
Thailand,THA,2008,4051.462765
Thailand,THA,2009,3984.143632
Thailand,THA,2010,3964.528799
Thailand,THA,2011,3894.075751
Thailand,THA,2012,3760.498611
Thailand,THA,2013,3634.422323
Thailand,THA,2014,3519.900055
Thailand,THA,2015,3512.637585
Thailand,THA,2016,3579.780737
Thailand,THA,2017,3531.289728
Thailand,THA,2018,3527.899151
Thailand,THA,2019,3480.543679
Timor,TLS,1990,6048.521135
Timor,TLS,1991,7016.778074
Timor,TLS,1992,6535.648151
Timor,TLS,1993,7064.0944
Timor,TLS,1994,6382.841047
Timor,TLS,1995,6839.776485
Timor,TLS,1996,4087.192547
Timor,TLS,1997,7025.13448
Timor,TLS,1998,7108.890315
Timor,TLS,1999,21494.74001
Timor,TLS,2000,4631.405037
Timor,TLS,2001,4615.477175
Timor,TLS,2002,4561.178783
Timor,TLS,2003,4185.872398
Timor,TLS,2004,3479.337688
Timor,TLS,2005,3437.701188
Timor,TLS,2006,3541.04276
Timor,TLS,2007,3401.813905
Timor,TLS,2008,3004.365386
Timor,TLS,2009,3012.788834
Timor,TLS,2010,2975.047908
Timor,TLS,2011,3084.998654
Timor,TLS,2012,3148.856373
Timor,TLS,2013,3117.516424
Timor,TLS,2014,3108.226885
Timor,TLS,2015,3098.053231
Timor,TLS,2016,3099.04829
Timor,TLS,2017,3062.515866
Timor,TLS,2018,3032.705359
Timor,TLS,2019,2993.288129
Togo,TGO,1990,4107.368988
Togo,TGO,1991,4260.934308
Togo,TGO,1992,4152.017467
Togo,TGO,1993,4243.644273
Togo,TGO,1994,4264.551941
Togo,TGO,1995,4219.734987
Togo,TGO,1996,4212.798729
Togo,TGO,1997,4241.994072
Togo,TGO,1998,4264.220033
Togo,TGO,1999,4206.777767
Togo,TGO,2000,4154.315692
Togo,TGO,2001,4110.813575
Togo,TGO,2002,4141.131985
Togo,TGO,2003,4127.146322
Togo,TGO,2004,4029.152394
Togo,TGO,2005,4534.656351
Togo,TGO,2006,3936.330284
Togo,TGO,2007,3999.008542
Togo,TGO,2008,3974.96003
Togo,TGO,2009,4018.149021
Togo,TGO,2010,3994.628981
Togo,TGO,2011,3939.277067
Togo,TGO,2012,3798.792478
Togo,TGO,2013,3707.813858
Togo,TGO,2014,3749.255666
Togo,TGO,2015,3638.212201
Togo,TGO,2016,3638.141575
Togo,TGO,2017,3639.239575
Togo,TGO,2018,3553.454457
Togo,TGO,2019,3482.102576
Tokelau,TKL,1990,3416.149591
Tokelau,TKL,1991,3393.356998
Tokelau,TKL,1992,3376.864875
Tokelau,TKL,1993,3357.374547
Tokelau,TKL,1994,3334.314437
Tokelau,TKL,1995,3303.542311
Tokelau,TKL,1996,3269.342495
Tokelau,TKL,1997,3237.966528
Tokelau,TKL,1998,3210.736268
Tokelau,TKL,1999,3232.731005
Tokelau,TKL,2000,3211.94576
Tokelau,TKL,2001,3188.217433
Tokelau,TKL,2002,3167.097064
Tokelau,TKL,2003,3136.68186
Tokelau,TKL,2004,3122.985075
Tokelau,TKL,2005,3080.569157
Tokelau,TKL,2006,3032.124648
Tokelau,TKL,2007,2983.372871
Tokelau,TKL,2008,2932.94776
Tokelau,TKL,2009,2863.394906
Tokelau,TKL,2010,2825.36107
Tokelau,TKL,2011,2787.792966
Tokelau,TKL,2012,2758.97695
Tokelau,TKL,2013,2723.870565
Tokelau,TKL,2014,2693.255004
Tokelau,TKL,2015,2652.267964
Tokelau,TKL,2016,2625.947355
Tokelau,TKL,2017,2613.395975
Tokelau,TKL,2018,2591.632786
Tokelau,TKL,2019,2567.055384
Tonga,TON,1990,2720.901731
Tonga,TON,1991,2627.236616
Tonga,TON,1992,2572.242685
Tonga,TON,1993,2563.553283
Tonga,TON,1994,2550.080364
Tonga,TON,1995,2503.460107
Tonga,TON,1996,2470.205572
Tonga,TON,1997,2448.438878
Tonga,TON,1998,2454.928924
Tonga,TON,1999,2507.794572
Tonga,TON,2000,2465.225649
Tonga,TON,2001,2417.116421
Tonga,TON,2002,2397.350343
Tonga,TON,2003,2379.636329
Tonga,TON,2004,2322.947806
Tonga,TON,2005,2279.24591
Tonga,TON,2006,2277.226521
Tonga,TON,2007,2276.635793
Tonga,TON,2008,2269.35747
Tonga,TON,2009,6678.791032
Tonga,TON,2010,2254.216923
Tonga,TON,2011,2236.356142
Tonga,TON,2012,2218.95444
Tonga,TON,2013,2191.811115
Tonga,TON,2014,2230.747978
Tonga,TON,2015,2164.544639
Tonga,TON,2016,2165.613141
Tonga,TON,2017,2164.952946
Tonga,TON,2018,2153.597668
Tonga,TON,2019,2139.372589
Trinidad and Tobago,TTO,1990,3919.854991
Trinidad and Tobago,TTO,1991,3729.93346
Trinidad and Tobago,TTO,1992,3751.438092
Trinidad and Tobago,TTO,1993,3807.500408
Trinidad and Tobago,TTO,1994,3799.495563
Trinidad and Tobago,TTO,1995,3654.939485
Trinidad and Tobago,TTO,1996,3666.86376
Trinidad and Tobago,TTO,1997,3409.33607
Trinidad and Tobago,TTO,1998,3507.668825
Trinidad and Tobago,TTO,1999,3451.326988
Trinidad and Tobago,TTO,2000,3420.318688
Trinidad and Tobago,TTO,2001,3602.735176
Trinidad and Tobago,TTO,2002,3571.062836
Trinidad and Tobago,TTO,2003,3832.475863
Trinidad and Tobago,TTO,2004,4045.749853
Trinidad and Tobago,TTO,2005,4331.288644
Trinidad and Tobago,TTO,2006,4328.623507
Trinidad and Tobago,TTO,2007,4539.745999
Trinidad and Tobago,TTO,2008,4940.280321
Trinidad and Tobago,TTO,2009,4713.29047
Trinidad and Tobago,TTO,2010,4483.284183
Trinidad and Tobago,TTO,2011,4075.465695
Trinidad and Tobago,TTO,2012,3853.949246
Trinidad and Tobago,TTO,2013,3810.549883
Trinidad and Tobago,TTO,2014,3735.889348
Trinidad and Tobago,TTO,2015,3653.57438
Trinidad and Tobago,TTO,2016,3617.187389
Trinidad and Tobago,TTO,2017,3586.437413
Trinidad and Tobago,TTO,2018,3557.823491
Trinidad and Tobago,TTO,2019,3534.285201
Tunisia,TUN,1990,4035.070233
Tunisia,TUN,1991,3975.804785
Tunisia,TUN,1992,3929.970131
Tunisia,TUN,1993,3892.801079
Tunisia,TUN,1994,3819.396602
Tunisia,TUN,1995,3762.018345
Tunisia,TUN,1996,3652.39949
Tunisia,TUN,1997,3554.804039
Tunisia,TUN,1998,3484.790799
Tunisia,TUN,1999,3454.376716
Tunisia,TUN,2000,3420.778998
Tunisia,TUN,2001,3358.990216
Tunisia,TUN,2002,3329.211121
Tunisia,TUN,2003,3381.808751
Tunisia,TUN,2004,3220.432734
Tunisia,TUN,2005,3114.726961
Tunisia,TUN,2006,3068.117155
Tunisia,TUN,2007,3007.846099
Tunisia,TUN,2008,2925.095513
Tunisia,TUN,2009,2909.493427
Tunisia,TUN,2010,2819.819113
Tunisia,TUN,2011,2936.923534
Tunisia,TUN,2012,2700.787402
Tunisia,TUN,2013,2677.118569
Tunisia,TUN,2014,2647.258683
Tunisia,TUN,2015,2635.572199
Tunisia,TUN,2016,2554.20926
Tunisia,TUN,2017,2512.855953
Tunisia,TUN,2018,2490.256047
Tunisia,TUN,2019,2408.206632
Turkey,TUR,1990,3030.257034
Turkey,TUR,1991,2933.843484
Turkey,TUR,1992,3181.622954
Turkey,TUR,1993,2974.232437
Turkey,TUR,1994,3152.382699
Turkey,TUR,1995,2941.117991
Turkey,TUR,1996,2838.449564
Turkey,TUR,1997,2654.806427
Turkey,TUR,1998,2588.235949
Turkey,TUR,1999,4002.439128
Turkey,TUR,2000,2339.729744
Turkey,TUR,2001,2176.175427
Turkey,TUR,2002,2001.943954
Turkey,TUR,2003,1958.379453
Turkey,TUR,2004,1897.22153
Turkey,TUR,2005,1836.962167
Turkey,TUR,2006,1783.867521
Turkey,TUR,2007,1750.964476
Turkey,TUR,2008,1704.655785
Turkey,TUR,2009,1695.027097
Turkey,TUR,2010,1725.645952
Turkey,TUR,2011,1760.409937
Turkey,TUR,2012,1769.707584
Turkey,TUR,2013,1819.312504
Turkey,TUR,2014,1847.954656
Turkey,TUR,2015,1835.979318
Turkey,TUR,2016,1919.370815
Turkey,TUR,2017,1749.827543
Turkey,TUR,2018,1792.335345
Turkey,TUR,2019,1674.349316
Turkmenistan,TKM,1990,4707.369922
Turkmenistan,TKM,1991,5356.425719
Turkmenistan,TKM,1992,5105.997696
Turkmenistan,TKM,1993,4939.743095
Turkmenistan,TKM,1994,4651.698598
Turkmenistan,TKM,1995,4471.270427
Turkmenistan,TKM,1996,4535.323495
Turkmenistan,TKM,1997,4561.026737
Turkmenistan,TKM,1998,4605.914352
Turkmenistan,TKM,1999,4432.612235
Turkmenistan,TKM,2000,3967.869121
Turkmenistan,TKM,2001,3900.013987
Turkmenistan,TKM,2002,3892.497049
Turkmenistan,TKM,2003,3772.010969
Turkmenistan,TKM,2004,3786.300963
Turkmenistan,TKM,2005,3816.696878
Turkmenistan,TKM,2006,3654.704761
Turkmenistan,TKM,2007,3522.46658
Turkmenistan,TKM,2008,3371.696087
Turkmenistan,TKM,2009,3101.243298
Turkmenistan,TKM,2010,3076.63218
Turkmenistan,TKM,2011,2926.870729
Turkmenistan,TKM,2012,2843.927788
Turkmenistan,TKM,2013,2775.405164
Turkmenistan,TKM,2014,2696.034735
Turkmenistan,TKM,2015,2643.15257
Turkmenistan,TKM,2016,2628.398067
Turkmenistan,TKM,2017,2602.289948
Turkmenistan,TKM,2018,2576.902304
Turkmenistan,TKM,2019,2548.058788
Tuvalu,TUV,1990,5572.066777
Tuvalu,TUV,1991,5427.812115
Tuvalu,TUV,1992,5300.351201
Tuvalu,TUV,1993,5186.188013
Tuvalu,TUV,1994,5020.595472
Tuvalu,TUV,1995,4974.45869
Tuvalu,TUV,1996,4925.228085
Tuvalu,TUV,1997,4925.306186
Tuvalu,TUV,1998,4834.195525
Tuvalu,TUV,1999,4844.284281
Tuvalu,TUV,2000,12628.38077
Tuvalu,TUV,2001,4715.842848
Tuvalu,TUV,2002,4627.598935
Tuvalu,TUV,2003,4563.107772
Tuvalu,TUV,2004,4482.987013
Tuvalu,TUV,2005,4455.801485
Tuvalu,TUV,2006,4470.218819
Tuvalu,TUV,2007,4453.349448
Tuvalu,TUV,2008,4416.061078
Tuvalu,TUV,2009,4386.402009
Tuvalu,TUV,2010,4358.933905
Tuvalu,TUV,2011,4295.268318
Tuvalu,TUV,2012,4265.21699
Tuvalu,TUV,2013,4227.386283
Tuvalu,TUV,2014,4188.63188
Tuvalu,TUV,2015,4142.478257
Tuvalu,TUV,2016,4113.833709
Tuvalu,TUV,2017,4087.160922
Tuvalu,TUV,2018,4048.112607
Tuvalu,TUV,2019,4002.309505
Uganda,UGA,1990,4163.837585
Uganda,UGA,1991,4310.339611
Uganda,UGA,1992,4026.798441
Uganda,UGA,1993,4047.485884
Uganda,UGA,1994,4187.474461
Uganda,UGA,1995,4352.68112
Uganda,UGA,1996,4871.600152
Uganda,UGA,1997,4709.902381
Uganda,UGA,1998,4696.158684
Uganda,UGA,1999,4667.545604
Uganda,UGA,2000,4624.368116
Uganda,UGA,2001,4307.660688
Uganda,UGA,2002,4757.285857
Uganda,UGA,2003,4898.907441
Uganda,UGA,2004,4656.266203
Uganda,UGA,2005,4301.085311
Uganda,UGA,2006,4043.871335
Uganda,UGA,2007,3895.45303
Uganda,UGA,2008,3712.998285
Uganda,UGA,2009,3629.55157
Uganda,UGA,2010,3678.501183
Uganda,UGA,2011,3530.791548
Uganda,UGA,2012,3481.180379
Uganda,UGA,2013,3561.401587
Uganda,UGA,2014,3759.678543
Uganda,UGA,2015,3498.21922
Uganda,UGA,2016,3495.236766
Uganda,UGA,2017,3369.212602
Uganda,UGA,2018,3394.455266
Uganda,UGA,2019,3247.651154
Ukraine,UKR,1990,6045.069936
Ukraine,UKR,1991,6334.371724
Ukraine,UKR,1992,6650.341026
Ukraine,UKR,1993,6842.242719
Ukraine,UKR,1994,7264.423258
Ukraine,UKR,1995,7774.698291
Ukraine,UKR,1996,7559.679682
Ukraine,UKR,1997,7140.337398
Ukraine,UKR,1998,6804.285786
Ukraine,UKR,1999,6993.300443
Ukraine,UKR,2000,7163.242036
Ukraine,UKR,2001,7022.652597
Ukraine,UKR,2002,6928.964507
Ukraine,UKR,2003,6604.908399
Ukraine,UKR,2004,6503.16839
Ukraine,UKR,2005,6223.187846
Ukraine,UKR,2006,5900.442773
Ukraine,UKR,2007,5946.976487
Ukraine,UKR,2008,5666.761463
Ukraine,UKR,2009,4815.313906
Ukraine,UKR,2010,4442.658584
Ukraine,UKR,2011,4218.309299
Ukraine,UKR,2012,4163.375403
Ukraine,UKR,2013,4158.73455
Ukraine,UKR,2014,5122.969267
Ukraine,UKR,2015,6041.661969
Ukraine,UKR,2016,5833.528953
Ukraine,UKR,2017,5828.509694
Ukraine,UKR,2018,5638.095001
Ukraine,UKR,2019,5553.035993
United Arab Emirates,ARE,1990,5070.900187
United Arab Emirates,ARE,1991,5042.924527
United Arab Emirates,ARE,1992,5004.957555
United Arab Emirates,ARE,1993,4957.689602
United Arab Emirates,ARE,1994,4926.697234
United Arab Emirates,ARE,1995,4850.98695
United Arab Emirates,ARE,1996,4781.303851
United Arab Emirates,ARE,1997,4871.043584
United Arab Emirates,ARE,1998,4677.293142
United Arab Emirates,ARE,1999,4677.85189
United Arab Emirates,ARE,2000,4623.16777
United Arab Emirates,ARE,2001,4591.35566
United Arab Emirates,ARE,2002,4547.861664
United Arab Emirates,ARE,2003,4515.534031
United Arab Emirates,ARE,2004,4558.60067
United Arab Emirates,ARE,2005,4421.210176
United Arab Emirates,ARE,2006,4356.869642
United Arab Emirates,ARE,2007,4302.047091
United Arab Emirates,ARE,2008,4167.314886
United Arab Emirates,ARE,2009,4124.729727
United Arab Emirates,ARE,2010,4073.73663
United Arab Emirates,ARE,2011,4010.179543
United Arab Emirates,ARE,2012,3945.699443
United Arab Emirates,ARE,2013,3795.97027
United Arab Emirates,ARE,2014,3662.369019
United Arab Emirates,ARE,2015,3591.007983
United Arab Emirates,ARE,2016,3534.34222
United Arab Emirates,ARE,2017,3487.685003
United Arab Emirates,ARE,2018,3435.406085
United Arab Emirates,ARE,2019,3386.551231
United Kingdom,GBR,1990,2250.108084
United Kingdom,GBR,1991,2211.272564
United Kingdom,GBR,1992,2137.342723
United Kingdom,GBR,1993,2094.356798
United Kingdom,GBR,1994,2073.656793
United Kingdom,GBR,1995,2042.834091
United Kingdom,GBR,1996,2015.177982
United Kingdom,GBR,1997,1992.965212
United Kingdom,GBR,1998,1982.209024
United Kingdom,GBR,1999,1947.51113
United Kingdom,GBR,2000,1908.878177
United Kingdom,GBR,2001,1884.501676
United Kingdom,GBR,2002,1860.571011
United Kingdom,GBR,2003,1830.335882
United Kingdom,GBR,2004,1782.545865
United Kingdom,GBR,2005,1764.45503
United Kingdom,GBR,2006,1764.143496
United Kingdom,GBR,2007,1745.245614
United Kingdom,GBR,2008,1719.88899
United Kingdom,GBR,2009,1687.63347
United Kingdom,GBR,2010,1630.667286
United Kingdom,GBR,2011,1580.476784
United Kingdom,GBR,2012,1545.936822
United Kingdom,GBR,2013,1532.807798
United Kingdom,GBR,2014,1520.382216
United Kingdom,GBR,2015,1520.34613
United Kingdom,GBR,2016,1546.533503
United Kingdom,GBR,2017,1572.388724
United Kingdom,GBR,2018,1597.206745
United Kingdom,GBR,2019,1575.165523
United States,USA,1990,3751.230832
United States,USA,1991,3713.98913
United States,USA,1992,3627.866796
United States,USA,1993,3642.273133
United States,USA,1994,3593.257198
United States,USA,1995,3523.203499
United States,USA,1996,3409.769673
United States,USA,1997,3279.716096
United States,USA,1998,3166.016109
United States,USA,1999,3075.291009
United States,USA,2000,3036.294936
United States,USA,2001,3122.401651
United States,USA,2002,3038.937837
United States,USA,2003,3023.873978
United States,USA,2004,2983.579452
United States,USA,2005,3060.335195
United States,USA,2006,2992.23908
United States,USA,2007,2948.729408
United States,USA,2008,2864.062311
United States,USA,2009,2790.376377
United States,USA,2010,2727.072316
United States,USA,2011,2723.150347
United States,USA,2012,2697.390642
United States,USA,2013,2678.250133
United States,USA,2014,2685.673541
United States,USA,2015,2754.25356
United States,USA,2016,2822.535412
United States,USA,2017,2780.597532
United States,USA,2018,2740.093502
United States,USA,2019,2746.238074
United States Virgin Islands,VIR,1990,4840.939872
United States Virgin Islands,VIR,1991,4845.436703
United States Virgin Islands,VIR,1992,4768.539002
United States Virgin Islands,VIR,1993,4716.030487
United States Virgin Islands,VIR,1994,4715.665732
United States Virgin Islands,VIR,1995,5247.724652
United States Virgin Islands,VIR,1996,4892.630942
United States Virgin Islands,VIR,1997,4858.924195
United States Virgin Islands,VIR,1998,4825.602284
United States Virgin Islands,VIR,1999,5024.720452
United States Virgin Islands,VIR,2000,4967.604767
United States Virgin Islands,VIR,2001,5017.543277
United States Virgin Islands,VIR,2002,4978.810474
United States Virgin Islands,VIR,2003,4935.06314
United States Virgin Islands,VIR,2004,4911.307529
United States Virgin Islands,VIR,2005,4882.57639
United States Virgin Islands,VIR,2006,4780.298952
United States Virgin Islands,VIR,2007,3464.868902
United States Virgin Islands,VIR,2008,3439.707366
United States Virgin Islands,VIR,2009,3441.815488
United States Virgin Islands,VIR,2010,3459.554762
United States Virgin Islands,VIR,2011,3370.116993
United States Virgin Islands,VIR,2012,3350.019811
United States Virgin Islands,VIR,2013,3321.753478
United States Virgin Islands,VIR,2014,3299.336147
United States Virgin Islands,VIR,2015,3274.901854
United States Virgin Islands,VIR,2016,3236.178392
United States Virgin Islands,VIR,2017,3562.387029
United States Virgin Islands,VIR,2018,3252.986016
United States Virgin Islands,VIR,2019,3241.631562
Uruguay,URY,1990,4172.087419
Uruguay,URY,1991,4070.120172
Uruguay,URY,1992,4178.427738
Uruguay,URY,1993,4323.313599
Uruguay,URY,1994,4331.576573
Uruguay,URY,1995,4325.355785
Uruguay,URY,1996,4262.561326
Uruguay,URY,1997,4375.844453
Uruguay,URY,1998,4263.635028
Uruguay,URY,1999,4145.507871
Uruguay,URY,2000,3994.315364
Uruguay,URY,2001,3881.823095
Uruguay,URY,2002,3887.771903
Uruguay,URY,2003,3791.178526
Uruguay,URY,2004,3709.455529
Uruguay,URY,2005,3650.174544
Uruguay,URY,2006,3659.366784
Uruguay,URY,2007,3751.326164
Uruguay,URY,2008,3707.537278
Uruguay,URY,2009,3712.141215
Uruguay,URY,2010,3755.480105
Uruguay,URY,2011,3839.465613
Uruguay,URY,2012,3880.669803
Uruguay,URY,2013,3861.439669
Uruguay,URY,2014,3775.627763
Uruguay,URY,2015,3750.34147
Uruguay,URY,2016,3694.174479
Uruguay,URY,2017,3624.213808
Uruguay,URY,2018,3559.399342
Uruguay,URY,2019,3493.840049
Uzbekistan,UZB,1990,4342.917794
Uzbekistan,UZB,1991,4296.164638
Uzbekistan,UZB,1992,4237.117673
Uzbekistan,UZB,1993,4290.781729
Uzbekistan,UZB,1994,4310.254654
Uzbekistan,UZB,1995,4346.403703
Uzbekistan,UZB,1996,4427.343636
Uzbekistan,UZB,1997,4343.317699
Uzbekistan,UZB,1998,4316.621718
Uzbekistan,UZB,1999,4290.186617
Uzbekistan,UZB,2000,4371.855973
Uzbekistan,UZB,2001,4272.056661
Uzbekistan,UZB,2002,4209.070724
Uzbekistan,UZB,2003,4103.968328
Uzbekistan,UZB,2004,4088.476659
Uzbekistan,UZB,2005,4112.042309
Uzbekistan,UZB,2006,3932.243054
Uzbekistan,UZB,2007,3845.565886
Uzbekistan,UZB,2008,3713.013309
Uzbekistan,UZB,2009,3574.204871
Uzbekistan,UZB,2010,3499.561503
Uzbekistan,UZB,2011,3451.909197
Uzbekistan,UZB,2012,3456.647948
Uzbekistan,UZB,2013,3409.641864
Uzbekistan,UZB,2014,3337.978703
Uzbekistan,UZB,2015,3375.531624
Uzbekistan,UZB,2016,3373.466278
Uzbekistan,UZB,2017,3303.68387
Uzbekistan,UZB,2018,3243.302474
Uzbekistan,UZB,2019,3202.270024
Vanuatu,VUT,1990,4251.164934
Vanuatu,VUT,1991,4478.630693
Vanuatu,VUT,1992,4725.061474
Vanuatu,VUT,1993,4877.724706
Vanuatu,VUT,1994,4827.327303
Vanuatu,VUT,1995,4799.524286
Vanuatu,VUT,1996,4833.357546
Vanuatu,VUT,1997,8222.41028
Vanuatu,VUT,1998,4912.846442
Vanuatu,VUT,1999,6377.903576
Vanuatu,VUT,2000,4904.009511
Vanuatu,VUT,2001,4960.306382
Vanuatu,VUT,2002,4728.020582
Vanuatu,VUT,2003,4566.514473
Vanuatu,VUT,2004,4582.453717
Vanuatu,VUT,2005,4625.039226
Vanuatu,VUT,2006,4622.926984
Vanuatu,VUT,2007,4704.21913
Vanuatu,VUT,2008,4705.664943
Vanuatu,VUT,2009,4673.554103
Vanuatu,VUT,2010,4643.636657
Vanuatu,VUT,2011,4650.987655
Vanuatu,VUT,2012,4596.182289
Vanuatu,VUT,2013,4564.426897
Vanuatu,VUT,2014,4798.469099
Vanuatu,VUT,2015,4735.534715
Vanuatu,VUT,2016,4522.458927
Vanuatu,VUT,2017,4509.0643
Vanuatu,VUT,2018,4478.120975
Vanuatu,VUT,2019,4434.176215
Venezuela,VEN,1990,4955.139959
Venezuela,VEN,1991,4929.714913
Venezuela,VEN,1992,5048.313225
Venezuela,VEN,1993,5205.532532
Venezuela,VEN,1994,5429.936509
Venezuela,VEN,1995,5233.037273
Venezuela,VEN,1996,4936.759414
Venezuela,VEN,1997,4660.026498
Venezuela,VEN,1998,4804.285881
Venezuela,VEN,1999,12491.364
Venezuela,VEN,2000,5487.039985
Venezuela,VEN,2001,5683.743354
Venezuela,VEN,2002,5587.810252
Venezuela,VEN,2003,5871.041382
Venezuela,VEN,2004,5486.62591
Venezuela,VEN,2005,5216.533739
Venezuela,VEN,2006,5251.441555
Venezuela,VEN,2007,5383.211675
Venezuela,VEN,2008,5504.057653
Venezuela,VEN,2009,5529.481619
Venezuela,VEN,2010,5498.134338
Venezuela,VEN,2011,5474.597955
Venezuela,VEN,2012,5689.549902
Venezuela,VEN,2013,5682.67532
Venezuela,VEN,2014,5585.74373
Venezuela,VEN,2015,5547.12424
Venezuela,VEN,2016,5418.865794
Venezuela,VEN,2017,5412.044167
Venezuela,VEN,2018,5392.382429
Venezuela,VEN,2019,5212.496108
Vietnam,VNM,1990,4440.662828
Vietnam,VNM,1991,4392.632598
Vietnam,VNM,1992,4243.670919
Vietnam,VNM,1993,4142.416603
Vietnam,VNM,1994,4038.560991
Vietnam,VNM,1995,3939.390905
Vietnam,VNM,1996,3898.8685
Vietnam,VNM,1997,4015.338718
Vietnam,VNM,1998,3701.425013
Vietnam,VNM,1999,3653.993
Vietnam,VNM,2000,3551.121202
Vietnam,VNM,2001,3514.216065
Vietnam,VNM,2002,3480.237599
Vietnam,VNM,2003,3514.353347
Vietnam,VNM,2004,3539.746636
Vietnam,VNM,2005,3535.157118
Vietnam,VNM,2006,3500.434802
Vietnam,VNM,2007,3499.56523
Vietnam,VNM,2008,3539.432678
Vietnam,VNM,2009,3517.460377
Vietnam,VNM,2010,3489.381456
Vietnam,VNM,2011,3456.858543
Vietnam,VNM,2012,3425.025004
Vietnam,VNM,2013,3366.462682
Vietnam,VNM,2014,3320.041244
Vietnam,VNM,2015,3305.517933
Vietnam,VNM,2016,3288.181551
Vietnam,VNM,2017,3264.87392
Vietnam,VNM,2018,3224.090486
Vietnam,VNM,2019,3165.468251
Wales,,1990,2117.062471
Wales,,1991,2177.852871
Wales,,1992,2087.658084
Wales,,1993,2074.501488
Wales,,1994,2060.311651
Wales,,1995,2095.404836
Wales,,1996,2058.289962
Wales,,1997,2049.496853
Wales,,1998,2067.419091
Wales,,1999,2042.944531
Wales,,2000,2006.158019
Wales,,2001,1949.671811
Wales,,2002,1909.10351
Wales,,2003,1920.188237
Wales,,2004,1862.535777
Wales,,2005,1829.804854
Wales,,2006,1846.977082
Wales,,2007,1827.489335
Wales,,2008,1785.373756
Wales,,2009,1754.202982
Wales,,2010,1731.562029
Wales,,2011,1701.319943
Wales,,2012,1679.281751
Wales,,2013,1640.764446
Wales,,2014,1592.388996
Wales,,2015,1623.760574
Wales,,2016,1653.901491
Wales,,2017,1675.784466
Wales,,2018,1676.214314
Wales,,2019,1669.465016
Western Pacific Region (WHO),,1990,4545.606528
Western Pacific Region (WHO),,1991,4465.171084
Western Pacific Region (WHO),,1992,4323.521403
Western Pacific Region (WHO),,1993,4247.130577
Western Pacific Region (WHO),,1994,4224.855144
Western Pacific Region (WHO),,1995,4193.072665
Western Pacific Region (WHO),,1996,4101.560573
Western Pacific Region (WHO),,1997,4001.34638
Western Pacific Region (WHO),,1998,3953.254732
Western Pacific Region (WHO),,1999,3857.296411
Western Pacific Region (WHO),,2000,3780.067894
Western Pacific Region (WHO),,2001,3653.992617
Western Pacific Region (WHO),,2002,3539.540534
Western Pacific Region (WHO),,2003,3480.960278
Western Pacific Region (WHO),,2004,3449.430249
Western Pacific Region (WHO),,2005,3353.861803
Western Pacific Region (WHO),,2006,3233.406302
Western Pacific Region (WHO),,2007,3132.57245
Western Pacific Region (WHO),,2008,3339.643587
Western Pacific Region (WHO),,2009,3075.399208
Western Pacific Region (WHO),,2010,3008.510974
Western Pacific Region (WHO),,2011,2902.746903
Western Pacific Region (WHO),,2012,2777.242018
Western Pacific Region (WHO),,2013,2726.551013
Western Pacific Region (WHO),,2014,2623.410879
Western Pacific Region (WHO),,2015,2550.40384
Western Pacific Region (WHO),,2016,2515.156868
Western Pacific Region (WHO),,2017,2480.295227
Western Pacific Region (WHO),,2018,2445.497106
Western Pacific Region (WHO),,2019,2411.684937
World,OWID_WRL,1990,5043.780304
World,OWID_WRL,1991,5071.464572
World,OWID_WRL,1992,4858.9083
World,OWID_WRL,1993,4867.940705
World,OWID_WRL,1994,5383.068981
World,OWID_WRL,1995,4787.518653
World,OWID_WRL,1996,4699.714925
World,OWID_WRL,1997,4639.681239
World,OWID_WRL,1998,4629.584041
World,OWID_WRL,1999,4642.226012
World,OWID_WRL,2000,4515.842468
World,OWID_WRL,2001,4386.602907
World,OWID_WRL,2002,4289.189939
World,OWID_WRL,2003,4223.381371
World,OWID_WRL,2004,4330.983127
World,OWID_WRL,2005,4136.936379
World,OWID_WRL,2006,3986.255024
World,OWID_WRL,2007,3904.897785
World,OWID_WRL,2008,4015.873308
World,OWID_WRL,2009,3770.411404
World,OWID_WRL,2010,3893.730667
World,OWID_WRL,2011,3622.999168
World,OWID_WRL,2012,3578.733223
World,OWID_WRL,2013,3508.519294
World,OWID_WRL,2014,3455.51048
World,OWID_WRL,2015,3393.328712
World,OWID_WRL,2016,3342.925812
World,OWID_WRL,2017,3287.50467
World,OWID_WRL,2018,3232.596109
World,OWID_WRL,2019,3168.701609
World Bank High Income,,1990,3566.373084
World Bank High Income,,1991,3532.359572
World Bank High Income,,1992,3445.061232
World Bank High Income,,1993,3403.56305
World Bank High Income,,1994,3361.079101
World Bank High Income,,1995,3314.403262
World Bank High Income,,1996,3215.314284
World Bank High Income,,1997,3140.579407
World Bank High Income,,1998,3076.585089
World Bank High Income,,1999,3017.320905
World Bank High Income,,2000,2940.663321
World Bank High Income,,2001,2923.09821
World Bank High Income,,2002,2863.18834
World Bank High Income,,2003,2822.125296
World Bank High Income,,2004,2765.38171
World Bank High Income,,2005,2753.806368
World Bank High Income,,2006,2705.259131
World Bank High Income,,2007,2666.709324
World Bank High Income,,2008,2619.758127
World Bank High Income,,2009,2574.589827
World Bank High Income,,2010,2516.524903
World Bank High Income,,2011,2504.868693
World Bank High Income,,2012,2436.588295
World Bank High Income,,2013,2395.164121
World Bank High Income,,2014,2383.027637
World Bank High Income,,2015,2394.314996
World Bank High Income,,2016,2392.514186
World Bank High Income,,2017,2388.039457
World Bank High Income,,2018,2376.345511
World Bank High Income,,2019,2379.204966
World Bank Low Income,,1990,6647.940518
World Bank Low Income,,1991,5993.713813
World Bank Low Income,,1992,5479.386116
World Bank Low Income,,1993,5413.418487
World Bank Low Income,,1994,13676.72254
World Bank Low Income,,1995,5582.789996
World Bank Low Income,,1996,5979.114269
World Bank Low Income,,1997,5894.23374
World Bank Low Income,,1998,5961.468686
World Bank Low Income,,1999,6264.187092
World Bank Low Income,,2000,5987.625716
World Bank Low Income,,2001,5170.508494
World Bank Low Income,,2002,5250.905821
World Bank Low Income,,2003,5075.119659
World Bank Low Income,,2004,4969.913083
World Bank Low Income,,2005,4811.726255
World Bank Low Income,,2006,4661.364833
World Bank Low Income,,2007,4614.503291
World Bank Low Income,,2008,4570.367404
World Bank Low Income,,2009,4580.074236
World Bank Low Income,,2010,6797.605381
World Bank Low Income,,2011,4370.851676
World Bank Low Income,,2012,4358.892647
World Bank Low Income,,2013,4375.031224
World Bank Low Income,,2014,4393.485218
World Bank Low Income,,2015,4433.148688
World Bank Low Income,,2016,4367.260901
World Bank Low Income,,2017,4319.476102
World Bank Low Income,,2018,4256.318573
World Bank Low Income,,2019,4099.293022
World Bank Lower Middle Income,,1990,5155.367462
World Bank Lower Middle Income,,1991,5537.203155
World Bank Lower Middle Income,,1992,5092.136457
World Bank Lower Middle Income,,1993,5105.961261
World Bank Lower Middle Income,,1994,4954.355541
World Bank Lower Middle Income,,1995,4903.902827
World Bank Lower Middle Income,,1996,4830.99973
World Bank Lower Middle Income,,1997,4881.935586
World Bank Lower Middle Income,,1998,4941.617916
World Bank Lower Middle Income,,1999,4828.301039
World Bank Lower Middle Income,,2000,4758.164376
World Bank Lower Middle Income,,2001,4703.871791
World Bank Lower Middle Income,,2002,4538.765389
World Bank Lower Middle Income,,2003,4396.172902
World Bank Lower Middle Income,,2004,4823.078323
World Bank Lower Middle Income,,2005,4456.232587
World Bank Lower Middle Income,,2006,4270.7676
World Bank Lower Middle Income,,2007,4198.059655
World Bank Lower Middle Income,,2008,4455.225585
World Bank Lower Middle Income,,2009,4082.379352
World Bank Lower Middle Income,,2010,4003.578676
World Bank Lower Middle Income,,2011,3958.205462
World Bank Lower Middle Income,,2012,3981.188816
World Bank Lower Middle Income,,2013,3879.937999
World Bank Lower Middle Income,,2014,3770.125773
World Bank Lower Middle Income,,2015,3703.918772
World Bank Lower Middle Income,,2016,3621.690716
World Bank Lower Middle Income,,2017,3560.739931
World Bank Lower Middle Income,,2018,3533.89496
World Bank Lower Middle Income,,2019,3447.33836
World Bank Upper Middle Income,,1990,5344.041953
World Bank Upper Middle Income,,1991,5169.9375
World Bank Upper Middle Income,,1992,5172.389622
World Bank Upper Middle Income,,1993,5204.547335
World Bank Upper Middle Income,,1994,5255.754923
World Bank Upper Middle Income,,1995,5193.365125
World Bank Upper Middle Income,,1996,5023.430192
World Bank Upper Middle Income,,1997,4872.802728
World Bank Upper Middle Income,,1998,4793.996388
World Bank Upper Middle Income,,1999,4899.331803
World Bank Upper Middle Income,,2000,4712.748571
World Bank Upper Middle Income,,2001,4593.084922
World Bank Upper Middle Income,,2002,4509.641227
World Bank Upper Middle Income,,2003,4523.029294
World Bank Upper Middle Income,,2004,4396.591961
World Bank Upper Middle Income,,2005,4279.773559
World Bank Upper Middle Income,,2006,4135.734401
World Bank Upper Middle Income,,2007,4016.774902
World Bank Upper Middle Income,,2008,4062.336735
World Bank Upper Middle Income,,2009,3802.780241
World Bank Upper Middle Income,,2010,3735.008418
World Bank Upper Middle Income,,2011,3599.517757
World Bank Upper Middle Income,,2012,3472.91282
World Bank Upper Middle Income,,2013,3409.808735
World Bank Upper Middle Income,,2014,3401.363999
World Bank Upper Middle Income,,2015,3283.6941
World Bank Upper Middle Income,,2016,3241.858747
World Bank Upper Middle Income,,2017,3173.108491
World Bank Upper Middle Income,,2018,3072.434447
World Bank Upper Middle Income,,2019,3022.444598
Yemen,YEM,1990,6596.820765
Yemen,YEM,1991,6428.476272
Yemen,YEM,1992,6371.944949
Yemen,YEM,1993,6192.714958
Yemen,YEM,1994,6707.580724
Yemen,YEM,1995,6044.499047
Yemen,YEM,1996,6024.455641
Yemen,YEM,1997,5790.20859
Yemen,YEM,1998,5781.396334
Yemen,YEM,1999,5630.425891
Yemen,YEM,2000,5557.16246
Yemen,YEM,2001,5461.524709
Yemen,YEM,2002,5482.882063
Yemen,YEM,2003,5441.579429
Yemen,YEM,2004,5322.036989
Yemen,YEM,2005,5217.693854
Yemen,YEM,2006,5113.778604
Yemen,YEM,2007,5208.750926
Yemen,YEM,2008,5206.188426
Yemen,YEM,2009,5062.501592
Yemen,YEM,2010,4869.988309
Yemen,YEM,2011,5124.807494
Yemen,YEM,2012,5279.28124
Yemen,YEM,2013,4782.4018
Yemen,YEM,2014,5174.069434
Yemen,YEM,2015,6155.409846
Yemen,YEM,2016,7759.311934
Yemen,YEM,2017,7960.334602
Yemen,YEM,2018,10679.8658
Yemen,YEM,2019,7184.947108
Zambia,ZMB,1990,4468.087099
Zambia,ZMB,1991,4449.003607
Zambia,ZMB,1992,4473.367163
Zambia,ZMB,1993,4485.497149
Zambia,ZMB,1994,4505.212045
Zambia,ZMB,1995,4540.391855
Zambia,ZMB,1996,4615.531127
Zambia,ZMB,1997,4517.675641
Zambia,ZMB,1998,4493.791991
Zambia,ZMB,1999,4464.340827
Zambia,ZMB,2000,4419.816196
Zambia,ZMB,2001,4441.545107
Zambia,ZMB,2002,4315.11463
Zambia,ZMB,2003,4372.553374
Zambia,ZMB,2004,4368.200328
Zambia,ZMB,2005,4425.561129
Zambia,ZMB,2006,4340.69735
Zambia,ZMB,2007,4270.898473
Zambia,ZMB,2008,4174.284333
Zambia,ZMB,2009,4051.25717
Zambia,ZMB,2010,3993.97622
Zambia,ZMB,2011,3967.782276
Zambia,ZMB,2012,3823.349673
Zambia,ZMB,2013,3753.136378
Zambia,ZMB,2014,3682.863452
Zambia,ZMB,2015,3649.806345
Zambia,ZMB,2016,3594.365998
Zambia,ZMB,2017,3549.153303
Zambia,ZMB,2018,3488.456275
Zambia,ZMB,2019,3430.811272
Zimbabwe,ZWE,1990,4323.66073
Zimbabwe,ZWE,1991,4244.326641
Zimbabwe,ZWE,1992,4202.354369
Zimbabwe,ZWE,1993,4094.562757
Zimbabwe,ZWE,1994,4192.137875
Zimbabwe,ZWE,1995,4238.879236
Zimbabwe,ZWE,1996,4007.710064
Zimbabwe,ZWE,1997,3965.887588
Zimbabwe,ZWE,1998,4110.581822
Zimbabwe,ZWE,1999,4175.135063
Zimbabwe,ZWE,2000,4369.337641
Zimbabwe,ZWE,2001,4289.678386
Zimbabwe,ZWE,2002,4358.234869
Zimbabwe,ZWE,2003,4329.182394
Zimbabwe,ZWE,2004,4306.345399
Zimbabwe,ZWE,2005,4307.43346
Zimbabwe,ZWE,2006,4338.499884
Zimbabwe,ZWE,2007,4407.700526
Zimbabwe,ZWE,2008,4871.091755
Zimbabwe,ZWE,2009,4777.607749
Zimbabwe,ZWE,2010,4758.783568
Zimbabwe,ZWE,2011,4747.445564
Zimbabwe,ZWE,2012,4673.048073
Zimbabwe,ZWE,2013,4608.161384
Zimbabwe,ZWE,2014,4516.912528
Zimbabwe,ZWE,2015,4582.266841
Zimbabwe,ZWE,2016,4616.348283
Zimbabwe,ZWE,2017,4698.053125
Zimbabwe,ZWE,2018,4579.83215
Zimbabwe,ZWE,2019,4803.215998