Country,Code,Year,All Ages (Rate),Under 5 , 5-14 years,15-49 years,50-69 years , 70+ years 
Afghanistan,AFG,1990,102491.5814,345237.461,23877.84969,41022.52175,109489.8315,185260.8151
Afghanistan,AFG,1991,99837.15939,315759.26,24644.64053,42074.29419,109870.4449,184990.9901
Afghanistan,AFG,1992,96160.19992,290053.2996,23617.39782,40964.70263,108955.7791,183743.9822
Afghanistan,AFG,1993,96550.27294,287030.9712,22736.20557,40306.33712,109337.4686,183878.5597
Afghanistan,AFG,1994,99647.55117,289424.188,23290.72086,43288.82555,111430.8826,185408.0973
Afghanistan,AFG,1995,97773.04653,284104.6538,22095.5494,41442.29107,111597.1162,185385.5473
Afghanistan,AFG,1996,95464.53238,278521.874,21075.84962,40414.21561,111932.364,185474.1852
Afghanistan,AFG,1997,95383.93711,278747.8361,21368.41004,42049.69369,113119.5533,186288.4251
Afghanistan,AFG,1998,98496.47031,283128.1873,24239.48971,47349.03527,116406.6779,188860.6849
Afghanistan,AFG,1999,92185.58825,275773.4778,20523.49503,41687.72264,114436.0295,187372.7411
Afghanistan,AFG,2000,90314.18115,272488.9537,20390.98221,42039.24896,115735.0652,188058.6857
Afghanistan,AFG,2001,87270.14644,262907.2739,20101.58048,41883.70901,116104.8766,188409.5117
Afghanistan,AFG,2002,82189.68665,247140.015,19335.87295,39740.90188,114367.0054,187103.1928
Afghanistan,AFG,2003,76898.7501,230310.9085,18022.85046,38127.28637,111437.3285,183988.0923
Afghanistan,AFG,2004,73171.36091,217759.3921,17450.75355,37290.58166,109798.2992,182046.2922
Afghanistan,AFG,2005,70126.86288,206764.3204,17265.59977,37071.23265,108044.0665,180163.6358
Afghanistan,AFG,2006,67979.86104,198805.5768,17315.79556,37517.10511,106805.3614,178347.9023
Afghanistan,AFG,2007,65235.66024,188576.8322,17210.30487,37458.39507,105252.8353,176255.8841
Afghanistan,AFG,2008,62147.55101,178192.3569,16745.81591,36447.95793,103680.8962,174256.6903
Afghanistan,AFG,2009,59211.44666,168274.6422,16014.31202,35560.80381,101708.3346,171885.5343
Afghanistan,AFG,2010,56864.49314,159061.9696,15694.70626,35108.09042,99544.47665,170042.2661
Afghanistan,AFG,2011,54723.41199,150627.2512,15253.58664,34526.23027,97638.36017,168397.7327
Afghanistan,AFG,2012,53192.5783,143527.2015,15145.4316,34395.85347,95845.9199,166923.7922
Afghanistan,AFG,2013,51451.99159,136762.5848,14759.56837,33836.54698,93670.53522,165247.7969
Afghanistan,AFG,2014,51346.61388,132820.5292,15277.17822,34993.01245,92036.19203,164652.1771
Afghanistan,AFG,2015,51189.57327,128890.1022,15654.59042,36101.33811,90209.90645,164426.4712
Afghanistan,AFG,2016,50539.92625,124070.1243,15780.25612,36521.97905,88561.54323,164110.296
Afghanistan,AFG,2017,47554.23403,116383.3218,14442.05015,33967.77465,86257.37253,163471.4038
Afghanistan,AFG,2018,46584.21463,119676.691,12569.12701,30679.47272,90911.53586,178768.6941
Afghanistan,AFG,2019,44719.07219,112499.394,12131.06776,29881.55248,87934.99669,175634.8757
African Region (WHO),,1990,96771.36364,358887.9487,19980.33248,36363.59904,90230.50014,158978.4083
African Region (WHO),,1991,95782.21566,355935.3917,19381.81645,36455.56944,90509.09806,158755.5063
African Region (WHO),,1992,94877.95411,350617.3104,19087.60755,37426.62889,90995.68997,158869.1516
African Region (WHO),,1993,94378.61205,346506.116,19010.4901,38564.80275,91446.8711,158810.4196
African Region (WHO),,1994,99979.9219,351010.0835,22660.74134,46667.18991,95807.09897,161728.8869
African Region (WHO),,1995,93455.37086,336805.8569,18873.45282,41062.47366,93840.57864,160066.2458
African Region (WHO),,1996,93328.75796,332353.543,19143.01632,42545.30607,95255.46324,161106.5945
African Region (WHO),,1997,92583.97175,325284.3986,19101.41438,43850.41837,96393.49865,161904.2466
African Region (WHO),,1998,91827.89068,319120.9609,19089.46897,44842.76136,96965.17826,161907.7733
African Region (WHO),,1999,91142.75527,313205.5867,19255.84084,45914.7064,96845.56501,161109.7883
African Region (WHO),,2000,89861.45112,305724.1388,19127.10513,46381.16473,96801.95589,160719.202
African Region (WHO),,2001,87716.4351,297144.4848,18618.99652,45706.16249,95752.55065,159377.6487
African Region (WHO),,2002,86000.94813,288201.8268,18476.8432,45766.36245,94933.08022,158127.3532
African Region (WHO),,2003,84127.36805,279253.1427,18287.73914,45453.44627,94196.61948,156793.8907
African Region (WHO),,2004,81726.09967,269069.1972,17956.09374,44629.6826,92883.50012,154918.4092
African Region (WHO),,2005,79104.10002,258985.4621,17610.16509,43377.0396,91071.47793,153021.4856
African Region (WHO),,2006,76246.53008,248651.8544,17190.55181,41774.09328,89195.42725,151557.2486
African Region (WHO),,2007,73202.65403,238299.2168,16782.69205,39902.42223,86869.4426,149760.5246
African Region (WHO),,2008,70258.60567,228325.5528,16396.84221,38123.83181,84649.90194,148100.2978
African Region (WHO),,2009,67551.41824,219149.9051,16037.29554,36562.25583,82635.11435,146709.3804
African Region (WHO),,2010,64783.79542,209772.467,15583.60255,35038.94427,80739.05331,145366.978
African Region (WHO),,2011,62193.60063,200999.329,15192.47148,33684.47689,78942.83144,143861.0268
African Region (WHO),,2012,59712.69843,192819.6811,14815.0672,32349.00558,77308.0615,142295.9339
African Region (WHO),,2013,57520.99445,185353.7093,14536.82001,31317.45536,75773.86734,140835.1376
African Region (WHO),,2014,55598.73533,178283.5083,14310.08294,30601.1742,74708.61325,139612.2966
African Region (WHO),,2015,53540.14956,171240.0145,13967.70656,29650.24216,73529.681,138711.8574
African Region (WHO),,2016,51609.31534,164242.692,13674.80613,28885.01083,72416.33323,137415.1365
African Region (WHO),,2017,49667.14487,156489.7269,13408.08535,28254.27522,71339.67268,136237.9786
African Region (WHO),,2018,47728.2448,149233.1,13039.37205,27516.47677,69877.07498,134692.6466
African Region (WHO),,2019,46161.09807,143354.7795,12688.78782,26887.29616,68837.83634,133433.5089
Albania,ALB,1990,28998.14143,82352.83594,9186.187071,15759.56082,45389.5143,124185.4738
Albania,ALB,1991,29240.99764,80570.64042,9171.311387,16427.25747,45552.78444,123757.7199
Albania,ALB,1992,28620.62689,79116.34395,8997.097849,16143.27918,43821.98374,119242.0496
Albania,ALB,1993,27996.77856,77486.83111,8852.583544,15937.24029,42162.23428,114677.7872
Albania,ALB,1994,27181.96346,75338.30196,8713.650976,15718.4169,40173.77293,108619.8467
Albania,ALB,1995,26847.04905,70721.67667,8643.871968,15934.9523,40714.80029,109298.6118
Albania,ALB,1996,26697.30663,67020.44829,8652.279535,16200.45822,41361.70258,110053.6594
Albania,ALB,1997,29958.55674,67112.24142,11176.19405,21184.98917,42791.61327,110541.8592
Albania,ALB,1998,25987.99718,59163.98886,8825.817165,16773.81772,40901.37072,108071.7243
Albania,ALB,1999,25982.50406,57748.75176,8766.150626,16699.75464,40504.8664,107368.1151
Albania,ALB,2000,25788.15042,55626.27195,8785.080947,16459.71941,39989.78644,105671.642
Albania,ALB,2001,25045.91148,52444.52161,8621.772048,15954.05135,38704.12905,102390.5118
Albania,ALB,2002,25131.32281,50181.45394,8656.886558,15826.16634,38970.1302,104841.6801
Albania,ALB,2003,25563.43892,48373.60088,8880.577313,15829.70604,39759.40506,109024.828
Albania,ALB,2004,25561.76509,45893.86396,9070.315058,15741.90222,39445.89627,108697.8426
Albania,ALB,2005,25228.37743,43962.76742,8919.397197,15459.8888,38302.95289,106218.1449
Albania,ALB,2006,24658.30026,42901.42986,8630.201473,15043.16522,36678.49058,101266.2219
Albania,ALB,2007,24251.28786,41554.81033,8193.951353,14739.67041,35526.09584,97216.53792
Albania,ALB,2008,24549.60604,40965.42904,7935.097209,14786.46863,35479.18717,96784.44741
Albania,ALB,2009,24406.52906,39602.83255,7572.241524,14516.03299,34682.11509,95046.15085
Albania,ALB,2010,24614.73011,38306.33855,7328.985885,14472.47834,34423.49179,94787.67265
Albania,ALB,2011,25058.30691,37950.05241,7352.235451,14432.48283,34475.27092,95519.02821
Albania,ALB,2012,25387.46634,36527.26252,7249.742914,14434.73597,34434.1938,95709.98191
Albania,ALB,2013,25754.43658,35040.9964,7153.038808,14401.35361,34435.97166,96335.4029
Albania,ALB,2014,26317.84823,33517.76241,7161.780765,14486.59144,34713.21366,97930.93581
Albania,ALB,2015,26831.48456,31979.3292,7168.658172,14571.23055,35046.07126,99487.32651
Albania,ALB,2016,27154.38315,30684.11075,7113.632493,14600.59253,35233.20657,99611.76266
Albania,ALB,2017,27493.57482,29502.83159,7047.127978,14635.34297,35391.30106,99543.98519
Albania,ALB,2018,27781.29081,28360.88609,6961.362153,14633.98708,35480.41259,99350.64028
Albania,ALB,2019,28147.64782,27394.16839,6977.82387,14724.34854,35683.15769,99217.75886
Algeria,DZA,1990,38420.37867,112402.9697,13380.25454,21901.72371,54908.4516,133074.1389
Algeria,DZA,1991,36856.66211,107513.9323,12453.62422,21299.74832,55489.52563,132198.3577
Algeria,DZA,1992,35735.41904,103553.9076,12091.08858,21143.18557,54965.3875,131985.4911
Algeria,DZA,1993,34739.52183,100168.1299,11780.53988,20989.21381,54461.7433,132336.3616
Algeria,DZA,1994,34187.62674,96984.6148,11718.10586,21461.82439,53958.12156,132835.1558
Algeria,DZA,1995,33353.05912,93483.15025,11559.92459,21505.40725,53308.29691,132568.5963
Algeria,DZA,1996,31991.95563,89776.66476,11083.83365,20705.19894,52332.27554,131786.9982
Algeria,DZA,1997,32028.38402,87987.417,11352.22289,21632.92443,51659.58634,130729.3004
Algeria,DZA,1998,31046.93874,85606.41333,11059.11962,20988.76182,50423.16755,129132.4838
Algeria,DZA,1999,29941.96487,83075.30575,10529.74481,20014.56056,49590.82778,128003.7439
Algeria,DZA,2000,29643.41406,81862.74112,10454.82292,20007.72852,48802.07863,125736.4128
Algeria,DZA,2001,29061.79517,79802.01368,10261.81341,19602.94553,47919.13313,123294.7478
Algeria,DZA,2002,28530.52343,77934.3495,9910.648021,19243.32798,46970.31955,120911.7668
Algeria,DZA,2003,28336.61009,76891.26883,9890.22659,18997.27652,46879.3628,117909.95
Algeria,DZA,2004,27497.83448,74290.57532,9164.408098,18199.0844,45829.6912,115746.2673
Algeria,DZA,2005,27116.81802,71915.4209,8901.864507,17861.05047,45065.67395,113956.3338
Algeria,DZA,2006,26830.27948,69425.48189,8691.357983,17641.73819,44332.23575,112367.7226
Algeria,DZA,2007,26594.51737,66669.44817,8522.829453,17508.61836,43689.25278,111190.6828
Algeria,DZA,2008,26289.0349,63915.01496,8308.896365,17283.47336,43111.96239,110087.7139
Algeria,DZA,2009,26077.70716,61392.80408,8139.212364,17164.79002,42614.48059,109270.8535
Algeria,DZA,2010,25763.30478,58786.3778,7960.548868,16950.7345,41994.47901,108454.4262
Algeria,DZA,2011,25611.66126,56507.88743,7806.402229,16925.81008,41623.40738,108024.1416
Algeria,DZA,2012,25411.69568,54152.52318,7666.437021,16863.00689,41273.98339,107552.4836
Algeria,DZA,2013,25309.08725,52613.95989,7685.464994,16833.63082,40719.47373,107357.4734
Algeria,DZA,2014,25259.34991,51427.61888,7598.90171,16832.74429,40488.52679,107407.7622
Algeria,DZA,2015,25098.83178,49621.58904,7389.848884,16801.46615,40486.76239,107374.7997
Algeria,DZA,2016,24777.60713,47096.36282,7161.682225,16686.6738,40505.79361,106861.2083
Algeria,DZA,2017,24481.92161,43918.94176,7027.750188,16674.13156,40532.89766,106927.8799
Algeria,DZA,2018,24379.38114,41299.56151,7053.13629,16833.86911,40372.83269,107599.1738
Algeria,DZA,2019,24188.27744,39114.97752,6925.068392,16799.15705,40304.04268,107126.0697
American Samoa,ASM,1990,26009.79862,36708.02131,6569.145801,20512.69918,67619.90449,135150.4502
American Samoa,ASM,1991,25932.70029,35435.79928,6510.306356,20625.46246,67973.18941,135086.6364
American Samoa,ASM,1992,25866.86989,34329.85325,6458.100556,20725.37161,68214.12743,134518.9528
American Samoa,ASM,1993,25774.16824,33659.42706,6417.422837,20690.25444,68113.06687,133755.0867
American Samoa,ASM,1994,25791.36072,32943.96564,6391.151083,20843.58874,68159.25241,133210.8134
American Samoa,ASM,1995,25788.62759,32263.11992,6358.139123,20978.83936,68104.93946,132756.1431
American Samoa,ASM,1996,25822.24829,31699.48886,6330.667734,21099.4174,67955.35007,132355.9653
American Samoa,ASM,1997,25888.30266,31201.11441,6303.798737,21232.02267,67892.06044,132204.8982
American Samoa,ASM,1998,25961.17591,30912.28619,6291.035108,21277.93258,67751.47228,132364.0229
American Samoa,ASM,1999,26001.30346,30362.23582,6259.744087,21341.01475,67527.05266,132263.2961
American Samoa,ASM,2000,26048.21741,29788.95478,6225.191122,21464.91774,67475.34938,132133.5722
American Samoa,ASM,2001,26152.0117,29536.71424,6200.878266,21492.63985,67285.80288,132308.3549
American Samoa,ASM,2002,26272.86354,29466.79795,6174.548574,21480.62185,67077.50796,132620.1994
American Samoa,ASM,2003,27004.47807,29774.63003,6791.930688,22210.9494,67137.51728,132907.3975
American Samoa,ASM,2004,26393.12099,28450.38366,6074.99719,21535.74149,66266.56988,132449.3068
American Samoa,ASM,2005,26401.27878,27519.21468,6013.694821,21494.46841,66200.40224,132007.3134
American Samoa,ASM,2006,26525.51044,26883.66328,5980.409622,21555.26815,65980.49866,131815.9231
American Samoa,ASM,2007,26609.46996,26036.81663,5926.076666,21712.50471,65088.22563,131430.9757
American Samoa,ASM,2008,26672.30702,25453.1635,5891.175719,21399.84748,65468.4277,131278.6765
American Samoa,ASM,2009,30388.07995,29280.97247,9782.886769,25020.98511,67493.64353,132923.6141
American Samoa,ASM,2010,26960.46749,24312.71257,5875.368028,21455.07084,64448.43329,131056.6596
American Samoa,ASM,2011,27219.9122,23619.36314,5835.710188,21559.81773,64411.02993,131051.4711
American Samoa,ASM,2012,27510.5735,23101.29877,5804.222616,21627.77416,64416.3879,131145.9387
American Samoa,ASM,2013,28063.58324,22864.16162,5903.178281,22027.7806,64580.71284,131250.0696
American Samoa,ASM,2014,28182.19904,22544.07182,5778.494907,21705.53429,64540.13017,131149.2866
American Samoa,ASM,2015,28519.37706,22470.3798,5777.1826,21679.46674,64557.7842,131188.241
American Samoa,ASM,2016,28904.29753,22516.6037,5806.015362,21653.84797,64664.73531,131070.9976
American Samoa,ASM,2017,29214.5271,22157.68066,5810.026857,21627.18869,64662.9783,130597.332
American Samoa,ASM,2018,29490.69006,21793.0808,5802.814641,21567.01765,64615.32863,129890.74
American Samoa,ASM,2019,29767.64005,21491.74319,5806.10921,21517.94543,64580.43007,129035.7714
Andorra,AND,1990,22528.59187,14244.49549,5506.037263,15880.96559,40193.42021,87304.97837
Andorra,AND,1991,22320.32393,13474.77572,5461.929065,15795.72547,40170.73691,86964.20064
Andorra,AND,1992,22506.83735,13046.03658,5459.533119,15862.83935,40137.19763,86577.00135
Andorra,AND,1993,22652.60699,12112.17916,5378.071547,15997.17225,39806.62014,85931.80919
Andorra,AND,1994,23020.17415,11662.20141,5271.235923,16075.48622,39548.50619,85774.86117
Andorra,AND,1995,23252.32786,11185.07694,5208.160904,16118.1798,39115.00925,84979.86643
Andorra,AND,1996,23379.98373,10891.43178,5152.539526,16136.7518,38757.10678,84172.37103
Andorra,AND,1997,23490.07944,10504.24573,5067.80756,16130.80668,38219.30201,83304.12579
Andorra,AND,1998,23632.19577,10151.12007,5016.231102,16125.64758,37634.17234,82679.68704
Andorra,AND,1999,23820.26684,9465.31213,5010.627392,16164.09414,37144.40353,82299.15871
Andorra,AND,2000,24140.86564,9070.214419,4990.260473,16189.33105,36805.24454,81896.03006
Andorra,AND,2001,24371.48766,8634.447013,4986.436822,16251.52468,36472.2349,81624.01888
Andorra,AND,2002,24517.6845,8116.891461,4973.681045,16270.39552,36183.96217,81398.29866
Andorra,AND,2003,24149.22705,8395.375628,4987.602887,16204.7558,35806.031,81109.51201
Andorra,AND,2004,23847.72813,8605.393091,4964.429718,16149.68006,35576.50901,81601.37839
Andorra,AND,2005,23695.70842,8636.78304,4949.402492,16067.98292,35307.29322,81794.4183
Andorra,AND,2006,23675.49254,8613.038547,4915.895629,16043.76435,35004.99472,81788.01817
Andorra,AND,2007,23737.0064,8699.320477,4899.149511,16018.04225,34737.92376,81685.01968
Andorra,AND,2008,23887.20089,8464.737867,4890.800832,16023.51707,34695.51318,81982.30666
Andorra,AND,2009,24255.57795,8141.665968,4901.252825,16067.74803,34822.46446,82628.73297
Andorra,AND,2010,24481.48259,7735.738045,4890.003108,16068.48836,34671.42601,82750.58013
Andorra,AND,2011,24551.97396,7359.001455,4891.110556,16050.22403,34549.66501,84361.74853
Andorra,AND,2012,24734.35649,7022.606286,4882.252748,16056.55402,34361.43625,85309.86306
Andorra,AND,2013,25044.35662,6673.562617,4821.01261,16051.8811,34325.87951,85471.84944
Andorra,AND,2014,25250.70808,6319.599522,4765.036253,16029.62915,34242.1133,85381.86816
Andorra,AND,2015,25451.47142,5861.528791,4713.339466,16001.6252,34153.50368,85464.01337
Andorra,AND,2016,25745.13186,5979.343162,4728.250075,16017.20741,34148.80284,85013.54747
Andorra,AND,2017,25981.12833,6057.063036,4742.313128,16047.19691,34129.99492,84455.34006
Andorra,AND,2018,26200.57238,6030.929596,4782.640531,16045.08223,34053.20018,83574.13729
Andorra,AND,2019,26397.09599,5983.77638,4805.36152,16053.89259,33999.23274,82698.89752
Angola,AGO,1990,123378.3325,460522.3379,24128.06211,39990.9121,110912.4294,187980.6741
Angola,AGO,1991,120158.1151,450791.1644,23039.51883,37948.05536,109439.064,186562.6723
Angola,AGO,1992,119167.8532,442514.3594,23415.49959,39183.95817,108927.4605,185870.8475
Angola,AGO,1993,124071.3988,444127.5384,26914.45286,46878.47037,111064.8545,187223.3625
Angola,AGO,1994,118109.5182,432347.093,23885.59645,40873.30587,109271.4671,185655.863
Angola,AGO,1995,114002.5249,420254.005,22258.43242,38158.58009,108206.5964,184318.8813
Angola,AGO,1996,111109.0828,407411.2914,21714.41394,37693.46949,106971.2048,182837.9616
Angola,AGO,1997,110111.7128,397100.8294,22215.5825,39538.29409,106585.9323,181863.5949
Angola,AGO,1998,113103.871,391236.8959,25217.94189,46563.4463,107581.4843,181764.1136
Angola,AGO,1999,107046.2236,374630.4138,22762.28602,42127.56931,105497.6412,179550.6771
Angola,AGO,2000,102642.9456,359563.842,21394.14182,39887.5645,103704.1507,177795.1225
Angola,AGO,2001,99260.08386,345669.8028,20749.76489,39155.04636,101073.6648,175213.0169
Angola,AGO,2002,94458.96802,328751.2307,19515.62797,37078.43367,97653.6589,171895.954
Angola,AGO,2003,90969.28336,313096.0833,18980.22916,36543.29146,96097.78235,170253.5432
Angola,AGO,2004,87891.48397,297435.1766,18675.56573,36508.63809,95556.58557,169532.147
Angola,AGO,2005,83986.05199,280243.6276,18043.77027,35778.21641,92908.69076,166482.8195
Angola,AGO,2006,80879.64406,266054.8652,17592.21349,35196.99715,91354.88284,164503.3544
Angola,AGO,2007,76093.62916,244854.3287,16913.669,34338.29331,88656.89751,161136.1192
Angola,AGO,2008,71817.4804,225447.6658,16356.23931,33722.89252,86902.42329,158785.8206
Angola,AGO,2009,68066.86158,208848.4223,15882.37689,33210.2272,85129.68268,156303.0688
Angola,AGO,2010,64460.12106,193599.5625,15411.61358,32655.44919,83385.05289,153632.3873
Angola,AGO,2011,61202.99647,179925.8118,15016.96355,32261.88177,82112.71299,151538.3929
Angola,AGO,2012,58130.2911,167659.9793,14555.23087,31806.70379,81094.32641,149438.7379
Angola,AGO,2013,55071.86683,156444.1392,14098.65341,31109.50001,79460.03346,146999.1752
Angola,AGO,2014,51903.23262,146172.8749,13491.98202,30052.48013,76796.00293,143807.4566
Angola,AGO,2015,49412.51735,136497.0206,13110.72518,29739.06803,76030.89162,142649.0924
Angola,AGO,2016,47395.50394,127591.1924,12858.51858,29904.15541,75795.28898,141533.6823
Angola,AGO,2017,45372.30941,118926.9473,12489.17613,29907.39576,75588.29764,140696.4221
Angola,AGO,2018,43503.99454,111451.3437,12098.26234,29648.98442,75326.21813,140207.5497
Angola,AGO,2019,41750.11524,105117.999,11594.62222,29083.61312,74990.60371,140123.4443
Antigua and Barbuda,ATG,1990,27164.59234,29100.93012,6695.419528,18177.9523,56734.55587,113327.6962
Antigua and Barbuda,ATG,1991,27037.00133,28688.18893,6758.301883,17872.14985,56896.24962,115532.4168
Antigua and Barbuda,ATG,1992,27061.78191,29028.85693,6766.341496,18032.00511,56537.71381,116508.186
Antigua and Barbuda,ATG,1993,27663.29286,29802.77542,6885.431247,18063.30097,58201.89726,124226.4045
Antigua and Barbuda,ATG,1994,27569.7413,30140.78478,6893.238631,18158.72314,57967.80442,124677.8117
Antigua and Barbuda,ATG,1995,27593.18317,30517.15917,7082.506481,18423.11964,57677.37184,124972.8858
Antigua and Barbuda,ATG,1996,26820.28483,30272.94115,7211.458208,18711.83196,54201.97904,117461.7867
Antigua and Barbuda,ATG,1997,27457.26297,31435.34411,7376.914284,19217.0101,55122.71544,121801.9584
Antigua and Barbuda,ATG,1998,26011.99478,29388.75956,7351.309577,18591.60439,51394.05783,114246.8935
Antigua and Barbuda,ATG,1999,25805.98048,29065.96836,7339.155584,18565.16039,50717.41072,113735.9912
Antigua and Barbuda,ATG,2000,25520.18725,28482.86988,7167.010612,18449.53827,50093.25577,113134.2723
Antigua and Barbuda,ATG,2001,25205.20321,28261.89036,7134.94302,18259.36841,48939.97853,112084.78
Antigua and Barbuda,ATG,2002,24900.37299,27803.74063,7086.107562,18068.97041,47917.18054,110845.7122
Antigua and Barbuda,ATG,2003,24662.19625,27181.89586,7025.343287,17921.86857,47100.92041,109744.1481
Antigua and Barbuda,ATG,2004,24613.66905,27127.94382,7001.725493,17857.643,46566.48848,109204.6002
Antigua and Barbuda,ATG,2005,24499.4484,26424.8956,6937.103349,17761.06845,46074.93874,108342.7541
Antigua and Barbuda,ATG,2006,24579.11302,25893.34654,6862.070799,17667.58916,46167.64824,109148.9327
Antigua and Barbuda,ATG,2007,25162.93251,25543.91107,6495.232305,17016.67922,48706.72999,120661.0227
Antigua and Barbuda,ATG,2008,25177.29204,24850.22445,6440.871438,16957.75943,48612.86808,119889.2172
Antigua and Barbuda,ATG,2009,24834.41664,24463.05525,6525.112632,17325.6201,46234.45522,111920.0371
Antigua and Barbuda,ATG,2010,24995.84464,24250.79949,6552.63728,17353.44801,46050.9136,110976.4342
Antigua and Barbuda,ATG,2011,25197.54673,24035.77202,6571.283794,17290.35571,46047.66984,110781.9834
Antigua and Barbuda,ATG,2012,25377.11321,23787.17066,6540.631195,17221.49363,45998.52417,110021.9128
Antigua and Barbuda,ATG,2013,25555.16228,23629.05171,6475.031532,17154.69222,45922.98605,108870.0096
Antigua and Barbuda,ATG,2014,26041.04716,23252.0121,6496.703183,17208.42858,46553.8322,109697.3484
Antigua and Barbuda,ATG,2015,26329.4811,22869.09427,6550.876185,17118.56405,46557.32411,110041.8478
Antigua and Barbuda,ATG,2016,26577.5464,22670.62072,6588.312435,17033.87113,46428.60661,109768.902
Antigua and Barbuda,ATG,2017,26871.20644,22328.80128,6583.834039,17094.49509,46433.22289,108385.4104
Antigua and Barbuda,ATG,2018,27077.78553,21823.15924,6474.377702,17034.84936,46339.95383,107360.7956
Antigua and Barbuda,ATG,2019,27391.08902,21434.32085,6473.172952,17030.96545,46345.42998,106964.5499
Argentina,ARG,1990,31855.26806,54470.49266,6869.952094,19364.62566,57126.79611,116118.2574
Argentina,ARG,1991,31582.04665,53267.6935,6806.075246,19362.52707,56696.07192,113979.4309
Argentina,ARG,1992,31413.25944,50368.95696,6798.623509,19504.71338,56845.50705,113664.3955
Argentina,ARG,1993,31014.63991,48269.88911,6712.957105,19420.98302,56144.93716,112254.1833
Argentina,ARG,1994,30614.78078,46403.80499,6553.21141,19508.26481,55248.47247,109425.6399
Argentina,ARG,1995,30507.40883,45395.13638,6393.773332,19493.24661,54949.06031,109281.9749
Argentina,ARG,1996,30532.909,44673.55454,6363.660213,19587.16783,55079.8631,108649.8994
Argentina,ARG,1997,30423.22102,43027.03853,6357.812066,19558.73712,54831.81669,108869.6308
Argentina,ARG,1998,30432.87797,42562.69575,6366.796626,19395.63243,54502.66974,110237.0146
Argentina,ARG,1999,30233.05018,40052.60547,6302.765631,19297.25929,54223.61014,111000.2601
Argentina,ARG,2000,29620.77029,37831.33298,6226.335266,19042.83938,52901.72107,108662.3639
Argentina,ARG,2001,29510.64697,36601.73572,6213.168934,18941.19589,52633.07376,108681.9482
Argentina,ARG,2002,29670.34574,37338.72818,6185.667008,18777.80641,52835.29931,109610.2609
Argentina,ARG,2003,29507.46888,36902.42173,6109.432799,18422.31496,52476.31678,110487.9578
Argentina,ARG,2004,28825.7016,34825.42567,6082.245877,17985.12328,51251.85821,108565.1579
Argentina,ARG,2005,28329.75137,32015.64724,6133.93503,17854.7537,50467.90939,106656.6395
Argentina,ARG,2006,28221.40861,30792.03326,6163.429823,17862.90832,50125.66599,106073.6645
Argentina,ARG,2007,28523.15365,31458.16241,6140.003065,17944.2296,50418.4616,107159.6567
Argentina,ARG,2008,28254.81781,31440.03644,6116.353952,17940.04554,49565.07044,104301.7116
Argentina,ARG,2009,28144.37467,30599.52863,6098.986083,17959.10155,49119.77071,103615.3374
Argentina,ARG,2010,28072.659,30130.61573,6024.757507,17804.19211,48552.10275,104686.2183
Argentina,ARG,2011,28006.67645,28997.82498,5994.224984,17822.35547,48253.54058,104421.5439
Argentina,ARG,2012,27904.21846,27319.09173,5910.566523,17897.56633,48139.63355,103459.8933
Argentina,ARG,2013,27874.22518,26744.72081,5882.717174,17892.72204,47868.86888,103069.5338
Argentina,ARG,2014,27691.63544,26185.73763,5844.803236,17708.18357,47289.06268,102586.354
Argentina,ARG,2015,27635.07044,24370.44959,5782.297296,17580.67768,47425.63351,103386.5685
Argentina,ARG,2016,27974.51603,23406.0869,5772.34196,17681.32061,48256.28212,105553.7387
Argentina,ARG,2017,27979.97438,22593.44773,5743.577094,17706.88632,48297.18386,105430.099
Argentina,ARG,2018,27851.55142,22245.50253,5705.302721,17720.33589,47964.89001,103481.6212
Argentina,ARG,2019,27898.27007,22128.99424,5675.7311,17707.76483,47787.83168,102929.4056
Armenia,ARM,1990,33562.69507,81215.65087,8270.653478,18013.1618,58845.25956,130841.2657
Armenia,ARM,1991,33461.33341,76174.8555,7712.350354,18449.26581,60940.06917,136011.2051
Armenia,ARM,1992,34615.37357,72831.54196,7639.581021,19990.87216,64851.91835,147076.0371
Armenia,ARM,1993,35040.37296,69905.16083,7819.881256,21038.36114,67033.8876,152619.2113
Armenia,ARM,1994,34013.40306,67214.68421,7749.255895,21250.33709,65242.54468,144436.1326
Armenia,ARM,1995,32741.70649,64448.29961,7519.893768,19629.33899,66440.96532,140662.7029
Armenia,ARM,1996,32120.07241,62336.95167,7122.240283,18907.25985,67240.94303,138009.5632
Armenia,ARM,1997,31107.33374,60686.59935,6948.997797,18277.44507,64672.45985,131373.5717
Armenia,ARM,1998,30518.50846,58775.10071,6908.068813,17762.03848,62955.81961,128286.6901
Armenia,ARM,1999,30207.10523,57064.19932,6693.482445,17325.03015,61897.53651,126609.7251
Armenia,ARM,2000,29846.29675,55820.05865,6467.9455,16954.59782,59676.80785,123587.1598
Armenia,ARM,2001,30109.11603,54821.5809,6269.952544,16933.22073,59161.6976,123925.2972
Armenia,ARM,2002,30173.27262,52998.8935,6293.76466,16607.63712,58160.98466,124152.9046
Armenia,ARM,2003,30435.53077,51112.35783,6431.143158,16471.27367,57643.41843,125247.5554
Armenia,ARM,2004,30469.0856,49505.06797,6439.576904,16395.66921,56668.32376,123751.7129
Armenia,ARM,2005,30919.1216,47458.47803,6349.472016,16555.05333,56326.30488,123931.7203
Armenia,ARM,2006,31462.99127,45210.01756,6270.220239,16845.22074,55882.30249,124110.314
Armenia,ARM,2007,31271.31585,41727.59025,6343.478286,16678.5874,53860.75652,122328.2974
Armenia,ARM,2008,31608.25876,40068.19665,6245.054009,16700.9368,53066.5423,122719.0022
Armenia,ARM,2009,31563.0772,38464.32354,6313.317026,16568.13699,51524.22409,121333.7136
Armenia,ARM,2010,31470.23322,36557.05717,6283.355346,16378.85664,49783.56224,121030.5383
Armenia,ARM,2011,31361.80995,34551.32736,6197.175232,16196.23279,48905.85604,120589.5722
Armenia,ARM,2012,31004.75629,31990.76031,6073.910949,15798.15603,48589.45892,119852.4009
Armenia,ARM,2013,30351.45631,30202.62163,6057.262537,15237.88094,47858.09088,118999.7498
Armenia,ARM,2014,30291.6908,28668.0234,6031.846965,15196.22084,47986.97559,120618.1538
Armenia,ARM,2015,30683.04409,27432.81309,6184.281397,15316.47183,49244.19981,123144.4023
Armenia,ARM,2016,30713.27026,27453.50612,6334.481765,15369.50423,49413.95073,122031.1968
Armenia,ARM,2017,30461.77689,25247.68527,6038.448326,15104.44946,49628.03795,121423.4261
Armenia,ARM,2018,30499.67503,24017.40342,5901.499808,15332.45829,49727.19786,120878.6959
Armenia,ARM,2019,30541.45788,22944.17072,5827.941468,15452.8435,50126.31326,119408.3514
Australia,AUS,1990,27920.86115,19613.96093,5981.126857,18449.23573,47369.81262,106463.0298
Australia,AUS,1991,27486.83376,18101.93996,5894.661388,18294.17489,46202.96351,103924.5316
Australia,AUS,1992,27376.59645,17651.82533,5850.073146,18222.44811,45346.77474,103271.1208
Australia,AUS,1993,27096.0084,16324.10875,5798.816936,18167.01051,44197.20232,101856.2662
Australia,AUS,1994,27145.84666,15685.03522,5822.775947,18265.26507,43429.78935,101741.3954
Australia,AUS,1995,26971.78407,15091.0733,5795.930803,18297.43663,42292.51062,100145.9532
Australia,AUS,1996,26977.28504,14825.6212,5755.250068,18344.43786,41514.32856,99352.12519
Australia,AUS,1997,26809.44056,14398.90847,5650.226568,18312.99164,40311.55108,97818.32828
Australia,AUS,1998,26649.51768,14023.12703,5551.148322,18347.49455,39144.67307,96167.66055
Australia,AUS,1999,26485.41224,14212.06682,5520.619009,18273.00039,38042.20278,94721.6561
Australia,AUS,2000,26278.74634,13696.75524,5494.185887,18076.5209,37293.19675,93453.64213
Australia,AUS,2001,26057.0062,13389.93806,5433.700526,17772.88528,36674.07069,92244.22678
Australia,AUS,2002,25988.32491,13099.58844,5397.405053,17648.05284,36212.43783,91842.08591
Australia,AUS,2003,25795.97305,12868.20775,5329.317325,17569.71005,35536.21903,90378.98454
Australia,AUS,2004,25611.29994,12724.43475,5282.833672,17438.09483,35038.40709,88924.34296
Australia,AUS,2005,25443.07973,12898.13684,5241.520999,17315.65475,34573.43729,87391.00038
Australia,AUS,2006,25367.1375,12758.60537,5211.118849,17217.94692,34210.41854,86605.95133
Australia,AUS,2007,25450.98471,12463.40388,5206.887888,17169.13306,34254.53979,86647.40391
Australia,AUS,2008,25435.22199,12163.87483,5190.427421,17093.17057,34054.14299,86480.51427
Australia,AUS,2009,25328.49909,11879.24605,5221.499895,17053.05224,33857.23116,85064.37838
Australia,AUS,2010,25158.78692,11434.29131,5197.41343,16894.21703,33549.95977,84042.03946
Australia,AUS,2011,25078.72516,10888.13726,5187.248538,16743.87765,33359.29357,83636.74387
Australia,AUS,2012,24852.10011,10382.72791,5134.899431,16541.9759,33044.22668,82238.21668
Australia,AUS,2013,24780.06436,10281.77165,5107.48827,16425.57517,33003.66937,81088.62629
Australia,AUS,2014,24874.29168,9816.728337,5068.270978,16430.33038,33090.35903,80662.6233
Australia,AUS,2015,25001.14039,9803.598083,5057.675852,16472.31512,33061.02022,80395.71732
Australia,AUS,2016,24981.9927,9604.830864,5037.057793,16500.5834,32817.32554,79352.46249
Australia,AUS,2017,25167.85384,9437.002394,5048.366271,16594.57529,32842.65771,78739.27653
Australia,AUS,2018,25439.44811,9246.491846,5074.381998,16613.39636,33009.76477,79221.92278
Australia,AUS,2019,25598.62584,9080.209474,5079.894089,16619.74158,32999.8596,79180.87869
Austria,AUT,1990,33409.38384,19708.99849,5610.369941,18556.19667,50053.18839,116949.9447
Austria,AUT,1991,33292.58681,19153.24772,5530.433607,18556.17189,49519.41813,115145.8644
Austria,AUT,1992,33069.20443,18503.50661,5531.617795,18458.94507,48827.93847,113046.6788
Austria,AUT,1993,32780.15111,16714.06662,5645.053278,18502.00323,48150.27762,110913.3883
Austria,AUT,1994,32386.72681,15602.28925,5618.374385,18470.5952,47198.05059,108516.2001
Austria,AUT,1995,32101.09061,14108.10464,5476.760288,18272.17934,46849.33676,107343.7912
Austria,AUT,1996,31795.72462,13320.24329,5426.514386,18004.54043,46585.85711,106203.6895
Austria,AUT,1997,31284.79793,12499.86465,5333.148226,17629.25078,45509.40681,104314.2726
Austria,AUT,1998,30984.21354,12241.58631,5259.997491,17400.02136,44620.39046,103087.5591
Austria,AUT,1999,30736.69017,11800.0088,5265.024775,17326.47356,43668.47645,101853.0987
Austria,AUT,2000,30459.71062,11875.01567,5228.661406,17231.28757,42831.17141,100214.6631
Austria,AUT,2001,30044.55083,11791.27243,5129.445304,17074.48297,41872.41619,98187.23268
Austria,AUT,2002,29971.07495,11377.81545,5126.899151,16973.44017,41474.52127,98068.74604
Austria,AUT,2003,29932.64278,11702.06071,5178.306104,16886.45287,41283.37686,97596.49022
Austria,AUT,2004,29587.97946,11356.18161,5198.396842,16740.72159,40863.26277,95627.68288
Austria,AUT,2005,29452.51989,11024.66822,5205.486094,16626.72762,40531.84126,94944.78406
Austria,AUT,2006,29085.53356,10433.04689,5138.042091,16390.62831,39820.88682,93402.82053
Austria,AUT,2007,29021.55906,10182.21139,5076.464186,16240.30028,39697.09652,92538.92108
Austria,AUT,2008,28913.94632,10252.38718,5068.724515,16044.93205,39420.06958,91334.34624
Austria,AUT,2009,29111.94545,10313.43321,5120.38178,16011.58329,39486.51557,90076.0951
Austria,AUT,2010,29072.83932,10363.18955,5055.424738,15911.0025,38945.03554,87577.87437
Austria,AUT,2011,29011.70455,9906.081814,5017.468286,15716.009,38330.49586,86538.68387
Austria,AUT,2012,29032.51738,9363.605065,5089.185877,15504.81,37818.74625,86366.12703
Austria,AUT,2013,28969.69889,9203.838288,5112.947874,15338.48118,37373.83783,85751.6646
Austria,AUT,2014,28876.38333,9048.023304,5071.87084,15226.20684,36854.85663,85223.00105
Austria,AUT,2015,28924.14079,9055.067441,5034.354755,15131.66383,36546.11412,85922.05456
Austria,AUT,2016,28681.13468,9111.572363,4994.646747,14996.14154,36129.04304,85528.97939
Austria,AUT,2017,28455.80205,8898.506476,4990.184078,14922.12112,35622.81259,84218.21815
Austria,AUT,2018,28372.04731,8437.562797,4993.966229,14920.66446,35180.93387,83616.63055
Austria,AUT,2019,28400.01865,8144.324665,4983.290687,14871.44451,34908.84602,83691.10425
Azerbaijan,AZE,1990,43674.18428,156473.268,10026.35476,19218.59871,64434.56332,124510.0952
Azerbaijan,AZE,1991,43895.78658,150187.024,10258.66531,20749.02866,66682.52814,127281.8596
Azerbaijan,AZE,1992,47124.54346,146646.7267,11659.67882,26846.32964,70845.72497,134260.7073
Azerbaijan,AZE,1993,46177.88543,139984.1048,11197.83658,26808.89938,73567.17654,141189.4139
Azerbaijan,AZE,1994,45977.48277,135905.0605,11559.25043,27635.41401,76340.10897,147680.9187
Azerbaijan,AZE,1995,42524.32094,129998.7218,11034.83561,23710.97885,77805.3562,145745.6098
Azerbaijan,AZE,1996,40335.20064,127145.1562,10733.99001,21732.53128,78474.2788,143609.587
Azerbaijan,AZE,1997,39013.48742,125357.5951,10725.20855,21088.88153,77772.04703,142550.27
Azerbaijan,AZE,1998,38052.58253,125149.3939,10835.3618,20432.46569,77384.00134,143371.2762
Azerbaijan,AZE,1999,37220.30812,124265.6421,10953.63906,19929.33638,76386.86843,144735.9362
Azerbaijan,AZE,2000,36405.82057,121967.4867,11244.82332,19553.93418,75250.11046,146323.1452
Azerbaijan,AZE,2001,35415.92931,117215.3816,11209.64337,19087.698,73617.71891,145865.946
Azerbaijan,AZE,2002,35107.01433,116156.168,10910.7401,18881.85583,73078.75594,150138.3769
Azerbaijan,AZE,2003,35240.03698,116201.0928,10624.19051,18866.97761,72658.50906,154483.9277
Azerbaijan,AZE,2004,35249.23879,115294.4739,10483.39038,18872.82346,71638.98504,156819.2711
Azerbaijan,AZE,2005,35260.15536,111688.3543,10252.34892,18984.44022,70485.22808,159588.379
Azerbaijan,AZE,2006,34711.30076,107444.0615,9241.026569,18601.79493,67981.28073,161001.3601
Azerbaijan,AZE,2007,34045.69307,101014.3467,8883.91258,18209.28371,64991.10832,159419.4254
Azerbaijan,AZE,2008,33869.02654,95601.48132,8783.563167,18114.33845,63356.00328,159238.237
Azerbaijan,AZE,2009,33564.49032,90189.79008,8637.780894,17930.34872,61121.73717,158693.0811
Azerbaijan,AZE,2010,33370.02481,85893.75142,8429.105977,17875.09823,59404.26764,158270.6714
Azerbaijan,AZE,2011,33099.77004,81163.5055,8028.293809,17801.31662,57906.25388,157936.6321
Azerbaijan,AZE,2012,32711.96754,76629.85782,7554.718732,17594.33812,57045.57508,159040.3294
Azerbaijan,AZE,2013,32322.68016,72325.35284,7742.550412,17373.74812,56122.91776,161132.0494
Azerbaijan,AZE,2014,31994.50795,68222.90665,7805.741348,17167.70024,55952.94138,165149.3593
Azerbaijan,AZE,2015,31634.15094,65022.21376,7556.138447,16962.36446,56530.16111,165304.0864
Azerbaijan,AZE,2016,31409.58746,61613.67627,7574.55849,16786.62429,56977.74548,168530.7128
Azerbaijan,AZE,2017,31227.19258,58090.84708,7541.672022,16719.2705,57503.2509,169678.4573
Azerbaijan,AZE,2018,30853.69347,55542.6571,7435.237994,16928.62364,57036.83005,162302.8753
Azerbaijan,AZE,2019,30720.89499,53412.52226,7329.608351,16988.26245,57122.76623,157259.8786
Bahamas,BHS,1990,28717.74515,42657.43386,7488.293881,23607.18803,63395.74251,110781.2224
Bahamas,BHS,1991,29118.9844,43175.79886,7290.437268,24421.88813,61092.28933,110404.5829
Bahamas,BHS,1992,29793.85874,42596.45611,7384.241536,25526.22353,60412.11364,109383.1005
Bahamas,BHS,1993,30556.7122,40058.16333,7216.919619,27045.52299,60733.42356,109933.2461
Bahamas,BHS,1994,31085.74931,37040.98305,7460.08159,28191.23891,61265.01361,109161.7822
Bahamas,BHS,1995,30852.96144,34416.84636,7611.256278,28185.70592,60831.65204,107832.4928
Bahamas,BHS,1996,31505.58843,32804.53112,7705.085811,29131.93866,62011.66781,110851.7047
Bahamas,BHS,1997,30583.05071,31680.20732,7682.380686,28339.24051,59286.9934,108353.5082
Bahamas,BHS,1998,30092.80549,30233.63731,7533.474285,27989.05446,58559.26283,106848.1027
Bahamas,BHS,1999,31112.86697,28559.06184,7878.677796,29209.26431,61342.60615,108503.6387
Bahamas,BHS,2000,30497.99125,27103.40743,7802.565433,28664.19738,59674.50383,106252.891
Bahamas,BHS,2001,30473.17807,26593.1221,7642.181,28493.31123,59975.62031,107294.8729
Bahamas,BHS,2002,29658.82501,27263.08619,7634.794419,27378.18174,57997.3178,104186.2825
Bahamas,BHS,2003,29060.84371,27627.32102,7504.706888,26505.98606,56892.92543,101373.1876
Bahamas,BHS,2004,29217.16133,27972.97384,7296.052758,26414.27147,57037.08403,102711.0976
Bahamas,BHS,2005,28440.36275,26861.14252,6629.194152,25788.17104,54449.49413,100675.794
Bahamas,BHS,2006,28984.25518,25622.54053,6560.546656,26424.30161,54887.1439,101205.5959
Bahamas,BHS,2007,28405.31385,24983.05609,6597.705676,25707.94439,53001.1041,97612.2715
Bahamas,BHS,2008,28685.40356,24780.86217,6501.739853,25786.70135,52985.81772,98687.65637
Bahamas,BHS,2009,29129.19631,24474.73313,6461.291294,26008.07881,53473.37264,100484.2062
Bahamas,BHS,2010,29286.52441,24022.45349,6582.289247,26019.95508,53343.22432,99794.77245
Bahamas,BHS,2011,29580.24788,23387.06302,6898.791578,26057.69928,53655.38577,99430.62675
Bahamas,BHS,2012,29813.85571,23252.56169,7253.388701,25978.21286,53576.04938,98849.71405
Bahamas,BHS,2013,29843.43713,23108.32173,7023.161758,25856.56108,52832.15216,98516.92249
Bahamas,BHS,2014,30086.57288,23054.13672,6969.580524,25858.29552,52674.23065,98183.7904
Bahamas,BHS,2015,30828.85531,23542.94361,7495.204818,26217.47527,53288.51584,98760.98119
Bahamas,BHS,2016,30548.56347,22756.08534,6850.407136,25633.27142,52812.35134,98726.49619
Bahamas,BHS,2017,30779.037,22490.8115,6846.522337,25567.46483,52789.6504,98613.38716
Bahamas,BHS,2018,30999.29091,22157.37882,6779.330091,25374.18899,52988.18289,98817.43918
Bahamas,BHS,2019,32291.65583,23006.34842,7718.614346,26363.85455,53855.01562,99454.10037
Bahrain,BHR,1990,24506.68214,47922.253,7655.659166,17152.37968,67255.89737,181593.6087
Bahrain,BHR,1991,24275.70787,46484.64115,7581.053845,17052.91186,68235.46826,183402.1804
Bahrain,BHR,1992,23884.72794,44575.78839,7548.143156,16968.31598,67994.14069,181554.4944
Bahrain,BHR,1993,23453.6342,42198.03962,7414.384767,17086.13173,67143.58827,174811.8035
Bahrain,BHR,1994,23028.89586,38813.83298,7469.782999,17173.97356,66958.13697,170502.6384
Bahrain,BHR,1995,22572.9698,34669.79014,7416.256287,17240.94464,66614.88458,170844.4317
Bahrain,BHR,1996,22234.95402,30366.50611,7291.643729,17492.42201,65652.15395,173592.4114
Bahrain,BHR,1997,21990.21797,27441.68597,7757.872019,17642.09507,63301.12841,174658.8979
Bahrain,BHR,1998,21842.37575,25842.96161,7843.975811,17703.69717,62071.8181,174868.1483
Bahrain,BHR,1999,21801.9984,24515.67726,7857.011187,17963.00254,60561.27214,172190.4319
Bahrain,BHR,2000,22541.34145,24033.70563,7880.347755,19908.41871,56405.74791,152401.3572
Bahrain,BHR,2001,20782.34124,23208.31056,6940.372006,18395.63804,51046.26953,133264.75
Bahrain,BHR,2002,20596.68817,22057.91766,6863.695275,17586.58794,52416.09573,151950.8643
Bahrain,BHR,2003,20414.30557,21453.24245,6747.291084,16934.09308,53036.9569,168668.8122
Bahrain,BHR,2004,20004.65812,21044.14781,6586.670914,16568.29263,51120.15977,170650.0715
Bahrain,BHR,2005,19579.98165,20521.90516,6502.870233,16268.74113,48431.90654,170560.9209
Bahrain,BHR,2006,19521.78768,20176.93299,6592.563167,16449.12149,46106.62371,167639.0926
Bahrain,BHR,2007,18671.88347,19404.8382,6397.864461,15590.67657,43520.46551,161597.1434
Bahrain,BHR,2008,18302.44699,18752.54521,6371.989847,15302.83609,41632.72236,155405.483
Bahrain,BHR,2009,17938.38902,18183.01594,6313.994651,14964.08114,40324.10442,147382.5443
Bahrain,BHR,2010,17719.73788,17673.37816,6240.22791,14713.10149,39547.79289,139851.5994
Bahrain,BHR,2011,17859.11896,17351.6087,6176.682851,14915.33385,38462.05206,135297.719
Bahrain,BHR,2012,17884.52252,17468.96967,6053.161118,14912.69041,37245.79549,130619.0225
Bahrain,BHR,2013,17983.59277,17337.24956,6135.904045,14985.87811,36180.06197,126607.1228
Bahrain,BHR,2014,18139.96929,17203.42839,6276.12485,15083.69673,35321.31459,124620.6499
Bahrain,BHR,2015,18368.2706,16876.3992,6267.770748,15143.14701,35119.68745,125522.504
Bahrain,BHR,2016,18614.01203,16063.72898,6177.510701,15178.48711,35166.50526,127111.9153
Bahrain,BHR,2017,19048.76513,15405.97584,6151.242611,15317.42654,35762.59909,127891.775
Bahrain,BHR,2018,19346.51313,14565.56053,6037.874425,15237.86648,36467.40877,124686.2301
Bahrain,BHR,2019,19818.70411,13890.53402,5954.648506,15267.2476,36991.70992,123775.8874
Bangladesh,BGD,1990,70934.76301,246669.9256,25332.55865,28264.42409,85467.12388,156467.5224
Bangladesh,BGD,1991,75072.48687,245878.3447,33198.83291,34535.31021,85141.0843,150911.2607
Bangladesh,BGD,1992,63503.98729,222966.1519,24169.17713,26149.23925,77947.77561,144012.9272
Bangladesh,BGD,1993,60235.18671,212198.8514,23282.65925,25398.99062,76000.89563,141407.3262
Bangladesh,BGD,1994,57319.69435,202900.3684,22392.99504,24728.93269,74186.4536,138960.0157
Bangladesh,BGD,1995,55103.4945,194539.8769,21677.79934,24541.23333,74033.74621,138773.154
Bangladesh,BGD,1996,52493.0812,186499.5775,20750.1116,23685.84779,71851.80302,135644.2623
Bangladesh,BGD,1997,50179.60849,178737.1077,19917.98087,22989.61693,69903.42089,132630.9307
Bangladesh,BGD,1998,47820.84419,170098.4625,18812.97356,22214.08222,68154.17037,132569.2695
Bangladesh,BGD,1999,45684.3077,161880.256,17753.60847,21495.22893,66582.92449,132894.6095
Bangladesh,BGD,2000,44082.76296,154102.5199,17162.39821,21229.05879,66346.23956,132686.1603
Bangladesh,BGD,2001,42455.27601,146981.7484,16615.59584,20813.66617,65194.13117,131044.5899
Bangladesh,BGD,2002,41095.09368,140695.3705,15888.81893,20491.39106,64730.42011,131947.8775
Bangladesh,BGD,2003,39880.12529,134263.937,15353.27221,20286.33957,64457.19964,132046.8932
Bangladesh,BGD,2004,38636.6757,127779.5321,15103.00531,19963.99453,63686.57869,130092.4601
Bangladesh,BGD,2005,37563.00329,121067.5835,14851.58692,19774.25657,63480.47684,129463.3941
Bangladesh,BGD,2006,36458.40595,114318.2121,14352.32843,19596.71819,63136.26634,128680.737
Bangladesh,BGD,2007,35536.27474,108682.0403,14181.53219,19520.84206,62390.76994,125045.3323
Bangladesh,BGD,2008,34157.02531,102775.5171,13756.5763,18965.10348,60504.32565,120609.0245
Bangladesh,BGD,2009,33066.37928,97336.36304,13412.20591,18552.77461,59238.56538,118311.007
Bangladesh,BGD,2010,32206.15348,92864.71649,12970.50714,18159.13308,58658.12706,117172.9171
Bangladesh,BGD,2011,30992.82514,89008.05059,12392.15346,17666.30139,56741.60264,108282.041
Bangladesh,BGD,2012,29896.27348,83963.47977,11885.18691,17401.78623,55162.70977,100486.6105
Bangladesh,BGD,2013,29192.63553,78991.86922,11570.84948,17246.33726,53978.76109,99170.93848
Bangladesh,BGD,2014,28739.27395,74345.82994,11360.79114,17141.92663,53044.30817,100955.6697
Bangladesh,BGD,2015,28166.19265,69805.71056,11010.93451,17039.52051,52154.51463,98994.17123
Bangladesh,BGD,2016,27791.21133,65821.95462,10726.75599,16944.87569,51586.98034,98769.75243
Bangladesh,BGD,2017,27626.4288,61440.78561,10479.81692,16949.31396,51244.95766,102194.958
Bangladesh,BGD,2018,27278.47311,57301.1936,10174.5833,16848.34733,50790.67017,102007.3781
Bangladesh,BGD,2019,27077.0798,54004.91055,9913.717915,16776.03159,50448.5078,101954.2493
Barbados,BRB,1990,30959.02479,36720.4829,8007.565018,19145.54088,52162.23303,111270.1969
Barbados,BRB,1991,30652.23474,35264.59507,7634.340341,19145.55809,51420.61569,109932.465
Barbados,BRB,1992,31208.75726,33428.82416,7407.033491,19768.78378,52158.16098,112525.672
Barbados,BRB,1993,31388.23446,31448.90618,7119.702191,20179.25809,51848.58635,114127.3841
Barbados,BRB,1994,31685.93262,30846.16489,7007.845635,20823.59583,51067.77914,114916.049
Barbados,BRB,1995,31776.83324,30804.83933,6826.323399,21169.60288,50333.05201,114632.0633
Barbados,BRB,1996,31652.1816,30933.62827,6693.926207,21140.64176,49557.03904,113534.9423
Barbados,BRB,1997,31651.75641,31004.97082,6820.794195,20870.6036,49869.46205,112750.7053
Barbados,BRB,1998,31433.49267,31039.7809,6844.901691,20723.48559,49137.47288,110477.1479
Barbados,BRB,1999,31125.34446,30840.0712,6907.776555,20744.6497,47918.84213,107092.621
Barbados,BRB,2000,31336.36948,30272.91643,7020.957286,20735.71367,48315.30354,107500.2696
Barbados,BRB,2001,30636.61083,29179.81469,6925.705125,20043.38225,47077.9151,105564.0272
Barbados,BRB,2002,30907.05895,28941.81364,6862.806577,19852.46022,47537.96428,107847.3298
Barbados,BRB,2003,31236.40036,28935.33087,6805.317652,19879.98175,47471.19355,110370.313
Barbados,BRB,2004,31251.09788,27858.54362,6734.209647,19836.68262,47215.10695,110918.5089
Barbados,BRB,2005,30870.51259,27588.82689,6597.566447,19676.70698,46338.27215,108066.9226
Barbados,BRB,2006,30807.78195,27439.07525,6287.862173,19649.12016,45723.92599,107710.2074
Barbados,BRB,2007,30739.4825,26944.16653,6235.504421,19533.52072,45355.73452,106994.3978
Barbados,BRB,2008,30575.29917,26596.72009,6279.365027,19335.31159,44841.48788,105546.1912
Barbados,BRB,2009,30318.78544,26400.14878,6785.011507,19092.01411,44456.94168,101882.5556
Barbados,BRB,2010,30436.53809,26285.32001,6824.299896,19025.36078,44297.30644,101488.2893
Barbados,BRB,2011,30560.07568,26202.0826,6882.203458,18849.3599,44316.37494,101296.434
Barbados,BRB,2012,30455.23487,25189.90877,6920.681997,18552.26447,44130.04709,100217.9139
Barbados,BRB,2013,30742.34747,24968.15521,6963.91977,18457.22415,44433.56263,100452.3448
Barbados,BRB,2014,31096.90549,24874.99598,6975.561584,18424.88399,44775.65272,100721.3078
Barbados,BRB,2015,31395.86547,24836.85228,6928.978823,18424.98625,44784.5062,100868.5884
Barbados,BRB,2016,31717.22518,24779.30847,6926.412072,18367.84605,44959.11819,100728.5931
Barbados,BRB,2017,32099.58414,24705.14715,6952.291017,18320.98824,45217.10604,100760.7714
Barbados,BRB,2018,32616.74819,24576.83501,6886.674313,18266.61701,45606.03338,101960.1787
Barbados,BRB,2019,33471.44013,24454.08149,6760.466907,18284.15088,46284.32337,105577.6111
Belarus,BLR,1990,37481.45051,32126.55486,7126.740704,23101.24588,64568.42326,127752.306
Belarus,BLR,1991,38488.22653,32048.22971,7248.414959,23796.91447,66847.90901,129981.474
Belarus,BLR,1992,39567.3144,31653.44416,7072.781524,24859.05263,69328.91274,131720.8143
Belarus,BLR,1993,41955.58153,30599.82237,6807.328231,26548.1397,75163.68517,138377.2981
Belarus,BLR,1994,42422.6494,30914.30479,6751.670234,27092.85178,76625.13328,137716.4814
Belarus,BLR,1995,43627.69293,30622.70817,6598.129036,28020.09239,80217.17205,138266.6787
Belarus,BLR,1996,43448.36441,29957.56248,6447.558363,27949.11903,80641.2173,135973.2011
Belarus,BLR,1997,44149.02661,30911.8795,6541.380688,28248.13347,81659.89152,136666.8506
Belarus,BLR,1998,45099.48837,32159.59852,6565.926496,28903.19187,82756.0053,136806.6861
Belarus,BLR,1999,46182.80196,31925.20655,6384.161408,29513.33081,83871.83012,138505.3305
Belarus,BLR,2000,44568.88031,30926.03723,6246.249571,28180.97987,79608.09137,132982.5727
Belarus,BLR,2001,46138.62719,29313.02694,6315.667195,28799.3382,82551.44973,135611.9687
Belarus,BLR,2002,47946.05633,27580.4397,6370.952837,29651.61719,85660.1331,139722.4293
Belarus,BLR,2003,47088.35585,26138.97954,6083.882661,29084.07991,82779.01852,136419.1568
Belarus,BLR,2004,46551.79458,24922.95837,5854.960688,28705.35576,80542.80818,134509.3615
Belarus,BLR,2005,47364.57252,24137.86803,5815.498205,29078.90497,81102.40304,135766.5912
Belarus,BLR,2006,46239.55477,23302.38499,5770.640579,28118.92591,77427.18203,133187.835
Belarus,BLR,2007,44594.01578,22163.02186,5801.507145,26761.02825,73184.4162,128658.2681
Belarus,BLR,2008,44587.84422,20660.65695,5640.395066,26502.1264,72441.09122,127805.8989
Belarus,BLR,2009,44730.72771,19206.91211,5645.113884,26375.07212,71547.72752,128226.4203
Belarus,BLR,2010,45087.06342,17658.48378,5622.296024,26486.97211,71716.56739,128222.8407
Belarus,BLR,2011,45584.89324,16593.62832,5522.186038,26599.88193,72191.2807,129670.8446
Belarus,BLR,2012,41610.88989,15744.3903,5310.337322,23934.82901,63934.94135,122429.9915
Belarus,BLR,2013,40893.92214,15060.07054,5194.971815,23110.34748,62401.92191,123370.6488
Belarus,BLR,2014,40289.91517,14326.94178,5095.305705,22462.1411,61594.7755,123609.2664
Belarus,BLR,2015,39380.1033,13520.10011,4934.411904,21606.24277,60249.21736,123249.2422
Belarus,BLR,2016,39097.05732,13003.71223,4894.271679,21279.6697,59822.69305,124432.8335
Belarus,BLR,2017,39245.29767,12367.5903,4889.724066,21436.82412,60074.99051,124255.888
Belarus,BLR,2018,39170.89204,11819.47665,4885.025588,21884.21652,59900.2792,121026.3028
Belarus,BLR,2019,39372.14477,11372.85146,4858.550719,22130.3164,60158.67257,119663.476
Belgium,BEL,1990,33031.15083,20422.03156,5926.539334,18135.98781,48190.93729,116222.9854
Belgium,BEL,1991,32867.49576,20170.12027,5862.169907,18217.4693,47787.01249,113980.486
Belgium,BEL,1992,32809.46839,19437.56006,5835.891686,18305.44293,47495.56127,112865.1939
Belgium,BEL,1993,32795.01589,18278.00726,5704.881347,18441.2001,47154.08839,112171.266
Belgium,BEL,1994,32626.09601,16960.55874,5651.22358,18498.94829,46858.18219,109986.696
Belgium,BEL,1995,32489.728,15367.77551,5656.382236,18465.68774,46566.2367,108551.3015
Belgium,BEL,1996,32197.0652,14220.59052,5579.885121,18356.91062,45680.40424,106967.9989
Belgium,BEL,1997,32029.88808,14018.68319,5503.992201,18221.42439,45118.10527,105339.4649
Belgium,BEL,1998,31966.58368,13510.32479,5519.564112,18138.92797,44763.73336,104184.8261
Belgium,BEL,1999,31918.06445,13043.86391,5487.179133,18222.37855,44286.80533,102844.0227
Belgium,BEL,2000,31860.61957,13015.14679,5440.931613,18344.65988,43617.72832,101465.7474
Belgium,BEL,2001,31663.66273,12570.29032,5507.906638,18282.0019,43028.90965,99588.55251
Belgium,BEL,2002,31629.4905,12045.58227,5475.644401,18093.68843,42791.08035,99210.53231
Belgium,BEL,2003,31491.9412,11799.55473,5392.542555,17906.71577,42303.58637,98570.53121
Belgium,BEL,2004,31095.77105,11366.98536,5363.352695,17734.42193,41638.58582,96370.56808
Belgium,BEL,2005,30968.02996,11451.77056,5426.671173,17616.1438,41376.6472,95136.2772
Belgium,BEL,2006,30655.02706,11410.14527,5405.48439,17489.45589,40796.28989,93273.27945
Belgium,BEL,2007,30647.54048,11342.89524,5383.521373,17444.34654,40781.41524,92546.08886
Belgium,BEL,2008,30629.56498,10873.83269,5316.707673,17305.7639,40867.53384,92115.71524
Belgium,BEL,2009,30550.09424,10571.57902,5301.302836,17147.67131,40688.24266,91647.66253
Belgium,BEL,2010,30429.07579,10436.79436,5328.11834,17031.60848,40391.47247,90991.39503
Belgium,BEL,2011,30298.61594,10117.25499,5348.017172,16842.60948,40226.76532,90756.60172
Belgium,BEL,2012,30253.28986,10161.50806,5290.048705,16567.01678,40062.305,91642.59238
Belgium,BEL,2013,30040.02563,9740.018319,5123.246281,16361.58102,39641.24173,91519.68808
Belgium,BEL,2014,29598.95426,9367.549143,5044.080334,16130.98042,38920.51218,89737.25394
Belgium,BEL,2015,29653.22193,9076.077754,5027.639494,15992.78741,38753.07537,90154.9797
Belgium,BEL,2016,29497.5277,8964.209759,5041.206172,15960.37103,38259.94147,89132.16337
Belgium,BEL,2017,29603.21974,8805.144393,5024.111679,15958.4834,38188.54754,88787.54677
Belgium,BEL,2018,29679.45513,8660.071522,5028.282404,15950.75557,37892.45332,88778.21648
Belgium,BEL,2019,29750.59618,8485.673513,4970.385788,15874.58601,37691.81856,88864.68575
Belize,BLZ,1990,29812.12318,79168.71085,9079.353247,18278.8138,48515.1257,104014.3612
Belize,BLZ,1991,29633.99863,74888.77544,10229.89984,19511.65684,47598.00034,97538.93946
Belize,BLZ,1992,28469.7127,69891.94075,9914.399388,19277.65212,47179.56726,95683.47491
Belize,BLZ,1993,28089.73315,66280.59308,9768.105574,19699.64676,48379.66917,96294.45915
Belize,BLZ,1994,27846.48678,62583.499,9104.231159,20500.73106,50578.25842,97045.60243
Belize,BLZ,1995,27718.47759,58851.5129,8876.865987,21448.25196,50904.72743,99123.09422
Belize,BLZ,1996,28108.01791,57270.38111,8956.242134,22200.65817,52864.62099,103724.9681
Belize,BLZ,1997,28671.70002,56135.84574,8857.211346,23094.25491,55233.65055,109794.6993
Belize,BLZ,1998,29458.33852,55615.50037,9237.897292,23894.4683,58601.90826,114463.5973
Belize,BLZ,1999,29356.59024,54257.15635,8729.180215,23683.30635,61583.80539,118061.9848
Belize,BLZ,2000,29725.45548,53560.81573,8962.141325,24147.09231,63054.04236,119821.2102
Belize,BLZ,2001,29503.42068,52198.12064,9219.689748,24928.1609,58976.80722,111877.1419
Belize,BLZ,2002,28491.05835,49081.35812,8330.107067,24820.70479,55968.79693,106504.2956
Belize,BLZ,2003,27948.7794,46858.44425,8297.085861,24470.96028,54538.8309,105894.1221
Belize,BLZ,2004,27600.32975,45076.19656,8270.625043,24264.64994,53666.19836,106216.3872
Belize,BLZ,2005,27099.44362,43423.5008,8325.847144,23861.11242,52690.29648,103975.0085
Belize,BLZ,2006,26668.10552,41956.09367,8071.132418,23377.80294,52972.94249,103990.5752
Belize,BLZ,2007,26066.43469,40456.65996,7687.840095,22971.99763,52044.19073,101466.3281
Belize,BLZ,2008,25683.01378,39382.36409,7534.393672,22864.85895,51029.70246,97454.88565
Belize,BLZ,2009,25636.77972,38516.14042,7472.622889,22892.2842,51385.28022,96573.93903
Belize,BLZ,2010,25815.99404,37469.45991,7703.314076,23325.67427,50816.81778,96975.7695
Belize,BLZ,2011,25662.98469,36846.38539,7484.665028,23386.16157,49969.58673,95106.74432
Belize,BLZ,2012,25265.57219,35125.98234,7195.045601,23108.30363,49739.53219,92729.13683
Belize,BLZ,2013,25198.77806,34473.39852,7067.75856,22842.99746,50234.00144,92993.75169
Belize,BLZ,2014,25361.772,33469.68443,7092.453612,22898.60631,50799.47813,94305.67682
Belize,BLZ,2015,25632.10772,33300.19273,7123.122543,23065.99285,51232.75895,94052.20415
Belize,BLZ,2016,25751.27512,32971.75896,7040.589464,23305.58622,50364.26161,93029.21652
Belize,BLZ,2017,25835.62092,32053.00951,6992.078594,23390.69725,49999.48128,92835.7655
Belize,BLZ,2018,25997.3567,31461.6718,7090.685037,23154.76147,50723.4084,94239.81933
Belize,BLZ,2019,26108.04371,30962.693,7082.997718,23063.92026,50737.87363,94326.71626
Benin,BEN,1990,100629.5424,365634.1563,18762.33285,27898.60389,83805.7945,165556.6735
Benin,BEN,1991,98700.6211,359195.1264,18521.00984,27834.99361,83352.19406,164792.0956
Benin,BEN,1992,95788.27741,348202.0825,18151.86361,27764.98082,82657.3866,163618.5647
Benin,BEN,1993,93412.78756,339237.8588,17830.54589,27842.15068,81923.54757,162486.9215
Benin,BEN,1994,91836.07076,332469.9881,17786.61211,28363.97003,81996.96602,162246.9805
Benin,BEN,1995,89840.2399,323534.9674,17657.06436,28919.16089,82322.56361,161982.5327
Benin,BEN,1996,88639.86335,317737.8827,17638.65042,29663.97753,83061.01024,162105.7772
Benin,BEN,1997,86779.2173,309892.8961,17385.65747,30068.48939,82997.25607,161036.3414
Benin,BEN,1998,85373.93835,303287.8189,17276.96068,30508.68281,83110.85039,160456.9308
Benin,BEN,1999,83796.57727,296061.5547,17090.42489,30799.01814,82890.26786,159754.9978
Benin,BEN,2000,82827.76437,291002.7672,17138.37072,31327.85395,83574.81787,159410.2183
Benin,BEN,2001,81485.55651,284797.3295,17013.10134,31382.35429,83285.68515,158794.7049
Benin,BEN,2002,79744.33113,277060.1347,16796.46636,31236.19834,82644.11841,157881.7884
Benin,BEN,2003,78403.74982,270803.2381,16709.69325,31182.93922,82557.30995,157092.5058
Benin,BEN,2004,76884.85298,264658.9147,16553.48928,30745.0796,81834.75578,155804.7518
Benin,BEN,2005,75334.8207,258405.6791,16391.8666,30355.72337,80687.59644,154652.5451
Benin,BEN,2006,73893.92637,252436.3998,16263.1523,30013.96507,79984.60659,153673.4356
Benin,BEN,2007,72387.85954,247023.3555,16073.65735,29397.07147,79026.19744,152683.3073
Benin,BEN,2008,70401.53364,241400.7486,15903.54207,27894.85237,77494.04578,151145.0202
Benin,BEN,2009,68583.74436,236348.7267,15785.64386,26569.86618,76080.59898,150343.4248
Benin,BEN,2010,67050.19755,230853.7598,15611.90859,26099.55384,74792.24768,149534.2714
Benin,BEN,2011,65633.77857,225600.3025,15395.67984,25757.04692,74199.20382,148751.1907
Benin,BEN,2012,64160.9717,220231.723,15191.05522,25367.63496,73596.72875,147923.9767
Benin,BEN,2013,62640.02062,214056.132,15019.12499,25196.82784,73027.54074,146878.1173
Benin,BEN,2014,61105.3624,207840.2242,14808.32245,25082.80996,72459.79424,145325.0003
Benin,BEN,2015,59499.49399,201772.9079,14623.29245,24807.44075,71591.87753,144575.4605
Benin,BEN,2016,57827.71892,195549.193,14421.1612,24485.47474,70865.23315,143618.5035
Benin,BEN,2017,55984.5208,188292.3749,14216.57751,24215.49266,70265.90447,142820.6089
Benin,BEN,2018,53604.96427,178383.5187,13922.65543,23836.95549,69252.04749,141419.238
Benin,BEN,2019,51554.66527,170266.9507,13633.24464,23396.03631,68189.48074,139464.9717
Bermuda,BMU,1990,30328.98986,22501.58554,5780.571854,18776.25332,57980.32285,125010.5662
Bermuda,BMU,1991,29567.611,21388.74877,5724.532251,18334.82578,55683.61397,122155.0696
Bermuda,BMU,1992,29024.80379,20481.38002,5985.294813,18288.11072,54119.27033,116368.5619
Bermuda,BMU,1993,29044.55547,19311.32477,5898.039964,18382.0593,53863.61827,115688.0035
Bermuda,BMU,1994,28606.50392,18243.65686,5799.519447,18173.00876,52419.71994,113489.4567
Bermuda,BMU,1995,27622.22969,16854.51583,5637.313037,17711.96224,49601.4539,108980.9551
Bermuda,BMU,1996,27878.69153,15431.46499,5530.72418,17839.90416,50043.0034,108899.9344
Bermuda,BMU,1997,26904.24307,14271.93044,5382.911699,17368.29751,47029.60117,104100.1282
Bermuda,BMU,1998,26469.82898,13268.57344,5272.983928,17087.11487,45514.17378,101497.4104
Bermuda,BMU,1999,26302.45831,13228.5973,5226.532053,16897.58071,44334.56901,100378.6912
Bermuda,BMU,2000,26993.18933,13323.02467,5381.152722,17780.17849,44292.07377,100010.0692
Bermuda,BMU,2001,25846.41208,12887.967,5138.881563,16529.2047,42057.30398,96868.36558
Bermuda,BMU,2002,25700.32563,12684.45753,5119.203299,16379.35147,41135.62064,95010.13076
Bermuda,BMU,2003,25810.29626,13161.05673,5484.689837,16516.64137,40365.0516,92898.76564
Bermuda,BMU,2004,25365.34185,12866.34998,5161.061139,16060.6937,39189.3601,90440.03705
Bermuda,BMU,2005,25297.6288,13283.95198,5211.851435,15900.78134,38290.6755,88877.54663
Bermuda,BMU,2006,25440.17428,13394.27379,5228.489546,15869.86495,37964.42182,87771.19613
Bermuda,BMU,2007,25386.25035,13221.26683,5213.264032,15732.90951,37322.29558,86113.44487
Bermuda,BMU,2008,25461.73606,13023.11517,5200.361583,15631.16356,36874.26899,85176.95005
Bermuda,BMU,2009,25520.40663,12720.9604,5180.989111,15501.84063,36359.27771,84336.25163
Bermuda,BMU,2010,25619.43691,12302.2525,5156.623875,15414.88406,35940.30576,83364.43589
Bermuda,BMU,2011,25777.10582,11974.51638,5134.821215,15319.54993,35576.80635,82464.46404
Bermuda,BMU,2012,26044.01672,11724.17147,5113.586513,15258.68437,35429.85217,82039.11197
Bermuda,BMU,2013,26380.89991,11715.46239,5104.3629,15189.30935,35321.72218,82085.90583
Bermuda,BMU,2014,26808.88799,11623.80552,5095.604891,15184.81927,35411.50477,82219.47837
Bermuda,BMU,2015,27137.88674,11629.57982,5090.634892,15130.48059,35288.8273,82135.36174
Bermuda,BMU,2016,27467.30698,11594.72674,5110.727226,15087.43101,35170.6543,81763.16351
Bermuda,BMU,2017,27894.36246,11516.91024,5136.559534,15110.48171,35244.98837,81405.82286
Bermuda,BMU,2018,28305.05443,11388.45677,5133.41269,15115.34208,35313.37934,81109.39845
Bermuda,BMU,2019,28690.7862,11207.37467,5124.956995,15109.04865,35379.11981,80838.38723
Bhutan,BTN,1990,68570.41047,280883.9088,17253.21684,25319.90715,74866.71166,148532.0819
Bhutan,BTN,1991,66900.46333,276496.3905,16895.75611,25161.64584,73785.51033,146670.513
Bhutan,BTN,1992,63890.75136,263763.1802,16478.48713,24904.15179,72702.94528,144821.7692
Bhutan,BTN,1993,60621.46245,248172.4433,16076.22101,24512.58847,71539.49391,142945.6101
Bhutan,BTN,1994,58061.21317,233889.8691,16154.16243,24479.94527,70704.41911,141432.1795
Bhutan,BTN,1995,54911.71679,219096.4312,15328.58659,23630.12914,69179.87104,139227.6565
Bhutan,BTN,1996,52241.97952,206083.9141,14759.96936,22889.19009,67117.62801,136617.558
Bhutan,BTN,1997,50215.19202,195251.438,14380.47533,22501.04143,66127.93885,135333.7933
Bhutan,BTN,1998,48207.51215,186193.8766,13869.7172,21920.89211,64855.83255,133960.5818
Bhutan,BTN,1999,46243.08157,178188.5745,13310.27475,21282.96704,63248.1347,132351.3873
Bhutan,BTN,2000,46473.18008,172494.8766,15020.36277,22758.47726,63880.53553,133026.2123
Bhutan,BTN,2001,42877.93717,162740.9908,12520.7896,20415.48147,61246.73067,130709.8423
Bhutan,BTN,2002,41198.96062,155016.9752,12114.80238,19923.36767,59975.1568,129600.8875
Bhutan,BTN,2003,39739.8607,147319.9113,11797.53958,19601.63525,59108.0244,128943.6832
Bhutan,BTN,2004,38395.50215,140098.2373,11530.05357,19296.09668,58142.99919,128085.0664
Bhutan,BTN,2005,37189.93662,133120.5368,11302.83485,19038.17428,57395.16748,127588.455
Bhutan,BTN,2006,36052.86562,126455.2542,11083.9078,18767.77136,56593.34211,127032.1713
Bhutan,BTN,2007,34843.99176,119242.2679,10838.40426,18387.14203,55868.61358,126747.1503
Bhutan,BTN,2008,33778.65472,112379.1881,10661.90913,18115.18677,55163.05323,126608.4891
Bhutan,BTN,2009,32948.40219,105947.0689,10658.95577,17998.0489,54775.73885,126891.7392
Bhutan,BTN,2010,31806.46721,99280.90313,10302.56617,17577.44732,54026.74411,126444.567
Bhutan,BTN,2011,31031.94306,93906.98601,10181.70155,17406.23812,53527.13227,126160.654
Bhutan,BTN,2012,30464.29259,89734.60347,10075.8436,17298.36511,53100.86058,125860.5408
Bhutan,BTN,2013,30048.9558,86196.40399,9991.542501,17248.42347,52752.23003,125585.2742
Bhutan,BTN,2014,29679.82289,82659.82752,9900.928124,17216.56357,52446.02977,125335.6569
Bhutan,BTN,2015,29339.53178,79127.24728,9795.758565,17186.40321,52157.54344,125050.8159
Bhutan,BTN,2016,29040.77803,75586.76197,9706.519655,17173.57469,51899.67962,124599.0851
Bhutan,BTN,2017,28787.99056,72111.31604,9626.536733,17164.69201,51689.4628,124171.9325
Bhutan,BTN,2018,28540.82937,68616.40817,9523.841767,17134.28777,51472.69442,123891.4011
Bhutan,BTN,2019,28369.22933,65878.94685,9422.995947,17080.73793,51220.89434,123740.1219
Bolivia,BOL,1990,63073.69685,225109.1832,14730.31852,26642.81711,75245.06916,148318.6779
Bolivia,BOL,1991,61350.86375,217371.773,14572.82618,26365.36517,74425.75154,147125.9451
Bolivia,BOL,1992,59269.81208,207325.8183,14446.49079,26139.79236,73642.8994,146024.0628
Bolivia,BOL,1993,56942.0471,196229.8673,14189.27088,25804.85087,72881.91988,144953.9936
Bolivia,BOL,1994,54457.57315,185346.0872,13866.06795,25306.20501,71326.10143,142705.118
Bolivia,BOL,1995,52524.39982,176976.6939,13611.83399,24949.67728,70359.7635,141240.619
Bolivia,BOL,1996,50578.66867,169331.5269,13314.83721,24519.58507,68804.47672,138813.3278
Bolivia,BOL,1997,48786.89302,161289.6669,13057.18759,24225.72137,68068.16787,137975.9785
Bolivia,BOL,1998,47025.19817,154133.3184,12737.95162,23819.03048,66758.26741,136192.2199
Bolivia,BOL,1999,45344.82503,147725.8649,12267.31617,23325.70286,65585.49738,134699.4379
Bolivia,BOL,2000,43773.99126,141394.1833,11883.6059,22930.60841,64366.65933,133123.503
Bolivia,BOL,2001,42075.5642,135007.4367,11404.01646,22216.14985,62760.05417,131503.9359
Bolivia,BOL,2002,40794.27296,128658.9897,11200.01842,21962.07801,61725.57063,130370.2879
Bolivia,BOL,2003,39468.58284,122951.107,10802.0364,21468.01958,60596.58838,129464.1575
Bolivia,BOL,2004,38280.35295,118136.6243,10422.49704,20966.09644,59393.75604,128466.9266
Bolivia,BOL,2005,37307.65457,113696.7571,10147.82192,20584.45524,58534.26935,128033.9925
Bolivia,BOL,2006,36525.37619,109871.5115,9889.957218,20278.5906,57857.63387,127930.9584
Bolivia,BOL,2007,35983.93067,106424.6443,9807.997896,20102.31342,57525.62689,128005.8408
Bolivia,BOL,2008,35492.8257,102669.4935,9673.361924,19956.66605,57202.17488,128210.3338
Bolivia,BOL,2009,34930.10432,98559.38986,9478.656278,19663.37094,56822.66914,128586.6613
Bolivia,BOL,2010,34481.66494,94271.25695,9321.810606,19500.20706,56528.53144,129156.9094
Bolivia,BOL,2011,34090.10675,90046.9817,9198.801392,19323.77913,56414.29509,129857.4406
Bolivia,BOL,2012,33625.75938,85738.23432,8973.293493,19095.33859,56398.25014,130232.6789
Bolivia,BOL,2013,33291.63476,82036.69121,8853.778836,18966.96744,56366.25517,130376.5655
Bolivia,BOL,2014,32828.83147,77897.18629,8706.129121,18813.7553,56235.45421,130352.6799
Bolivia,BOL,2015,32291.57137,73854.74167,8521.857761,18629.4378,55983.53655,130237.3211
Bolivia,BOL,2016,31777.237,70060.64351,8388.925574,18484.35845,55838.34625,130077.576
Bolivia,BOL,2017,31380.38739,67269.10881,8299.585893,18378.08199,55659.1517,129629.891
Bolivia,BOL,2018,30826.82733,63358.94232,8171.668061,18261.03575,55542.88975,129638.8971
Bolivia,BOL,2019,30396.23269,60367.92021,8081.979898,18183.33974,55438.99494,129480.1703
Bosnia and Herzegovina,BIH,1990,27928.68989,31300.45477,6670.645887,17143.73923,56373.95602,131777.5395
Bosnia and Herzegovina,BIH,1991,29402.51316,29724.04111,6745.750461,17886.8,59839.0269,136058.2443
Bosnia and Herzegovina,BIH,1992,40001.48279,44055.31267,13466.17887,31506.33226,63453.08539,137255.7449
Bosnia and Herzegovina,BIH,1993,38402.94171,41460.23692,12088.72329,28403.39669,63589.18628,136279.5595
Bosnia and Herzegovina,BIH,1994,35597.23942,36551.7992,9740.579745,23889.76285,62677.045,134542.8483
Bosnia and Herzegovina,BIH,1995,46170.05817,50969.40853,17004.19758,37267.26441,67138.86319,136185.4718
Bosnia and Herzegovina,BIH,1996,31552.57881,27824.22252,6595.778757,17815.5373,60442.9564,129291.1499
Bosnia and Herzegovina,BIH,1997,30548.23676,24834.15053,6524.239106,17302.36173,58901.69085,127139.8211
Bosnia and Herzegovina,BIH,1998,28974.66615,21922.30547,6269.395532,16637.88476,55990.47448,119710.8017
Bosnia and Herzegovina,BIH,1999,28641.5522,19813.01913,5999.523183,16377.35924,55075.18658,116866.3522
Bosnia and Herzegovina,BIH,2000,29072.76376,19423.49678,5903.115923,16429.9158,54966.37842,116359.661
Bosnia and Herzegovina,BIH,2001,29375.28004,17358.36256,5769.474061,16245.40203,54343.11922,120058.3249
Bosnia and Herzegovina,BIH,2002,29693.13971,18375.34337,5676.064336,16037.58158,54195.23405,122465.2887
Bosnia and Herzegovina,BIH,2003,29443.10478,16348.39555,5362.918142,15722.39129,52930.58925,122968.4394
Bosnia and Herzegovina,BIH,2004,29447.41011,15441.74187,5329.713332,15543.762,51783.92422,122197.286
Bosnia and Herzegovina,BIH,2005,30364.88648,15283.70297,5468.02466,15646.84801,52553.67037,123208.772
Bosnia and Herzegovina,BIH,2006,30287.9337,15369.02504,5453.962866,15494.22172,51216.75493,120694.0559
Bosnia and Herzegovina,BIH,2007,31283.29178,14849.14295,5401.634594,15791.89874,52412.95545,122617.5223
Bosnia and Herzegovina,BIH,2008,30626.10815,14834.51944,5282.593765,15491.60101,49673.97555,117322.8169
Bosnia and Herzegovina,BIH,2009,30914.58854,14448.60662,5076.275443,15367.58201,49043.01822,116810.7983
Bosnia and Herzegovina,BIH,2010,31134.27496,14117.9659,5024.663887,15208.17058,48103.85438,116363.851
Bosnia and Herzegovina,BIH,2011,31441.05658,13045.44989,4937.975892,15080.92836,47483.89475,117141.7801
Bosnia and Herzegovina,BIH,2012,31558.6129,12579.24608,5021.185654,14928.16866,46899.68967,116567.7929
Bosnia and Herzegovina,BIH,2013,32134.34967,12834.23577,5072.907793,14992.63738,47400.71009,117395.3898
Bosnia and Herzegovina,BIH,2014,32633.38784,12296.24564,5071.051446,15065.00695,47563.4576,118898.4234
Bosnia and Herzegovina,BIH,2015,33510.92702,13180.60346,5171.883012,15154.12308,48341.79814,121828.52
Bosnia and Herzegovina,BIH,2016,33659.30123,13398.45195,5244.791288,15090.50079,48185.42749,120844.3113
Bosnia and Herzegovina,BIH,2017,33952.72614,12481.46921,5203.022781,15102.37931,48114.72817,119799.207
Bosnia and Herzegovina,BIH,2018,34451.88397,12086.77968,5124.832531,15182.1832,48442.56191,119826.7357
Bosnia and Herzegovina,BIH,2019,34870.08687,11729.08977,5104.173529,15247.4307,48646.60422,119090.4548
Botswana,BWA,1990,48121.289,118244.2045,12047.57598,35741.95364,93219.73297,158275.5534
Botswana,BWA,1991,50367.38707,117913.5844,11860.24087,40582.52584,96341.27956,159601.1701
Botswana,BWA,1992,53901.75512,118929.4209,11789.4509,47146.91935,101168.6848,162294.5313
Botswana,BWA,1993,58703.75317,122153.5078,11774.27592,55229.98918,107399.1297,165618.3182
Botswana,BWA,1994,64258.8028,125636.123,11818.44621,64296.93072,115142.9577,169816.9771
Botswana,BWA,1995,70333.70444,129241.0953,11977.00502,73919.69195,124286.6025,174114.1046
Botswana,BWA,1996,76297.99704,132663.9124,11931.78824,83265.08821,133868.3084,177100.2347
Botswana,BWA,1997,82101.22388,135910.0735,12002.83965,92195.79842,142967.7018,178985.6697
Botswana,BWA,1998,87799.24815,139555.5585,12203.8416,100567.8099,151737.5374,181735.5018
Botswana,BWA,1999,92708.36788,141940.527,12474.36136,107756.6528,158825.0118,184243.118
Botswana,BWA,2000,96968.80288,143345.8225,12881.23787,113822.0179,165804.2979,187420.5359
Botswana,BWA,2001,99746.83367,143532.3695,13330.70635,117459.4393,170387.8087,189281.6312
Botswana,BWA,2002,100364.6936,142705.1693,13856.65428,117703.7512,171362.0084,189801.1304
Botswana,BWA,2003,97299.13112,140636.6411,14509.16308,112229.0746,166175.5652,187404.1721
Botswana,BWA,2004,89822.23151,135019.7263,14850.69261,100658.5038,153989.1608,181668.1542
Botswana,BWA,2005,80991.99963,126164.8546,14736.41775,88036.01755,139350.4046,174610.0041
Botswana,BWA,2006,76711.54657,135503.2759,15337.5864,78956.48023,128728.0128,170135.9748
Botswana,BWA,2007,70264.26418,115024.3037,15131.88128,72571.08,120271.6149,164854.096
Botswana,BWA,2008,66607.51246,109752.6446,14851.9131,67390.39284,115520.6515,163095.6977
Botswana,BWA,2009,62635.38702,105114.8304,14696.59013,61587.1106,110588.0845,160920.9213
Botswana,BWA,2010,60256.39252,101838.0541,14793.15027,58027.67994,107556.1127,159826.1897
Botswana,BWA,2011,58267.34518,98325.73531,13583.64961,55584.70241,105783.2836,158834.7301
Botswana,BWA,2012,55996.85164,93614.44547,12820.53381,52806.67491,103933.2832,157161.8313
Botswana,BWA,2013,53948.00967,89737.31374,12422.00275,50113.53025,102329.7253,155868.3054
Botswana,BWA,2014,52411.84526,86779.73217,11997.86961,48143.86106,100976.5981,154680.9033
Botswana,BWA,2015,51243.26337,84597.68046,11540.86173,46683.02887,99775.44138,153654.935
Botswana,BWA,2016,49955.84825,82564.83953,11149.93883,45049.43076,98220.84723,152218.7819
Botswana,BWA,2017,49455.28211,80805.90785,10898.50341,44385.91261,98234.40668,151727.3213
Botswana,BWA,2018,48819.06306,79252.68105,10362.58038,43556.26788,98133.3249,151048.4873
Botswana,BWA,2019,48047.69707,78273.3631,10073.01864,42456.73225,97096.16963,149873.0448
Brazil,BRA,1990,40163.32034,127570.0346,9809.359482,25519.6419,63953.08723,120818.0169
Brazil,BRA,1991,38856.64536,121748.5984,9608.299473,25133.08961,62580.70395,117376.881
Brazil,BRA,1992,37857.9474,116254.1465,9389.485034,24861.08182,62068.94034,115925.9564
Brazil,BRA,1993,37418.99369,111405.523,9288.341599,25071.96546,62404.15865,116599.1271
Brazil,BRA,1994,36769.53613,106461.1298,9249.865382,25156.05271,61631.66313,114521.9197
Brazil,BRA,1995,36248.11253,102123.1699,9190.886283,25256.96072,60965.79438,112342.8151
Brazil,BRA,1996,35728.84089,97944.37626,9119.311318,25163.81577,60450.65653,111056.6674
Brazil,BRA,1997,35029.22115,93970.75862,8965.487493,24855.45407,59210.27601,108815.3115
Brazil,BRA,1998,34661.82735,90358.23952,8829.56549,24752.16697,58825.2537,108185.5292
Brazil,BRA,1999,34269.65822,87074.52242,8783.603525,24586.65207,58128.40844,106900.3945
Brazil,BRA,2000,33891.78096,83887.88626,8743.317309,24468.23309,57358.8455,105490.6284
Brazil,BRA,2001,33592.09259,80911.753,8722.097012,24387.58482,56595.39692,104627.2127
Brazil,BRA,2002,33386.63205,78234.94859,8740.898079,24377.1843,55912.45379,104352.1984
Brazil,BRA,2003,33166.89214,75872.49591,8699.136959,24255.42841,55438.19409,104212.042
Brazil,BRA,2004,32933.27796,73575.73891,8665.012199,24097.83959,55064.67291,103574.6357
Brazil,BRA,2005,32463.4253,71283.5024,8647.990784,23791.21536,53861.0634,101461.4276
Brazil,BRA,2006,32243.91799,68831.84017,8673.872931,23666.18599,53207.43654,100855.8859
Brazil,BRA,2007,32000.3602,66405.81957,8657.894339,23508.67098,52519.34723,99929.72939
Brazil,BRA,2008,31828.98876,63787.82486,8638.347533,23433.3094,52022.89413,99114.04723
Brazil,BRA,2009,31673.8548,61111.31739,8556.681587,23368.40282,51480.70295,98856.65037
Brazil,BRA,2010,31504.47091,58436.74555,8482.545678,23255.47595,50961.61191,98692.2634
Brazil,BRA,2011,31415.30064,55844.56474,8435.917567,23245.04229,50607.26936,98316.059
Brazil,BRA,2012,31129.58136,53077.60795,8262.652057,23132.15489,49867.79229,97034.93809
Brazil,BRA,2013,30985.33999,50441.93515,8106.397366,23084.89334,49483.98839,96548.39429
Brazil,BRA,2014,30738.15456,47646.91674,7916.57183,22939.99773,48971.34553,95940.94943
Brazil,BRA,2015,30584.43652,45385.05766,7721.149655,22755.82029,48752.96094,95857.62878
Brazil,BRA,2016,30740.83351,43596.89483,7676.158448,22832.16687,49034.58362,96214.34386
Brazil,BRA,2017,30423.8932,42160.90026,7639.730673,22523.71103,48184.4372,94652.96111
Brazil,BRA,2018,30263.53381,40536.575,7585.900251,22338.99954,47720.95913,93660.59033
Brazil,BRA,2019,30188.77254,39254.73031,7537.518958,22186.55936,47396.26567,92834.35452
Brunei,BRN,1990,23528.50417,23333.51596,7458.976948,20122.66287,68169.05352,186611.5654
Brunei,BRN,1991,23263.03833,23828.68196,7308.217016,19939.51583,66792.70096,180260.6883
Brunei,BRN,1992,22874.84387,23402.97863,6993.228089,19755.39105,65240.08819,176730.5341
Brunei,BRN,1993,22476.52685,23009.14515,6814.468469,19512.28679,63401.7392,173299.1309
Brunei,BRN,1994,21955.97421,22425.25746,6759.85349,19304.54817,60770.38885,162563.1979
Brunei,BRN,1995,21528.38878,21602.0011,6523.95357,19127.05587,58789.76805,157413.9745
Brunei,BRN,1996,21119.48935,20936.41723,6133.28011,19047.28092,57009.32417,149562.1038
Brunei,BRN,1997,20758.02142,20504.8959,6057.721231,18415.80811,56548.40981,151052.7905
Brunei,BRN,1998,20342.93899,20019.34208,6282.193871,17615.34473,56037.57732,152859.3615
Brunei,BRN,1999,20006.72599,19767.9188,6398.616931,16942.31658,55439.25014,154725.3839
Brunei,BRN,2000,19791.86553,20118.92368,6415.634721,16451.98868,54584.95066,153914.0463
Brunei,BRN,2001,19571.06864,20001.35602,6425.684184,16195.86184,53031.63388,149734.2972
Brunei,BRN,2002,19591.66345,20142.7447,6361.309836,16150.51579,51352.56858,152208.4858
Brunei,BRN,2003,19752.53321,20234.32503,6367.356816,16230.58423,50019.22256,157477.8109
Brunei,BRN,2004,19799.82258,19864.48219,6463.739546,16188.7789,49323.26041,157474.1187
Brunei,BRN,2005,19742.19544,19499.99688,6292.194218,15995.35358,49298.74238,156201.0587
Brunei,BRN,2006,19689.19536,19212.265,6118.727013,15894.89281,48589.01848,153855.7154
Brunei,BRN,2007,19658.38704,19243.36826,5964.920376,15911.46516,47614.92183,149107.7388
Brunei,BRN,2008,19550.35265,19398.95264,5636.408113,15755.83446,46850.09462,144959.0323
Brunei,BRN,2009,19653.69542,19610.2861,5597.956032,15550.91673,46806.64565,146151.9766
Brunei,BRN,2010,19911.68936,19951.18952,5674.337446,15520.35368,47112.23689,145634.3789
Brunei,BRN,2011,20222.43401,20990.66634,5626.38708,15711.14128,46784.43959,141942.7157
Brunei,BRN,2012,20531.35123,21606.22175,5612.791687,15913.69246,46524.49245,139382.1392
Brunei,BRN,2013,20899.39805,21773.291,5814.39099,15977.76541,46670.08784,140942.2774
Brunei,BRN,2014,21145.52793,21646.80026,5905.218417,16027.90672,46771.59908,139993.7843
Brunei,BRN,2015,21416.34227,21521.08807,5910.428202,16020.8425,47264.05731,138595.8882
Brunei,BRN,2016,21600.64853,21092.02205,5831.342879,15989.62316,47583.52777,137663.241
Brunei,BRN,2017,21884.91041,20370.09572,5808.438208,16166.37458,47585.82536,136165.7977
Brunei,BRN,2018,22157.26832,20097.45242,5787.171087,16236.86702,47698.42828,134606.5415
Brunei,BRN,2019,22397.77646,19856.87549,5727.217389,16259.00683,47917.79524,132230.8427
Bulgaria,BGR,1990,42811.28898,36240.56818,7659.03712,21999.32209,69961.82263,155775.2554
Bulgaria,BGR,1991,42969.70749,38007.31305,7693.73976,21807.16504,70030.34639,152595.4983
Bulgaria,BGR,1992,43947.95692,36736.11926,7541.152717,22445.49962,71714.2069,151884.6921
Bulgaria,BGR,1993,44733.97262,34902.31797,7273.539177,22907.97768,72284.01693,153715.9461
Bulgaria,BGR,1994,46169.88693,37183.60419,7326.834237,23462.38084,73924.39734,156210.7884
Bulgaria,BGR,1995,46641.76883,34507.15617,7226.503767,23341.18305,74400.71832,157303.1234
Bulgaria,BGR,1996,47363.43623,37068.69145,7432.25504,23024.07141,74279.52818,159395.5378
Bulgaria,BGR,1997,48764.19963,39385.89286,7638.833259,23224.53144,75787.50802,163102.7925
Bulgaria,BGR,1998,47996.66585,36782.70417,7335.339339,22652.37308,74036.48912,159251.2666
Bulgaria,BGR,1999,47048.36761,38576.69296,7029.321816,21904.41119,71361.56926,154929.1405
Bulgaria,BGR,2000,47140.85495,36012.69756,6707.978913,21659.02043,70912.96612,154279.3447
Bulgaria,BGR,2001,46777.47069,34510.65702,6542.656089,21248.19955,70018.56977,151667.7256
Bulgaria,BGR,2002,46504.00026,31916.76653,6477.991475,20795.21019,69234.89668,149698.2577
Bulgaria,BGR,2003,46376.47771,30045.85465,6516.364309,20521.12578,68802.44244,147475.8536
Bulgaria,BGR,2004,46510.78903,29588.74507,6569.786402,20524.07498,68411.58115,146022.8476
Bulgaria,BGR,2005,46949.65618,27272.83325,6586.846788,20478.70384,68741.7891,147319.9539
Bulgaria,BGR,2006,47225.38718,26052.94303,6564.979798,20435.83734,68578.58,147943.7032
Bulgaria,BGR,2007,46728.65243,25053.198,6387.100633,20164.23286,67286.9719,146192.8155
Bulgaria,BGR,2008,46261.46235,24528.45684,6321.384936,20025.27036,66213.56916,143474.5493
Bulgaria,BGR,2009,45991.27444,24967.83754,6223.725652,19925.10043,65419.19145,141009.9006
Bulgaria,BGR,2010,45903.36318,23796.21714,6112.542149,19804.32936,64656.25221,140037.7808
Bulgaria,BGR,2011,45710.49729,21336.463,5877.485098,19488.24684,64323.91641,138582.736
Bulgaria,BGR,2012,45281.57173,19755.76988,5815.636911,19155.25806,63738.69576,135906.1611
Bulgaria,BGR,2013,44954.10633,18858.56518,5675.323417,19207.92762,63443.06494,132291.8678
Bulgaria,BGR,2014,46021.04026,18789.43255,5563.037881,19631.3656,65266.46167,133533.6962
Bulgaria,BGR,2015,45925.91453,17223.63628,5487.589282,19622.64806,65085.42863,132132.6785
Bulgaria,BGR,2016,46072.1448,16610.59304,5440.239591,19751.88405,65480.22443,130067.6317
Bulgaria,BGR,2017,46226.57926,16601.04781,5452.257127,19864.17961,65429.15498,129119
Bulgaria,BGR,2018,46721.1985,16104.19365,5511.248753,20046.06698,64677.51733,131263.7296
Bulgaria,BGR,2019,46914.44991,15600.46274,5530.703756,20141.0716,64029.01637,131107.9024
Burkina Faso,BFA,1990,120649.7638,444070.0349,21636.92977,40419.92595,94374.43222,167510.486
Burkina Faso,BFA,1991,119629.5161,437736.0155,21366.33283,41521.45068,94553.11238,167236.1034
Burkina Faso,BFA,1992,118872.8155,432221.4353,21348.0623,42477.94741,95419.98416,167040.4874
Burkina Faso,BFA,1993,117614.2161,425332.2387,21199.64935,42932.91814,96084.47389,167083.6949
Burkina Faso,BFA,1994,116565.5893,419781.6704,21271.86173,43098.52543,96545.181,167220.9674
Burkina Faso,BFA,1995,115465.4324,414517.0856,21446.44495,42959.51602,96784.08944,167498.5168
Burkina Faso,BFA,1996,119036.8615,428171.7981,23461.79773,43917.67635,98418.81372,170382.5642
Burkina Faso,BFA,1997,114291.2138,409579.3089,22577.13251,42573.65341,97150.22823,169066.4006
Burkina Faso,BFA,1998,109580.3652,391296.0063,21678.53917,41069.8062,95667.69122,167515.027
Burkina Faso,BFA,1999,107117.551,381648.652,21566.98919,40146.61105,95137.11998,167056.1912
Burkina Faso,BFA,2000,105081.5647,373822.7337,21526.29822,39267.97576,94850.30138,166777.1098
Burkina Faso,BFA,2001,103270.0562,367880.7603,21518.54674,38279.49323,93418.36545,166000.4614
Burkina Faso,BFA,2002,100526.1581,357583.804,21155.14596,37283.96799,92187.6468,165033.7862
Burkina Faso,BFA,2003,97819.12196,348394.9818,20800.27822,36039.23696,90626.60896,163758.2512
Burkina Faso,BFA,2004,94840.57215,337974.5157,20394.11149,34792.57901,89067.23719,162590.3932
Burkina Faso,BFA,2005,92023.26914,328625.183,20033.56422,33439.41333,87454.96039,161382.7605
Burkina Faso,BFA,2006,89060.09667,318264.2773,19670.23099,32272.39332,85707.64287,160251.9491
Burkina Faso,BFA,2007,86861.68044,310687.1506,19420.48487,31374.32111,84546.7094,159481.7
Burkina Faso,BFA,2008,83816.50758,299227.6723,18715.82235,30492.87038,83409.66407,158597.7608
Burkina Faso,BFA,2009,81792.40182,292077.8235,18400.55972,29754.3961,82580.20148,158058.8728
Burkina Faso,BFA,2010,80016.78058,285667.1353,18161.34716,29179.67773,81997.04894,157670.591
Burkina Faso,BFA,2011,78240.1883,279559.4461,17860.14844,28610.90503,81313.6897,156982.0291
Burkina Faso,BFA,2012,76713.54845,274258.845,17606.0054,28157.86529,80855.82152,156340.7136
Burkina Faso,BFA,2013,74973.35201,267925.3789,17288.33491,27709.812,80264.97362,155530.7003
Burkina Faso,BFA,2014,72733.6045,259175.5106,17012.65823,27190.89587,79111.77282,153972.87
Burkina Faso,BFA,2015,70633.06316,250860.7213,16726.2187,26744.22714,77968.24335,152665.9318
Burkina Faso,BFA,2016,68740.27162,243287.9981,16523.71247,26411.31102,77112.32689,151047.8921
Burkina Faso,BFA,2017,66764.03152,235537.5772,16338.02056,25919.42519,75891.87741,149408.904
Burkina Faso,BFA,2018,64906.83438,228028.4165,16133.85998,25560.1856,74802.34904,147879.2182
Burkina Faso,BFA,2019,63322.7684,221059.5226,16011.61093,25451.77812,73910.07047,146335.6332
Burundi,BDI,1990,116727.2455,384024.3665,23350.22706,49181.41983,130997.7269,200404.904
Burundi,BDI,1991,119076.2378,389757.2116,23547.11692,53651.34289,134148.5469,201508.5753
Burundi,BDI,1992,120887.9749,395693.8254,23557.38166,57370.9419,137506.7332,202792.4028
Burundi,BDI,1993,116576.3039,371756.8702,23133.78446,58704.13531,139781.9107,203379.7146
Burundi,BDI,1994,130202.5837,379769.5974,32551.98604,80080.67374,147854.7733,207204.9932
Burundi,BDI,1995,132924.1279,387615.9269,33267.03191,84706.20599,151457.5094,208965.7363
Burundi,BDI,1996,133504.1445,386667.6902,34370.43257,87801.99548,153154.3305,209343.3915
Burundi,BDI,1997,131337.4423,374283.6712,34803.88268,89140.51174,152424.7088,207669.3213
Burundi,BDI,1998,125969.6187,362092.6905,33920.09517,84688.17943,149066.8425,204911.104
Burundi,BDI,1999,122964.4312,353353.141,34081.00061,83258.70844,145873.1642,201768.8336
Burundi,BDI,2000,120777.9454,344360.6908,34659.56479,82368.47874,142857.9376,199088.9208
Burundi,BDI,2001,115605.5775,331028.7132,33803.67396,78162.88901,135995.1837,193507.6641
Burundi,BDI,2002,110672.7463,317673.3225,32917.55814,74176.83728,130408.6001,189093.2435
Burundi,BDI,2003,106019.7819,302362.7818,32175.70012,71027.85038,125341.9508,185077.174
Burundi,BDI,2004,100545.863,286512.0803,30821.7066,66462.63533,120154.6314,181369.0816
Burundi,BDI,2005,96270.00205,272847.6682,30027.92208,63166.70187,115590.9048,178131.5392
Burundi,BDI,2006,80243.63562,244773.157,21624.7412,45268.07689,106339.9169,171966.0516
Burundi,BDI,2007,75831.62067,230054.2667,20255.25822,42458.50115,101901.1771,168534.0349
Burundi,BDI,2008,72089.70475,216910.0208,19439.84758,40034.2095,97919.22318,165560.8891
Burundi,BDI,2009,69262.71866,207390.286,18682.59697,38306.7101,94483.01002,162821.4277
Burundi,BDI,2010,66782.96355,199673.2934,17995.06536,36707.42884,92219.56651,161070.7474
Burundi,BDI,2011,64098.95967,190435.6588,17363.28867,35269.40177,90171.35645,159543.5226
Burundi,BDI,2012,61146.30961,180045.239,16653.89274,33729.52986,88435.42567,157759.9661
Burundi,BDI,2013,58871.30515,171904.4215,16148.83581,32776.25855,86853.70464,155837.8774
Burundi,BDI,2014,57030.23484,165273.2963,15776.64444,32113.02255,85566.73517,154251.912
Burundi,BDI,2015,55663.51776,159319.7699,15631.84914,31965.71007,84699.12018,153063.8574
Burundi,BDI,2016,53362.16255,151567.8566,15200.55804,30702.09161,83404.15301,151392.0516
Burundi,BDI,2017,51092.2714,143173.3674,14838.21522,29631.00199,82351.22128,150343.1571
Burundi,BDI,2018,49290.92892,136299.6345,14404.67751,28938.21429,81820.2329,149859.1027
Burundi,BDI,2019,47703.512,130522.6169,13873.97717,28298.85136,81469.10263,148988.313
Cambodia,KHM,1990,76114.0358,251941.0425,20187.27856,32135.53311,92135.02317,168208.1903
Cambodia,KHM,1991,73800.64907,244958.0273,19726.08574,31744.41862,90931.75379,166978.1213
Cambodia,KHM,1992,71358.78874,237632.4513,19140.08417,31313.36937,89846.27573,165804.3736
Cambodia,KHM,1993,69498.7521,231625.4499,18813.30466,31488.57648,89440.25009,165158.7149
Cambodia,KHM,1994,68411.93951,227790.9843,18915.35059,32251.42893,89647.42957,165108.8681
Cambodia,KHM,1995,66260.9618,221546.9048,18226.22269,32206.90071,89238.23761,164452.1318
Cambodia,KHM,1996,64346.9048,214830.4029,17898.32391,32626.08145,88642.15661,163590.8178
Cambodia,KHM,1997,62000.01198,206745.6721,17322.96355,32643.69964,87916.45394,162558.152
Cambodia,KHM,1998,60039.49076,199491.7089,17172.80859,32677.17047,86943.62672,161492.5156
Cambodia,KHM,1999,57573.71688,190703.0351,16205.43302,32468.95755,85854.98186,160043.5073
Cambodia,KHM,2000,55742.07528,182610.7098,15937.22222,32604.20182,84906.29606,158678.4394
Cambodia,KHM,2001,53498.43973,173824.6708,15281.68318,32121.20016,83038.15017,156608.9413
Cambodia,KHM,2002,51353.66154,164473.2016,14756.44145,31583.03072,81109.75186,154517.8198
Cambodia,KHM,2003,49254.36346,154755.1453,14216.12167,30893.04637,79307.64815,152530.1378
Cambodia,KHM,2004,47245.21745,145232.2838,13675.19402,30073.55347,77441.62826,150642.8466
Cambodia,KHM,2005,45261.72383,136108.2841,13130.022,29043.86455,75351.92227,148757.7542
Cambodia,KHM,2006,43406.05529,127756.1599,12614.8427,27876.41051,73322.3928,147138.7854
Cambodia,KHM,2007,41822.53025,120232.7071,12315.98477,26777.84332,71473.96218,145753.4268
Cambodia,KHM,2008,40222.32534,112468.7301,11696.6516,25696.39822,69919.61307,144594.9059
Cambodia,KHM,2009,38996.51237,105643.706,11275.62132,24871.58556,68778.92854,144116.3383
Cambodia,KHM,2010,38098.20568,99789.80556,10958.57556,24308.25729,67968.07883,144102.0178
Cambodia,KHM,2011,36963.26885,93422.14577,10505.11159,23476.68452,67178.4957,144189.6105
Cambodia,KHM,2012,35961.60199,88103.73903,10051.52996,22757.76637,66295.60555,143461.6532
Cambodia,KHM,2013,35273.22741,83300.22971,9855.520006,22366.49292,65781.93107,142793.0643
Cambodia,KHM,2014,34623.09806,79173.22425,9570.120918,21954.34511,65250.11289,142037.8844
Cambodia,KHM,2015,34111.70025,75701.75796,9337.664683,21624.45191,64841.38741,141375.3872
Cambodia,KHM,2016,33620.1793,72142.11788,9116.232503,21339.71856,64557.27837,140849.9829
Cambodia,KHM,2017,33128.10322,68477.785,8911.274962,21047.20709,64390.83989,140711.805
Cambodia,KHM,2018,32685.67833,64981.86717,8734.04802,20776.47593,64134.65291,140020.2669
Cambodia,KHM,2019,32344.44125,62106.27664,8596.778442,20537.1208,64071.88429,139804.154
Cameroon,CMR,1990,80791.42909,283434.9885,17846.22253,29430.62158,81541.0018,158437.2064
Cameroon,CMR,1991,80665.61191,283161.9952,17861.19152,30096.62518,82497.76898,159009.6396
Cameroon,CMR,1992,80987.27464,284045.0967,18072.33308,31128.63926,84253.7632,160536.8839
Cameroon,CMR,1993,81254.31427,284528.3792,18146.18236,32315.64797,86195.85968,161860.7825
Cameroon,CMR,1994,80822.20544,281378.8985,18012.79731,33593.76627,87880.94665,162559.2337
Cameroon,CMR,1995,81044.76115,279803.5513,18091.53817,35332.7404,90096.98825,163681.6566
Cameroon,CMR,1996,81388.32713,279396.5633,18082.74019,36825.55173,91762.60494,164533.5858
Cameroon,CMR,1997,81845.75602,277312.285,18232.73123,38868.24009,94536.67608,166190.6951
Cameroon,CMR,1998,82529.05938,275519.2913,18442.14441,40963.5095,97172.39055,167713.5335
Cameroon,CMR,1999,82776.03593,272622.4215,18463.75708,42599.76961,99118.67173,168446.0608
Cameroon,CMR,2000,83182.88663,269965.1311,18537.60877,44223.02092,101214.6784,169199.3086
Cameroon,CMR,2001,83243.16172,266963.854,18522.82656,45320.24078,102119.2493,169096.9069
Cameroon,CMR,2002,83045.75293,263209.5795,18480.73994,46121.21743,102419.3561,168593.2776
Cameroon,CMR,2003,82467.14311,258143.0237,18440.63052,46532.75285,102421.9001,167845.753
Cameroon,CMR,2004,81149.78483,252156.9987,18336.05415,45891.62218,101544.9846,166832.0412
Cameroon,CMR,2005,79462.63902,245336.0732,18243.27013,44943.03915,100204.9301,165645.9361
Cameroon,CMR,2006,77533.63832,237075.3919,18047.41832,44300.42702,98773.71468,164041.7942
Cameroon,CMR,2007,75338.0522,229162.1005,17803.6181,43242.07883,96991.29795,162157.5222
Cameroon,CMR,2008,72781.05142,221295.4358,17487.7607,41697.9477,94614.23711,160048.938
Cameroon,CMR,2009,70198.58278,213125.3349,17101.93215,40419.77662,92339.06049,157974.956
Cameroon,CMR,2010,67727.54311,204225.4511,16792.85261,39635.09333,90698.12256,156407.9385
Cameroon,CMR,2011,65426.83567,196248.2431,16481.88857,38893.81027,89596.13973,154998.0561
Cameroon,CMR,2012,62665.10312,186834.5253,16058.3423,37777.95932,88704.80259,153337.9566
Cameroon,CMR,2013,60633.20016,179718.2463,15775.34311,37214.43308,88270.42296,152046.7475
Cameroon,CMR,2014,58836.15063,172458.6683,15565.01245,37114.6105,87887.09287,150727.9146
Cameroon,CMR,2015,56492.7421,164614.8974,15193.97613,36256.9256,86418.11628,149228.1581
Cameroon,CMR,2016,53591.60985,156891.9048,14665.68017,34394.87481,83865.63111,146794.2549
Cameroon,CMR,2017,50806.59829,149722.1408,14249.85557,32504.54624,81113.15909,144668.4065
Cameroon,CMR,2018,48548.48924,143676.0249,13942.79479,31098.86682,78674.57913,142964.8783
Cameroon,CMR,2019,46500.5074,138243.6074,13409.55454,29806.27117,76902.29708,141259.0096
Canada,CAN,1990,26637.98993,17218.23751,5302.530999,17037.26043,45887.42325,101234.3539
Canada,CAN,1991,26484.08739,16165.17434,5254.499519,17045.78023,45228.9935,99962.10203
Canada,CAN,1992,26394.49358,15327.94972,5205.577785,17087.88477,44552.29407,98974.95729
Canada,CAN,1993,26477.8141,15053.26439,5133.579189,17157.95211,44086.00423,99002.93937
Canada,CAN,1994,26415.93398,14802.67675,5127.794965,17099.89135,43453.74327,98245.01348
Canada,CAN,1995,26411.62297,14229.55969,5098.321991,17112.05457,42926.40911,97814.1658
Canada,CAN,1996,26227.60329,13446.4775,5030.05961,16931.92878,42081.3335,97141.96987
Canada,CAN,1997,26039.24631,12997.08811,5036.328578,16641.77891,41048.32059,96554.58212
Canada,CAN,1998,25965.35985,12641.35123,4972.505623,16500.41198,40189.97271,96045.62202
Canada,CAN,1999,25871.43773,12526.87257,4918.411188,16406.25192,39391.88063,94835.17702
Canada,CAN,2000,25761.94811,12407.59066,4862.442856,16302.13153,38686.90926,93249.3067
Canada,CAN,2001,25723.4001,12643.94597,4830.593646,16250.30682,38015.77349,91850.73734
Canada,CAN,2002,25750.90928,12750.12293,4832.763595,16191.26383,37554.09068,90952.59961
Canada,CAN,2003,25786.69515,12865.76702,4791.898462,16178.11263,37116.58003,90001.25049
Canada,CAN,2004,25721.8837,12848.81183,4760.649305,16121.68461,36554.66325,88667.87833
Canada,CAN,2005,25767.58175,13047.68483,4804.001623,16137.79101,36083.92414,87663.73449
Canada,CAN,2006,25691.73484,12899.6734,4804.143286,16070.81678,35620.04419,86199.36594
Canada,CAN,2007,25797.31564,12985.25794,4794.817209,16009.8459,35544.59728,85731.52933
Canada,CAN,2008,25822.79715,12816.89722,4746.611074,15958.36115,35342.16514,84937.80082
Canada,CAN,2009,25747.04153,12428.93183,4663.446581,15908.53857,34984.21288,83691.16857
Canada,CAN,2010,25671.18262,12276.57636,4587.715464,15787.64414,34619.7855,82682.56456
Canada,CAN,2011,25586.33082,11872.42047,4549.730105,15652.15957,34266.31261,81642.13282
Canada,CAN,2012,25685.18492,11771.00168,4485.996221,15636.1565,34273.26716,80936.05616
Canada,CAN,2013,25757.49682,11927.53784,4452.832653,15586.45578,34124.28946,80201.96809
Canada,CAN,2014,25933.48454,11556.26176,4402.148123,15640.11219,34154.13303,79896.19731
Canada,CAN,2015,26049.50849,11379.48422,4399.958294,15697.02279,34126.59563,79117.7644
Canada,CAN,2016,26379.28924,11285.94379,4445.119636,15964.89254,34389.21818,78706.93014
Canada,CAN,2017,26653.70959,10943.46654,4476.520369,16117.89716,34528.557,78263.57373
Canada,CAN,2018,27086.247,10757.5631,4482.432078,16041.49109,34920.23744,79533.90597
Canada,CAN,2019,27335.93305,10640.04482,4487.770337,15987.5861,35064.61671,79765.39855
Cape Verde,CPV,1990,41402.86381,126504.144,10115.24178,20565.15972,49034.65443,105545.6889
Cape Verde,CPV,1991,41069.72037,124758.7169,10438.31471,21081.7581,50003.13079,105485.4135
Cape Verde,CPV,1992,40280.88664,121687.0978,10411.95027,21417.47253,50595.97263,105444.04
Cape Verde,CPV,1993,39657.24675,119152.0757,10230.88651,21829.56808,51264.85775,107105.6554
Cape Verde,CPV,1994,39530.23035,120264.7731,10074.05302,22120.38895,51871.16358,107835.1819
Cape Verde,CPV,1995,42394.44588,139590.2114,10578.72577,22548.3547,52858.18146,108725.0864
Cape Verde,CPV,1996,38244.28517,113957.2006,10040.2759,22715.15433,53857.17953,109911.5348
Cape Verde,CPV,1997,37815.83929,110751.203,10029.78553,23013.85934,55479.72978,113369.0714
Cape Verde,CPV,1998,36843.34115,106617.4038,9885.50319,23042.69933,55473.01064,112663.6635
Cape Verde,CPV,1999,36670.06097,106174.6318,9965.026059,23416.51501,55685.44712,112038.2699
Cape Verde,CPV,2000,35237.43828,100175.7906,9657.246875,22952.6421,55318.26448,110813.7833
Cape Verde,CPV,2001,34359.7183,95731.5147,9515.644185,22802.62367,54770.57925,109960.3322
Cape Verde,CPV,2002,33666.7443,92137.78808,9402.270663,22683.29366,54268.01788,109256.1526
Cape Verde,CPV,2003,32855.91157,87424.05567,9262.12015,22551.66588,53631.76203,108545.1816
Cape Verde,CPV,2004,32089.73842,82854.32499,9100.935423,22386.57033,52877.05862,107971.679
Cape Verde,CPV,2005,31305.08678,78552.91087,8951.642246,22053.04856,51787.93838,107432.5605
Cape Verde,CPV,2006,29947.79601,73999.73776,8652.717296,21476.22096,48344.42027,100446.632
Cape Verde,CPV,2007,29665.2759,69357.63834,8728.793489,22043.86682,47140.03223,97930.02544
Cape Verde,CPV,2008,28363.56045,64231.76208,8271.195586,20880.84017,45712.37709,97093.87377
Cape Verde,CPV,2009,27981.88255,59988.45471,8322.421893,20877.77705,45083.29367,96927.21087
Cape Verde,CPV,2010,27407.40116,55359.88193,8011.40615,20802.19625,44434.55673,96599.03358
Cape Verde,CPV,2011,26953.97278,50845.10645,7796.87819,20627.01983,44405.63375,98980.21787
Cape Verde,CPV,2012,26844.27713,49643.92182,7727.131835,20482.41365,44382.00328,100155.6129
Cape Verde,CPV,2013,26472.83917,47024.28797,7603.296538,20285.87768,44092.88413,100666.8434
Cape Verde,CPV,2014,26230.9576,44899.19157,7516.250863,20096.28664,43830.43047,102706.9434
Cape Verde,CPV,2015,26298.74963,43069.27038,7615.867777,20151.33346,44167.32387,105767.6034
Cape Verde,CPV,2016,26014.55993,40925.50599,7383.14125,19495.0746,44842.92378,111007.7488
Cape Verde,CPV,2017,25863.30649,38802.18088,7308.761819,19293.39837,45431.59784,112639.0648
Cape Verde,CPV,2018,26567.22658,36781.88722,7593.500157,18043.09312,51457.91378,131492.0877
Cape Verde,CPV,2019,26306.95159,35140.79839,7479.94271,17955.67109,51537.2111,130332.8547
Central African Republic,CAF,1990,118835.5258,400839.9745,24634.65092,51673.02077,144678.4774,207165.7786
Central African Republic,CAF,1991,119944.5583,398015.5625,24384.29239,55431.91936,146703.4559,207798.3911
Central African Republic,CAF,1992,121591.9797,397552.5091,24319.03873,59335.21043,149341.0859,208333.5329
Central African Republic,CAF,1993,123632.5967,397438.4123,24170.41899,63762.76754,154088.7563,210951.608
Central African Republic,CAF,1994,125454.1847,396735.9169,24133.35218,68004.44277,159077.6915,213187.9037
Central African Republic,CAF,1995,127137.6028,397256.9149,24320.68925,71567.05572,163210.2298,214972.6399
Central African Republic,CAF,1996,128582.8077,398273.4033,24726.52679,74493.37381,166544.6702,216625.8167
Central African Republic,CAF,1997,129192.1386,398057.1118,25076.2731,76372.72979,168474.627,217494.0691
Central African Republic,CAF,1998,128423.2813,394873.5386,25174.99944,76726.13576,169206.2786,217506.7451
Central African Republic,CAF,1999,128074.4556,394659.1969,25542.41954,76689.76854,169388.3868,217254.0892
Central African Republic,CAF,2000,127452.8586,393549.8557,25914.91967,76470.09866,169462.7679,217252.6635
Central African Republic,CAF,2001,126350.6843,391229.4835,26306.05775,75851.76901,168395.5108,216078.0675
Central African Republic,CAF,2002,124534.9435,385860.8239,26355.24058,74892.35791,167527.5074,215249.8102
Central African Republic,CAF,2003,122672.4996,382585.5289,26125.23792,73112.99986,166424.7841,214379.3526
Central African Republic,CAF,2004,121105.6964,379903.188,26071.71478,71492.02549,165171.4766,213385.1094
Central African Republic,CAF,2005,119258.7566,376376.1582,25847.44207,69677.34099,163463.6552,212033.6107
Central African Republic,CAF,2006,117546.1479,372446.3665,25821.24044,68237.62389,161184.547,210431.0029
Central African Republic,CAF,2007,115320.2607,368261.6077,25636.10045,65929.67904,158037.5475,208532.8844
Central African Republic,CAF,2008,111776.6188,360253.8432,25050.28009,62512.3792,153664.0457,206031.5753
Central African Republic,CAF,2009,108964.9405,351108.226,24710.92452,60607.72739,150366.0839,204011.9068
Central African Republic,CAF,2010,106512.8592,341057.7726,24202.09177,59573.42934,148546.1441,202616.9327
Central African Republic,CAF,2011,103833.8583,329374.7477,23514.42653,58814.10066,147223.8752,201253.4687
Central African Republic,CAF,2012,101589.1473,321283.316,23046.07453,57993.65687,145807.5319,199728.6307
Central African Republic,CAF,2013,107337.65,326920.9006,26416.31542,66609.8417,148309.0374,201165.8306
Central African Republic,CAF,2014,106712.7031,321908.865,26658.33181,67844.67811,147973.693,201015.8593
Central African Republic,CAF,2015,96612.9592,304081.1344,22624.50507,56628.02172,142837.8234,198151.8139
Central African Republic,CAF,2016,93099.91418,292245.8266,22245.58473,54502.70204,140284.0001,196891.3404
Central African Republic,CAF,2017,91792.43937,281303.3373,22462.75809,55987.32804,138954.226,195900.0314
Central African Republic,CAF,2018,86700.50721,268045.3737,21181.30021,51382.2107,135635.3432,194148.2016
Central African Republic,CAF,2019,83090.30961,256038.9316,20319.2838,49014.47051,132948.4757,192123.063
Chad,TCD,1990,119567.3436,439193.0362,20779.82156,30848.28351,85764.99141,164822.9834
Chad,TCD,1991,118987.9494,437155.2073,20418.11417,30499.48128,85658.72112,165035.752
Chad,TCD,1992,117468.1121,423863.0591,20989.71596,32683.96096,86464.79814,165620.1924
Chad,TCD,1993,115836.1498,417452.484,20351.73552,32021.59334,86991.12994,166338.7201
Chad,TCD,1994,115343.1349,411837.9269,20449.71037,33082.5692,88623.05035,167889.9453
Chad,TCD,1995,114626.1517,407661.9145,20254.76259,33298.88025,89713.53537,168951.6367
Chad,TCD,1996,114856.1123,405593.873,20453.17321,34266.74211,91694.6869,171220.4721
Chad,TCD,1997,115321.4105,404213.0063,20791.49584,35484.44497,93593.74053,173121.9856
Chad,TCD,1998,115353.4589,401541.4925,21139.85193,36407.89472,95360.47616,174511.4376
Chad,TCD,1999,114226.4304,394348.3609,21090.22768,37086.7838,96963.81317,175263.6616
Chad,TCD,2000,114571.0073,392226.3919,21565.42769,38364.12503,98357.7605,175930.0899
Chad,TCD,2001,112901.4508,385987.2292,21147.07172,37539.32624,97837.1531,175141.4562
Chad,TCD,2002,111609.9542,379133.7501,21032.10045,37602.46687,97769.42546,174911.1616
Chad,TCD,2003,110144.9361,372511.8459,20940.99202,37251.59531,97384.53024,174447.0941
Chad,TCD,2004,107677.9737,361575.7444,20754.91217,37030.45077,96267.37454,172615.299
Chad,TCD,2005,104562.3808,349372.6422,20418.16117,36476.28296,94380.05868,170478.257
Chad,TCD,2006,103210.8752,341237.0158,20992.14592,37430.06112,93673.81847,169500.8115
Chad,TCD,2007,99053.54208,330072.339,19892.24119,34677.5877,92030.26977,168113.6375
Chad,TCD,2008,96764.10208,322229.6543,19946.50501,33946.21637,90957.3244,167473.3319
Chad,TCD,2009,93526.88198,313393.4613,19350.41354,32041.79119,89167.98254,166438.8981
Chad,TCD,2010,90727.08269,303961.5735,19000.67361,31339.06581,87595.58514,164933.3581
Chad,TCD,2011,88582.93974,296500.8514,18685.94917,31037.86605,86962.24214,163785.6154
Chad,TCD,2012,85827.23557,286406.8232,18295.23694,30625.45474,86225.98403,162232.3808
Chad,TCD,2013,83406.01213,277708.711,18049.73515,30227.96907,85010.90509,160259.5862
Chad,TCD,2014,80920.26022,268958.4328,17765.98044,29659.85379,83675.12886,158616.794
Chad,TCD,2015,78531.35614,260144.6958,17578.26367,29247.55417,82181.16174,157061.1455
Chad,TCD,2016,76170.38007,252031.5743,17158.34459,28580.82461,81175.30288,155335.0382
Chad,TCD,2017,74497.44764,245274.0321,17025.85186,28564.39355,80728.32535,153992.1306
Chad,TCD,2018,72610.73943,238129.2755,16895.95359,28221.49232,79998.80295,152705.3695
Chad,TCD,2019,70635.04101,230996.4347,16698.19052,27656.66897,78914.70506,151012.9759
Chile,CHL,1990,27154.28777,36500.63907,6436.372402,19426.64165,55022.41537,115854.4671
Chile,CHL,1991,26191.93142,32759.29589,6388.74186,18953.7394,52674.85579,113070.6318
Chile,CHL,1992,25492.48295,31131.28977,6139.714345,18501.10716,50775.68904,111012.857
Chile,CHL,1993,25285.14491,28735.51723,6129.236827,18585.35971,50542.61448,110074.7913
Chile,CHL,1994,25038.77655,26821.6006,6011.357362,18574.13402,50507.47724,107943.0218
Chile,CHL,1995,25083.67537,25962.08234,5937.066118,18644.84085,50692.91694,107705.7396
Chile,CHL,1996,24946.16375,25335.64821,5944.182842,18544.24511,49903.47827,106954.6605
Chile,CHL,1997,24557.60799,24005.06685,5951.448083,18362.60931,48467.44513,104638.7787
Chile,CHL,1998,24448.24863,24877.81136,5818.289921,18126.41588,47225.97227,104282.9115
Chile,CHL,1999,24284.26552,24050.70095,5699.483226,18002.05459,46213.40695,103738.1247
Chile,CHL,2000,23963.08376,22604.00606,5671.74549,17872.78,45163.42754,100369.8514
Chile,CHL,2001,24155.46374,22120.96776,5719.858003,17963.22145,45257.19699,99487.57324
Chile,CHL,2002,23910.07801,20552.44327,5692.998651,17728.94791,44391.18155,97879.78609
Chile,CHL,2003,24041.62295,20514.44412,5675.097263,17633.27036,44116.42491,97873.35081
Chile,CHL,2004,24161.90829,21247.76956,5670.098883,17567.4397,43348.54498,97588.60715
Chile,CHL,2005,24041.08846,20481.05864,5631.444189,17443.02339,42454.74251,95930.177
Chile,CHL,2006,23956.94105,20169.20666,5598.835914,17286.94414,41804.49657,93862.58356
Chile,CHL,2007,23990.9733,20355.14102,5535.117627,17153.41018,41322.60955,92629.03979
Chile,CHL,2008,23887.11969,19896.33611,5496.972373,17032.52152,40662.52001,90146.81709
Chile,CHL,2009,24209.61211,20167.9639,5419.590465,17048.22581,40683.16588,90752.73194
Chile,CHL,2010,24412.59686,19067.21832,5485.690334,17045.80494,40364.59908,91694.54371
Chile,CHL,2011,24183.78531,18628.97519,5309.030075,16629.98997,39669.27923,90298.20089
Chile,CHL,2012,24170.99365,17962.88085,5299.498503,16451.59627,39188.33914,89683.95068
Chile,CHL,2013,24297.75904,17382.94852,5241.101661,16443.0106,39039.31446,88983.43019
Chile,CHL,2014,24393.54645,18040.46519,5187.014776,16391.94282,38621.37828,87767.66725
Chile,CHL,2015,24487.98008,16885.49177,5217.20318,16426.16471,38467.50658,86984.18948
Chile,CHL,2016,24284.61316,16120.10185,5161.103508,16220.71063,37860.81771,85471.98327
Chile,CHL,2017,24445.77673,15080.57783,5123.654662,16195.35417,37971.83792,86187.26818
Chile,CHL,2018,24605.47428,14627.80101,5073.191941,16170.71786,37978.98983,86228.1095
Chile,CHL,2019,24820.60162,14414.51434,5043.591231,16166.16446,38031.73702,86235.73046
China,CHN,1990,34832.88296,104426.3951,9555.315937,18023.53377,61772.14351,147260.0261
China,CHN,1991,34304.15683,101357.4491,9472.831868,17865.42537,60891.9338,145973.1759
China,CHN,1992,33566.18723,97456.70963,9346.728012,17694.90778,59926.64188,144502.8037
China,CHN,1993,32803.549,93831.32619,9215.041574,17551.83089,58987.78636,143011.3464
China,CHN,1994,32191.69673,90596.09824,9406.863742,17795.01042,57354.51989,140280.048
China,CHN,1995,31564.20345,87160.86077,9486.542461,17975.79814,55831.60951,137856.0019
China,CHN,1996,30902.53061,83768.10693,9364.169691,17879.10451,54615.0234,136274.7552
China,CHN,1997,30149.72115,79827.50572,9150.753588,17677.24027,53256.63573,134063.9504
China,CHN,1998,29624.58912,75555.94647,9011.390168,17697.42335,52222.34899,132049.2298
China,CHN,1999,29203.50216,70984.52565,8769.244634,17542.56247,51538.06453,131985.0829
China,CHN,2000,28964.82009,66373.92801,8515.791488,17460.70178,51383.35642,133276.2851
China,CHN,2001,28504.53517,61272.59383,8214.915143,17150.093,50537.72823,132946.3192
China,CHN,2002,28127.35845,56278.75405,7710.792462,16682.17919,50622.56173,132528.4419
China,CHN,2003,27884.95888,51309.59959,7262.221073,16323.71328,50473.30643,132453.3278
China,CHN,2004,27906.25126,47476.98998,7050.421199,16184.01715,50032.30984,132797.7232
China,CHN,2005,27579.41278,43873.65938,6843.054449,15885.14145,48633.96863,130901.2483
China,CHN,2006,26957.8772,40583.92743,6613.685159,15519.6822,46902.71903,125415.3536
China,CHN,2007,26584.46522,37581.68184,6464.483931,15299.06117,45668.69031,121792.9572
China,CHN,2008,26827.11269,35682.91573,6922.524395,15566.36641,45091.84879,120714.4078
China,CHN,2009,26506.07197,33072.68779,6735.861297,15214.06348,44024.59935,120386.7008
China,CHN,2010,26548.25847,30540.88924,6629.192064,15221.76404,43543.95679,120493.771
China,CHN,2011,26445.14209,28841.60567,6403.867646,15002.65113,43282.27108,118759.5046
China,CHN,2012,26304.03069,27729.74791,6226.813344,14758.462,42864.3698,115864.9744
China,CHN,2013,26205.04942,25802.71744,6098.085827,14658.46381,41938.75706,113971.3509
China,CHN,2014,26187.1597,23776.69293,5917.904549,14614.81232,41093.45451,112551.606
China,CHN,2015,26232.3095,23390.28127,5745.175207,14474.1357,40437.8544,110679.9791
China,CHN,2016,26467.14359,22789.54547,5667.17131,14435.97572,40012.33996,109672.7759
China,CHN,2017,26529.20133,20212.88377,5542.588841,14414.5917,39457.83224,108376.0399
China,CHN,2018,26628.17301,18045.85709,5413.248248,14385.78643,39046.27196,107226.4251
China,CHN,2019,26871.40682,16479.01415,5303.520418,14352.70427,38818.14838,106090.56
Colombia,COL,1990,31990.4524,69171.58014,9528.168324,25294.41617,51442.49868,108778.4743
Colombia,COL,1991,32821.63987,67991.96843,9624.740116,26724.75268,52311.95851,110497.1451
Colombia,COL,1992,32709.46147,66478.86915,9572.263198,26819.22927,51934.65992,109806.1552
Colombia,COL,1993,31907.19431,64008.89524,9263.127676,26168.25163,50799.93026,107446.8654
Colombia,COL,1994,31374.1445,61509.14449,9208.790745,25868.48315,50007.08864,105642.1629
Colombia,COL,1995,30637.73812,59117.1438,9048.403953,25295.70443,48990.13717,103165.1025
Colombia,COL,1996,30298.04814,56999.59519,8858.173356,25264.35454,48448.84946,102018.7812
Colombia,COL,1997,29535.87402,55144.71061,8649.450282,24852.5494,46568.06947,97597.39242
Colombia,COL,1998,29105.25528,53474.88279,8552.519177,24675.79892,45725.52776,95136.30909
Colombia,COL,1999,29017.1269,51991.17456,8526.520674,24789.03427,45483.83611,94820.40418
Colombia,COL,2000,28938.19038,51058.9401,8343.619039,24976.09646,44762.57755,93948.07849
Colombia,COL,2001,28813.63119,50234.74462,8339.746888,24857.53981,44345.44365,93543.51889
Colombia,COL,2002,30116.20347,49381.19971,8498.741168,26470.41721,46691.53807,97588.20504
Colombia,COL,2003,27479.04046,47572.35411,7947.06645,22881.55373,43368.13283,92869.00126
Colombia,COL,2004,26986.33145,46489.36644,7801.647396,22342.33523,42304.35606,91188.4858
Colombia,COL,2005,26044.52872,45301.33387,7676.137193,21281.459,40304.34255,87770.22651
Colombia,COL,2006,25843.72326,44047.31181,7545.241228,21007.35075,39937.78297,87274.51211
Colombia,COL,2007,25249.23333,42512.8168,7363.846953,20427.5788,38588.86007,84859.75125
Colombia,COL,2008,25056.4771,41121.09001,7222.346083,20233.30968,38032.29412,83996.8274
Colombia,COL,2009,25256.64817,39956.70667,7221.252105,20402.53892,38266.93822,84193.63644
Colombia,COL,2010,24963.67422,38226.99361,7209.431079,20096.27743,37612.58038,82884.57868
Colombia,COL,2011,24283.25383,36185.33285,7010.513044,19473.55151,36299.13577,80237.89261
Colombia,COL,2012,24140.22768,35328.90886,6907.613161,19220.74157,35824.87029,79361.9712
Colombia,COL,2013,24010.7756,34334.16849,6858.84691,18993.18801,35334.08258,78476.06077
Colombia,COL,2014,23812.12896,33317.98934,6766.884632,18679.84698,34709.5351,77562.62844
Colombia,COL,2015,23978.21225,32062.27585,6722.914037,18702.75869,34864.63947,77928.28489
Colombia,COL,2016,23973.01113,29667.30674,6578.283456,18735.20415,34970.10266,77586.30463
Colombia,COL,2017,24086.17567,28589.49091,6638.557924,18817.20054,34975.34759,77201.56269
Colombia,COL,2018,24097.3006,27390.31601,6462.516371,18683.01583,34916.36791,77611.83454
Colombia,COL,2019,24211.68483,26584.15787,6433.829866,18589.28598,34941.06106,77569.44689
Comoros,COM,1990,76950.20305,273678.9889,17394.1875,28986.18665,87440.57652,163427.9347
Comoros,COM,1991,75409.08219,267552.5863,17205.42895,28734.02793,86973.85314,162815.3511
Comoros,COM,1992,73720.50594,260661.708,17009.97824,28530.50688,86239.45621,161956.9496
Comoros,COM,1993,72027.09423,253795.4909,16814.93785,28308.81196,85508.18796,161182.8534
Comoros,COM,1994,70631.73383,248185.7733,16691.40023,28175.08105,85026.15847,160796.6075
Comoros,COM,1995,69051.63656,241875.7192,16548.66924,27974.79914,84296.15601,160208.8329
Comoros,COM,1996,69820.93624,237441.9204,17481.1768,31228.21982,86044.41323,160488.3997
Comoros,COM,1997,66794.64432,231148.5144,16689.88619,28622.64553,83410.48752,159188.2284
Comoros,COM,1998,65896.35925,228418.4473,16396.6217,28869.37977,82266.89194,157681.8071
Comoros,COM,1999,62763.25985,220141.6461,15737.61127,26839.85917,79545.47848,154748.6076
Comoros,COM,2000,62240.77232,221431.9916,15608.44811,26549.59625,78434.17588,153047.8732
Comoros,COM,2001,59040.90934,207350.1437,15086.80544,25968.65764,76238.65628,150284.4876
Comoros,COM,2002,57927.84919,204668.0086,14852.40888,25682.61204,74678.23154,148080.8223
Comoros,COM,2003,55204.54957,194011.0866,14291.04235,24828.75346,72547.35583,145328.1688
Comoros,COM,2004,53508.1227,187907.1773,13913.7706,24347.59523,71058.06864,143423.244
Comoros,COM,2005,52132.41149,181735.5923,13708.45534,24315.50922,69980.18486,141996.4429
Comoros,COM,2006,50713.49201,175000.8695,13498.16326,24230.93804,68992.98881,140927.7804
Comoros,COM,2007,49875.08645,171137.5827,13389.04277,24359.6935,68394.51301,139943.8916
Comoros,COM,2008,47516.19586,162155.8531,12827.62153,23155.34575,67239.19547,138857.9953
Comoros,COM,2009,47850.07287,157078.491,13399.4415,25291.16701,67912.37514,138548.5954
Comoros,COM,2010,44996.76279,150635.5065,12428.99491,22735.31625,65602.33328,136883.5578
Comoros,COM,2011,44907.22074,145114.6021,12800.14417,24152.78518,66121.03321,137116.7767
Comoros,COM,2012,43013.15183,138391.1973,12346.16559,22986.20793,65143.2372,136164.7829
Comoros,COM,2013,41662.28647,131058.3864,12117.06764,22799.24025,64490.81177,135207.859
Comoros,COM,2014,40229.77073,124509.532,11814.76756,22263.47652,63554.89267,133914.4796
Comoros,COM,2015,39240.74085,118839.2253,11637.44677,22141.12601,62831.65479,133001.3507
Comoros,COM,2016,38374.57688,113624.365,11490.42846,22054.78914,62393.20577,132189.6296
Comoros,COM,2017,37562.23386,108313.9534,11325.29132,21949.0055,61846.09462,131125.6833
Comoros,COM,2018,36812.49456,103312.3896,11119.81077,21801.94209,61368.7584,130516.096
Comoros,COM,2019,36266.72848,99354.15824,10945.80938,21687.15792,61098.59823,130266.1947
Congo,COG,1990,78228.15841,220447.5325,16627.27141,47417.83503,125019.7408,189775.4847
Congo,COG,1991,78739.00655,221125.4476,16886.74824,49108.39755,125072.3917,188325.0291
Congo,COG,1992,78918.71217,221748.0235,17015.34974,50142.90515,125021.8826,186860.6561
Congo,COG,1993,80738.77735,222948.6893,17832.44479,53525.18391,127606.2885,188041.085
Congo,COG,1994,80815.93532,223791.4111,17772.04107,53963.49975,128810.0034,188796.1651
Congo,COG,1995,81039.87652,223633.1509,17833.93465,54809.22737,130444.1078,190065.6158
Congo,COG,1996,81451.61216,223449.5131,18119.39014,55863.18147,131766.9392,191463.9615
Congo,COG,1997,104988.4309,251572.4788,32715.0572,86365.38623,139207.9168,195847.0281
Congo,COG,1998,89489.19808,232608.4766,24160.33658,66801.49456,132384.8293,190524.1715
Congo,COG,1999,81969.07605,221339.3238,20635.83172,58028.53438,127482.8164,186308.7578
Congo,COG,2000,79122.78843,214697.8063,20095.53279,55579.12255,123884.2153,182367.3163
Congo,COG,2001,75893.39877,206406.2733,19410.56357,52705.46631,119289.9141,177828.0223
Congo,COG,2002,73965.70672,199460.6889,19500.61333,51575.75117,114509.5648,173056.428
Congo,COG,2003,71960.27419,191540.2368,18981.71538,50359.2786,112427.2074,171106.0349
Congo,COG,2004,69360.71458,182467.563,18349.03144,48558.59886,109111.6393,169208.4341
Congo,COG,2005,66666.75564,173498.5575,17828.98387,46640.65437,105158.8814,166468.3221
Congo,COG,2006,63967.44296,163897.0061,17204.24749,44832.38279,102283.7636,164607.288
Congo,COG,2007,61701.68914,155313.7573,16597.65281,43520.91679,100021.6967,163150.6995
Congo,COG,2008,58928.09096,146471.7194,15972.46934,41468.44443,97327.55749,161771.2541
Congo,COG,2009,56372.36911,138599.7852,15493.00054,39688.70632,93996.19203,159565.3102
Congo,COG,2010,54390.14514,132145.5109,15018.07308,38522.69626,91493.49977,158093.3435
Congo,COG,2011,52015.94214,124181.9991,14363.1879,37188.30615,89389.2833,156352.0078
Congo,COG,2012,50598.30909,117189.2538,14087.79296,37041.90141,88791.3673,155692.1657
Congo,COG,2013,48619.57204,109933.5454,13474.32644,36144.74674,87770.45614,154916.0993
Congo,COG,2014,46944.92485,103740.9003,13012.89442,35438.5752,86794.75189,154375.858
Congo,COG,2015,44861.32949,97192.07903,12593.50609,34167.92255,84806.86597,153210.0833
Congo,COG,2016,42842.56134,90731.38358,12206.54128,32931.27148,82869.75466,151640.4485
Congo,COG,2017,41377.54701,85200.93254,11798.99953,32264.64433,81891.73481,151037.3423
Congo,COG,2018,40233.62174,81112.4397,11504.9845,31638.85066,81006.63256,150220.1747
Congo,COG,2019,39210.21979,77770.42965,11257.03756,30917.5539,80079.95281,149371.687
Cook Islands,COK,1990,31178.73248,38764.75077,7099.510948,22395.46944,74893.84735,148851.2334
Cook Islands,COK,1991,29281.93581,34659.29297,6692.745218,21058.76422,70057.98995,139822.7252
Cook Islands,COK,1992,28783.87941,32802.35528,6507.758412,20503.08743,68434.49482,138386.0477
Cook Islands,COK,1993,28330.1593,31180.69948,6328.827995,19970.70643,66940.41731,136875.385
Cook Islands,COK,1994,28100.93758,30657.06402,6225.315855,19551.39068,65848.08695,135641.8208
Cook Islands,COK,1995,28003.24802,30059.10073,6134.257217,19344.69788,65159.18589,134536.7804
Cook Islands,COK,1996,28009.87661,29208.52233,6080.481061,19279.45538,64766.88636,133513.3992
Cook Islands,COK,1997,31362.88455,31364.13982,7165.514717,21550.51215,71602.39412,147839.4979
Cook Islands,COK,1998,28298.20636,26908.70873,6021.544971,19450.24155,64609.68498,132017.8675
Cook Islands,COK,1999,28464.27471,25636.58448,5984.972439,19483.33355,64161.3095,131244.9221
Cook Islands,COK,2000,28542.4339,24375.75471,5934.285418,19298.77618,62823.96911,130112.7057
Cook Islands,COK,2001,28362.90348,22984.16049,5848.98918,18991.55763,61016.68809,128261.7289
Cook Islands,COK,2002,28193.73789,21751.1867,5759.863291,18824.05388,59635.10383,126613.3598
Cook Islands,COK,2003,27929.63815,20895.82832,5679.590701,18657.26208,58409.05521,124924.9283
Cook Islands,COK,2004,27686.93945,20072.56261,5598.967454,18630.14144,57634.6428,123380.5969
Cook Islands,COK,2005,27477.60425,18964.23866,5502.764265,18711.61643,57341.74375,121508.4537
Cook Islands,COK,2006,27285.17059,17793.87474,5414.994046,18754.82802,57006.84328,119530.805
Cook Islands,COK,2007,27364.09692,16579.57979,5332.87913,18874.56258,57006.12704,118089.7904
Cook Islands,COK,2008,27497.55767,14945.36371,5214.43874,19036.9751,56729.07788,116027.864
Cook Islands,COK,2009,27829.5733,13334.76772,5096.201117,19231.17371,56534.84333,114407.7781
Cook Islands,COK,2010,28453.22852,12420.75702,5026.37599,19397.45225,56685.50003,113765.6827
Cook Islands,COK,2011,29110.71696,11415.76007,4952.792664,19582.75174,56649.04271,113171.0013
Cook Islands,COK,2012,29628.34957,10398.04365,4879.003388,19714.11829,56165.77896,112305.4972
Cook Islands,COK,2013,30073.03131,9177.983527,4797.909492,19943.49082,55582.20602,111484.875
Cook Islands,COK,2014,30471.60499,8640.840411,4770.110877,20011.94572,55216.7014,111292.8701
Cook Islands,COK,2015,30920.28637,8658.093945,4784.005433,19985.15534,55344.03753,111815.5646
Cook Islands,COK,2016,31402.72051,8549.733751,4804.290592,20039.78207,55732.91068,112594.9755
Cook Islands,COK,2017,31786.68778,8126.36057,4803.885034,20101.04828,55996.32713,113187.6478
Cook Islands,COK,2018,32149.80311,7788.555291,4787.727259,20088.93992,56208.65814,113758.2183
Cook Islands,COK,2019,32492.949,7484.945433,4768.42027,20029.65974,56236.99633,113827.1935
Costa Rica,CRI,1990,21145.81571,33865.97367,6534.767377,15857.42581,43747.41519,96163.01878
Costa Rica,CRI,1991,21036.96065,32609.37113,6493.021004,16042.67294,43588.20925,96673.67171
Costa Rica,CRI,1992,20985.58403,31648.99264,6455.716833,16207.02247,43526.76251,97275.31668
Costa Rica,CRI,1993,20729.75571,30584.64462,6317.317854,16147.9779,43308.77131,96098.54036
Costa Rica,CRI,1994,21000.998,30052.1497,6284.845949,16452.94858,44509.05297,97950.18493
Costa Rica,CRI,1995,21282.79488,29668.58187,6387.076289,16766.62696,45114.81924,99808.61012
Costa Rica,CRI,1996,20790.00597,28261.2406,6440.564658,16571.64556,42905.96646,96850.09503
Costa Rica,CRI,1997,20951.29337,29787.19316,6365.723065,16590.42687,42491.16346,95774.20521
Costa Rica,CRI,1998,20717.83567,27996.67699,6296.521583,16489.63964,42001.14258,95293.13427
Costa Rica,CRI,1999,20787.44148,26742.79887,6222.878762,16635.85758,42143.05137,95711.78147
Costa Rica,CRI,2000,20207.60593,24760.38972,6048.433286,16194.0224,40741.10845,92917.01997
Costa Rica,CRI,2001,20370.85867,25615.69115,6080.747742,16118.26548,40537.5041,92670.33942
Costa Rica,CRI,2002,20205.26239,25180.56891,6114.851351,16042.50664,39689.31876,88865.68476
Costa Rica,CRI,2003,20275.87119,23932.59553,6000.299423,16125.21082,39684.24949,88951.36674
Costa Rica,CRI,2004,20350.06855,22982.17369,6004.501109,16099.70365,39603.18529,88949.59903
Costa Rica,CRI,2005,19866.10263,22429.41052,6021.695713,15642.67416,38037.47756,84118.58227
Costa Rica,CRI,2006,20523.63961,22600.75286,5969.350942,16113.08581,39077.28864,85408.34897
Costa Rica,CRI,2007,19773.74003,23268.80142,5750.258997,15437.38625,36175.34488,79857.57862
Costa Rica,CRI,2008,20099.34828,21985.85238,5715.720135,15649.56978,36718.71652,80327.97909
Costa Rica,CRI,2009,20081.71458,20898.15507,5665.302353,15575.99126,36302.15255,79221.2692
Costa Rica,CRI,2010,21358.47249,21949.44953,5830.799497,16238.39276,38444.58016,84552.47592
Costa Rica,CRI,2011,21038.09614,21283.57257,5740.618275,15952.5339,37148.47284,81827.03965
Costa Rica,CRI,2012,21165.91542,20627.39814,5708.748447,16027.33485,36797.44042,81250.56028
Costa Rica,CRI,2013,21303.53619,19802.6268,5607.83043,16030.37668,36750.47136,81337.03427
Costa Rica,CRI,2014,21491.15991,19247.92762,5523.411663,16135.60617,36661.61255,81055.58302
Costa Rica,CRI,2015,22034.20392,18672.18481,5506.008098,16568.64608,37299.09779,81780.92533
Costa Rica,CRI,2016,22798.13202,18827.56726,5641.857655,17132.89903,37985.90589,83144.66863
Costa Rica,CRI,2017,22949.64546,17797.809,5655.510489,17204.15394,37921.28978,82932.07724
Costa Rica,CRI,2018,22990.51071,17101.73096,5533.437259,16887.19081,38243.3283,83124.32251
Costa Rica,CRI,2019,23105.21591,16552.46961,5501.129681,16832.76866,38241.77524,82768.25555
Cote d'Ivoire,CIV,1990,89237.05458,314710.4803,18534.39039,35775.81102,90854.95665,167621.1846
Cote d'Ivoire,CIV,1991,90182.57398,316206.0828,18279.30296,38316.40924,93024.50704,167920.9242
Cote d'Ivoire,CIV,1992,91568.74173,318309.6955,18127.28573,41349.83751,96191.93568,169026.6303
Cote d'Ivoire,CIV,1993,93340.56919,321074.7143,18180.77796,44663.79568,99882.91451,170474.7788
Cote d'Ivoire,CIV,1994,95379.21588,324927.2683,18299.74921,47880.9198,103761.1576,172245.2096
Cote d'Ivoire,CIV,1995,97182.96479,327198.3749,18570.48329,50939.69196,107683.6701,174276.954
Cote d'Ivoire,CIV,1996,97424.92281,323828.8111,18595.2761,53087.00786,109883.1085,174720.7128
Cote d'Ivoire,CIV,1997,97347.84394,320232.7251,18642.82702,54576.20805,111086.8355,174442.7815
Cote d'Ivoire,CIV,1998,97062.70732,315898.4698,18885.49446,55625.22142,112322.8208,174216.7248
Cote d'Ivoire,CIV,1999,96156.60597,309112.2051,19228.87821,56081.63099,112954.239,173647.738
Cote d'Ivoire,CIV,2000,94583.68689,300165.9626,19555.80764,55912.0889,113051.8453,173095.7805
Cote d'Ivoire,CIV,2001,92936.54038,294018.7944,19930.6169,54711.27241,112366.6472,172312.4678
Cote d'Ivoire,CIV,2002,91672.9738,288793.182,20403.4339,53946.80288,111326.309,171274.1705
Cote d'Ivoire,CIV,2003,89959.79062,282972.9634,20515.82612,52676.93664,110298.0731,170331.1746
Cote d'Ivoire,CIV,2004,87705.36584,276157.6094,20403.14133,50869.23566,108912.765,169201.7231
Cote d'Ivoire,CIV,2005,84833.47144,269322.6077,20279.25974,48079.81899,106106.4146,167562.6413
Cote d'Ivoire,CIV,2006,81380.26064,260055.275,19994.5842,45170.82007,102712.9911,165738.0048
Cote d'Ivoire,CIV,2007,78113.76859,250557.8519,19239.12309,42967.97694,99428.7968,163635.6316
Cote d'Ivoire,CIV,2008,74641.01933,240101.2351,18491.34546,40707.68141,96003.5306,161333.5898
Cote d'Ivoire,CIV,2009,72187.79387,232069.4154,18048.13149,39362.89234,93682.68895,159385.218
Cote d'Ivoire,CIV,2010,70310.69718,224145.8349,17872.69954,38861.83188,92491.73641,157713.0095
Cote d'Ivoire,CIV,2011,68629.99072,217489.5431,17946.18649,38260.90096,91043.13015,156243.9529
Cote d'Ivoire,CIV,2012,64996.61757,205982.8739,17070.12,36019.90278,88718.53594,154005.9942
Cote d'Ivoire,CIV,2013,62703.70097,197835.198,16673.06889,35028.05542,86943.60827,152261.2965
Cote d'Ivoire,CIV,2014,60325.74802,190968.524,16315.01986,33524.27234,84650.8383,150138.7716
Cote d'Ivoire,CIV,2015,57545.43547,183228.6997,15861.48972,31634.82177,81839.26139,148238.8612
Cote d'Ivoire,CIV,2016,54615.54909,173060.3413,15323.05375,30253.39685,79255.39564,145913.429
Cote d'Ivoire,CIV,2017,51933.68456,163721.9767,14881.05518,28959.51342,77001.72702,143828.0456
Cote d'Ivoire,CIV,2018,49473.24707,155124.7027,14400.02005,27790.32696,75005.80789,142162.6463
Cote d'Ivoire,CIV,2019,47480.63174,147671.2017,13957.04335,26997.57789,73316.4056,140054.4839
Croatia,HRV,1990,36276.54335,22415.40738,5928.651872,19609.30577,62089.22513,146825.1202
Croatia,HRV,1991,37492.67861,22571.86277,6028.707796,20275.17861,63661.34377,148345.1399
Croatia,HRV,1992,36895.18534,22246.671,6100.379851,19985.73971,62488.32556,140749.643
Croatia,HRV,1993,36638.84503,22262.50543,6528.488852,20559.74169,60938.35779,132787.0515
Croatia,HRV,1994,35897.39905,21468.87747,5949.614311,19503.4537,60506.21336,128828.3641
Croatia,HRV,1995,36941.98038,22106.05979,6540.764271,20605.53853,61266.28355,128119.7899
Croatia,HRV,1996,36436.17085,20460.98826,5794.343998,19302.22009,61861.13346,127878.3041
Croatia,HRV,1997,36794.63789,19763.46718,5664.315897,19058.62131,62307.04588,128498.1306
Croatia,HRV,1998,36412.51912,17369.73342,5544.154971,18646.95122,61100.05651,127357.5184
Croatia,HRV,1999,36169.362,16314.18108,5461.226411,18283.5124,60070.61464,125733.5962
Croatia,HRV,2000,35494.2682,15643.82346,5365.60921,17900.70733,57554.72045,122572.9888
Croatia,HRV,2001,35307.29581,15535.41805,5219.230331,17693.45163,56080.8528,120494.6158
Croatia,HRV,2002,35500.09352,14997.16334,5074.548087,17528.66088,55345.74781,121162.8332
Croatia,HRV,2003,35924.79284,14389.66488,5051.105933,17458.69703,54881.02197,122402.6229
Croatia,HRV,2004,35241.90647,14444.25281,4992.116415,17043.03931,52536.83864,118990.5518
Croatia,HRV,2005,35697.36729,14167.08516,4964.565961,17090.22199,52588.78377,118793.6795
Croatia,HRV,2006,35264.17831,13430.19433,4957.753804,16833.22225,50853.76201,116422.1656
Croatia,HRV,2007,35747.05816,13521.81754,4968.166344,16841.30941,50934.55011,116837.0154
Croatia,HRV,2008,36089.44742,12930.80759,4948.066703,16892.65192,51166.04996,116454.9471
Croatia,HRV,2009,35267.38162,13084.27676,5007.706817,16297.63956,49234.87556,113445.4876
Croatia,HRV,2010,34998.49962,11832.00912,4909.460443,15863.78849,48377.6187,112819.3855
Croatia,HRV,2011,34707.03953,11265.53106,4819.979742,15619.37111,47642.76429,111023.6418
Croatia,HRV,2012,34645.22014,10516.98385,4723.839887,15482.28434,47255.1299,110027.6932
Croatia,HRV,2013,34022.32969,10895.24448,4612.844311,15122.37077,45683.92973,107667.9581
Croatia,HRV,2014,34241.3867,10640.44493,4648.329751,14912.45735,45920.55219,108226.182
Croatia,HRV,2015,35085.31545,10615.11556,4750.559201,14855.53818,47241.95381,111197.3145
Croatia,HRV,2016,34036.14438,10657.80564,4734.201121,14493.79253,45529.24128,107244.0467
Croatia,HRV,2017,34261.14109,10133.85132,4703.43814,14494.92851,45423.46879,107023.2755
Croatia,HRV,2018,34438.88244,9810.10002,4693.41713,14659.56271,44979.60368,106828.7146
Croatia,HRV,2019,34750.52687,9519.023641,4674.665164,14772.47446,44954.00474,106871.5787
Cuba,CUB,1990,27487.56525,27886.59614,7455.339549,19117.81114,48950.18751,106208.0619
Cuba,CUB,1991,27358.5556,26035.76566,7359.97946,19089.65625,48142.0085,106098.9438
Cuba,CUB,1992,27410.84074,23636.72522,7266.850862,19066.10233,48053.68199,108617.0777
Cuba,CUB,1993,27604.83453,22470.06451,7221.831207,19132.63449,48306.92947,110457.5942
Cuba,CUB,1994,27732.23144,23423.82992,7154.914704,19193.52483,48232.06179,109466.0773
Cuba,CUB,1995,27550.37087,23508.34028,7081.135606,19008.76082,47763.68546,107684.9768
Cuba,CUB,1996,27072.25335,20796.55117,6843.685939,18626.47062,47156.77933,106627.7313
Cuba,CUB,1997,26869.94883,19978.61667,6748.099651,18485.77854,46746.85972,104089.1165
Cuba,CUB,1998,26927.29851,19636.88751,6709.507613,18404.30159,46889.32108,102695.5087
Cuba,CUB,1999,26800.66045,18461.27164,6732.198388,18108.74124,46438.92626,102117.3166
Cuba,CUB,2000,26435.73737,18209.62518,6634.033582,17611.99745,45386.92443,100238.9096
Cuba,CUB,2001,26400.49228,16809.91767,6444.653538,17358.63025,45660.60526,99859.46386
Cuba,CUB,2002,25748.09989,16788.81471,6308.823222,16817.45892,44192.00962,95723.45563
Cuba,CUB,2003,26001.39567,16299.89144,6152.094642,16692.08494,44414.07203,97167.01107
Cuba,CUB,2004,26188.2957,15538.69962,6078.272999,16566.15647,44305.84406,98333.88205
Cuba,CUB,2005,26635.90988,15291.17399,6078.043463,16599.00436,44964.26615,99234.91996
Cuba,CUB,2006,26075.28132,13943.94281,5901.207893,16177.77806,44067.1256,95134.02825
Cuba,CUB,2007,26354.89532,14014.53637,5903.62455,16155.31791,44482.51877,94415.54328
Cuba,CUB,2008,26745.66045,14466.31037,5822.382826,16178.76695,44652.88787,95217.12182
Cuba,CUB,2009,27085.01259,14594.32571,5863.907582,16234.31729,44767.62091,95292.70705
Cuba,CUB,2010,27441.33275,14021.82611,5894.689946,16275.18548,44810.98999,95863.16712
Cuba,CUB,2011,26976.67276,14154.66845,5860.850696,16020.96043,43060.48033,92033.66596
Cuba,CUB,2012,27715.86104,13417.13083,5875.122787,16323.91164,43887.29401,92621.84268
Cuba,CUB,2013,28135.87061,12974.33429,5877.512299,16314.91536,43902.67926,92899.98017
Cuba,CUB,2014,28600.28274,12809.43243,5846.554339,16234.76013,43778.49574,94009.16274
Cuba,CUB,2015,29447.55444,12933.56173,5884.877357,16391.51986,44347.40893,95850.78889
Cuba,CUB,2016,29658.50063,12256.73367,5860.867177,16259.17035,43946.45044,95753.06127
Cuba,CUB,2017,30425.30892,12080.23818,5767.464539,16266.2485,44570.00909,98019.84482
Cuba,CUB,2018,30779.69554,11374.67208,5668.955872,16258.78472,44542.39571,98264.77345
Cuba,CUB,2019,30646.72204,11055.15079,5683.881563,16194.3291,43660.92049,95743.24101
Cyprus,CYP,1990,27188.48188,28440.16256,5912.020724,15621.74252,45968.27948,125459.5263
Cyprus,CYP,1991,27305.48696,27267.52274,5719.819938,15691.48508,45621.81412,128689.0573
Cyprus,CYP,1992,27331.86241,25412.2905,5578.259273,15833.09615,44921.76708,131945.2806
Cyprus,CYP,1993,27185.94343,23378.37089,5518.059547,16000.23486,44156.21501,132741.0209
Cyprus,CYP,1994,26888.98499,21516.97786,5472.092963,16180.13496,43294.50113,131053.5037
Cyprus,CYP,1995,26694.05508,19958.45686,5398.019886,16209.84356,42913.90889,130351.8913
Cyprus,CYP,1996,26455.67817,18653.32662,5361.800988,16237.98081,42380.83986,128713.4559
Cyprus,CYP,1997,26327.15993,17430.09033,5253.534402,16261.43096,42131.7983,127652.1339
Cyprus,CYP,1998,26504.47921,16250.24763,5271.870049,16440.76608,42260.82304,128316.4728
Cyprus,CYP,1999,26121.23881,15056.16473,5357.358389,16056.34067,41425.1629,127041.923
Cyprus,CYP,2000,25767.54047,14065.68445,5534.804975,15856.03673,40878.3161,122998.3571
Cyprus,CYP,2001,25368.6128,13229.08437,5671.54287,15624.78267,40214.56561,118638.2648
Cyprus,CYP,2002,25187.77695,12689.76716,5692.845659,15453.00983,39928.75043,115919.2398
Cyprus,CYP,2003,24929.4279,12106.17341,5557.051302,15325.82529,39348.21094,112816.2941
Cyprus,CYP,2004,24906.25657,11640.01699,5553.937082,15301.08257,38950.27178,111374.8472
Cyprus,CYP,2005,25095.21149,11323.7406,5470.844296,15330.68792,39190.36843,110793.4652
Cyprus,CYP,2006,24933.53659,10616.94839,5220.034518,14881.70783,39102.7137,110409.3223
Cyprus,CYP,2007,24879.35458,10047.92934,5162.252015,14808.84257,38673.09188,109207.4543
Cyprus,CYP,2008,24500.44027,9685.258837,5128.491633,14693.53061,37303.05195,106310.0567
Cyprus,CYP,2009,24194.30096,9439.308786,5002.496176,14559.31709,36330.6814,103666.9058
Cyprus,CYP,2010,23811.59857,9064.242079,4890.367482,14348.96943,35150.26663,101308.3276
Cyprus,CYP,2011,23520.78508,8890.105587,4903.732692,14200.75936,34361.55297,98356.29901
Cyprus,CYP,2012,23288.1172,8659.958539,4860.406868,13998.67165,33797.76308,96149.01147
Cyprus,CYP,2013,23290.13537,8249.741811,4845.394944,13981.31812,33627.12431,94648.14184
Cyprus,CYP,2014,23425.70223,8377.641276,4843.642797,13999.32134,33476.28241,94116.62911
Cyprus,CYP,2015,23544.48267,8624.887289,4867.103459,13982.95708,33414.98367,93261.42905
Cyprus,CYP,2016,23537.74506,8741.737916,4948.613042,13952.64417,33402.97372,90878.85723
Cyprus,CYP,2017,23628.69935,8511.948512,5011.707162,13996.7764,33588.76577,88779.41672
Cyprus,CYP,2018,24050.09896,8314.756794,5061.907533,14364.97352,33643.33827,88815.27386
Cyprus,CYP,2019,24416.29468,8056.055617,5076.465309,14621.30761,33617.40307,89139.13367
Czechia,CZE,1990,38833.9033,24194.3663,5973.106754,19627.88944,71104.94269,155846.4444
Czechia,CZE,1991,37756.98901,23687.3248,5898.025204,19393.83093,68092.21956,149326.7346
Czechia,CZE,1992,37126.78957,22042.08601,5829.497198,19287.45052,66439.11723,144217.5237
Czechia,CZE,1993,36068.91778,20104.64122,5707.675566,18795.18706,63253.41597,139697.2448
Czechia,CZE,1994,35774.39562,18539.6526,5733.498133,18641.72815,61825.45819,137204.4785
Czechia,CZE,1995,35780.50802,16713.79161,5663.957187,18521.50103,61193.48968,137106.3864
Czechia,CZE,1996,34851.4068,14884.31321,5439.238436,18078.92364,58831.24758,131463.4005
Czechia,CZE,1997,34911.62847,14750.56544,5385.617735,18021.3175,57855.78141,129984.8348
Czechia,CZE,1998,33997.92726,13701.56067,5314.043427,17455.37975,55274.37325,125406.582
Czechia,CZE,1999,33791.29664,12824.87105,5300.880345,17224.54156,54137.96225,123441.4871
Czechia,CZE,2000,33832.69457,12217.93028,5250.128813,17124.18258,53344.07769,122419.3144
Czechia,CZE,2001,33661.39879,11896.37718,5143.849988,16900.78793,52183.61478,120852.1448
Czechia,CZE,2002,33594.72484,12091.89292,5131.039767,16675.16694,51392.54151,119572.7304
Czechia,CZE,2003,34148.71269,11656.35028,5145.415021,16668.41592,51978.0666,121043.2459
Czechia,CZE,2004,33506.77518,11255.1996,5129.975766,16338.40293,50583.12707,117391.8685
Czechia,CZE,2005,33401.373,10679.51205,5073.128569,16152.49693,50177.34771,116386.5294
Czechia,CZE,2006,32766.81485,10509.22051,4953.109289,15810.3196,49119.62982,112718.5567
Czechia,CZE,2007,32683.37507,10347.81352,4862.038744,15704.97822,49141.01344,110912.6211
Czechia,CZE,2008,32710.51022,9644.780269,4822.758066,15667.87056,49340.8955,109960.8121
Czechia,CZE,2009,32528.78961,9272.996033,4826.433926,15550.76157,49136.87904,108510.4634
Czechia,CZE,2010,32466.59069,8792.579504,4744.478907,15510.21613,49092.68849,107184.596
Czechia,CZE,2011,32455.20748,8350.641517,4638.064381,15479.24928,49045.06421,106149.8896
Czechia,CZE,2012,32362.77702,8105.312436,4604.15606,15426.07795,48620.13536,104968.6351
Czechia,CZE,2013,32273.08936,7952.290742,4549.094602,15369.2526,47999.27441,103524.9249
Czechia,CZE,2014,31890.13087,8018.239892,4521.456498,15185.62987,46779.6525,101035.3209
Czechia,CZE,2015,32110.23557,8175.347361,4509.90603,15195.65099,46527.53801,101252.6808
Czechia,CZE,2016,32156.54647,8758.722657,4524.862273,15248.37489,46090.42489,99490.80033
Czechia,CZE,2017,32292.25114,8622.64042,4542.425651,15303.5755,45865.68216,98194.95042
Czechia,CZE,2018,32544.43334,7803.647447,4504.433744,15354.92494,45829.3884,98063.39133
Czechia,CZE,2019,32465.29224,7293.617734,4472.744659,15330.00283,45141.14596,96932.78108
Democratic Republic of Congo,COD,1990,101555.9473,353017.3032,20773.66116,37010.36624,97221.34286,171074.7552
Democratic Republic of Congo,COD,1991,101169.3084,350627.8821,20770.02483,37720.76065,97669.73537,170764.6448
Democratic Republic of Congo,COD,1992,100429.7901,346802.155,20728.05606,38408.17235,98080.84103,170420.9012
Democratic Republic of Congo,COD,1993,100486.1149,345344.0355,20793.5111,39893.44717,98443.91981,169978.5486
Democratic Republic of Congo,COD,1994,100770.096,347936.6566,20980.93839,39912.96357,99717.45732,170863.66
Democratic Republic of Congo,COD,1995,99574.35789,341493.4045,21002.59868,40676.03733,100971.8702,171361.8482
Democratic Republic of Congo,COD,1996,104481.886,344626.2588,24483.17163,48318.5711,105105.3413,174505.314
Democratic Republic of Congo,COD,1997,100170.7498,337754.6797,22393.32474,44110.84989,102661.141,172043.1724
Democratic Republic of Congo,COD,1998,98596.1956,333717.9401,22024.88265,43279.01193,102493.9601,171635.7221
Democratic Republic of Congo,COD,1999,97113.07364,328598.7109,21819.42671,43047.25471,101666.0222,170630.8181
Democratic Republic of Congo,COD,2000,95013.15963,322819.4423,21373.80988,41779.36312,101619.2482,170170.184
Democratic Republic of Congo,COD,2001,93036.13149,314669.5784,21268.16575,41301.27963,101319.7477,169842.9757
Democratic Republic of Congo,COD,2002,91952.65888,308514.2427,21476.22305,41887.18666,100121.3981,168610.4479
Democratic Republic of Congo,COD,2003,89566.58691,299740.4889,21199.16907,40707.25949,99904.56361,168560.1589
Democratic Republic of Congo,COD,2004,86394.92626,288366.1485,20657.30831,39264.6921,98115.99369,167111.7768
Democratic Republic of Congo,COD,2005,83316.35888,276576.7554,20206.18072,38196.92097,95852.40745,165315.1152
Democratic Republic of Congo,COD,2006,80662.23155,265782.9719,19903.21169,37358.37001,94742.65338,164538.6551
Democratic Republic of Congo,COD,2007,78087.08129,255060.1097,19600.36021,36682.06171,93710.02597,163755.7573
Democratic Republic of Congo,COD,2008,75753.26093,244310.3514,19465.18619,36426.06359,93045.49169,163181.2138
Democratic Republic of Congo,COD,2009,73028.41779,232530.8905,19203.15126,35967.82116,91783.75119,161985.459
Democratic Republic of Congo,COD,2010,69288.14506,219196.5254,18463.84683,34376.73389,89744.5088,160363.9381
Democratic Republic of Congo,COD,2011,66163.44915,206713.8745,17981.31536,33557.08009,88503.28372,158943.5675
Democratic Republic of Congo,COD,2012,62982.97376,193620.8247,17588.62728,32843.05061,87282.59482,157118.809
Democratic Republic of Congo,COD,2013,59371.66096,179234.0514,17092.02558,31912.57925,85221.16665,154495.1653
Democratic Republic of Congo,COD,2014,55700.35772,164949.5064,16423.09651,30861.57828,83265.12079,151956.8717
Democratic Republic of Congo,COD,2015,52264.30547,151463.2617,15736.29375,29943.67882,81316.94466,149850.1829
Democratic Republic of Congo,COD,2016,49525.53338,140600.936,15251.84854,29285.48791,79821.62068,147838.2644
Democratic Republic of Congo,COD,2017,47193.00253,130413.3179,14991.80172,28949.27839,78660.47041,146576.5089
Democratic Republic of Congo,COD,2018,44454.91953,120842.0895,14175.04714,27733.25407,77505.95096,145388.1561
Democratic Republic of Congo,COD,2019,42776.56372,113982.6474,13612.25616,27296.52474,77493.2888,145250.2975
Denmark,DNK,1990,35524.27872,19740.78631,6002.626248,18659.46501,56166.21887,117583.9978
Denmark,DNK,1991,35314.45654,18917.56823,5956.586269,18615.90164,55136.36854,116901.7586
Denmark,DNK,1992,35319.27051,17467.58794,5824.485135,18653.56641,54703.09376,117576.5567
Denmark,DNK,1993,35306.14626,15575.31375,5774.251441,18686.07243,54198.98613,118667.218
Denmark,DNK,1994,35452.6263,15140.36313,5680.465825,18858.63946,54084.56725,119011.9424
Denmark,DNK,1995,35226.43014,14188.24521,5611.713204,18710.56824,53211.72277,119072.7187
Denmark,DNK,1996,34649.799,13862.41458,5567.390637,18444.42767,51822.72077,117144.2185
Denmark,DNK,1997,33989.26208,13107.9495,5466.681587,18181.84526,50343.07584,114898.6999
Denmark,DNK,1998,33340.50988,12395.39268,5402.517523,17949.80763,49083.06804,112380.1053
Denmark,DNK,1999,33374.61228,11753.76069,5440.438768,18077.71677,48874.83865,112415.9694
Denmark,DNK,2000,32621.06177,12134.05695,5328.322214,17636.07137,47165.18857,110770.3683
Denmark,DNK,2001,32502.83668,11935.82918,5326.921269,17482.00519,46500.67611,111660.4008
Denmark,DNK,2002,32379.05294,11488.28839,5188.701091,17522.01716,46019.65823,111757.7039
Denmark,DNK,2003,31999.60454,11503.2156,5192.328563,17386.65722,45360.97285,110062.3928
Denmark,DNK,2004,31554.49799,11269.24899,5195.976413,17189.32951,44732.0844,107884.5253
Denmark,DNK,2005,31067.22672,11086.58813,5110.116676,16861.29318,44105.02454,105706.4605
Denmark,DNK,2006,30939.06689,10210.23005,5110.230214,16748.74086,44085.90066,104689.5645
Denmark,DNK,2007,30832.25122,10502.95524,5130.439152,16672.7466,43839.1141,103366.7486
Denmark,DNK,2008,30483.72499,10290.07979,5119.704826,16484.04811,43206.71357,101356.1509
Denmark,DNK,2009,30224.51578,9395.257054,5010.145466,16208.17034,42908.53651,100167.4663
Denmark,DNK,2010,29858.59708,9270.028731,4952.414209,15893.02092,42299.99455,98350.9572
Denmark,DNK,2011,29353.22618,9121.701008,4959.370184,15593.8846,41308.27378,95676.72885
Denmark,DNK,2012,29056.0528,9038.786596,4907.665661,15291.26942,40772.47067,93825.3694
Denmark,DNK,2013,28845.15616,9172.732479,4833.917369,15048.69933,40280.33951,91815.32229
Denmark,DNK,2014,28621.07137,9606.065757,4793.860899,14875.50373,39566.67385,89492.21831
Denmark,DNK,2015,28529.32417,9470.035403,4821.964156,14745.28604,38940.91138,87898.28372
Denmark,DNK,2016,28709.25272,9365.135078,4854.713402,14739.50044,38740.34972,87051.45347
Denmark,DNK,2017,28889.58635,9220.524993,4861.777305,14727.9076,38464.73612,86340.99845
Denmark,DNK,2018,29094.22871,8992.716505,4850.968284,14767.29001,38166.97089,86175.859
Denmark,DNK,2019,29319.8828,8758.971329,4864.521808,14826.04385,38098.18182,86143.84481
Djibouti,DJI,1990,65841.72464,232312.0993,15442.32411,26132.5024,75508.08795,149000.2598
Djibouti,DJI,1991,68780.07571,250164.0334,15627.69528,27091.34612,76393.14191,149952.2681
Djibouti,DJI,1992,73164.85247,261335.2129,17977.97299,32448.01358,78367.83879,151559.3094
Djibouti,DJI,1993,68985.3948,261598.7698,15510.4019,26742.01288,77030.46897,150811.5068
Djibouti,DJI,1994,69224.20295,256591.2095,17272.32513,29139.32173,78789.21648,152064.4181
Djibouti,DJI,1995,66662.59135,252226.9889,15054.85,27500.2164,77936.72062,151105.3438
Djibouti,DJI,1996,65846.29161,246148.7569,14892.99344,27861.38051,78227.41684,151053.5473
Djibouti,DJI,1997,65650.15065,240915.1491,14904.68561,28990.39809,78678.83674,150909.6097
Djibouti,DJI,1998,65392.37494,235824.9054,14886.62018,30136.93655,79557.38718,151128.8274
Djibouti,DJI,1999,64722.16756,229476.3169,14592.85579,31146.15943,79489.30465,150080.1765
Djibouti,DJI,2000,63976.7647,224540.9268,14190.75917,31609.06265,79789.3068,149375.1712
Djibouti,DJI,2001,63280.0768,218754.343,13975.72006,32333.07385,79769.15738,148349.1963
Djibouti,DJI,2002,62472.85572,212785.9807,13820.52064,32836.71862,79714.12657,147453.8675
Djibouti,DJI,2003,61385.45237,206752.1635,13643.61863,32847.17498,79210.80316,146436.2683
Djibouti,DJI,2004,60849.94006,201614.9366,13925.72359,33378.25677,78959.48357,145625.7505
Djibouti,DJI,2005,59349.14595,194483.9311,13279.6274,33100.94313,77907.51067,144238.4947
Djibouti,DJI,2006,58941.96242,187319.0249,13496.12568,34234.82468,77983.0215,143440.9873
Djibouti,DJI,2007,56406.81216,178300.562,12836.07878,32472.60726,76149.60402,141786.343
Djibouti,DJI,2008,54838.13233,169305.3232,12640.36251,32138.91858,75361.97806,140659.0925
Djibouti,DJI,2009,53357.81881,160978.646,12418.97702,31812.27385,74770.96686,139646.6488
Djibouti,DJI,2010,51944.39977,154214.5497,12160.54082,31347.87277,73971.95683,138727.8643
Djibouti,DJI,2011,50239.73451,145745.7683,11931.92889,30966.08123,73366.95421,137832.145
Djibouti,DJI,2012,48620.11853,138802.9915,11720.50483,30404.85117,72645.87509,136887.9623
Djibouti,DJI,2013,47152.9943,132639.5043,11568.61223,29968.67677,71832.99713,135921.5871
Djibouti,DJI,2014,45607.3955,126146.8587,11367.34885,29544.74329,71039.74297,134975.6191
Djibouti,DJI,2015,44059.12805,119472.3145,11275.06649,29145.14528,70130.07793,134261.6001
Djibouti,DJI,2016,42285.26406,112811.7425,11024.21119,28375.15384,69139.03077,133141.7603
Djibouti,DJI,2017,40774.88855,106578.324,10907.666,27828.81592,68382.35748,132413.2963
Djibouti,DJI,2018,39408.26012,101146.0265,10700.45135,27292.87323,67559.82334,131656.3957
Djibouti,DJI,2019,38780.71404,97061.42145,10671.09581,27489.08867,67235.42223,131312.9451
Dominica,DMA,1990,33240.98265,41102.6561,7605.780229,21188.70003,63587.39915,132104.7448
Dominica,DMA,1991,33569.4339,40526.37748,7629.334852,21511.00592,63209.03153,132509.2152
Dominica,DMA,1992,33222.96348,39804.60872,7322.588952,21544.49188,61578.82824,129314.0339
Dominica,DMA,1993,33264.50072,39264.40539,7219.252169,21716.50091,60895.04284,128683.897
Dominica,DMA,1994,33361.52427,38875.88365,7193.168177,21858.24669,60347.30497,128869.1283
Dominica,DMA,1995,33496.39607,38564.142,7320.541796,22097.207,59747.80286,128871.2222
Dominica,DMA,1996,33373.94954,37948.04917,7125.831744,22075.58155,59065.14458,128859.7975
Dominica,DMA,1997,33097.34226,37475.49631,7102.527925,21977.88978,57776.14336,127771.0811
Dominica,DMA,1998,33822.48729,37353.16521,7461.579711,23421.64495,57080.85599,127677.7101
Dominica,DMA,1999,33542.77835,36978.39604,7318.182161,22865.12897,56137.33513,129486.8461
Dominica,DMA,2000,33698.16759,36674.64292,7390.499741,23145.27763,56041.10655,129829.1931
Dominica,DMA,2001,33503.4984,36535.27737,7446.189878,22854.51249,55760.17486,128980.2515
Dominica,DMA,2002,33571.03279,36291.24288,7561.581116,22903.1655,55285.87947,129683.9293
Dominica,DMA,2003,33843.52559,36476.02016,7808.241865,23288.53593,54568.10903,130304.8091
Dominica,DMA,2004,33675.2865,36397.71164,7769.14292,23295.0263,53646.38194,128736.0681
Dominica,DMA,2005,33334.7076,36428.75775,8105.248605,22768.7103,52570.84302,127331.1721
Dominica,DMA,2006,33421.92633,36629.97919,8220.190506,22720.05369,52234.52541,127328.8979
Dominica,DMA,2007,33852.76445,37752.883,8660.589693,22881.59481,52246.85347,127732.7231
Dominica,DMA,2008,33494.44756,37847.63339,8186.914279,22370.86609,51630.71718,126636.6008
Dominica,DMA,2009,33702.77128,39384.28106,8272.534517,22284.33137,51440.11018,126293.0116
Dominica,DMA,2010,34268.80966,41165.23304,8569.025927,22534.84167,51680.93455,126690.0302
Dominica,DMA,2011,34378.08071,42667.20008,8250.624061,22144.63577,52102.96308,126736.2478
Dominica,DMA,2012,34618.33903,44119.46739,7880.855975,21614.5917,53600.37762,126927.5911
Dominica,DMA,2013,34999.97866,45630.15808,7962.122805,21612.47291,53749.19056,127338.8661
Dominica,DMA,2014,35388.42344,46603.53264,8021.564779,21625.8851,54041.73705,127844.0243
Dominica,DMA,2015,36851.2565,49349.2327,8269.30384,22024.01763,56163.91591,133260.3047
Dominica,DMA,2016,35686.55136,47243.69537,8044.368922,21380.29266,53893.31249,127529.3714
Dominica,DMA,2017,38007.1854,51614.83035,8331.151385,22038.6977,57473.07716,136653.969
Dominica,DMA,2018,36214.46989,48291.25694,8074.267414,21253.28736,54196.74986,127615.0508
Dominica,DMA,2019,36494.11395,48904.54563,8068.999617,21186.53784,54338.84659,127554.6414
Dominican Republic,DOM,1990,38010.76182,135265.6418,9801.420186,19614.00446,45564.36741,86072.46554
Dominican Republic,DOM,1991,37214.61349,130337.8947,9606.910363,19706.40149,44959.94828,83679.23058
Dominican Republic,DOM,1992,36136.86802,122699.0159,9416.837278,20006.98935,44433.44737,81656.10362
Dominican Republic,DOM,1993,35603.53378,117342.9784,9290.545002,20499.85728,44775.55429,81031.35224
Dominican Republic,DOM,1994,34719.64941,110506.012,9098.663974,20909.039,44594.38921,79496.85377
Dominican Republic,DOM,1995,34141.42731,105149.476,8941.907458,21346.38791,44770.52128,79527.77926
Dominican Republic,DOM,1996,33711.86985,98469.90427,8942.85474,22050.73706,45719.97065,81632.51224
Dominican Republic,DOM,1997,33284.30795,93904.32639,8876.74929,22291.01084,46619.84676,83435.71516
Dominican Republic,DOM,1998,33063.27503,89271.241,9162.084901,22845.69219,47368.94114,84388.59991
Dominican Republic,DOM,1999,32291.56405,85468.47172,8858.084774,22523.76759,47046.60013,85678.78387
Dominican Republic,DOM,2000,31769.80779,83649.36771,8640.51421,22371.09798,46013.71877,85951.21867
Dominican Republic,DOM,2001,31326.19966,81231.72733,8498.136043,22297.60526,45616.92733,86423.1649
Dominican Republic,DOM,2002,30742.01989,76513.91343,8217.356875,22393.33181,45935.77244,86945.46791
Dominican Republic,DOM,2003,30853.2465,74806.04516,8191.380744,22636.08839,47021.23124,90047.83751
Dominican Republic,DOM,2004,31805.46127,76222.09223,8744.936218,23297.6324,48587.14519,94761.25568
Dominican Republic,DOM,2005,31378.5324,74662.99218,8322.564528,22806.44621,48871.07241,97065.80815
Dominican Republic,DOM,2006,31100.46672,72859.19502,8213.285968,22621.482,49343.03313,96958.05601
Dominican Republic,DOM,2007,30776.60455,71376.98126,8236.71583,22344.42406,49109.01828,96529.99396
Dominican Republic,DOM,2008,29902.6778,66406.06816,7988.344605,21830.61582,48507.43052,96808.31342
Dominican Republic,DOM,2009,29671.28346,65187.48077,7994.222931,21494.29932,48205.83246,97601.42754
Dominican Republic,DOM,2010,29534.17801,64498.148,7924.928568,21236.76323,47985.07605,97806.63567
Dominican Republic,DOM,2011,29879.48482,66382.99161,7959.775298,21212.25662,48184.87684,97963.74241
Dominican Republic,DOM,2012,30777.89763,67860.95182,8069.760696,21708.26833,49986.37546,100282.6931
Dominican Republic,DOM,2013,31605.36946,67370.98451,8100.800186,22317.53924,52245.20199,103028.3759
Dominican Republic,DOM,2014,31642.77652,61759.62001,7997.235029,22705.58686,53839.76962,104797.7572
Dominican Republic,DOM,2015,31862.96467,59363.7346,7956.100525,22908.77897,54939.70774,106637.8719
Dominican Republic,DOM,2016,31801.67067,57095.21094,7941.509651,22937.02368,55236.73242,105804.3484
Dominican Republic,DOM,2017,31284.90283,54611.32303,7848.558525,22559.50092,54483.59238,104272.7132
Dominican Republic,DOM,2018,30790.72442,52521.1993,7730.692581,22171.24454,53629.00283,102987.541
Dominican Republic,DOM,2019,30411.76343,50730.86637,7621.563562,21888.13333,52927.48121,102048.3447
East Asia & Pacific (WB),,1990,36178.79372,111320.855,10661.63543,19314.4214,59862.56184,135242.1255
East Asia & Pacific (WB),,1991,35587.90148,107594.791,10523.34942,19182.99225,59123.92979,133984.1786
East Asia & Pacific (WB),,1992,34860.61842,103376.3189,10317.85473,19025.80313,58359.12423,132729.9071
East Asia & Pacific (WB),,1993,34166.78469,99520.68646,10128.51355,18930.14992,57642.25038,131406.8087
East Asia & Pacific (WB),,1994,33586.13318,95891.83629,10142.73065,19110.18744,56472.44713,129317.093
East Asia & Pacific (WB),,1995,33243.48775,93517.61655,10137.52527,19327.15013,55770.00658,128068.8193
East Asia & Pacific (WB),,1996,32636.01153,90665.76509,9993.239317,19244.32526,54685.50445,125977.952
East Asia & Pacific (WB),,1997,31950.09497,87066.09425,9789.179574,19063.08431,53542.95229,123872.4322
East Asia & Pacific (WB),,1998,31494.98713,83625.14695,9636.488917,19048.33168,52781.44366,122343.1276
East Asia & Pacific (WB),,1999,31131.77104,79968.41117,9389.17949,18969.75576,52254.11494,122096.1067
East Asia & Pacific (WB),,2000,30740.01963,74977.64477,9120.381054,18893.49795,52050.09584,122376.3472
East Asia & Pacific (WB),,2001,30293.19094,71204.21312,8879.933603,18639.89365,51243.41356,121509.3729
East Asia & Pacific (WB),,2002,29936.46015,67549.68657,8517.001947,18300.01243,51108.25639,120835.5732
East Asia & Pacific (WB),,2003,29535.1721,63083.6065,8160.910635,17983.28327,50660.48959,120089.1648
East Asia & Pacific (WB),,2004,29877.75812,60759.17095,8617.441317,18264.71363,50506.34024,120223.285
East Asia & Pacific (WB),,2005,29082.2448,56884.84566,7785.882571,17522.00178,49223.16434,118799.5006
East Asia & Pacific (WB),,2006,28584.78964,54071.14688,7619.456491,17219.53749,47952.68246,115176.1026
East Asia & Pacific (WB),,2007,28200.81723,51275.04116,7428.983168,16972.72225,46982.99505,112716.5728
East Asia & Pacific (WB),,2008,28612.52113,49817.10726,8188.578003,17418.52166,46666.54326,112018.675
East Asia & Pacific (WB),,2009,27990.61677,46682.80986,7451.170087,16814.78313,45682.78904,111418.8167
East Asia & Pacific (WB),,2010,27922.35602,44054.44312,7312.439445,16753.66431,45262.14465,111313.1177
East Asia & Pacific (WB),,2011,27802.48099,41915.34304,7127.841695,16567.55624,45034.07892,110247.9572
East Asia & Pacific (WB),,2012,27617.63143,40118.94764,6977.903165,16349.72154,44620.02252,108096.8488
East Asia & Pacific (WB),,2013,27506.97099,38101.54788,6892.806396,16255.46136,43918.737,106666.1473
East Asia & Pacific (WB),,2014,27422.49423,35917.86741,6719.619908,16178.73668,43264.10716,105537.7871
East Asia & Pacific (WB),,2015,27424.46455,34752.97103,6602.137048,16076.75289,42737.44704,104360.6845
East Asia & Pacific (WB),,2016,27541.29618,33206.35653,6517.768474,16041.05185,42412.61059,103818.3675
East Asia & Pacific (WB),,2017,27587.51946,30915.33128,6439.445701,16052.36512,41979.63811,102706.1963
East Asia & Pacific (WB),,2018,27612.55515,28664.56259,6314.39653,15994.59545,41640.35554,101802.8478
East Asia & Pacific (WB),,2019,27753.85137,27046.93683,6196.21077,15943.05857,41441.68488,100975.199
Eastern Mediterranean Region (WHO),,1990,58177.37997,200513.4711,15061.93799,24696.2792,72139.06436,147955.1747
Eastern Mediterranean Region (WHO),,1991,56143.35368,193570.416,14355.32683,24168.28411,71535.87229,147518.1388
Eastern Mediterranean Region (WHO),,1992,54941.08242,188462.511,14302.38525,24120.05988,71575.40575,147336.2672
Eastern Mediterranean Region (WHO),,1993,54008.49086,184435.4609,14237.05293,24125.57575,71987.51825,147878.8116
Eastern Mediterranean Region (WHO),,1994,53259.33764,181109.7786,14226.50373,24225.28846,72286.0966,148070.0184
Eastern Mediterranean Region (WHO),,1995,52344.05171,177406.8656,14091.52721,24141.09146,72350.29158,147726.8922
Eastern Mediterranean Region (WHO),,1996,51196.27103,172050.2758,13899.94404,24108.64367,72313.59452,146741.9665
Eastern Mediterranean Region (WHO),,1997,50398.98398,167917.253,13853.1403,24196.22978,72475.77311,146350.281
Eastern Mediterranean Region (WHO),,1998,49411.42856,163450.2723,13730.03665,24091.5315,72052.49903,145789.278
Eastern Mediterranean Region (WHO),,1999,48128.75019,158667.4149,13352.21228,23631.18551,71483.54489,144619.7142
Eastern Mediterranean Region (WHO),,2000,47028.63176,154163.4097,13170.76271,23427.94928,70632.9749,142390.3074
Eastern Mediterranean Region (WHO),,2001,46113.15453,149598.6768,13047.62435,23324.99114,70481.66703,141883.5601
Eastern Mediterranean Region (WHO),,2002,45279.25567,145562.6033,12943.11581,23206.49202,70111.27184,141700.9952
Eastern Mediterranean Region (WHO),,2003,44868.44978,141676.0285,13171.31878,23657.05715,69928.36439,141930.0296
Eastern Mediterranean Region (WHO),,2004,43704.90689,137239.0269,12806.09096,23235.29335,68894.19685,140358.1104
Eastern Mediterranean Region (WHO),,2005,43396.27273,133650.2605,13468.05524,23508.48529,68886.04976,139936.7351
Eastern Mediterranean Region (WHO),,2006,41935.73549,129304.9959,12460.3973,22736.65936,67759.76136,138630.6578
Eastern Mediterranean Region (WHO),,2007,41015.09697,123966.785,12526.25167,22899.0469,66216.73753,136344.7282
Eastern Mediterranean Region (WHO),,2008,39917.55929,119621.7115,12200.26785,22431.02021,65373.05793,135470.5648
Eastern Mediterranean Region (WHO),,2009,39079.94092,115655.7703,12010.40356,22257.3956,64668.83972,134521.5565
Eastern Mediterranean Region (WHO),,2010,38540.98168,113028.1203,11929.54966,22223.03938,63876.48635,133707.4021
Eastern Mediterranean Region (WHO),,2011,37995.64425,109688.2057,11867.60105,22359.6432,63108.62317,132546.349
Eastern Mediterranean Region (WHO),,2012,37655.4747,105952.5874,12076.99377,22753.16588,62845.25763,131880.6046
Eastern Mediterranean Region (WHO),,2013,37054.92832,103339.3497,11932.83845,22574.11443,62220.05617,131220.2486
Eastern Mediterranean Region (WHO),,2014,36857.43275,101077.7925,11906.95969,22775.14495,62489.65844,132385.7203
Eastern Mediterranean Region (WHO),,2015,36269.34398,98106.39402,11662.77266,22623.92984,62325.14195,132529.6427
Eastern Mediterranean Region (WHO),,2016,35877.6338,95163.59285,11783.12402,22889.71405,61504.91869,130681.9533
Eastern Mediterranean Region (WHO),,2017,35019.29087,91985.0988,11411.70654,22457.66335,60783.10803,129539.78
Eastern Mediterranean Region (WHO),,2018,33851.54051,88199.14241,10618.9577,21510.8738,60680.58111,130097.7588
Eastern Mediterranean Region (WHO),,2019,33162.22176,84745.38848,10381.95304,21338.55571,59839.0127,128431.0498
Ecuador,ECU,1990,32368.21362,86696.98486,11124.24705,21324.11666,47947.23193,102335.396
Ecuador,ECU,1991,32605.57628,84460.77507,11196.05953,21936.00309,49467.65888,106097.8011
Ecuador,ECU,1992,31812.72416,80743.02736,11031.13183,21783.5898,48144.17363,102910.8525
Ecuador,ECU,1993,31285.23236,77756.69058,11050.38817,21849.19975,47006.71721,99956.73147
Ecuador,ECU,1994,30393.93107,74699.14404,10518.61308,21435.15909,45877.69461,97101.5557
Ecuador,ECU,1995,30101.82199,74779.12463,10495.85845,21192.38183,44554.27888,93568.82862
Ecuador,ECU,1996,30263.93668,74599.24153,10478.96058,21334.13155,45172.25978,92576.1447
Ecuador,ECU,1997,29614.90422,73400.33588,10330.65879,20838.01385,43508.91371,88757.9849
Ecuador,ECU,1998,29774.30948,72109.30688,10313.8021,21245.32572,43681.29474,89355.53592
Ecuador,ECU,1999,29504.60447,70491.72556,10139.96401,21060.18157,43520.2549,89389.50937
Ecuador,ECU,2000,29093.41089,68145.54902,10025.18947,20917.7413,43151.41877,88406.27809
Ecuador,ECU,2001,28415.66796,65090.77792,9948.164833,20612.72036,42168.03107,85820.74629
Ecuador,ECU,2002,29027.14787,62641.98992,10069.47242,21482.44423,44366.36254,90467.33645
Ecuador,ECU,2003,29027.1822,60029.02069,9948.832022,21789.791,45066.18689,92549.412
Ecuador,ECU,2004,28862.36923,57594.38434,9775.263248,21966.78122,45100.57098,93727.87603
Ecuador,ECU,2005,28961.03444,54616.03962,9633.112432,22493.81798,45933.42907,96379.09086
Ecuador,ECU,2006,28864.59809,52928.20086,9494.27684,22534.46417,46149.54683,96896.35314
Ecuador,ECU,2007,28682.66486,51515.3636,9310.966965,22526.23026,45932.26885,97154.26644
Ecuador,ECU,2008,28537.56344,49450.4756,9189.122549,22630.9094,45921.38417,97354.03477
Ecuador,ECU,2009,28074.28653,46709.44251,8931.812399,22434.02636,45492.50418,96779.65794
Ecuador,ECU,2010,27773.12146,44948.78993,8707.889537,22227.84718,44903.87386,97532.02315
Ecuador,ECU,2011,26847.74645,41049.99224,8355.034359,21507.02601,43765.69813,96300.17197
Ecuador,ECU,2012,26597.45486,38951.43816,8231.64718,21055.99996,43999.76409,98053.3912
Ecuador,ECU,2013,26105.65039,37547.35214,8023.194514,20324.14989,43336.09039,99288.71836
Ecuador,ECU,2014,25611.96178,35626.57068,7821.282507,19803.20302,42848.92708,98671.42664
Ecuador,ECU,2015,25232.0184,34796.22596,7651.691068,19336.70885,42554.98297,96459.87371
Ecuador,ECU,2016,25338.95672,34051.77503,7735.89578,19310.42616,43065.71563,96479.3191
Ecuador,ECU,2017,25087.68301,33437.17335,7403.068131,19011.12179,42773.15978,96025.95959
Ecuador,ECU,2018,24900.94079,31366.29609,7256.353189,19010.13891,42559.06616,95561.82711
Ecuador,ECU,2019,24874.91248,30287.3492,7282.630255,19156.28177,42246.74836,93792.40775
Egypt,EGY,1990,51490.22904,173257.4558,16047.3363,21211.58287,74301.91344,159371.6114
Egypt,EGY,1991,48802.13788,163334.5377,14821.88624,20714.92297,73219.55566,158363.1595
Egypt,EGY,1992,46324.64066,154085.5004,14284.90158,20164.008,71297.09333,156334.2252
Egypt,EGY,1993,44559.05483,143660.2777,14381.75314,20269.77815,71508.27544,158712.8077
Egypt,EGY,1994,42780.36661,132988.4623,14328.44017,20375.22893,71242.72779,160825.9204
Egypt,EGY,1995,40771.73323,124852.6393,13706.59755,19972.78774,69274.76028,157669.7471
Egypt,EGY,1996,38662.0708,112444.1515,12983.08522,19970.83206,69351.63148,155088.8037
Egypt,EGY,1997,37385.22231,105196.8163,12394.01193,19844.16309,69885.16426,155437.3421
Egypt,EGY,1998,36109.77948,100105.3878,11756.75226,19246.41412,68977.23914,156540.2808
Egypt,EGY,1999,35158.4376,96142.2587,11317.21474,18858.40862,68405.20275,154855.5791
Egypt,EGY,2000,33797.27986,91267.31333,10845.65071,18255.10008,66550.61315,148628.8068
Egypt,EGY,2001,33521.38192,86304.96467,10621.82701,18270.23395,68968.96269,153205.6996
Egypt,EGY,2002,33079.26885,81330.56479,10457.15758,18168.63731,70067.6545,157969.32
Egypt,EGY,2003,32762.84986,77980.43234,10246.01896,17945.29172,70965.2439,163770.7142
Egypt,EGY,2004,32108.42069,74262.11532,10069.01691,17744.43551,70619.09589,162037.1775
Egypt,EGY,2005,31502.63325,70915.53235,10012.39437,17586.11101,70236.67207,157741.1093
Egypt,EGY,2006,31215.57594,67505.0218,9990.28779,17682.75771,70794.73867,155717.2358
Egypt,EGY,2007,30627.69604,64883.32772,9821.71657,17384.54149,69663.13716,154091.8874
Egypt,EGY,2008,30293.80526,60966.54853,9614.759402,17424.29796,70150.33803,155035.2418
Egypt,EGY,2009,30167.28,57915.602,9485.23182,17517.26408,71247.85901,155620.9804
Egypt,EGY,2010,29674.34441,53012.22,9249.437078,17653.14541,71468.96707,155003.3445
Egypt,EGY,2011,29334.03967,49852.53361,9079.582176,17875.83825,70851.10026,153351.2131
Egypt,EGY,2012,28928.42231,45575.25633,8776.052071,17909.08496,71517.7785,154544.3159
Egypt,EGY,2013,28358.51405,43030.02976,8565.036494,17948.71213,70196.95453,148673.0119
Egypt,EGY,2014,27811.21172,39566.74411,8216.943317,17648.81868,70703.78441,148381.484
Egypt,EGY,2015,28326.01808,40564.5735,8201.140037,17745.36055,72424.2001,152104.5902
Egypt,EGY,2016,27601.44375,35742.79477,7884.746819,17602.14745,72197.72197,151851.0571
Egypt,EGY,2017,27232.87987,33524.5699,7900.237571,17776.06962,70933.3455,148770.7084
Egypt,EGY,2018,26915.88165,31572.50551,7770.077925,17714.00812,70333.869,147775.1514
Egypt,EGY,2019,26619.17739,29895.37917,7628.412106,17616.78753,69569.14358,146996.2532
El Salvador,SLV,1990,40422.61758,107345.7772,12670.94489,29781.20645,53373.13247,96298.98653
El Salvador,SLV,1991,39808.89084,100984.2556,12309.03644,30290.85814,53061.92078,94513.8066
El Salvador,SLV,1992,37487.76985,92903.78146,11657.05929,27511.04024,53831.96088,95439.34915
El Salvador,SLV,1993,36762.06169,85899.9474,11016.10012,27901.53246,53960.58722,96671.56433
El Salvador,SLV,1994,36200.071,80132.14726,10669.51771,28236.80152,54073.21507,97300.85075
El Salvador,SLV,1995,34914.36292,74997.96012,10341.52559,27407.34022,52954.30081,95298.09633
El Salvador,SLV,1996,33687.90829,70777.48839,9977.852525,26514.4293,51668.0472,94546.29977
El Salvador,SLV,1997,33187.99799,66128.41386,9681.691788,26736.20659,52356.39523,95946.66903
El Salvador,SLV,1998,33590.57082,62360.38483,10046.76493,27683.56515,55280.40276,99291.62908
El Salvador,SLV,1999,31259.62822,56884.3457,9195.738986,25935.316,52202.3273,94670.23286
El Salvador,SLV,2000,30492.26788,53054.42991,8852.124798,25844.73828,51691.43926,94291.30436
El Salvador,SLV,2001,30578.60911,50450.93924,9668.317726,26434.9208,51443.32793,94223.92497
El Salvador,SLV,2002,28467.25789,45934.92741,8326.897567,24685.03225,49239.72834,90908.82438
El Salvador,SLV,2003,28787.24029,44833.39958,8267.290061,25181.00548,50491.6529,92967.83494
El Salvador,SLV,2004,28889.75635,42192.90599,8039.565534,25648.23001,51517.89094,94919.36888
El Salvador,SLV,2005,28976.40416,40568.81593,8137.041888,25861.63214,51861.26322,95293.94827
El Salvador,SLV,2006,28849.226,38907.80452,7931.577295,25779.12799,52060.72961,95109.47048
El Salvador,SLV,2007,28461.40028,37066.27835,7790.509657,25319.33362,51469.11792,94266.29792
El Salvador,SLV,2008,28013.45707,36141.83994,7718.078733,24704.87289,50186.66509,92475.36301
El Salvador,SLV,2009,29004.63216,36332.25048,8219.134891,25330.5947,51955.43188,94759.27039
El Salvador,SLV,2010,27773.97573,34026.56737,7801.759415,24117.94938,49040.32755,91048.2979
El Salvador,SLV,2011,28059.93299,33137.30024,7610.899603,24218.67036,49757.37095,91664.75638
El Salvador,SLV,2012,30052.76317,33559.1377,7812.430192,27933.9351,48803.40753,88885.78498
El Salvador,SLV,2013,30297.82115,32615.3276,7680.860687,27724.76247,49475.78474,91346.57197
El Salvador,SLV,2014,31401.28121,30199.74328,7684.129292,28941.21087,51454.33631,95122.68582
El Salvador,SLV,2015,31778.37703,28443.07171,7656.068498,29623.11744,51315.13496,95002.10001
El Salvador,SLV,2016,28434.15131,26007.20602,6961.157637,24045.97167,49984.03523,93860.7542
El Salvador,SLV,2017,28270.7996,24560.62006,6867.629846,23802.17482,49592.90779,93569.02013
El Salvador,SLV,2018,28189.7026,23288.57514,6785.000935,23736.41449,49048.49788,93330.16422
El Salvador,SLV,2019,28077.36197,22166.71509,6611.147502,23326.53725,49253.55372,94087.15623
England,,1990,34461.37873,20125.37914,6232.554088,17877.13524,52807.77229,115674.0984
England,,1991,34120.80419,18637.0424,6211.251613,17923.95066,51583.61649,115702.1509
England,,1992,33707.66447,16920.66914,6106.305195,17906.91405,50424.70209,115233.7403
England,,1993,33598.66634,16084.36626,6046.55147,17950.03351,49664.4924,115648.1997
England,,1994,33136.40877,15536.56245,5995.518656,17980.26065,48277.14697,113709.8086
England,,1995,33029.86776,15174.97027,5937.375167,18052.80128,47554.17232,113303.3686
England,,1996,32732.44202,15211.68546,5859.660728,18049.46692,46648.85257,111899.4866
England,,1997,32412.11079,14906.57302,5826.370863,17967.16368,45558.47391,110675.4744
England,,1998,32238.06361,14515.78418,5757.167073,17932.51396,44738.7785,110323.951
England,,1999,32033.47926,14286.20058,5686.459846,17877.96679,43976.49144,109846.9567
England,,2000,31507.7626,13848.51976,5639.665395,17809.22562,42914.344,107259.4216
England,,2001,31057.20923,13622.20035,5619.153224,17789.09934,41976.36368,104824.3935
England,,2002,30890.64698,13552.87766,5578.706845,17737.0014,41524.6769,104207.1514
England,,2003,30692.68267,13958.23599,5525.764963,17665.36821,41187.53522,103059.9441
England,,2004,30118.38015,13741.45883,5459.222051,17509.0134,40408.37532,100149.4021
England,,2005,29780.79835,13687.71404,5449.621179,17446.07963,39915.96403,98093.74245
England,,2006,29521.21718,13688.62139,5453.329966,17407.02971,39523.16361,96292.95386
England,,2007,29251.32465,13426.90581,5415.177268,17289.24932,39076.59017,94941.21932
England,,2008,29030.56937,12970.27352,5346.532981,17185.72141,38663.63037,93984.71286
England,,2009,28606.01145,12527.36422,5302.43597,16987.47684,38053.51457,91951.15135
England,,2010,28307.4715,12098.80781,5244.04621,16758.233,37657.39018,90748.93902
England,,2011,28047.39831,11787.04956,5178.049205,16545.29272,37169.61866,90037.42681
England,,2012,27980.8129,11326.41365,5157.012438,16387.48575,36858.94744,90355.39167
England,,2013,28036.13887,10844.65823,5130.875969,16384.21294,36753.22434,90324.04062
England,,2014,28004.40762,10666.44274,5113.098581,16372.90362,36511.05108,89511.91119
England,,2015,28171.0631,10707.7391,5080.519802,16368.01548,36570.55092,89513.23597
England,,2016,28230.58439,10698.03268,5045.660582,16428.28374,36626.24728,88636.7144
England,,2017,28281.58788,10593.06179,5044.243905,16453.7458,36416.88321,87477.0685
England,,2018,28585.32157,10455.0889,5117.429317,16474.23806,36424.15258,88017.79446
England,,2019,28791.5224,10243.93958,5174.132066,16473.96276,36497.8918,88180.42949
Equatorial Guinea,GNQ,1990,116721.1881,373620.7455,24305.46704,42319.17718,127674.5206,197345.4743
Equatorial Guinea,GNQ,1991,115619.8278,372585.9936,24242.98659,41712.40622,125048.9801,195151.0991
Equatorial Guinea,GNQ,1992,113690.1081,368760.5931,24016.54843,40979.93616,121775.8667,192211.3557
Equatorial Guinea,GNQ,1993,111795.2893,364276.389,23768.87633,40589.49118,119535.4629,190358.2852
Equatorial Guinea,GNQ,1994,109854.7495,359232.9361,23517.44054,40379.73463,117782.665,188852.1001
Equatorial Guinea,GNQ,1995,107596.567,352908.717,23191.08958,40204.11128,115968.1007,187063.38
Equatorial Guinea,GNQ,1996,104061.6751,341029.8539,22618.85939,40023.48141,113381.9322,184581.9175
Equatorial Guinea,GNQ,1997,95704.19264,312672.0362,20996.48334,38161.32528,104541.6953,176127.1349
Equatorial Guinea,GNQ,1998,89738.3803,291289.9031,19827.0132,37339.47504,99180.39974,170332.175
Equatorial Guinea,GNQ,1999,84241.89654,271501.5327,18668.25247,36600.55456,94752.52812,165085.9351
Equatorial Guinea,GNQ,2000,78704.30405,250507.0764,17608.27264,36079.55529,90967.21808,159896.1684
Equatorial Guinea,GNQ,2001,71941.23967,223707.3644,16383.07037,35220.25818,86180.67542,154061.5458
Equatorial Guinea,GNQ,2002,66731.68605,203498.4957,15434.86211,34633.49703,81973.78199,148725.3548
Equatorial Guinea,GNQ,2003,63420.23531,189401.8306,15026.50901,34820.81017,80520.33108,146408.834
Equatorial Guinea,GNQ,2004,60328.29093,176715.6361,14663.54403,34922.07563,78774.55626,143864.6798
Equatorial Guinea,GNQ,2005,58673.61743,170172.345,14615.56402,35399.07714,77281.76798,141586.1671
Equatorial Guinea,GNQ,2006,54664.72384,155916.3764,13970.72853,34206.16283,75624.92761,139401.6764
Equatorial Guinea,GNQ,2007,52182.31103,147219.4801,13681.99317,33726.60969,74286.1889,137621.7767
Equatorial Guinea,GNQ,2008,49544.24377,136330.8082,13305.55735,33608.82925,73443.95522,136434.8016
Equatorial Guinea,GNQ,2009,46454.27561,123842.7101,12618.96138,33149.41621,72279.34023,135113.2047
Equatorial Guinea,GNQ,2010,45397.85179,118791.2836,12487.42516,33615.11925,72254.74241,134767.291
Equatorial Guinea,GNQ,2011,45893.37835,120834.4275,12801.27473,34347.17734,73450.82186,135276.9851
Equatorial Guinea,GNQ,2012,44770.59596,117982.2117,12769.85025,33771.48345,73069.94998,134923.0234
Equatorial Guinea,GNQ,2013,41751.78371,107745.4771,12635.97395,31894.7064,70661.2931,134004.993
Equatorial Guinea,GNQ,2014,40095.64658,101473.8533,12646.5475,31228.05862,69028.6465,133105.4094
Equatorial Guinea,GNQ,2015,39762.07788,96031.51814,12793.66748,32381.36076,70303.56664,133948.5288
Equatorial Guinea,GNQ,2016,38520.09496,88337.26986,12316.87694,32573.99266,71251.61179,134802.7353
Equatorial Guinea,GNQ,2017,36606.67785,80865.91883,11688.79632,31498.78501,70503.61697,135314.364
Equatorial Guinea,GNQ,2018,35776.4178,76707.4011,11371.48511,31293.6116,70420.62738,135657.4123
Equatorial Guinea,GNQ,2019,35390.20838,74181.53166,11310.84296,31241.9556,70698.85598,136493.9394
Eritrea,ERI,1990,123256.0204,365173.2228,36962.69874,74753.90946,137092.5884,199495.7024
Eritrea,ERI,1991,120038.5019,404070.4709,27143.50032,56093.51034,152165.0107,238867.67
Eritrea,ERI,1992,90853.92045,296899.8375,21295.44193,44154.795,125666.0119,190170.6525
Eritrea,ERI,1993,86324.56292,273747.7259,20570.13316,44211.2059,124098.4146,187912.336
Eritrea,ERI,1994,82594.21981,253217.252,19600.63244,44586.40475,124145.5855,187487.9619
Eritrea,ERI,1995,80443.20351,237392.1842,18783.58164,45890.6502,126116.1852,188369.0751
Eritrea,ERI,1996,78199.90091,226151.6516,18225.4408,46067.75829,124662.4778,186402.8894
Eritrea,ERI,1997,75680.09037,216464.4122,17596.10633,45710.50312,122764.083,184235.8671
Eritrea,ERI,1998,75031.67071,210079.6039,18013.95589,47468.05004,121649.9095,182642.694
Eritrea,ERI,1999,104324.3158,239401.8029,36379.12217,87382.81629,130638.0555,187857.1723
Eritrea,ERI,2000,72620.50491,196162.644,18371.5017,49062.58966,119518.821,179703.5399
Eritrea,ERI,2001,67234.95048,183588.4624,16267.11155,44350.45207,116673.5623,177384.0764
Eritrea,ERI,2002,64796.45945,174881.8825,15936.17337,43265.19832,114535.266,175608.1262
Eritrea,ERI,2003,63104.11567,169182.0711,15690.75606,42539.94373,112742.5634,174101.0628
Eritrea,ERI,2004,61565.82418,164837.2563,15369.32074,41705.39749,111050.0103,172797.8498
Eritrea,ERI,2005,60237.77264,161107.6826,15239.15563,41034.50258,109429.9392,171567.926
Eritrea,ERI,2006,58297.32439,156792.9014,14816.61272,39514.74736,107531.9156,170261.3016
Eritrea,ERI,2007,56541.2987,152312.1276,14572.27229,38287.76265,105586.6155,168989.6095
Eritrea,ERI,2008,55330.04247,148566.2677,14517.65789,37658.48578,104058.7737,168133.0404
Eritrea,ERI,2009,53588.03527,143877.9307,14081.79498,36402.0685,102399.8171,167231.0911
Eritrea,ERI,2010,52190.67161,139468.9306,13781.63934,35618.45745,100969.553,166354.1553
Eritrea,ERI,2011,50737.90378,134656.2834,13474.57656,34822.73615,99505.00813,165273.8498
Eritrea,ERI,2012,49186.09782,129584.8946,13113.25164,33914.78989,97992.7226,163965.8236
Eritrea,ERI,2013,47779.83532,124555.5852,12808.42445,33219.03903,96466.52511,162704.6672
Eritrea,ERI,2014,46323.03986,119273.6528,12495.6138,32463.71463,94919.95784,161576.3287
Eritrea,ERI,2015,44922.98422,113847.5745,12191.83984,31798.33572,93525.56461,160470.9245
Eritrea,ERI,2016,43675.37169,108673.3615,11962.0359,31252.56912,92337.6772,159523.9327
Eritrea,ERI,2017,42372.45874,103205.2157,11712.00993,30656.63767,91145.37318,158602.1421
Eritrea,ERI,2018,41178.9881,98107.48448,11451.16387,30123.41603,90027.01045,157781.6507
Eritrea,ERI,2019,40196.85466,93913.47554,11207.90693,29679.83828,88928.58386,157006.7072
Estonia,EST,1990,41709.61353,31273.84178,7997.494494,25622.01614,69977.01172,138869.77
Estonia,EST,1991,42805.59883,29378.23293,7798.566095,26608.97529,72572.78203,141203.559
Estonia,EST,1992,42977.61367,29385.57042,7704.838842,27045.90354,72463.21923,137409.7804
Estonia,EST,1993,45979.92059,27752.70529,7504.442264,29670.86949,78599.13638,140108.7552
Estonia,EST,1994,50286.28424,26967.34093,7406.910953,34742.36789,85366.32996,142252.4904
Estonia,EST,1995,47705.4947,27359.05729,7300.755329,31803.63058,81755.63746,135303.1349
Estonia,EST,1996,43448.99816,24857.14146,7049.531171,28338.17242,73534.6186,125952.8599
Estonia,EST,1997,43352.85207,24191.62714,6909.135146,27764.83351,73358.21994,124765.9968
Estonia,EST,1998,44800.85157,23799.04012,6548.068255,28163.62278,76066.23279,127934.6792
Estonia,EST,1999,43264.76518,23829.13746,6258.593586,26865.86153,72026.13683,123515.6759
Estonia,EST,2000,43000.66776,22926.14193,6278.384873,26426.45885,70510.27486,122316.8
Estonia,EST,2001,44062.68521,21754.94497,6333.884065,27038.8413,71972.66679,122803.0225
Estonia,EST,2002,42931.06419,19607.97426,6088.209641,26045.34936,69434.4395,119267.724
Estonia,EST,2003,41896.92579,19097.56611,5848.016905,24612.55314,67247.43623,117264.0997
Estonia,EST,2004,41311.58866,18033.68433,5599.278984,23897.99573,66097.4391,114795.8791
Estonia,EST,2005,40640.57819,17004.65394,5527.436815,23056.7678,64558.88811,112998.0726
Estonia,EST,2006,40450.00588,15760.29173,5471.418509,22703.72272,63894.68164,111505.5108
Estonia,EST,2007,40673.78268,15064.2296,5397.981126,22725.1659,63685.37562,111195.4679
Estonia,EST,2008,38585.10343,13857.52543,5217.732844,21157.24323,59096.83203,107073.1647
Estonia,EST,2009,37386.48144,12164.07687,4971.962988,20250.08524,56315.98766,104691.8322
Estonia,EST,2010,35516.74362,11156.69259,4965.085946,19250.09377,52018.58472,100062.2962
Estonia,EST,2011,35788.19838,9646.099216,4910.970125,19587.54207,51888.20591,99894.20963
Estonia,EST,2012,35653.34345,9453.431104,4673.421914,19547.24783,51250.69014,98108.60575
Estonia,EST,2013,34624.25501,8633.590209,4703.077692,18592.32946,49242.51102,96318.28914
Estonia,EST,2014,34905.82957,8545.533502,4753.173638,18524.97307,49855.31199,96829.79857
Estonia,EST,2015,34183.52276,8472.588967,4664.808302,18066.54252,48385.65747,95480.459
Estonia,EST,2016,34633.50829,8104.596868,4600.280528,18164.03817,48841.51853,97730.34531
Estonia,EST,2017,34700.95607,7943.292717,4642.330374,18462.60832,48437.14226,97399.84711
Estonia,EST,2018,34751.00823,7648.364144,4626.468909,18594.49172,48149.39014,97089.36504
Estonia,EST,2019,34727.92048,7362.82972,4609.478073,18654.78481,47668.65149,96415.27302
Eswatini,SWZ,1990,51637.65779,149065.3158,13254.86624,28104.37529,92084.89591,160264.6637
Eswatini,SWZ,1991,50572.86959,145049.2355,12978.84188,28413.23672,91580.39679,159720.0987
Eswatini,SWZ,1992,50315.14724,144336.7512,12769.43267,29253.00198,90433.96746,158250.9506
Eswatini,SWZ,1993,50390.5325,142555.0271,12462.11862,31182.84058,89709.0099,156522.0656
Eswatini,SWZ,1994,52251.96234,144673.8839,12143.86598,34994.88846,91906.20976,157068.2493
Eswatini,SWZ,1995,55587.01878,148833.1707,11847.53922,40723.22995,96647.67247,159808.2561
Eswatini,SWZ,1996,60823.19528,156669.321,11955.53848,48547.41861,103395.5218,164022.4045
Eswatini,SWZ,1997,65436.25786,161103.9023,11681.84506,56621.46649,108491.8092,165569.8335
Eswatini,SWZ,1998,71991.44775,167753.7681,11902.28614,66799.29322,118103.3995,170983.4351
Eswatini,SWZ,1999,78865.58995,174654.1612,12174.03913,77248.21774,128319.9674,176378.5768
Eswatini,SWZ,2000,86800.35565,183101.0571,12674.4745,88542.51544,141541.2386,184911.0296
Eswatini,SWZ,2001,94543.23616,194149.4126,13395.999,98587.85786,153265.4016,191571.1818
Eswatini,SWZ,2002,99715.67838,195426.3406,13730.0107,106671.5651,163543.8343,197868.14
Eswatini,SWZ,2003,104851.6524,200738.0076,14256.76923,113563.3436,171858.2626,201949.4441
Eswatini,SWZ,2004,108529.1374,204157.8645,14814.19001,118336.248,177834.8274,204847.7767
Eswatini,SWZ,2005,107735.4509,197524.8665,14930.69755,118065.6047,178465.9376,205139.434
Eswatini,SWZ,2006,103899.0888,189013.0388,15428.36103,113035.3746,172686.8608,201173.3982
Eswatini,SWZ,2007,101160.5255,189704.8464,16279.39883,107385.0668,166763.6899,197587.5
Eswatini,SWZ,2008,98631.67052,187972.5123,16966.17947,102811.5048,162034.6457,194375.3936
Eswatini,SWZ,2009,95234.14565,178872.6444,17316.74031,98777.52672,157528.0316,190983.3452
Eswatini,SWZ,2010,88259.48447,156659.7839,16759.68525,92233.62296,150509.7712,185976.0278
Eswatini,SWZ,2011,81129.70529,135627.721,16422.53706,85053.20239,142946.4458,180536.9204
Eswatini,SWZ,2012,77307.42435,126239.1018,16400.9847,80544.52003,138302.9398,176928.573
Eswatini,SWZ,2013,73069.56455,115914.5483,16329.69659,75629.07689,133270.6227,173157.3803
Eswatini,SWZ,2014,68755.16146,109174.8155,16508.28121,69763.6833,127082.2803,169028.353
Eswatini,SWZ,2015,64836.11239,104212.809,16043.85256,64410.60295,121829.2983,165527.7113
Eswatini,SWZ,2016,61477.10597,100248.0892,15510.71872,59774.63624,117717.4064,162600.9537
Eswatini,SWZ,2017,58887.27747,96959.32887,15445.25922,56093.29253,114538.6026,160301.4683
Eswatini,SWZ,2018,56841.74852,94490.64962,14008.1878,53621.65241,112731.494,158977.0532
Eswatini,SWZ,2019,55758.84137,93141.0516,13007.56142,52331.44811,111747.0229,158318.0143
Ethiopia,ETH,1990,124333.5779,417556.3542,28849.69921,53174.00813,137965.2991,207749.9098
Ethiopia,ETH,1991,117306.1375,405435.6108,25308.43119,47165.25637,134127.3471,204645.8178
Ethiopia,ETH,1992,114206.8054,398485.3064,23985.99801,45923.56634,131939.7617,202632.9605
Ethiopia,ETH,1993,111566.2456,387907.7599,23469.49687,46189.82525,129902.4563,200557.135
Ethiopia,ETH,1994,109283.2734,376915.7245,23106.36576,46920.82958,128386.6302,198684.0607
Ethiopia,ETH,1995,106826.3177,364578.565,22730.28373,47610.46991,126870.5681,196617.3038
Ethiopia,ETH,1996,103646.1019,350808.6154,22249.65207,47394.64641,123799.1235,193175.4925
Ethiopia,ETH,1997,100519.4953,336773.153,21837.14182,47261.79002,121115.4822,190031.6825
Ethiopia,ETH,1998,97628.7539,324348.9988,21467.61578,47014.89809,118202.0872,186969.1466
Ethiopia,ETH,1999,98274.6322,316500.792,23456.40082,51188.87036,116494.7744,184754.9554
Ethiopia,ETH,2000,96088.24648,305313.561,23783.31701,51809.60799,113913.3387,181752.2103
Ethiopia,ETH,2001,87210.57201,285106.3854,20241.94311,44021.78563,107605.4056,176641.0208
Ethiopia,ETH,2002,83298.24108,271301.3079,19683.8784,42492.23429,103205.0026,172544.2162
Ethiopia,ETH,2003,79901.94106,259845.3293,19286.04297,40942.41369,99609.39872,168874.7378
Ethiopia,ETH,2004,76106.40593,247305.875,18634.69938,39118.82843,95934.47085,164972.465
Ethiopia,ETH,2005,72111.63865,234572.0053,17767.37029,37150.36462,91610.80351,160383.2744
Ethiopia,ETH,2006,68305.17686,223043.6834,16932.4502,35057.10944,87471.19919,155993.3088
Ethiopia,ETH,2007,64178.73558,210825.5515,16093.73954,32611.13884,82701.13732,151152.374
Ethiopia,ETH,2008,60306.15369,199220.1769,15255.554,30368.56313,78438.83496,146884.3476
Ethiopia,ETH,2009,56970.29771,188768.185,14541.74308,28607.04156,74830.98169,143559.1112
Ethiopia,ETH,2010,53537.7442,177741.3045,13669.48858,26843.90463,71417.70482,140943.4088
Ethiopia,ETH,2011,50427.11311,167172.4012,12827.09411,25391.57262,68850.41643,139110.8151
Ethiopia,ETH,2012,47747.84504,157406.3016,12124.35986,24350.1276,66847.81445,137527.3239
Ethiopia,ETH,2013,45426.56431,148437.7677,11599.38369,23567.67776,65242.01119,136050.9133
Ethiopia,ETH,2014,43334.00082,140039.3796,11269.58419,22870.54371,63876.92523,134504.0902
Ethiopia,ETH,2015,41463.91115,132268.3897,11052.35703,22293.9818,62522.9024,133230.377
Ethiopia,ETH,2016,39837.86078,124887.7061,10915.30484,21940.92129,61622.44574,132126.7074
Ethiopia,ETH,2017,38117.12332,117609.0732,10686.67926,21359.1585,60743.23447,131219.8757
Ethiopia,ETH,2018,36675.75256,111106.1172,10484.28698,20976.28722,59996.26286,130444.2575
Ethiopia,ETH,2019,35369.38183,105471.7009,10236.86341,20515.73035,59291.02562,129874.023
Europe & Central Asia (WB),,1990,36366.20003,52815.06976,7425.213503,20746.89771,58634.91894,122387.6438
Europe & Central Asia (WB),,1991,36470.99442,50735.66362,7408.295806,21116.99115,59022.61504,121605.5536
Europe & Central Asia (WB),,1992,37011.75952,49360.7503,7454.514165,21943.80186,60204.6963,121048.3131
Europe & Central Asia (WB),,1993,38232.67831,48609.09302,7499.546139,23138.99963,62985.48603,122476.6251
Europe & Central Asia (WB),,1994,38849.88939,47773.55726,7350.022027,23894.28642,64619.72064,122232.9494
Europe & Central Asia (WB),,1995,38628.83537,46659.24526,7328.998746,23984.16061,64043.40272,120848.5544
Europe & Central Asia (WB),,1996,37736.61509,45163.20635,7182.722738,23309.87614,62197.20637,118840.1934
Europe & Central Asia (WB),,1997,36911.45498,43691.6711,7083.262442,22561.47386,60217.66879,117069.8308
Europe & Central Asia (WB),,1998,36438.65848,41925.31409,7091.841384,22260.52112,58598.99926,115655.3195
Europe & Central Asia (WB),,1999,37024.3325,40594.98951,7360.243633,22891.67201,58824.52235,115676.1631
Europe & Central Asia (WB),,2000,36914.07653,38573.7193,7041.964925,22881.74097,58467.62471,114282.0249
Europe & Central Asia (WB),,2001,36790.40571,37065.8735,6881.592295,22740.59366,57998.37476,113066.7287
Europe & Central Asia (WB),,2002,36885.66082,35387.52113,6719.955098,22685.53055,58027.16925,113107.2952
Europe & Central Asia (WB),,2003,36895.51596,34063.30865,6595.10483,22659.03951,57744.55504,112573.8627
Europe & Central Asia (WB),,2004,36482.56625,32444.12583,6482.208225,22534.81384,56714.81121,109895.211
Europe & Central Asia (WB),,2005,36695.0989,30800.62169,6396.333744,22758.53036,56829.57556,109258.4865
Europe & Central Asia (WB),,2006,35755.70759,29463.60402,6271.688045,22017.68858,54564.52371,106757.0119
Europe & Central Asia (WB),,2007,35280.9612,28245.86526,6170.726379,21554.60579,53250.34812,105419.5959
Europe & Central Asia (WB),,2008,35047.72351,26955.24181,6050.945231,21209.31417,52516.52994,104825.9742
Europe & Central Asia (WB),,2009,34310.42591,25873.62018,5981.358674,20449.54006,50851.13263,103227.3505
Europe & Central Asia (WB),,2010,34049.97658,24638.13323,5932.803292,20129.65554,50135.52846,102390.2383
Europe & Central Asia (WB),,2011,33393.19791,23651.01022,5866.742361,19555.34985,48714.73446,100643.5864
Europe & Central Asia (WB),,2012,33132.33364,23243.4827,5819.678472,19247.51613,47986.87084,100110.0791
Europe & Central Asia (WB),,2013,32826.33742,22451.31913,5758.250808,19017.08824,47395.49565,99133.26731
Europe & Central Asia (WB),,2014,32727.75826,21822.18742,5743.487836,19000.24995,47175.77674,98279.16426
Europe & Central Asia (WB),,2015,32976.51238,20888.79285,5710.51845,19080.64538,47614.89928,99051.94053
Europe & Central Asia (WB),,2016,32709.59261,20078.46589,5680.42052,18872.36434,47134.51755,98055.39141
Europe & Central Asia (WB),,2017,32410.46121,18923.58512,5613.287162,18648.23061,46435.50863,96927.26443
Europe & Central Asia (WB),,2018,32532.98376,18322.79313,5599.846637,18740.22645,46232.2612,96727.15029
Europe & Central Asia (WB),,2019,32652.72287,17685.08472,5577.767104,18798.10796,46090.81772,96404.29943
European Region (WHO),,1990,36279.98145,52609.89395,7410.063203,20700.93172,58575.43697,122343.7384
European Region (WHO),,1991,36381.9826,50519.42006,7393.181933,21067.08651,58963.54002,121570.0953
European Region (WHO),,1992,36919.65226,49142.52327,7438.398128,21887.39171,60144.67696,121025.5026
European Region (WHO),,1993,38126.17646,48350.40755,7482.662566,23073.15058,62904.87474,122431.3339
European Region (WHO),,1994,38734.08105,47494.21385,7333.334272,23820.27422,64522.06321,122180.4972
European Region (WHO),,1995,38511.80627,46355.45994,7310.780379,23908.3182,63944.90494,120804.6371
European Region (WHO),,1996,37624.32222,44835.82535,7166.257622,23240.93397,62103.23193,118801.5773
European Region (WHO),,1997,36801.01707,43348.90442,7066.691792,22496.33134,60128.42102,117037.7394
European Region (WHO),,1998,36328.10371,41586.69293,7073.741203,22194.50346,58514.61475,115631.6282
European Region (WHO),,1999,36905.70312,40251.31835,7337.602396,22818.59393,58727.54616,115645.3484
European Region (WHO),,2000,36796.37556,38243.66075,7022.737081,22810.75342,58362.15744,114250.1903
European Region (WHO),,2001,36673.31828,36744.33914,6866.632526,22674.47515,57887.75329,113033.0506
European Region (WHO),,2002,36768.87631,35089.80395,6710.243277,22623.27078,57909.44522,113072.3274
European Region (WHO),,2003,36770.00918,33771.26652,6582.388733,22587.77128,57617.13282,112535.8075
European Region (WHO),,2004,36354.60225,32157.99896,6469.168332,22460.10948,56584.47912,109863.3139
European Region (WHO),,2005,36559.14222,30520.47153,6380.019869,22675.93882,56691.51856,109225.0226
European Region (WHO),,2006,35630.10872,29209.89351,6259.967888,21944.22749,54441.04086,106735.1294
European Region (WHO),,2007,35155.89069,27996.68198,6157.586288,21480.84035,53132.5404,105405.8379
European Region (WHO),,2008,34922.22584,26730.08455,6041.365726,21139.66405,52395.10278,104797.056
European Region (WHO),,2009,34189.24284,25662.04268,5972.061641,20385.60285,50739.22874,103196.4293
European Region (WHO),,2010,33923.59666,24421.23993,5918.971667,20061.15725,50023.94013,102355.8325
European Region (WHO),,2011,33271.25063,23442.31356,5853.18625,19490.09617,48613.09232,100620.9131
European Region (WHO),,2012,33011.0954,23040.56004,5805.945285,19183.16295,47889.13629,100090.2241
European Region (WHO),,2013,32704.74467,22251.42279,5744.572554,18952.87989,47300.38938,99109.43819
European Region (WHO),,2014,32616.42464,21652.5008,5741.937576,18949.37215,47084.16285,98257.47977
European Region (WHO),,2015,32851.0397,20703.76548,5698.668355,19013.38913,47517.04189,99017.34757
European Region (WHO),,2016,32585.82275,19910.84996,5669.105672,18807.40443,47039.7481,98007.62707
European Region (WHO),,2017,32288.39057,18758.08219,5602.009696,18585.81965,46346.8639,96871.54797
European Region (WHO),,2018,32409.01982,18155.83271,5588.582168,18676.41459,46144.82413,96666.96121
European Region (WHO),,2019,32525.92676,17515.60312,5565.823748,18732.59178,46003.78748,96339.15952
Fiji,FJI,1990,32361.39106,49153.81993,9745.614178,25149.61187,87028.3844,161092.8251
Fiji,FJI,1991,32401.15435,48818.19396,9773.569836,25021.08321,87371.18062,163641.3455
Fiji,FJI,1992,32206.2035,46758.92064,9700.909743,24873.87555,87509.44492,165870.649
Fiji,FJI,1993,32803.32618,48762.67599,10097.66034,24940.96802,88306.72834,168736.787
Fiji,FJI,1994,32882.04751,48999.08427,10112.83691,24633.59836,88848.6127,171247.5511
Fiji,FJI,1995,33089.76005,48806.72369,10285.7265,24544.66452,89405.57093,174045.3253
Fiji,FJI,1996,33572.45625,49623.66485,10535.53169,24644.81025,90215.7786,176718.1885
Fiji,FJI,1997,33994.50687,50331.39769,10944.92586,24674.47399,90652.79631,176515.0921
Fiji,FJI,1998,33389.92842,50930.77336,10762.05689,23927.0397,87393.41293,172817.0243
Fiji,FJI,1999,34687.02653,51196.7687,11112.91291,24910.1511,90534.70999,178943.9628
Fiji,FJI,2000,35265.35147,51206.05043,11277.25376,25209.3197,91121.37811,182322.9309
Fiji,FJI,2001,34739.37183,52093.60357,11229.98939,24449.95697,88155.53945,176595.765
Fiji,FJI,2002,34384.29334,52336.9936,10755.32972,23990.49524,86096.8733,172655.6495
Fiji,FJI,2003,34863.37695,53262.20109,10336.60916,24156.99529,86896.45411,172674.0983
Fiji,FJI,2004,34436.66182,54395.10944,9870.446704,23746.849,84154.0195,163434.2145
Fiji,FJI,2005,34753.89578,53242.41868,9402.682271,23983.95181,85482.31935,159210.9105
Fiji,FJI,2006,35127.44158,52884.70047,9408.159079,23945.69017,86452.77229,157728.4675
Fiji,FJI,2007,35434.13285,52140.89891,9284.126881,23910.46119,86852.18862,158702.0193
Fiji,FJI,2008,35698.35478,51314.54252,9035.616364,23894.29033,87102.74695,159121.5199
Fiji,FJI,2009,35217.66076,50350.51438,8830.575983,23329.2381,84779.87952,155988.6819
Fiji,FJI,2010,35213.52848,49319.25399,8476.717772,23086.87707,84144.0514,157613.9449
Fiji,FJI,2011,35346.93472,48373.39396,8378.168351,23043.47903,83385.69705,159725.8024
Fiji,FJI,2012,35638.8881,47457.82078,8779.303804,23195.12327,82889.79004,159471.5746
Fiji,FJI,2013,35590.71993,45912.71288,8751.35105,23080.47213,82358.91234,158802.3237
Fiji,FJI,2014,35651.63272,44864.92111,8593.442491,23051.14844,82284.09021,157954.0976
Fiji,FJI,2015,35783.14217,44434.00841,8593.710251,23036.85502,82120.66038,157402.4602
Fiji,FJI,2016,36230.59868,44471.81779,9094.411558,23373.54363,82059.12525,156847.6492
Fiji,FJI,2017,35983.54184,43115.21917,8792.216943,23094.13779,81650.85814,155660.0997
Fiji,FJI,2018,36059.96587,42494.75521,8817.925099,23113.75074,81558.25851,155146.1008
Fiji,FJI,2019,36089.98816,41953.7223,8748.952181,23066.32053,81504.31808,154554.5715
Finland,FIN,1990,33324.54068,14892.32057,5890.847669,20740.55281,51600.73805,116000.3702
Finland,FIN,1991,32979.91701,14636.60737,5816.092527,20592.95235,50162.36989,113996.2514
Finland,FIN,1992,32693.4004,13495.49671,5763.896453,20303.07123,49515.77581,113937.6879
Finland,FIN,1993,32281.9314,12315.67164,5690.495085,19946.78673,48500.57928,112884.217
Finland,FIN,1994,31622.92186,11916.34975,5625.984637,19760.25338,46910.44972,108984.2567
Finland,FIN,1995,31615.30479,11125.96529,5636.603265,19723.07672,46273.00961,108215.9876
Finland,FIN,1996,31497.16307,10607.4162,5678.300819,19593.60899,45203.97868,107105.8231
Finland,FIN,1997,31512.71424,10541.85034,5582.07364,19453.13229,44580.68941,106320.1155
Finland,FIN,1998,31437.6495,10399.97536,5400.151312,19261.51693,43999.7435,104799.4382
Finland,FIN,1999,31350.14904,10160.34772,5373.530666,19178.379,43256.68922,103099.113
Finland,FIN,2000,31269.03228,9850.019353,5315.424014,19113.50824,42505.8569,101743.235
Finland,FIN,2001,31019.83723,9376.53758,5269.208678,18847.46916,41773.93894,100183.1632
Finland,FIN,2002,30941.22567,9176.410276,5312.396993,18571.78585,41339.54476,99475.86262
Finland,FIN,2003,30884.55721,9498.919726,5383.855138,18373.47373,41354.51182,97733.85409
Finland,FIN,2004,30890.99428,9686.735628,5471.204835,18361.69265,41673.94374,94973.55433
Finland,FIN,2005,30772.91214,9373.026014,5406.401501,18129.94749,41711.17506,92925.41914
Finland,FIN,2006,30589.03638,8704.646011,5307.317683,17933.98347,41339.91216,91399.8393
Finland,FIN,2007,30643.80357,8576.232409,5252.167563,17901.82986,41225.9121,90461.64977
Finland,FIN,2008,30497.12637,8303.975191,5158.943497,17711.53293,40879.82042,89134.41107
Finland,FIN,2009,30410.0914,7962.374599,5063.998085,17554.47076,40427.89034,88427.22507
Finland,FIN,2010,30311.81304,7661.666384,5018.869945,17229.81672,40257.65681,88256.06082
Finland,FIN,2011,30074.85393,7526.88759,5008.241271,16859.8054,39738.16355,86690.62371
Finland,FIN,2012,29926.43571,7330.209577,4962.670574,16647.02933,39214.13117,86748.53463
Finland,FIN,2013,29742.0596,6593.641023,4856.524204,16376.91583,38736.72308,86285.41018
Finland,FIN,2014,29553.93472,6764.871707,4845.114705,16031.0935,38214.49764,85573.6448
Finland,FIN,2015,29377.85496,6142.946488,4812.618729,15755.3636,37811.51535,84086.84954
Finland,FIN,2016,29544.84967,6215.903903,4884.515346,15737.31033,37647.42139,83076.86222
Finland,FIN,2017,29773.50335,6164.940706,4910.889703,15778.62921,37527.41042,82324.95481
Finland,FIN,2018,29953.20686,6139.057198,4878.94505,15827.88031,37109.42853,81909.28048
Finland,FIN,2019,30195.20841,6142.249065,4890.871162,15863.40804,37017.45188,81610.26202
France,FRA,1990,29989.25616,17860.55158,5927.494541,18896.3779,45466.95604,102491.6761
France,FRA,1991,29874.09872,17583.4872,5886.018559,19086.42956,44767.27965,100945.0697
France,FRA,1992,29689.0413,16478.36473,5796.916915,19184.36207,44291.43925,98803.42499
France,FRA,1993,29617.97211,15429.71534,5737.385344,19259.71555,44087.34225,97149.3804
France,FRA,1994,29401.01298,14472.66337,5703.485533,19248.64675,43640.26664,94879.92909
France,FRA,1995,29277.75806,13437.04885,5618.870148,19132.68933,43248.24576,93945.96563
France,FRA,1996,29132.23379,13001.49984,5550.373425,18804.65287,42865.84929,93286.64886
France,FRA,1997,28824.71994,12770.24906,5509.180289,18418.83751,42106.03259,91779.36146
France,FRA,1998,28960.52256,12433.10669,5519.046733,18392.72937,41975.71568,91484.3191
France,FRA,1999,28901.27274,12205.93727,5520.861922,18299.17876,41396.13295,90431.92254
France,FRA,2000,28686.14994,12367.95045,5507.813471,18155.80667,40625.03874,88515.45867
France,FRA,2001,28604.04517,12206.49914,5485.740049,18094.03124,40111.8261,87284.44094
France,FRA,2002,28511.76267,11525.63394,5435.002713,17921.57419,39700.08484,86711.14746
France,FRA,2003,28401.56059,11218.38984,5371.034305,17699.80263,39337.23542,86049.12185
France,FRA,2004,27765.58324,10813.6003,5271.186289,17364.9331,38309.07465,82829.99841
France,FRA,2005,27620.48518,10438.93853,5216.911954,17199.58106,38047.69448,81721.57909
France,FRA,2006,27415.97969,10388.01363,5186.058285,16980.07882,37752.38461,80326.31083
France,FRA,2007,27252.69595,10191.3599,5138.297876,16778.95446,37451.83078,79367.61619
France,FRA,2008,27250.03795,10172.97277,5112.810268,16658.77456,37281.24645,79136.87385
France,FRA,2009,27256.59728,10054.64318,5111.377681,16578.46462,37253.75666,78692.9438
France,FRA,2010,27150.56903,9950.724093,5098.902029,16433.81005,37101.92281,77917.76264
France,FRA,2011,27012.43432,9577.427094,5066.843443,16238.96364,36905.78684,77334.44394
France,FRA,2012,26953.05128,9552.395674,5041.119223,15964.52692,36686.52681,77492.33453
France,FRA,2013,26820.8298,9603.40462,5039.862203,15732.15299,36366.57389,77019.78818
France,FRA,2014,26630.66637,9443.267136,5020.967663,15540.00761,35944.46435,76165.19789
France,FRA,2015,26899.52808,9531.430151,5043.14831,15517.98155,36081.47639,76809.35281
France,FRA,2016,26686.04049,9407.017822,5027.916897,15306.00846,35467.6071,75717.34341
France,FRA,2017,26862.17754,9036.588137,5018.514671,15288.24383,35445.37382,75755.35475
France,FRA,2018,26998.73809,8876.603336,5054.689432,15370.52647,34961.45504,75760.8989
France,FRA,2019,27289.19711,8777.912734,5094.764393,15469.41229,34946.57697,75832.82842
G20,,1990,41626.74494,128246.4381,12876.43267,22256.37045,62856.69407,130421.662
G20,,1991,41072.07493,124211.6273,12937.73522,22228.03007,62462.28648,129469.07
G20,,1992,40560.32248,120627.8818,12795.18674,22286.25946,62293.60148,128466.5222
G20,,1993,40024.30856,116726.5782,12543.70209,22324.16807,62387.6575,128051.5852
G20,,1994,39437.43882,113383.9146,12095.89642,22485.1399,61946.49081,126379.0184
G20,,1995,38738.11354,110571.0167,11845.25042,22431.80549,60774.94979,124662.2969
G20,,1996,37973.05928,107034.9755,11551.27622,22200.7902,59875.95202,123261.928
G20,,1997,37490.93523,103846.1545,11425.95899,22127.87633,59195.24384,122454.7611
G20,,1998,37088.88551,100656.7007,11356.32272,22196.85965,58248.53456,121605.6154
G20,,1999,36790.66937,97191.23367,11168.89484,22416.71058,57382.31492,120995.8199
G20,,2000,36416.79612,93632.24053,10991.72732,22413.34572,56791.81643,120438.4918
G20,,2001,36003.12386,90071.7276,10868.05054,22252.5263,56101.37265,119831.1678
G20,,2002,35568.1619,87049.69343,10289.1487,21981.16572,55760.30824,119353.8545
G20,,2003,35154.152,84135.12142,9902.681288,21717.89879,55279.14258,118277.3283
G20,,2004,34970.17665,81841.28865,10235.4233,21823.39895,54151.27938,116144.423
G20,,2005,34532.68022,78543.97464,10014.72659,21513.96626,53390.63517,115348.904
G20,,2006,33972.54501,75420.0049,9804.415059,21213.75434,52227.07705,113193.5993
G20,,2007,33508.86557,72420.80918,9551.887691,20905.39772,51502.84353,111585.4431
G20,,2008,33339.6006,69638.36612,9493.69976,20852.81561,51125.96892,111030.676
G20,,2009,32755.59564,66427.22974,9283.772654,20428.21232,50282.6386,109320.0039
G20,,2010,32463.12103,63382.37107,9122.354104,20251.36344,49992.72299,108221.549
G20,,2011,32133.52123,60672.42511,8994.454366,19957.75967,49596.39992,107253.8428
G20,,2012,31747.90363,58189.09472,8764.434201,19588.71241,49116.97759,106134.9627
G20,,2013,31419.62731,55803.94779,8346.463413,19364.8948,48335.99866,105670.7789
G20,,2014,31040.671,52586.6097,8052.02631,19062.15285,47824.21971,104805.0846
G20,,2015,30890.21063,50018.05161,7934.786574,18840.93571,47844.93928,103906.6869
G20,,2016,30672.5281,45817.05901,7718.666879,18774.23337,47556.24414,103307.31
G20,,2017,30503.17776,42656.76465,7584.404168,18743.58595,46955.30578,102371.9094
G20,,2018,30554.08557,40517.27472,7622.852401,18819.36495,46527.36975,102058.7223
G20,,2019,30596.04099,38627.85262,7550.522528,18788.80787,46302.01472,101571.5884
Gabon,GAB,1990,62343.68786,175786.3557,15636.42268,31978.509,96663.84836,164818.5764
Gabon,GAB,1991,61357.55168,170198.4563,15539.78361,32693.15153,95476.83449,163367.6669
Gabon,GAB,1992,60172.55874,165882.8771,15164.90026,32587.77449,94530.05177,162281.4745
Gabon,GAB,1993,59804.70047,161987.0937,15032.53748,33665.39091,95065.42566,162075.6082
Gabon,GAB,1994,59429.27536,158099.9504,14724.63274,34700.25407,96247.18274,162314.8492
Gabon,GAB,1995,58917.22066,153688.4556,14342.71911,35695.09383,97469.41127,163011.89
Gabon,GAB,1996,59075.32588,150002.1011,14211.04697,37617.66003,99428.99728,163576.9898
Gabon,GAB,1997,58079.53217,146081.4214,13909.80561,37963.68079,98227.3652,162117.4061
Gabon,GAB,1998,57772.39693,143037.1158,13703.73404,39018.98811,98606.75371,161782.5144
Gabon,GAB,1999,57871.55992,141118.4497,13624.40409,40437.46735,99879.79694,162083.2897
Gabon,GAB,2000,57941.36075,139199.9557,13556.34648,41717.77321,101575.8087,162515.0269
Gabon,GAB,2001,57571.16232,135939.3732,13463.79493,42305.06716,101618.9659,162408.9421
Gabon,GAB,2002,56634.09403,132682.6791,13438.53269,42202.5288,99401.8629,160058.1616
Gabon,GAB,2003,56038.15075,129590.8194,13340.89658,42316.65998,99046.19833,160057.9481
Gabon,GAB,2004,54840.0713,126630.1798,13264.04997,41435.68884,97230.12773,159132.6592
Gabon,GAB,2005,52493.65811,123621.1314,13143.219,38827.49785,92728.07499,156021.5383
Gabon,GAB,2006,51027.42955,120739.2374,13041.30621,37438.29036,90510.5633,154572.7919
Gabon,GAB,2007,49906.00797,116268.0943,12849.55907,37110.49365,88922.60837,152539.5987
Gabon,GAB,2008,49152.98278,111649.1019,12697.41278,37094.83884,88924.63387,152173.4702
Gabon,GAB,2009,47710.87051,107513.0146,12448.00148,35991.67219,86955.94525,150372.1559
Gabon,GAB,2010,46243.41053,103279.8569,12225.78858,34927.08382,84399.96021,148393.7587
Gabon,GAB,2011,45021.4594,97528.93188,11995.13625,34293.74607,83695.57685,147836.7205
Gabon,GAB,2012,42976.92148,89774.24491,11619.91837,32836.92725,81990.76827,146042.0011
Gabon,GAB,2013,41081.84588,83283.1486,11433.45136,31305.19354,79865.89367,144308.4302
Gabon,GAB,2014,39729.44282,78630.4174,11385.14848,30166.97912,78057.79287,143515.5736
Gabon,GAB,2015,38808.51967,74525.20742,11106.51116,29605.18875,77129.45734,143404.302
Gabon,GAB,2016,37990.2415,70852.76748,10878.52673,28987.67769,76730.28989,143103.2782
Gabon,GAB,2017,37064.46426,67287.63508,10588.39755,28181.62709,76096.29891,142875.6952
Gabon,GAB,2018,36247.04677,64024.14046,10347.20694,27524.47628,75235.4674,142352.0985
Gabon,GAB,2019,35605.52972,61305.58054,10134.48028,27044.66104,74585.64815,142288.6199
Gambia,GMB,1990,72752.90231,248344.0168,16871.63806,26575.79556,80061.44063,153242.2383
Gambia,GMB,1991,71545.30728,244536.7462,16748.92495,26534.61088,79693.78144,152984.1517
Gambia,GMB,1992,70907.5262,240795.051,16886.53789,27391.14318,80000.74945,152967.5189
Gambia,GMB,1993,69195.29358,236194.9538,16485.8435,26625.70722,79170.676,152278.0478
Gambia,GMB,1994,68307.56501,231841.0918,16455.16131,27000.88951,79589.18552,152380.9037
Gambia,GMB,1995,67252.42567,226764.2308,16326.93237,27247.6288,80085.861,152425.4587
Gambia,GMB,1996,66329.78427,221693.1496,16241.66662,27653.2795,80677.39233,152481.9587
Gambia,GMB,1997,66922.46032,222243.0459,16722.77743,28542.98819,81953.71255,153283.7413
Gambia,GMB,1998,64596.53071,210900.7533,16107.02579,28649.70389,81963.30525,152563.0403
Gambia,GMB,1999,63860.14029,204626.8254,16281.9809,29379.23987,82490.20693,152378.9036
Gambia,GMB,2000,62650.55509,197279.3875,15955.47462,29738.52916,82646.14314,151828.7352
Gambia,GMB,2001,61431.55153,189390.3993,15828.21729,30129.19032,83050.03141,151374.3664
Gambia,GMB,2002,60297.96204,181599.6723,15702.05201,30593.39534,83604.26346,151173.0785
Gambia,GMB,2003,59002.41629,173582.5372,15537.30742,30908.04947,83946.71357,150843.7273
Gambia,GMB,2004,57486.55694,165125.8601,15340.27212,31116.12656,84039.67455,150393.3816
Gambia,GMB,2005,56010.27751,157715.5761,15172.00889,31123.06404,83865.12887,149915.7988
Gambia,GMB,2006,54300.64139,149957.4113,14936.31883,30934.74954,83384.22437,149355.2037
Gambia,GMB,2007,52925.2148,143293.6426,14775.46924,31032.41541,83045.48861,148935.0694
Gambia,GMB,2008,51152.03708,136263.2939,14484.55983,30620.39437,82266.52001,148282.2168
Gambia,GMB,2009,49450.72991,129653.6717,14219.84822,30225.7694,81454.68976,147686.1772
Gambia,GMB,2010,47668.73587,123337.2888,13933.71634,29611.8277,80386.28151,147059.3406
Gambia,GMB,2011,45900.30278,117774.5092,13662.58785,28728.75172,79246.16322,146797.3219
Gambia,GMB,2012,44387.19145,112651.3241,13375.77536,28177.54555,78469.08343,146369.6005
Gambia,GMB,2013,43100.41223,107687.8664,13139.85077,27924.62809,78065.7856,146201.7893
Gambia,GMB,2014,41838.80161,102394.7745,12779.56861,27820.54678,77895.32613,146323.1902
Gambia,GMB,2015,40373.285,96309.61011,12413.10931,27520.88817,77535.74939,146442.0459
Gambia,GMB,2016,39071.67903,91207.11141,12088.78185,27164.1803,77001.87033,146508.3566
Gambia,GMB,2017,37796.27577,86226.20976,11834.31667,26698.97053,76424.74043,146883.9325
Gambia,GMB,2018,36596.78699,81692.05023,11557.53054,26198.24983,75768.48397,146874.3151
Gambia,GMB,2019,35499.12919,77940.17993,11171.98191,25641.51984,74936.25561,146430.5111
Georgia,GEO,1990,39532.59969,69333.49584,8334.559068,21332.30433,66497.29361,141035.2549
Georgia,GEO,1991,39827.92025,66502.91551,8419.32477,21990.81864,67043.39229,141593.0138
Georgia,GEO,1992,40924.30788,65827.81165,8964.858535,23968.70064,67511.03774,142138.1782
Georgia,GEO,1993,41275.697,67504.5452,9499.470888,25293.68754,66479.70839,139490.3385
Georgia,GEO,1994,39060.26916,64038.74664,7678.39723,22481.27701,66380.42481,137903.5965
Georgia,GEO,1995,37002.83285,63500.62706,7362.739144,21385.97641,63268.87343,125724.5316
Georgia,GEO,1996,35621.30139,63571.47621,6758.122764,20228.22758,61704.48066,118445.6422
Georgia,GEO,1997,36113.37604,63893.98827,6776.188039,20140.14685,62272.86248,121615.1176
Georgia,GEO,1998,37047.44058,63627.19737,6862.148326,20439.72575,63068.97388,126198.761
Georgia,GEO,1999,37442.25273,62172.0167,6571.683063,20131.33747,63193.03271,129590.2815
Georgia,GEO,2000,37934.46894,60458.62353,6396.368021,20227.58168,63141.7418,132028.1426
Georgia,GEO,2001,38323.69038,58318.77639,6643.540049,20681.5008,62595.74737,130679.2941
Georgia,GEO,2002,39637.34455,56281.83777,6783.817376,21213.13441,64421.30854,135890.0861
Georgia,GEO,2003,39742.56204,53411.99651,6299.404825,20436.60419,64509.46979,139649.392
Georgia,GEO,2004,40152.97741,50932.82217,6244.893495,20751.36902,64245.6533,141466.7036
Georgia,GEO,2005,39891.20345,47935.90099,6287.704838,21198.4993,62696.18095,137710.4823
Georgia,GEO,2006,39597.27362,43529.46955,6378.176608,21503.70724,61666.63575,133102.9617
Georgia,GEO,2007,39254.96368,40895.36732,6460.712601,21689.59615,61168.32417,126112.017
Georgia,GEO,2008,40700.69324,40375.20344,7224.877396,23450.79077,61728.65272,124573.6888
Georgia,GEO,2009,40606.55137,37097.01583,6621.736203,22508.54375,61232.11219,127043.853
Georgia,GEO,2010,40706.75594,34465.09122,6557.358106,21625.74044,60491.43637,130860.1141
Georgia,GEO,2011,40558.5347,32487.69227,6395.573161,20831.55964,59981.95883,131861.8535
Georgia,GEO,2012,40247.26061,30975.14067,6375.390984,20653.98849,59168.15744,130288.9086
Georgia,GEO,2013,39466.74603,28916.43705,6371.185229,20230.53344,58091.7551,128353.196
Georgia,GEO,2014,39120.33755,27056.45632,6380.056593,19962.75453,57789.60098,128861.1275
Georgia,GEO,2015,39091.14043,25440.2947,6277.387332,19889.04965,58096.29216,130044.9188
Georgia,GEO,2016,39655.54432,24175.84512,5994.990179,20241.86865,59532.47619,132030.7345
Georgia,GEO,2017,39702.3855,22886.53855,5866.422183,20397.51484,59835.88102,131865.7015
Georgia,GEO,2018,39628.70253,21708.16995,5900.678554,20546.06294,59837.30641,130705.3353
Georgia,GEO,2019,39519.88598,20690.82045,5809.326496,20662.42867,59753.39698,129170.8109
Germany,DEU,1990,34816.17769,17504.35898,6018.470585,18393.51281,49765.13737,120467.3219
Germany,DEU,1991,34512.35931,16010.54654,5919.861274,18481.33035,49293.75641,117215.6651
Germany,DEU,1992,33971.98931,14830.03957,5809.511562,18371.30583,48609.01175,114111.942
Germany,DEU,1993,33758.42065,14220.73864,5752.539343,18272.29514,48353.18738,112873.0399
Germany,DEU,1994,33536.30097,13713.63638,5677.074671,18182.8959,48091.85677,111308.799
Germany,DEU,1995,33334.76454,13505.54203,5598.14889,18112.2293,47995.31932,109676.0477
Germany,DEU,1996,33065.8665,13311.68042,5532.919894,18015.88783,47607.67815,107808.2869
Germany,DEU,1997,32587.80718,13060.50726,5499.154633,17797.92263,46619.98676,105294.3323
Germany,DEU,1998,32189.07867,12439.82876,5515.159916,17581.36091,45573.39956,103266.9808
Germany,DEU,1999,32032.14884,12021.05778,5548.907856,17485.21483,44854.34347,101898.2607
Germany,DEU,2000,31877.79918,11589.84596,5547.858896,17401.74499,44200.22663,100300.5268
Germany,DEU,2001,31666.32272,11256.56161,5528.278616,17240.81076,43517.81276,98905.15895
Germany,DEU,2002,31718.99439,11066.7264,5511.795462,17164.2611,43126.87183,98847.49809
Germany,DEU,2003,31746.62912,11013.20655,5498.871764,17081.74176,42852.95178,98331.47708
Germany,DEU,2004,31432.06638,10834.50396,5432.268146,16872.69233,42107.04617,95574.99503
Germany,DEU,2005,31337.81628,10519.46551,5410.974409,16693.08905,41537.38599,93859.2537
Germany,DEU,2006,31236.65784,10319.73119,5357.408833,16554.99372,40920.4696,91985.6381
Germany,DEU,2007,31272.85846,10362.80655,5324.667934,16461.19563,40491.89921,90584.8571
Germany,DEU,2008,31403.79114,9926.050327,5313.427563,16400.82761,40192.0091,89558.56637
Germany,DEU,2009,31588.16747,9724.837728,5307.909001,16354.12008,39916.72191,88611.50825
Germany,DEU,2010,31601.35906,9518.989106,5298.952127,16257.18283,39392.86827,87311.73383
Germany,DEU,2011,31523.74051,9390.654433,5290.500338,16086.01202,38825.26035,86255.04774
Germany,DEU,2012,31561.72195,9013.759891,5231.870144,15877.12471,38391.52054,86682.461
Germany,DEU,2013,31773.25064,8996.463776,5189.190675,15732.30928,38300.09293,87439.57324
Germany,DEU,2014,31653.7349,8947.534686,5149.091021,15540.91273,37823.54393,87155.93672
Germany,DEU,2015,32043.32532,9068.024726,5131.925814,15505.08961,38090.42888,89410.12687
Germany,DEU,2016,32035.92829,9257.748846,5145.492524,15388.70573,37871.90789,90036.41573
Germany,DEU,2017,31934.17062,8601.597139,5135.290667,15339.21596,37718.62154,89866.32585
Germany,DEU,2018,31984.90685,8282.556507,5137.729049,15302.42442,37644.14424,90143.07647
Germany,DEU,2019,32162.20496,8015.8061,5151.048648,15320.16789,37561.06816,90700.42036
Ghana,GHA,1990,70505.43799,247855.677,16417.40899,29243.50666,81508.07089,155236.7858
Ghana,GHA,1991,68713.21076,239946.553,16212.92822,29545.8344,81261.97059,154350.4187
Ghana,GHA,1992,67413.43742,234145.3156,16071.47285,29927.61627,81132.4335,153562.2581
Ghana,GHA,1993,66114.22142,229059.0461,15773.12555,30143.53346,80348.99875,151947.3895
Ghana,GHA,1994,65948.36011,224605.4995,15743.81721,32019.58507,80753.63995,151422.5475
Ghana,GHA,1995,64580.52942,219643.722,15589.77541,31487.78142,80830.72363,151095.8805
Ghana,GHA,1996,64021.97954,215737.7804,15522.4447,32103.79688,81509.16908,151107.1912
Ghana,GHA,1997,64295.75531,214391.8319,15848.95668,33111.00738,83111.87187,152236.8217
Ghana,GHA,1998,62986.57107,207001.2855,15495.88794,33476.57964,83260.92755,151660.1938
Ghana,GHA,1999,62473.56144,202412.1829,15506.22094,34105.39016,84195.9039,152144.693
Ghana,GHA,2000,62079.57358,198788.9961,15541.40234,34615.30431,84947.76132,152512.2146
Ghana,GHA,2001,61851.71111,195682.5874,15653.9028,35202.49273,85861.74864,153049.7567
Ghana,GHA,2002,61233.57238,191968.8286,15633.1427,35320.47434,86264.21433,153209.4799
Ghana,GHA,2003,60520.78592,188552.3953,15568.2744,35250.24024,86205.65025,152936.1846
Ghana,GHA,2004,59683.50882,184873.2128,15505.03404,35045.3874,85891.74048,152545.8168
Ghana,GHA,2005,58795.78161,181177.166,15456.99164,34736.45287,85525.25746,152170.9852
Ghana,GHA,2006,57772.35256,176704.6022,15414.73087,34376.87981,85087.84996,151776.215
Ghana,GHA,2007,56587.42436,171598.3936,15386.88781,33872.21001,84646.11913,151473.7195
Ghana,GHA,2008,54972.0176,164563.6033,15237.5233,33215.52972,83900.46999,150927.1583
Ghana,GHA,2009,53462.64643,158584.7133,15053.01272,32498.67211,83137.04386,150380.9098
Ghana,GHA,2010,51821.5871,152016.4998,14772.25424,31788.21741,82283.81554,149651.2723
Ghana,GHA,2011,49851.49024,144952.1776,14400.32961,30789.80828,80565.21931,148108.8951
Ghana,GHA,2012,48013.97401,138217.9793,14085.8176,29899.14141,79006.99815,146341.7437
Ghana,GHA,2013,46637.56931,132972.9407,13768.64135,29423.33259,77719.26361,144690.81
Ghana,GHA,2014,45407.23732,128509.5783,13377.0918,28988.23127,76606.82933,143119.5048
Ghana,GHA,2015,44472.9754,125649.4214,13173.6851,28540.02715,75588.46255,141965.1846
Ghana,GHA,2016,43323.1649,121616.169,12810.19761,28046.19552,74442.99758,140567.679
Ghana,GHA,2017,42116.37676,117148.1455,12411.61221,27499.24506,73305.48429,139448.7117
Ghana,GHA,2018,40289.35342,108904.6316,11884.43394,26725.8615,71941.81915,138303.8002
Ghana,GHA,2019,38957.91764,103327.7946,11453.18846,26058.29351,70749.47118,137240.8518
Greece,GRC,1990,29355.94997,19597.02817,5736.51873,16346.36979,41489.09155,110523.0552
Greece,GRC,1991,29474.83437,18610.60799,5598.901934,16498.11499,41494.08533,110342.1036
Greece,GRC,1992,29537.4102,17826.93417,5621.064736,16471.50333,41712.35524,110338.0318
Greece,GRC,1993,29407.51877,17551.08412,5648.722586,16425.57385,41581.08274,108673.0647
Greece,GRC,1994,29442.31822,17192.27492,5616.022454,16482.88235,41483.47784,107642.5465
Greece,GRC,1995,29514.80211,16762.87074,5618.837823,16532.39449,41295.43886,106895.7894
Greece,GRC,1996,29539.09546,16002.84248,5640.012848,16547.79469,41012.34249,105842.8716
Greece,GRC,1997,29475.67709,15385.61118,5585.503225,16540.50798,40371.47812,104717.3336
Greece,GRC,1998,29598.23211,15090.18551,5402.315387,16540.06594,40139.3773,104706.9674
Greece,GRC,1999,29788.78359,14382.31512,5377.871391,16632.29575,40123.56464,104304.4377
Greece,GRC,2000,29726.03559,13308.95724,5308.738183,16577.41419,39831.26177,102877.6625
Greece,GRC,2001,29581.63425,12567.16129,5303.995665,16453.37384,39380.08233,100811.7399
Greece,GRC,2002,29513.53089,12339.82675,5273.130569,16352.85338,38843.83629,99409.71491
Greece,GRC,2003,29566.71676,11240.19428,5218.053892,16380.23937,38651.21035,97970.59986
Greece,GRC,2004,29655.60704,11091.29492,5295.808444,16487.35401,38417.48398,95971.41516
Greece,GRC,2005,29694.78811,10699.12263,5417.030931,16582.22535,38029.076,94010.4411
Greece,GRC,2006,29638.69706,10300.20605,5200.34761,16495.64854,37648.96623,92405.70743
Greece,GRC,2007,30127.16371,10084.91655,5177.44547,16724.43408,37844.30955,92805.03817
Greece,GRC,2008,29931.08521,9388.194333,5137.830333,16627.16937,37244.65284,91098.32135
Greece,GRC,2009,30006.64556,9669.281304,5182.922472,16683.7306,37101.88957,89661.444
Greece,GRC,2010,29965.47666,9869.415917,5173.59058,16520.91576,36930.29334,88091.07544
Greece,GRC,2011,30246.47279,9299.556839,5158.157752,16373.90189,37234.3272,88079.62403
Greece,GRC,2012,30565.21626,8853.265238,5072.169538,16220.90454,37535.23804,88800.30724
Greece,GRC,2013,30445.80685,9368.016441,5021.617854,15941.45027,37324.71634,87531.71745
Greece,GRC,2014,30546.01799,9965.344913,4997.684255,15825.58546,37135.44823,86891.30149
Greece,GRC,2015,31137.28062,11331.28901,5397.182097,15950.561,37254.12769,87614.11597
Greece,GRC,2016,31460.24796,11447.81608,5248.174903,15912.52876,37278.57325,87879.96112
Greece,GRC,2017,31674.7389,9920.448815,5068.887584,15831.71128,37253.99743,88163.27133
Greece,GRC,2018,32326.74709,9514.463007,5098.581946,16038.64248,36992.39136,90598.49585
Greece,GRC,2019,32727.24436,9033.769242,5114.039646,16164.08407,36880.96653,91826.62488
Greenland,GRL,1990,41937.14054,68147.87725,8878.353103,32814.29769,86542.54974,161181.7403
Greenland,GRL,1991,41784.66499,65365.59956,8787.282964,32876.38756,85813.27256,159848.1505
Greenland,GRL,1992,41494.3348,60533.528,8664.461655,33095.76429,85026.77856,158084.6534
Greenland,GRL,1993,42187.02928,56827.86991,10247.66479,33411.10253,85381.81666,172745.1382
Greenland,GRL,1994,41882.25698,53483.45347,10406.93916,33418.12247,84821.98502,174499.5279
Greenland,GRL,1995,41569.70674,50039.17715,10256.91843,33532.56945,84312.74306,173704.484
Greenland,GRL,1996,41013.48822,47001.79987,10079.36146,33242.31531,83173.7942,171412.3892
Greenland,GRL,1997,40467.71412,43646.71627,9847.24635,32949.21794,81847.22529,169447.4589
Greenland,GRL,1998,39788.31287,40598.27267,9565.951572,32530.24618,80808.21692,166011.8409
Greenland,GRL,1999,39334.12055,38360.13219,9353.670766,32283.81735,80000.30489,163278.7636
Greenland,GRL,2000,38826.07983,36407.21167,9094.999344,31969.38858,78805.47,159199.3031
Greenland,GRL,2001,38415.34623,34998.62013,8851.265662,31465.86137,77301.36986,155907.081
Greenland,GRL,2002,38217.67928,33754.03662,8661.109577,31241.29325,76445.90807,153874.5389
Greenland,GRL,2003,37699.48555,32553.30203,8273.073374,30935.7521,74947.40686,146515.1841
Greenland,GRL,2004,36693.40796,31005.04456,6775.424024,30660.8975,72686.8911,131233.8232
Greenland,GRL,2005,36554.3053,29711.91269,6679.075089,30315.53109,71661.74835,130483.9424
Greenland,GRL,2006,36491.19126,28332.57233,6597.078866,29938.23772,70929.52301,129623.8713
Greenland,GRL,2007,36429.9455,27165.33804,6491.653626,29590.77861,70046.19373,128496.0127
Greenland,GRL,2008,36398.08751,26303.27734,6399.381988,29213.80865,69089.18128,127090.1742
Greenland,GRL,2009,36349.60623,25285.77007,6293.378982,28823.04317,68021.90293,126129.8669
Greenland,GRL,2010,36228.49942,24329.89433,6208.370212,28337.81503,67076.40244,125550.5737
Greenland,GRL,2011,36024.6989,23630.46586,6205.774709,27703.38478,65787.74667,124123.5016
Greenland,GRL,2012,35716.91966,22970.27355,6025.307268,26958.89315,64396.37799,122824.2971
Greenland,GRL,2013,35666.92221,22937.43996,5963.698748,26421.74524,63267.03627,121231.0972
Greenland,GRL,2014,35593.40917,22820.55427,5903.423955,25931.55314,62132.71035,120016.1674
Greenland,GRL,2015,35459.15816,22968.47237,5848.825781,25336.80547,60818.0404,118663.9977
Greenland,GRL,2016,35603.38514,22001.59532,5794.304016,25037.60577,60434.16801,118609.6738
Greenland,GRL,2017,35689.23344,20901.45392,5743.922326,24709.36667,59997.69268,118363.5937
Greenland,GRL,2018,35770.40922,19897.58965,5688.18457,24384.01943,59745.48329,118309.7213
Greenland,GRL,2019,35795.96416,19192.59447,5629.157717,24044.6154,59513.79647,118323.1177
Grenada,GRD,1990,34269.30827,46890.04276,8559.721602,21438.23191,73127.19261,143378.6501
Grenada,GRD,1991,33155.13579,44237.72507,8137.214626,21265.69938,70787.15994,142003.5405
Grenada,GRD,1992,32780.62863,42577.86751,8098.158708,21481.72189,69556.11463,144637.5813
Grenada,GRD,1993,32124.00871,41533.6958,7426.441512,21301.80006,68534.17756,146594.7496
Grenada,GRD,1994,31215.98464,40765.03012,7495.92926,20766.54669,67299.71397,142667.4068
Grenada,GRD,1995,30258.29851,39884.6778,7490.312372,20283.99447,65012.32526,138642.0908
Grenada,GRD,1996,29443.53289,38973.51715,7351.322866,20165.58688,61832.35558,135082.3963
Grenada,GRD,1997,28728.99866,38401.58949,7296.272041,19891.40519,59194.11549,131378.8148
Grenada,GRD,1998,28208.32164,37624.17125,7364.168207,19600.62881,56972.14787,130097.9043
Grenada,GRD,1999,28166.10747,36668.35515,7696.284691,19599.81758,54016.67165,137703.2075
Grenada,GRD,2000,27956.71523,35866.93689,7687.455119,19550.37069,52591.31621,139900.7001
Grenada,GRD,2001,27834.19917,35250.66628,7694.88973,19515.05237,51963.14125,140104.085
Grenada,GRD,2002,27864.5438,34776.47128,7744.597527,19500.06359,52219.95492,139897.9431
Grenada,GRD,2003,27870.66022,34024.02392,7685.465906,19614.70368,52128.75582,139318.215
Grenada,GRD,2004,28887.52671,34385.75232,8580.005051,20770.32649,52701.10569,140459.8812
Grenada,GRD,2005,27954.98198,32581.61032,7676.090078,19850.27732,51453.70942,140476.3136
Grenada,GRD,2006,27930.85746,32052.3973,7687.071109,19683.44958,51271.78896,141630.2703
Grenada,GRD,2007,28061.4155,31456.13349,7639.458592,19691.43272,51752.48653,141010.99
Grenada,GRD,2008,28418.02394,31244.77279,7550.40025,19797.69333,52923.75655,139806.7332
Grenada,GRD,2009,28687.00243,30874.96678,7530.113273,19755.55847,53285.43993,140550.6408
Grenada,GRD,2010,29055.83799,30871.54296,7549.705555,19839.25799,53615.72236,139927.0754
Grenada,GRD,2011,29340.84675,30998.00787,7448.582097,19834.56005,54622.07091,134727.679
Grenada,GRD,2012,29267.14645,31098.0672,7114.170859,19563.3236,57358.49268,117745.477
Grenada,GRD,2013,29687.39568,31379.32749,7141.683162,19621.09465,57419.65798,117755.4851
Grenada,GRD,2014,30166.88826,31336.46432,7154.41795,19734.69831,57678.75964,118021.7549
Grenada,GRD,2015,30462.5505,31026.63187,7141.063199,19730.3066,57482.74928,117828.555
Grenada,GRD,2016,30975.16694,30611.66879,7082.575001,19364.61987,58165.70923,122677.0521
Grenada,GRD,2017,31090.17884,29999.71749,7055.626762,19214.73564,57643.80114,122159.0878
Grenada,GRD,2018,31246.34128,29300.97888,7014.949269,19114.14421,57283.33706,121671.253
Grenada,GRD,2019,31413.82454,28667.84836,6980.226256,19016.51275,56989.9805,121368.479
Guam,GUM,1990,22815.35581,27453.32101,6736.485023,17360.04208,55828.34581,117386.779
Guam,GUM,1991,23101.95266,27512.39223,6658.427631,17568.301,56168.93138,118130.4122
Guam,GUM,1992,23183.76143,27427.15935,6386.478036,17631.74403,56212.22217,116937.9697
Guam,GUM,1993,23267.80888,27043.43221,6347.555704,17879.889,55113.16666,116397.4131
Guam,GUM,1994,23343.09342,26615.49934,6455.132378,18208.70067,53664.70716,114205.8035
Guam,GUM,1995,23156.89979,25808.67782,6540.727795,18635.55699,50687.38839,108376.1996
Guam,GUM,1996,23063.96926,25114.02386,6632.930219,19016.41177,48163.51473,103692.7295
Guam,GUM,1997,27909.82919,30933.57713,7208.891708,22246.65823,59929.17968,129234.5992
Guam,GUM,1998,23054.21919,23957.15237,6635.430511,19125.76881,46519.89865,101421.8079
Guam,GUM,1999,23137.24376,23518.93666,6634.824208,19142.02984,46096.85792,101439.2748
Guam,GUM,2000,23301.75987,23300.77417,6556.146569,19233.19711,46190.24574,101277.2821
Guam,GUM,2001,23446.00042,23537.93714,6527.940559,19273.58039,45952.98109,100429.9372
Guam,GUM,2002,23688.48986,24164.1684,6541.62835,19349.07642,45847.06612,99922.78164
Guam,GUM,2003,23789.68168,25405.89367,6353.74446,19305.70363,45340.38427,98006.17764
Guam,GUM,2004,23915.3694,26571.16187,6278.510218,19443.67491,45185.13388,92205.35448
Guam,GUM,2005,23877.43257,27305.65546,6165.994064,19544.25151,44576.66855,85403.53644
Guam,GUM,2006,24208.96358,27950.93722,6137.105167,19666.48392,44667.85546,84558.0581
Guam,GUM,2007,24588.69268,28147.31114,6013.634362,19883.66288,44913.67404,84336.53379
Guam,GUM,2008,24982.54584,28247.07285,5835.76363,20083.0532,45178.83617,85003.54845
Guam,GUM,2009,25341.21387,28339.63128,5818.289672,20037.45865,45689.73667,86248.2661
Guam,GUM,2010,25693.87802,28461.34823,5920.766062,20088.62444,46329.11336,85288.19033
Guam,GUM,2011,25739.4501,28447.21975,5799.854241,19780.72375,46554.67099,84461.70942
Guam,GUM,2012,26138.09392,28314.45338,5645.293605,19826.64883,47279.65519,85885.35987
Guam,GUM,2013,26706.01293,28092.9344,5612.675311,19958.60103,48588.66795,87504.31226
Guam,GUM,2014,27096.62743,28134.73337,5685.951529,19902.99211,49430.90693,88220.25082
Guam,GUM,2015,27450.0735,28497.76686,5602.311252,20044.26658,49811.05238,87952.82873
Guam,GUM,2016,27665.72915,28564.60629,5596.498722,19886.52842,50500.38176,86774.92869
Guam,GUM,2017,27857.76589,28185.37889,5608.65783,19823.11884,50787.95066,86457.93119
Guam,GUM,2018,28069.65653,27841.78966,5641.659577,19910.50772,50447.23736,87267.09268
Guam,GUM,2019,28361.28675,27618.94208,5621.725306,19890.97876,50690.8444,88504.97037
Guatemala,GTM,1990,60671.35238,163254.7684,19651.01707,37626.16924,71466.13035,152759.4956
Guatemala,GTM,1991,59335.02228,154421.1423,18099.46978,38353.62238,73721.51566,157900.4028
Guatemala,GTM,1992,57428.30478,145137.9746,16385.716,38522.47011,74443.25268,159327.1862
Guatemala,GTM,1993,55099.40365,136012.4201,15365.09752,37867.33143,73645.23237,155994.5411
Guatemala,GTM,1994,53047.16073,128539.9359,14628.70214,37542.38871,71505.4709,149839.2266
Guatemala,GTM,1995,49401.10799,120573.4917,13570.88789,35317.88399,65075.0097,136543.7793
Guatemala,GTM,1996,46771.26999,114184.0719,12902.5671,33752.03388,61476.77942,128449.2391
Guatemala,GTM,1997,45729.52851,108801.5326,12555.81826,33960.45008,61951.53953,129075.8992
Guatemala,GTM,1998,44510.26332,103736.1017,12284.03362,33714.55091,62182.92274,128632.2126
Guatemala,GTM,1999,41960.10042,97126.49843,11369.8123,32092.86359,60418.00187,123434.6451
Guatemala,GTM,2000,40718.62452,92846.17638,10883.37052,31830.9218,60274.99958,121230.8785
Guatemala,GTM,2001,39414.66745,89167.64303,10381.8204,31208.30217,59566.10223,119995.6988
Guatemala,GTM,2002,38006.15436,85064.39945,10005.04234,30507.90344,58491.81135,117534.7549
Guatemala,GTM,2003,36833.39714,80040.3713,9666.057401,30243.78965,58560.86444,115870.9023
Guatemala,GTM,2004,35955.08305,76385.94527,9488.190683,29985.26339,58406.88339,114690.0754
Guatemala,GTM,2005,35756.06008,73581.45864,9561.429395,30577.38993,58557.89485,113470.7744
Guatemala,GTM,2006,34726.35853,70751.39309,9377.62774,29699.35465,58021.06372,110095.2032
Guatemala,GTM,2007,33671.07788,68270.53498,9282.829193,28564.38313,57505.76071,106131.5196
Guatemala,GTM,2008,33034.96154,65989.25626,9145.55554,28020.35186,57408.81302,104001.796
Guatemala,GTM,2009,32981.55325,63938.67375,9075.748099,28253.89974,58080.65506,103675.7883
Guatemala,GTM,2010,32166.30561,61778.07244,8926.261451,27059.58591,58192.01753,103866.5964
Guatemala,GTM,2011,31398.20509,59296.81502,8627.531054,26238.05749,57871.67796,103349.9246
Guatemala,GTM,2012,30672.9029,56976.59714,8494.691744,25362.10859,57611.12669,102847.0654
Guatemala,GTM,2013,30191.99764,54516.64285,8455.32612,24889.0031,57614.14398,102895.9569
Guatemala,GTM,2014,29769.53629,52463.44564,8333.723682,24478.55043,57690.428,102706.9814
Guatemala,GTM,2015,29489.03347,50542.82961,8196.877634,24321.44613,57817.52316,102180.3549
Guatemala,GTM,2016,29292.83359,49233.5266,8090.367967,24227.47859,57554.18135,101605.7202
Guatemala,GTM,2017,28906.56964,46570.27606,8005.03416,24281.08117,55888.86161,101550.4545
Guatemala,GTM,2018,28894.84441,44723.79937,8040.248241,24520.45673,55436.47283,102376.9226
Guatemala,GTM,2019,28731.19544,42767.4337,7793.739719,24647.23003,54646.84888,103419.727
Guinea,GIN,1990,126306.2079,484968.4834,22026.61241,30746.07826,85208.01138,162261.1714
Guinea,GIN,1991,122733.3418,468373.1754,21628.55252,30428.37956,84583.38085,160871.5625
Guinea,GIN,1992,120604.1376,459009.651,21497.57676,30824.75134,84671.79613,160251.6681
Guinea,GIN,1993,117468.0126,447467.0947,21070.73032,30356.16968,84214.76325,159474.2661
Guinea,GIN,1994,114731.9635,435935.1458,20867.12992,30515.12297,84545.61111,159403.7604
Guinea,GIN,1995,112551.1412,429156.7831,20594.75595,30754.08361,84584.84386,159103.9995
Guinea,GIN,1996,109117.4121,415909.6351,20201.5261,30851.26301,84594.65036,158848.653
Guinea,GIN,1997,105744.7745,400009.9739,19920.53263,31047.21423,84981.81476,159246.9873
Guinea,GIN,1998,103732.6243,390727.7596,19789.24297,31605.72249,85808.81528,160198.8744
Guinea,GIN,1999,102270.8075,385723.2493,19649.9448,32218.01115,86579.46512,161036.7479
Guinea,GIN,2000,101167.8169,379199.9427,19948.09764,33779.28086,87278.2747,161751.1185
Guinea,GIN,2001,97848.21034,364756.9883,19492.39392,33535.87419,87492.77661,161951.3029
Guinea,GIN,2002,94522.17481,349992.099,19027.91028,32999.70714,87693.28642,162346.0129
Guinea,GIN,2003,91760.34326,336713.3982,18740.99597,32883.23759,87331.61175,162027.3136
Guinea,GIN,2004,89636.07671,325744.8503,18554.15448,32886.03461,87176.90335,161971.4708
Guinea,GIN,2005,87486.56346,314776.8917,18377.99003,32710.30353,87064.27441,162060.0203
Guinea,GIN,2006,85639.18485,305231.0644,18334.10365,32530.37158,87177.48932,162624.5224
Guinea,GIN,2007,83723.31045,295033.5326,18294.74068,32504.803,87321.01512,163022.2788
Guinea,GIN,2008,81556.32322,284604.3693,18157.71748,32074.32239,87161.95235,163048.2815
Guinea,GIN,2009,79741.24352,274976.862,18174.6233,31951.39495,87252.41716,163485.8862
Guinea,GIN,2010,77577.95669,265548.6712,17994.92099,31262.46582,87019.32801,163607.7117
Guinea,GIN,2011,75557.19917,256114.8478,17877.87518,31027.79858,86717.33855,163409.4975
Guinea,GIN,2012,73795.99778,248431.2625,17744.08578,30741.8558,86871.37444,163176.47
Guinea,GIN,2013,72165.32303,240480.7883,17752.29672,30921.29227,86995.82452,162608.0917
Guinea,GIN,2014,72246.26328,235065.0021,18278.90218,33219.7792,89865.39198,162142.5186
Guinea,GIN,2015,69994.22206,229548.0053,17948.82015,31775.09262,87986.07537,161128.1541
Guinea,GIN,2016,67224.61956,221736.5128,17533.3437,30327.81807,85614.82496,159171.2591
Guinea,GIN,2017,64348.64369,210561.4185,17205.54472,29794.46202,83919.65067,156805.4412
Guinea,GIN,2018,61612.58567,200460.4691,16831.90833,29111.32529,82190.08494,154598.2121
Guinea,GIN,2019,59102.57406,191400.7209,16417.76095,28448.04469,80377.67563,151623.8906
Guinea-Bissau,GNB,1990,121317.6078,452551.5838,25373.06033,39160.32726,123549.0741,199853.9706
Guinea-Bissau,GNB,1991,118443.3581,440460.4677,24967.50193,38933.23163,122041.2826,198318.5418
Guinea-Bissau,GNB,1992,115844.7092,429422.7836,24626.90538,38889.58327,120962.9311,197072.072
Guinea-Bissau,GNB,1993,113289.8787,418773.1312,24287.03091,38905.44812,119979.9458,195748.0637
Guinea-Bissau,GNB,1994,112282.7501,416170.5378,24124.82179,39069.69435,119189.7486,194640.6268
Guinea-Bissau,GNB,1995,108426.2133,398464.4083,23685.70348,39315.90639,118437.0942,193186.9075
Guinea-Bissau,GNB,1996,113059.6102,425479.3482,24120.4228,39780.89743,118065.6646,192950.5324
Guinea-Bissau,GNB,1997,108945.8738,407228.326,23587.76241,40028.26228,117066.0481,191314.1031
Guinea-Bissau,GNB,1998,106355.8555,375653.6748,25474.31333,46418.50826,119337.1098,191408.8867
Guinea-Bissau,GNB,1999,105829.6114,382282.4511,25094.22652,43815.25151,119543.0646,191645.0114
Guinea-Bissau,GNB,2000,97338.12593,348629.2871,22284.05412,41453.12496,116712.8331,187524.7442
Guinea-Bissau,GNB,2001,94900.00075,336324.0209,21973.03151,41600.75332,115752.9932,185841.5889
Guinea-Bissau,GNB,2002,92537.87909,324182.5192,21639.49776,41700.88614,115292.8545,184544.7143
Guinea-Bissau,GNB,2003,90134.46899,311823.4551,21345.11413,41798.3085,114799.1239,183241.0247
Guinea-Bissau,GNB,2004,87738.65983,298483.6936,21079.88547,42041.71616,115217.173,182663.2984
Guinea-Bissau,GNB,2005,87376.83502,298220.2891,21003.91247,41923.55892,114002.9636,181127.3339
Guinea-Bissau,GNB,2006,82370.98561,271680.5402,20539.28566,41751.05246,113121.9369,179432.6631
Guinea-Bissau,GNB,2007,79109.56768,257444.6912,20000.00646,40754.42576,111755.9099,177743.0911
Guinea-Bissau,GNB,2008,76978.87574,250199.5663,19593.0922,39595.46092,109991.536,176093.0618
Guinea-Bissau,GNB,2009,73073.08148,230286.4282,19066.74387,39230.80927,108990.7681,174922.3711
Guinea-Bissau,GNB,2010,69929.02848,217086.4274,18433.5616,38241.76473,107155.4,173255.2018
Guinea-Bissau,GNB,2011,66908.46579,204518.3057,17902.7115,37274.11447,105586.0046,171749.7724
Guinea-Bissau,GNB,2012,64443.21089,194358.5864,17588.40164,36502.50834,104413.9645,170489.1575
Guinea-Bissau,GNB,2013,62122.77437,184847.97,17222.19522,35895.72315,103156.1119,168919.2554
Guinea-Bissau,GNB,2014,60352.85321,176680.348,17057.76584,35822.7543,102304.1338,167875.2005
Guinea-Bissau,GNB,2015,58250.72389,169108.4276,16797.77899,35037.93396,100821.6221,166707.5972
Guinea-Bissau,GNB,2016,56037.32233,161625.9321,16277.13055,34187.4719,99005.34672,164904.5804
Guinea-Bissau,GNB,2017,53934.12549,154057.7688,15673.94881,33574.20363,97380.15259,163278.235
Guinea-Bissau,GNB,2018,52061.67019,146984.1718,15338.13587,33029.33667,95929.66887,161721.2569
Guinea-Bissau,GNB,2019,50119.06361,140872.5414,14713.66898,32132.44782,94136.65617,159779.8319
Guyana,GUY,1990,46067.11152,106912.9672,12451.63593,31053.4256,101010.4919,178359.6734
Guyana,GUY,1991,44865.48866,102929.9698,11431.3345,31033.8907,97142.452,171625.8017
Guyana,GUY,1992,43403.87545,97473.37638,10996.92756,30210.48255,94582.88292,167287.9601
Guyana,GUY,1993,43729.17389,93363.40286,10994.62764,31009.76376,97328.658,172766.868
Guyana,GUY,1994,43179.75675,88736.30774,10609.47893,31680.04947,94932.4033,169725.1094
Guyana,GUY,1995,43700.54393,84626.95532,10512.28458,33546.02505,95595.74349,168594.7497
Guyana,GUY,1996,43891.17103,80061.12008,10734.92584,34953.61388,95593.44361,165404.799
Guyana,GUY,1997,43231.41265,76904.00543,10702.2824,35180.87225,94373.45052,157443.2004
Guyana,GUY,1998,42994.90963,74863.23536,10752.34349,35663.75223,93358.09086,152243.62
Guyana,GUY,1999,42135.22837,72736.79979,11718.97922,35290.3097,89521.79097,142914.6241
Guyana,GUY,2000,42371.79356,69958.53631,12422.50505,35849.41814,91099.07551,143128.2731
Guyana,GUY,2001,42215.22228,69043.85126,11409.83659,36034.79303,91558.83397,145725.0164
Guyana,GUY,2002,42369.39983,70140.543,10463.2579,36478.43014,91147.19015,147990.6087
Guyana,GUY,2003,41926.96434,69864.69149,10202.0788,36139.81084,89032.08232,148344.446
Guyana,GUY,2004,41694.51792,70514.19927,10063.98559,35665.71108,88069.51098,148652.1452
Guyana,GUY,2005,41764.33832,70167.43978,10682.75413,35701.86539,87040.41531,145979.3434
Guyana,GUY,2006,40804.57712,66900.44136,10747.59866,34865.27397,84180.92005,143140.5379
Guyana,GUY,2007,40476.73458,65607.95526,10602.34746,34079.40154,84002.81448,143631.2636
Guyana,GUY,2008,40678.684,66312.53395,10729.80325,33589.38828,84410.597,143413.146
Guyana,GUY,2009,39905.67275,64320.06042,10890.53985,32343.82734,82022.31975,141853.2789
Guyana,GUY,2010,40505.4203,60576.17839,11113.18903,33046.34004,82658.63112,143662.553
Guyana,GUY,2011,40948.81407,58995.8899,11069.71656,33371.64434,82822.22462,143382.2482
Guyana,GUY,2012,41483.5199,58145.19746,10884.32925,33672.89383,83172.46174,143623.0955
Guyana,GUY,2013,41220.94504,57106.79458,10117.24789,33123.43432,82432.94492,142882.5595
Guyana,GUY,2014,41537.73646,57407.15514,9845.65284,32944.59051,82758.64038,143088.1096
Guyana,GUY,2015,41111.22901,53420.22316,10017.54011,32468.4205,81748.19909,141461.3158
Guyana,GUY,2016,40796.10594,50872.71666,9844.830293,32104.91864,81265.50304,140513.2935
Guyana,GUY,2017,40370.89706,48683.97623,9566.771006,31658.78609,81232.87108,140366.9663
Guyana,GUY,2018,40146.18147,47021.50713,9535.451623,31319.69383,80850.94211,139770.5488
Guyana,GUY,2019,40079.16011,45522.43142,9388.620416,31178.84601,80384.56954,138556.9972
Haiti,HTI,1990,86803.10653,311507.1053,19635.62991,37881.90374,101693.8968,172155.9069
Haiti,HTI,1991,85298.79934,301869.1892,19563.74161,39372.13723,101207.7489,170848.9857
Haiti,HTI,1992,83104.78967,291405.6033,19036.93922,39984.46635,100245.8911,169060.4076
Haiti,HTI,1993,83037.92136,283164.2318,19516.13482,43305.75692,101722.1954,168801.5668
Haiti,HTI,1994,81079.41533,275110.6908,19690.43549,43213.13498,100535.6036,167167.0434
Haiti,HTI,1995,78067.86579,264111.2971,18330.18171,42776.35824,99026.57207,164872.2311
Haiti,HTI,1996,75932.24398,254220.8436,18117.77208,43136.74978,97398.64549,162385.841
Haiti,HTI,1997,73923.15496,244765.0459,17873.02661,43346.31092,95831.28102,160293.7503
Haiti,HTI,1998,71682.37321,235663.9658,17638.3196,42839.45062,94207.10839,158177.7785
Haiti,HTI,1999,69551.37538,226413.5806,17277.92474,42343.7661,92909.4519,156438.1989
Haiti,HTI,2000,67664.54166,216816.4227,17116.09498,41968.33129,92315.15544,155374.0757
Haiti,HTI,2001,66104.69686,209017.8318,17008.01825,41397.25,91433.62821,154408.7334
Haiti,HTI,2002,64637.61696,202176.721,16881.07597,40653.46795,90487.5882,153516.2008
Haiti,HTI,2003,63477.46012,196026.928,16846.63079,40114.89423,90049.20274,153156.0382
Haiti,HTI,2004,66125.13423,195295.0913,20704.16193,43202.10766,92076.58113,154899.5112
Haiti,HTI,2005,61285.08448,185871.1083,16689.6066,38767.7461,88892.14348,152493.8736
Haiti,HTI,2006,59915.19382,181437.8183,16550.16044,37551.88588,87696.42237,151991.6292
Haiti,HTI,2007,58560.43181,177188.2924,16510.44589,36320.57036,86474.29545,151556.7352
Haiti,HTI,2008,57733.90764,173902.1846,16738.06617,35698.27679,85530.65306,151215.4353
Haiti,HTI,2009,56237.48375,170123.3216,16170.79496,34409.36675,84190.04348,150585.6242
Haiti,HTI,2010,187351.5379,330024.4718,154738.7875,163755.584,179048.2159,231490.5802
Haiti,HTI,2011,60048.74312,195590.5421,17434.9395,34846.22627,84720.49907,152061.8388
Haiti,HTI,2012,54718.39511,162707.6011,16685.68758,33879.17581,83923.1094,150332.9836
Haiti,HTI,2013,54196.83542,163233.4349,16673.93589,33129.74227,83161.82484,149398.3696
Haiti,HTI,2014,53160.42074,159290.7944,16422.93798,32635.1168,82588.96399,148571.7406
Haiti,HTI,2015,52325.99275,156348.4068,16351.96775,32184.20674,82005.73041,147992.3168
Haiti,HTI,2016,51657.87054,154040.9934,16427.82285,31838.3852,81368.11872,147191.9344
Haiti,HTI,2017,49449.93523,144624.5308,15630.14168,30805.44245,79948.09768,145871.6212
Haiti,HTI,2018,48347.39727,139956.641,15331.29446,30331.65044,79341.88126,145436.3014
Haiti,HTI,2019,47498.77991,136045.092,15044.77742,30093.57022,78874.03281,144483.9356
Honduras,HND,1990,40652.45186,107218.0404,14393.2696,26239.16463,54936.21514,102862.967
Honduras,HND,1991,39433.20645,103188.8975,14028.3024,25705.42561,54149.29779,101661.9706
Honduras,HND,1992,38670.10343,98535.14376,13530.79199,25952.86209,55455.09517,104047.8312
Honduras,HND,1993,38217.41335,96037.34997,13905.92122,25906.07794,54989.25914,103766.0153
Honduras,HND,1994,36893.59076,91929.43541,13345.28835,25175.28495,54280.31436,103583.5124
Honduras,HND,1995,36380.78887,87740.95369,12924.01379,25334.05787,56587.26799,109687.2232
Honduras,HND,1996,35304.27003,83050.38424,12505.51083,24698.1726,57288.35773,115330.9757
Honduras,HND,1997,34427.27529,79143.85193,12231.67412,24525.18941,57272.78301,115105.9402
Honduras,HND,1998,49302.89508,94478.1967,28296.46299,39642.62685,68202.00557,124587.1632
Honduras,HND,1999,33017.08268,72447.87431,11847.47374,24315.94468,57189.48881,114791.3332
Honduras,HND,2000,32179.63232,68560.20073,11523.21754,24177.07727,57236.12195,114617.674
Honduras,HND,2001,31561.76419,65664.81758,11306.31996,24006.67433,57093.78987,114507.627
Honduras,HND,2002,30909.30026,62405.16729,11056.40887,23850.08906,57079.9198,114435.5
Honduras,HND,2003,30535.7912,60337.31104,10918.26727,23809.64441,57086.49423,114331.3574
Honduras,HND,2004,29929.61705,58517.77225,10400.53806,23336.05701,57256.72582,114545.6144
Honduras,HND,2005,29445.68665,56738.64432,10195.82416,23034.84494,56794.56469,114158.8087
Honduras,HND,2006,29108.05846,55440.92583,9994.674649,22798.17008,56557.27815,113884.9174
Honduras,HND,2007,28839.22382,53989.71444,9833.061276,22637.32866,56439.22836,113650.7193
Honduras,HND,2008,28505.18933,51860.81607,9503.258048,22360.66237,56940.48279,115032.8651
Honduras,HND,2009,28161.95425,50208.25139,9124.303844,21812.48571,57817.37436,117620.3369
Honduras,HND,2010,28145.49782,49316.36334,8970.457893,21405.66931,59125.31117,121904.0317
Honduras,HND,2011,27763.34004,47507.83186,8440.334224,20402.62579,61085.40435,128923.7623
Honduras,HND,2012,30631.66807,46280.24446,8319.70452,24679.69843,66269.84993,138515.0957
Honduras,HND,2013,30003.58728,44493.54073,8061.162824,23945.29363,65718.3382,137400.3556
Honduras,HND,2014,29691.0639,42633.91864,7900.099434,23761.75381,65465.96262,136088.8263
Honduras,HND,2015,29792.76125,41125.17216,7838.751757,24237.38849,65175.9391,134885.4944
Honduras,HND,2016,26375.28443,38490.46078,7209.905765,18729.93326,63583.52284,133138.4453
Honduras,HND,2017,26197.09926,36807.25379,7128.207952,18739.79063,63180.72218,131650.6626
Honduras,HND,2018,26059.98988,35358.89235,7025.710233,18778.33422,62738.49202,130091.6865
Honduras,HND,2019,26056.54222,34394.1148,7093.712634,18869.77497,62268.95181,128520.4731
Hungary,HUN,1990,44977.71364,34314.19739,6456.429198,25525.00693,77200.49648,149910.3954
Hungary,HUN,1991,45036.20769,35268.07505,6351.911495,25606.5854,76832.92488,146920.4944
Hungary,HUN,1992,46220.60267,31455.79407,6184.033173,26541.78282,79603.69531,147644.0768
Hungary,HUN,1993,46396.28483,28413.9254,6051.647108,26699.54953,79984.32464,146466.3618
Hungary,HUN,1994,45671.35957,26289.58347,5938.049714,26263.51866,78539.47619,142816.1754
Hungary,HUN,1995,45014.1993,24128.49916,5909.341139,25510.12751,77110.48634,141659.1306
Hungary,HUN,1996,43282.2335,23231.2157,5805.762129,24195.02324,73405.05728,137111.278
Hungary,HUN,1997,42935.62617,21924.36584,5629.696582,23802.33357,72653.40071,135727.7496
Hungary,HUN,1998,43356.5436,21448.34541,5624.86757,23921.74083,73128.58675,135639.3644
Hungary,HUN,1999,43293.56204,20140.02357,5581.217811,23686.7517,72562.08895,134896.1549
Hungary,HUN,2000,41733.84951,21144.63677,5493.738139,22536.05408,68916.04016,129497.7935
Hungary,HUN,2001,40866.07093,19537.21091,5408.172841,21795.78207,66805.83424,126422.9092
Hungary,HUN,2002,40876.93061,18261.31811,5409.050233,21502.64304,66397.46639,126106.1549
Hungary,HUN,2003,41061.00009,17574.08282,5390.832892,21141.86005,66451.7741,126151.5273
Hungary,HUN,2004,40650.48469,16637.78997,5288.192501,20523.36385,65373.3132,124111.157
Hungary,HUN,2005,41042.61528,16327.73763,5210.189203,20224.54958,65837.23282,124338.7324
Hungary,HUN,2006,40419.16555,15635.06692,5230.138735,19529.85664,64751.39879,121113.1229
Hungary,HUN,2007,40543.6087,15109.75676,5226.799428,19143.8378,64932.69069,121101.8689
Hungary,HUN,2008,39593.07315,14333.27916,5153.290427,18345.64008,63271.86115,118078.6296
Hungary,HUN,2009,39522.04716,13190.80145,5090.142587,17917.34443,63266.38733,117764.9789
Hungary,HUN,2010,38972.98075,12652.17138,4964.368584,17343.21469,62064.04075,116536.8253
Hungary,HUN,2011,38622.71404,12384.0469,4889.05776,16873.84607,61391.03563,115247.5354
Hungary,HUN,2012,38322.60653,12368.71363,4885.703844,16551.71726,60771.25147,113962.944
Hungary,HUN,2013,37629.69592,12566.89394,4864.620417,16152.77721,59245.51623,111493.9892
Hungary,HUN,2014,37759.27735,12375.54949,4846.865267,16053.4035,59515.78818,110998.4268
Hungary,HUN,2015,38313.12036,12432.50758,4876.999533,16118.9445,60348.77569,111802.9746
Hungary,HUN,2016,37770.83076,11264.95873,4870.954145,15982.39308,59418.57953,109089.7384
Hungary,HUN,2017,38117.26696,10496.95223,4957.292217,16072.03605,59422.34806,109907.7286
Hungary,HUN,2018,38528.87384,10090.68699,4982.470898,16235.6243,59311.98421,110374.3202
Hungary,HUN,2019,38296.22836,9693.680259,4878.493249,16662.16091,57554.37926,108228.1439
Iceland,ISL,1990,24828.13844,15526.66923,5706.886698,16006.27343,43531.72688,102975.4243
Iceland,ISL,1991,24696.13193,14682.02632,5563.309727,15902.81379,43410.80719,102422.532
Iceland,ISL,1992,24457.48603,13697.30408,5418.814982,15684.01755,42958.52564,101852.1521
Iceland,ISL,1993,24280.92033,12774.67415,5462.500865,15680.55661,41880.30962,101574.0744
Iceland,ISL,1994,24242.09211,12153.62902,5513.208542,15679.4493,41084.7226,101831.1718
Iceland,ISL,1995,24754.23603,12169.0134,5498.572619,15777.53913,41906.51143,104571.7404
Iceland,ISL,1996,24127.83422,11266.42953,5314.885028,15482.2016,40449.7131,100905.7582
Iceland,ISL,1997,23965.54705,10706.78475,5219.567223,15432.61161,39607.09858,99662.34591
Iceland,ISL,1998,23767.10353,10059.8322,5138.891198,15351.42746,38797.37622,98199.87975
Iceland,ISL,1999,23538.55398,9527.946048,5186.022248,15433.87429,37890.32251,95290.9703
Iceland,ISL,2000,23202.31624,9051.94852,5154.021728,15428.29984,36845.66939,92095.10819
Iceland,ISL,2001,23023.89904,8610.764912,5139.338618,15211.60338,36068.1346,91097.48752
Iceland,ISL,2002,22904.41239,8339.642524,5123.542425,14995.35654,35428.28819,90678.45165
Iceland,ISL,2003,22723.14007,8126.648257,5115.482537,14883.68361,34642.85383,89083.53413
Iceland,ISL,2004,22629.97592,8032.928551,5141.943858,14833.99434,33992.98935,87735.27049
Iceland,ISL,2005,22552.50713,7891.522397,5133.419661,14697.05301,33550.16865,87197.51872
Iceland,ISL,2006,22529.3652,7857.362719,5146.873314,14608.81534,33217.21953,87023.82455
Iceland,ISL,2007,22377.79095,7819.591925,5138.051851,14482.92466,32705.19631,86405.64646
Iceland,ISL,2008,22158.86246,7747.434217,5101.976656,14352.05203,32199.18665,85120.85798
Iceland,ISL,2009,22082.3944,7514.642925,5058.709657,14267.70438,31958.58636,84472.65777
Iceland,ISL,2010,22031.55665,7228.835916,5016.380677,14189.64437,31719.07493,83504.67248
Iceland,ISL,2011,22032.15815,6864.24244,4988.190468,14140.71121,31481.56677,82886.29747
Iceland,ISL,2012,22111.79132,6692.463974,4957.802319,14125.42778,31424.98649,82450.71006
Iceland,ISL,2013,22057.04028,6636.610613,4913.662925,14079.82392,31270.35598,80564.93778
Iceland,ISL,2014,21770.29113,6616.276047,4844.648388,13994.98162,31015.33116,76713.28842
Iceland,ISL,2015,21882.19293,6676.191601,4837.922466,13993.27427,30989.25151,76170.9552
Iceland,ISL,2016,21989.16116,6715.594969,4841.71521,14003.23936,30952.34389,75378.01466
Iceland,ISL,2017,22128.58511,6784.591026,4877.86879,14056.96077,30947.60309,74705.17513
Iceland,ISL,2018,22220.88065,6696.793732,4861.737565,14047.75078,30876.09462,74079.37119
Iceland,ISL,2019,22406.54347,6607.220337,4869.02435,14095.37149,30958.1981,73582.35514
India,IND,1990,62717.46646,214426.5572,21805.27307,30435.53326,85670.54917,183913.7214
India,IND,1991,61678.09665,208076.961,22183.75022,30455.57672,85686.52002,185547.1179
India,IND,1992,60625.07374,203155.3526,21919.29643,30429.71685,85483.33919,185227.9801
India,IND,1993,58706.77969,195824.7039,21320.87904,29879.09514,83717.4954,181278.7618
India,IND,1994,56741.21809,189377.0797,19753.19897,29376.20012,82451.90106,175351.5739
India,IND,1995,55195.04581,184547.9629,18936.12023,28914.72609,80663.53076,170769.3045
India,IND,1996,53842.65397,177640.4755,18191.57973,28677.25888,81108.58029,169403.1386
India,IND,1997,53489.74268,172067.2577,18066.25939,29104.10968,83206.62705,173457.979
India,IND,1998,52592.28328,166578.0245,17962.80651,29246.55719,82054.70339,173112.8197
India,IND,1999,51361.41941,160730.6177,17473.60528,29618.76128,78920.1437,167429.9554
India,IND,2000,50174.16379,155157.1623,17258.52379,29359.85809,77338.47948,165946.9423
India,IND,2001,49064.22368,149505.2535,17122.31641,28925.09536,76163.05211,166285.4313
India,IND,2002,47599.13506,145295.1519,15758.82677,28216.63079,74657.36028,163732.9784
India,IND,2003,46098.69903,141348.1529,14899.66709,27377.09153,72944.01118,156928.638
India,IND,2004,44924.45024,137822.7841,15117.81741,27145.13848,69141.2015,147295.3933
India,IND,2005,44348.37567,133426.4395,15364.48273,27022.04073,68457.15881,147692.0808
India,IND,2006,43613.84503,128529.7166,14883.35017,26798.18312,68296.14005,149254.6317
India,IND,2007,42823.23506,123973.9964,14305.00467,26429.87692,68608.91428,148405.5326
India,IND,2008,42121.97597,119623.471,13863.71532,26202.68804,68371.67905,148041.631
India,IND,2009,40788.92483,114854.5073,13402.43554,25512.70034,67264.0543,139481.6952
India,IND,2010,39994.39542,110540.0386,13056.58792,25220.41577,67584.56484,133258.6587
India,IND,2011,39417.92198,106275.9044,12869.42144,24932.77681,67717.75088,132842.1666
India,IND,2012,38485.16564,101986.6476,12435.05514,24219.61978,67076.99573,132609.7405
India,IND,2013,37591.42999,98444.08122,11528.63564,23672.93659,65364.71411,135107.2027
India,IND,2014,36278.68768,92744.47435,10954.58783,22644.83014,64465.09778,133504.261
India,IND,2015,35647.42318,88135.82506,10810.87632,22009.04774,66041.01265,129987.9846
India,IND,2016,34587.76546,79542.29136,10337.90936,21702.80487,65494.64715,128404.4275
India,IND,2017,34017.34442,74495.6566,10103.86398,21600.17955,64377.66157,127941.838
India,IND,2018,33940.21649,71526.52591,10305.9368,21779.3089,63381.48285,128560.5945
India,IND,2019,33643.01325,68475.6401,10245.63168,21675.82449,62716.10459,127500.0249
Indonesia,IDN,1990,46186.98937,161792.3254,14647.77889,24884.18265,70069.22876,144672.462
Indonesia,IDN,1991,44742.79238,154574.4512,14217.99102,24519.81059,69348.77262,143713.3795
Indonesia,IDN,1992,43456.47506,147155.9904,13890.66443,24264.95222,68898.90283,143072.213
Indonesia,IDN,1993,42259.9387,140489.5011,13474.7852,23949.00489,68473.51104,142542.1271
Indonesia,IDN,1994,41179.04789,134113.0399,13141.34022,23692.83263,68011.93982,141967.8519
Indonesia,IDN,1995,40184.26911,128060.4838,12823.12406,23455.16104,67558.54556,141461.2639
Indonesia,IDN,1996,39286.55517,121996.5148,12540.05583,23266.93828,67204.03435,141051.5888
Indonesia,IDN,1997,38634.40306,117064.5597,12280.98749,23185.27814,67064.08342,140875.107
Indonesia,IDN,1998,38222.52185,113654.5242,12101.77973,23122.59738,67078.01032,140794.9058
Indonesia,IDN,1999,37759.50889,109343.7877,11815.84983,23144.15599,67085.04354,140748.8397
Indonesia,IDN,2000,37139.41371,104318.583,11516.08346,23016.12131,66931.62381,140603.1382
Indonesia,IDN,2001,36686.68562,100899.5496,11260.43496,22876.43405,66694.12239,140371.0769
Indonesia,IDN,2002,36197.87419,97396.27613,10962.01118,22678.65754,66342.72316,140524.3148
Indonesia,IDN,2003,35703.36228,93887.01333,10646.91707,22465.82225,65964.66335,140833.3268
Indonesia,IDN,2004,39352.84809,94840.46409,14865.53704,26445.80869,68774.08779,144226.0339
Indonesia,IDN,2005,34569.9294,85673.79299,9910.153558,21930.39983,65473.71068,142362.5686
Indonesia,IDN,2006,34214.13108,82156.29244,9706.968243,21812.83706,65370.38263,142941.0668
Indonesia,IDN,2007,33541.06071,78513.18351,9188.137058,21356.87282,64889.4539,143401.7093
Indonesia,IDN,2008,33046.92972,75327.75069,8862.507078,21082.82937,64383.44062,143596.6563
Indonesia,IDN,2009,32636.38741,72208.98066,8679.838118,20908.21447,63845.2272,143576.9769
Indonesia,IDN,2010,32129.66215,68676.48205,8449.831214,20649.36491,63259.24382,143558.5624
Indonesia,IDN,2011,31636.43632,65056.50102,8219.519291,20386.50509,62706.32098,143371.4634
Indonesia,IDN,2012,31272.53026,62397.83884,8065.502888,20151.99861,62228.27634,143151.7982
Indonesia,IDN,2013,31007.59282,60488.58997,7945.25573,19951.38616,61761.17956,142669.5227
Indonesia,IDN,2014,30725.82268,58120.34005,7831.64336,19756.18467,61316.13739,142271.0769
Indonesia,IDN,2015,30523.14078,56323.59565,7736.210525,19586.54659,60886.27654,141613.2851
Indonesia,IDN,2016,30233.92742,53413.03284,7609.203471,19378.83215,60426.58691,141007.4283
Indonesia,IDN,2017,30116.19999,51796.81614,7550.931251,19239.62471,60031.18228,140274.6553
Indonesia,IDN,2018,30031.24022,49379.73102,7543.707438,19186.40296,59766.18297,139428.4283
Indonesia,IDN,2019,29843.14691,47475.05805,7331.887714,18936.11957,59354.33363,138442.3971
Iran,IRN,1990,42718.9967,126614.3091,15104.10651,24472.90599,61718.69015,124721.0095
Iran,IRN,1991,36605.11124,112109.4604,11561.76512,20851.36137,56991.09544,120034.9504
Iran,IRN,1992,35046.05087,107575.8847,11392.30557,20606.07154,56439.81204,118400.8796
Iran,IRN,1993,33947.89589,104664.6042,11361.28681,20527.67309,55951.33445,117074.4437
Iran,IRN,1994,32950.41764,102641.6064,11172.27529,20276.22137,55329.69202,115935.8159
Iran,IRN,1995,32163.85615,100789.0661,11048.53381,20055.64654,54704.02491,115106.281
Iran,IRN,1996,31462.94278,97867.87895,10939.3346,19905.64867,53980.21787,114353.069
Iran,IRN,1997,31106.74709,94769.81134,11113.16313,20026.31593,53454.37252,113949.8382
Iran,IRN,1998,30232.2166,90653.50645,10739.27593,19618.57414,52522.19059,113383.8829
Iran,IRN,1999,29627.11801,86604.33479,10638.88976,19507.84122,51759.77444,113062.3308
Iran,IRN,2000,28982.22958,82283.13123,10521.14978,19373.61913,50927.16124,112684.0935
Iran,IRN,2001,28501.53222,78353.39385,10480.03421,19370.38688,50175.47193,112367.0264
Iran,IRN,2002,27997.17065,74694.16018,10329.95762,19256.16552,49377.11614,111961.2609
Iran,IRN,2003,29880.30121,74620.45157,12603.37749,21440.1742,50122.94969,112805.5408
Iran,IRN,2004,27437.02629,69840.82436,10159.52047,19151.31826,47575.73817,110467.0403
Iran,IRN,2005,27193.82371,67865.65683,10034.1313,18989.36994,46489.4578,109360.3816
Iran,IRN,2006,26927.72309,65396.3513,9868.186813,18816.66912,45386.7525,108147.1173
Iran,IRN,2007,26690.84521,62092.47399,9835.303691,18826.16057,43951.82174,106458.8849
Iran,IRN,2008,26480.59225,59096.72018,9818.876888,18780.82301,42919.5163,104573.7226
Iran,IRN,2009,26297.14071,56433.64315,9768.922007,18695.68352,42036.48457,103445.4837
Iran,IRN,2010,26159.10861,54231.13963,9618.102965,18685.87725,40980.12355,102990.2363
Iran,IRN,2011,25978.62604,52137.4871,9517.546892,18579.14798,40455.28004,101841.0373
Iran,IRN,2012,25822.47264,50033.35306,9576.388424,18438.40233,40377.19999,100762.4311
Iran,IRN,2013,25633.05971,47219.38543,9621.954852,18263.54211,40447.25953,101192.0214
Iran,IRN,2014,25267.72736,43475.60753,8861.512706,18081.51386,40673.7947,102282.4425
Iran,IRN,2015,24802.11196,38258.28679,7884.617941,17991.09432,40970.06153,103720.2794
Iran,IRN,2016,24112.0529,30704.92085,7497.905503,17929.88361,40785.13019,103913.9467
Iran,IRN,2017,23860.36707,26701.63786,7424.879657,17985.29475,40692.77092,103660.4152
Iran,IRN,2018,23686.88383,24040.83123,7250.911497,18043.64942,40541.60575,102464.0356
Iran,IRN,2019,23522.20522,22065.29688,7017.882698,17930.16191,40438.76128,101907.9491
Iraq,IRQ,1990,44529.75597,117321.5845,15666.55362,24695.87106,69686.43506,136355.6796
Iraq,IRQ,1991,43746.91671,113620.6461,15928.61572,24359.29223,69884.50706,134159.4377
Iraq,IRQ,1992,42914.48728,109328.7728,15779.93642,24209.06534,70364.09073,134788.3684
Iraq,IRQ,1993,42234.30963,106725.5617,15440.71482,23993.0934,70664.43248,135028.6103
Iraq,IRQ,1994,41842.87413,104010.8309,15251.15669,24577.97136,70672.12564,132218.0474
Iraq,IRQ,1995,41238.46905,101884.4597,14946.31345,24483.67102,70912.64798,132209.0634
Iraq,IRQ,1996,40292.90784,99451.87543,14534.20658,24134.64326,70624.44015,131808.3594
Iraq,IRQ,1997,39379.94299,96351.74235,14158.73671,24158.42756,70127.07592,131134.1815
Iraq,IRQ,1998,38028.73229,92216.5987,13698.67344,23709.2046,69161.89334,129709.7908
Iraq,IRQ,1999,36693.2922,87767.45586,13262.93547,23392.0742,68017.88168,128026.7875
Iraq,IRQ,2000,35468.38751,83504.55318,12839.32457,23200.82763,66957.51097,126452.8879
Iraq,IRQ,2001,34201.46755,79411.07298,12415.36347,22807.80771,65693.9192,125060.9556
Iraq,IRQ,2002,33224.78828,76134.13378,12102.99962,22591.33498,64763.01324,124061.2279
Iraq,IRQ,2003,35980.57721,78366.77409,13859.88189,26808.14831,65701.78134,124535.5454
Iraq,IRQ,2004,35422.89885,76105.56836,13767.81165,26895.53704,64906.7967,123403.8546
Iraq,IRQ,2005,35032.47422,81495.20134,12251.68541,24020.26449,70727.12428,138470.3927
Iraq,IRQ,2006,37029.14256,85760.70296,12950.88384,25950.69715,74017.49614,145818.2913
Iraq,IRQ,2007,38039.24745,75559.8559,15930.14967,31773.01209,65026.56158,125479.2721
Iraq,IRQ,2008,32386.51855,65777.01056,12766.07409,25164.40335,62605.35797,125905.5693
Iraq,IRQ,2009,30452.81909,61183.37515,11761.21177,23259.65709,61429.97817,124604.3743
Iraq,IRQ,2010,29280.34054,57050.75488,11261.74907,22383.88377,60507.41008,123472.7222
Iraq,IRQ,2011,28386.87469,52827.93231,10919.04797,21976.91567,59754.47558,122288.9197
Iraq,IRQ,2012,27882.06578,49510.05988,10734.44926,21981.75609,59060.25561,121075.5141
Iraq,IRQ,2013,29204.74369,49242.35801,11596.03065,24042.19846,58987.06642,120442.1429
Iraq,IRQ,2014,31950.43701,51165.19807,13320.30728,27701.22239,59564.19523,120399.4259
Iraq,IRQ,2015,30225.4739,47026.91677,12297.373,25878.90583,58559.30325,119151.3448
Iraq,IRQ,2016,30105.72418,45095.98422,12270.86453,25996.94004,58116.74225,118101.4365
Iraq,IRQ,2017,29102.26164,41827.92068,11666.92439,25024.08906,57423.4512,116971.7483
Iraq,IRQ,2018,24696.81542,33863.72735,8579.2376,19794.7707,56094.31618,118009.6214
Iraq,IRQ,2019,24440.38053,32026.37167,7953.932634,19463.73652,56418.61553,121112.6982
Ireland,IRL,1990,28853.26688,17659.84516,5950.463048,16749.31583,53741.02119,127520.2763
Ireland,IRL,1991,28737.56945,16771.22703,5966.401933,16877.31845,52644.89782,126034.8335
Ireland,IRL,1992,28602.78106,15389.84171,5931.365279,16899.33412,51763.98248,125635.6171
Ireland,IRL,1993,28620.40622,14701.81401,5924.568506,16887.80167,51213.18889,125689.3903
Ireland,IRL,1994,28403.74274,14314.40484,5835.329886,16910.74698,50094.23892,123798.8158
Ireland,IRL,1995,28662.62015,14880.36504,5869.882831,17128.35688,49521.53795,124354.181
Ireland,IRL,1996,28485.09785,15039.35051,5809.056654,17189.8316,48019.85127,122945.3709
Ireland,IRL,1997,28401.84143,15341.24059,5724.385296,17265.04934,46929.14905,121927.6153
Ireland,IRL,1998,28237.65616,15180.61885,5690.142355,17246.25528,45950.94062,120905.041
Ireland,IRL,1999,28174.80235,15166.84615,5768.401141,17231.15972,45090.40875,120797.4802
Ireland,IRL,2000,27764.88258,14912.11664,5656.330727,17234.80897,44018.45722,117317.9099
Ireland,IRL,2001,27111.59774,14756.19789,5552.039728,17094.14516,42633.71784,112371.9092
Ireland,IRL,2002,26565.72748,13810.2459,5497.914403,16908.45991,41587.39327,109324.6161
Ireland,IRL,2003,26004.5703,13354.4217,5442.102864,16608.07816,40680.59178,106091.689
Ireland,IRL,2004,25614.18933,12353.18496,5402.541207,16640.77271,39837.42635,103340.4769
Ireland,IRL,2005,25161.93362,11414.53382,5337.519752,16669.01606,38697.3854,100380.5053
Ireland,IRL,2006,24915.90283,11131.15011,5312.610377,16644.60205,38035.67926,98648.02836
Ireland,IRL,2007,24591.40526,10824.85887,5321.499671,16569.38384,37401.13739,96110.34414
Ireland,IRL,2008,24444.7197,11066.17758,5331.045952,16619.85978,37036.48001,93910.75816
Ireland,IRL,2009,24315.90912,10517.12944,5263.425805,16718.77154,36683.0917,92269.47389
Ireland,IRL,2010,23712.56237,10322.36302,5218.761601,16340.42704,35519.35313,88986.80401
Ireland,IRL,2011,23794.26925,9691.587989,5176.910299,16300.95748,35699.87326,89161.23315
Ireland,IRL,2012,23640.70472,9305.917993,5195.482646,16035.25061,35342.46771,88533.83369
Ireland,IRL,2013,23510.31929,9300.466134,5174.110965,15748.58238,34927.01943,87544.53121
Ireland,IRL,2014,23385.19311,8957.863379,5088.115365,15570.19896,34402.15175,86337.69817
Ireland,IRL,2015,23412.6399,8815.420562,4998.363298,15424.65726,34058.621,85901.88136
Ireland,IRL,2016,23455.0428,8343.565087,4984.636752,15388.65544,33787.50864,84710.8895
Ireland,IRL,2017,23692.70625,8343.665988,5018.799272,15449.57331,33734.00685,84139.41618
Ireland,IRL,2018,23940.65663,8180.360416,5020.821034,15518.78805,33587.70335,83931.78686
Ireland,IRL,2019,24160.2986,8005.191094,4977.247042,15498.6768,33505.03725,83795.68365
Israel,ISR,1990,23493.41189,23017.93097,5779.372701,14892.07066,44313.24224,104376.1224
Israel,ISR,1991,23642.45711,22107.08595,5791.048973,14881.935,45126.73297,105913.2122
Israel,ISR,1992,23842.53753,21699.00405,5752.796965,15047.3429,45594.85776,106901.339
Israel,ISR,1993,23434.864,20002.72443,5652.009533,15040.26932,44648.95305,104768.0273
Israel,ISR,1994,23355.21666,18758.88254,5601.000094,15290.95843,43961.23912,103928.729
Israel,ISR,1995,23242.07832,17766.88407,5498.460149,15271.07913,43436.00407,103884.1535
Israel,ISR,1996,23168.74428,17126.67483,5609.289232,15477.04262,42396.75337,102167.18
Israel,ISR,1997,22905.30116,16614.66182,5525.299265,15266.2446,41502.29723,100769.1452
Israel,ISR,1998,22629.27028,15840.57868,5363.661704,14954.08081,40834.78225,100340.8451
Israel,ISR,1999,22353.12709,15351.05588,5321.268152,14804.06258,39697.56738,99310.66623
Israel,ISR,2000,22313.7365,14811.04569,5354.37943,15090.60327,38645.10245,97633.9744
Israel,ISR,2001,22386.77752,14573.48602,5593.652206,15577.38415,37632.88935,95719.48315
Israel,ISR,2002,22875.51562,15340.88171,5993.54289,16297.69363,37050.05412,95269.28256
Israel,ISR,2003,22033.91055,14074.56098,5597.886967,15292.60574,36143.48218,94279.76378
Israel,ISR,2004,21616.74737,13176.21431,5524.130393,15014.68017,35415.49353,92456.27446
Israel,ISR,2005,21180.41173,12331.17766,5240.49709,14540.19017,34923.40032,91458.28682
Israel,ISR,2006,21293.29296,12454.49974,5506.130444,14840.34631,34424.32781,90078.53335
Israel,ISR,2007,20889.21159,11656.74121,5303.06119,14312.94423,33987.59408,89429.76191
Israel,ISR,2008,20943.44645,11928.21093,5488.5885,14636.03449,33473.32766,87276.11095
Israel,ISR,2009,20660.12083,11613.62294,5417.348734,14469.09817,33007.75402,85404.96036
Israel,ISR,2010,20040.6155,10631.07531,5038.032574,13702.66381,32650.37506,84338.76315
Israel,ISR,2011,19986.2205,10320.71584,5002.443271,13528.87279,32780.35292,84586.27495
Israel,ISR,2012,19816.0508,10104.752,4934.426923,13352.90574,32560.89921,84205.48857
Israel,ISR,2013,19639.32858,9536.749751,4868.852706,13226.37287,32547.17023,83333.24301
Israel,ISR,2014,20702.91524,10997.93528,5700.348658,14778.74876,32711.32285,82701.89192
Israel,ISR,2015,19598.6994,9233.771371,4909.601131,13192.39185,32400.70804,81872.69295
Israel,ISR,2016,19530.22466,9167.559201,4916.584194,13243.75011,32113.02869,79496.10029
Israel,ISR,2017,19542.2643,8790.105655,4890.97084,13316.13006,32016.16026,77985.12906
Israel,ISR,2018,19688.57285,8517.034162,4880.23297,13390.64951,32034.78297,78166.88911
Israel,ISR,2019,19702.17284,8106.754205,4821.330729,13361.01966,32048.76995,77746.1309
Italy,ITA,1990,32033.35958,20080.93801,6027.109753,17475.97681,46740.7975,108556.9469
Italy,ITA,1991,32303.31641,19762.85417,6032.080065,17716.35132,46298.83408,107330.4264
Italy,ITA,1992,32206.46469,19132.84751,6033.839102,17743.54384,45486.55667,104978.3004
Italy,ITA,1993,32107.16732,17803.73697,6020.298646,17645.38563,44786.55996,103620.6385
Italy,ITA,1994,32119.79555,16597.40198,5942.788379,17695.99402,44226.90821,102428.8084
Italy,ITA,1995,32051.92539,15836.08182,5892.605785,17737.69219,43536.87429,100992.4857
Italy,ITA,1996,31942.51546,15556.93948,5828.773574,17575.69774,42875.32332,99929.59912
Italy,ITA,1997,31690.86054,14832.17041,5697.71374,17192.66284,41945.36983,99184.32014
Italy,ITA,1998,31644.23735,13945.03197,5584.154019,16971.92034,41309.01474,99099.63831
Italy,ITA,1999,31324.12706,13390.50767,5472.915043,16731.01972,40376.37199,97535.20038
Italy,ITA,2000,30963.94509,12618.39245,5431.66722,16583.08937,39442.67531,95517.75997
Italy,ITA,2001,30730.67818,12359.80717,5378.616389,16437.85154,38712.96306,93925.95756
Italy,ITA,2002,30567.16967,11778.62932,5357.805632,16251.38901,38115.95915,93342.28158
Italy,ITA,2003,30539.59747,11242.72872,5282.698036,16109.49742,37867.61703,93308.26229
Italy,ITA,2004,29927.17006,10971.99457,5208.820001,15865.74076,36994.14295,90415.65259
Italy,ITA,2005,29694.98303,10541.55136,5170.866996,15719.45134,36444.34362,89347.16075
Italy,ITA,2006,29473.5743,10349.7218,5132.64195,15612.0506,35877.23332,88101.56838
Italy,ITA,2007,29371.91985,10084.51196,5125.750694,15526.24119,35461.10266,87520.60983
Italy,ITA,2008,29276.84589,9966.50643,5086.906732,15381.42083,35079.83817,86990.84525
Italy,ITA,2009,29190.39229,9791.685604,5100.017951,15265.03691,34761.95149,86132.4587
Italy,ITA,2010,28934.84647,9362.513986,5049.571902,15107.78743,34217.65186,84611.23566
Italy,ITA,2011,28946.08451,9005.94366,5029.265768,15027.85799,33946.0049,84071.91443
Italy,ITA,2012,28951.20949,8773.993369,4976.959942,14941.85456,33678.48406,83736.19986
Italy,ITA,2013,28781.33496,8509.696416,4944.094968,14827.7849,33270.5017,82549.16669
Italy,ITA,2014,28710.98266,8292.814221,4908.888724,14677.65622,32923.83717,81908.97538
Italy,ITA,2015,29100.32772,8198.981975,4901.32685,14665.71405,32936.4391,83118.88704
Italy,ITA,2016,28993.75972,8005.781631,4947.509347,14597.18491,32459.18654,82271.51363
Italy,ITA,2017,29223.20681,7776.968447,4945.322784,14600.16308,32324.84365,81980.73504
Italy,ITA,2018,29620.30987,7624.072656,4942.918089,14681.88803,32229.20551,82486.73592
Italy,ITA,2019,29981.44098,7471.308824,4978.897688,14749.09089,32160.41703,82720.61214
Jamaica,JAM,1990,25311.88866,54716.17995,7555.042054,14485.88956,48358.46338,99004.53469
Jamaica,JAM,1991,24619.99853,53531.0205,7470.219091,14571.48376,45538.41817,92835.64966
Jamaica,JAM,1992,24965.90161,52589.06424,7425.117021,15035.02142,46667.88119,94512.26597
Jamaica,JAM,1993,25170.94674,50640.87234,7387.521932,15220.65016,48036.26588,98050.63943
Jamaica,JAM,1994,25313.43045,48508.34678,7311.15281,15755.8079,48795.08031,99025.98397
Jamaica,JAM,1995,25386.79526,46126.42554,7180.12832,16473.36578,49110.79667,98471.7706
Jamaica,JAM,1996,25599.22681,44334.13217,7042.935899,17435.03428,49040.66803,97457.28749
Jamaica,JAM,1997,25940.78363,42660.07651,6972.589484,18186.63342,49840.22282,98311.65014
Jamaica,JAM,1998,26155.03986,41136.88996,6865.555591,18777.24009,50583.02537,98029.46213
Jamaica,JAM,1999,26643.66785,39893.90149,6800.901192,19592.41877,51571.01906,99812.02348
Jamaica,JAM,2000,26418.29407,38859.19962,6761.206054,19467.10376,50890.75074,100311.0983
Jamaica,JAM,2001,26330.44458,38434.9177,6796.88401,19212.7207,50680.14981,101270.1451
Jamaica,JAM,2002,25395.88117,37709.24458,6765.205112,18330.57829,48295.84721,97874.94794
Jamaica,JAM,2003,24542.77397,36762.83238,6645.316436,17502.94879,46274.38244,95319.19714
Jamaica,JAM,2004,24061.40237,36326.91185,6552.427727,17036.58489,44815.35136,93832.43368
Jamaica,JAM,2005,23476.23201,35642.72729,6280.598617,16609.27451,43264.82381,91120.70729
Jamaica,JAM,2006,23597.37867,35604.83569,6208.864295,16706.35194,43244.88536,90667.04975
Jamaica,JAM,2007,24967.12627,35715.69957,6314.09039,17450.70741,46742.06243,97081.71845
Jamaica,JAM,2008,26398.70841,35612.23403,6590.999207,18392.43666,50010.04295,102397.2398
Jamaica,JAM,2009,27250.88432,35473.86202,6619.253765,18825.63196,51924.33659,106007.29
Jamaica,JAM,2010,25352.00993,35114.16262,6458.520917,17336.91101,46307.15625,98328.04159
Jamaica,JAM,2011,26129.76451,34880.11219,6470.651094,17577.0672,48299.62287,101912.5959
Jamaica,JAM,2012,24942.19948,34734.90451,6323.563485,16701.14607,44693.57608,96298.65205
Jamaica,JAM,2013,24892.38541,34433.06074,6147.113135,16498.26718,44190.15951,96648.72982
Jamaica,JAM,2014,26022.71157,34611.45269,6163.575872,17101.45773,46396.48147,101591.3719
Jamaica,JAM,2015,26295.52401,33265.47565,6142.864415,17247.72078,46897.47205,102535.3919
Jamaica,JAM,2016,26460.81051,32553.24794,6204.9494,17306.65499,47162.46246,101778.8327
Jamaica,JAM,2017,26629.71875,31982.10751,6207.138538,17349.40643,47145.87435,101505.5701
Jamaica,JAM,2018,26806.0966,31498.79128,6200.595177,17388.71532,47050.77545,101488.6715
Jamaica,JAM,2019,27168.74152,31116.10506,6318.31143,17545.34069,47510.66465,101916.3704
Japan,JPN,1990,24485.28727,13251.68097,5382.975128,14548.20734,37629.19548,91909.74861
Japan,JPN,1991,24659.31985,13123.46376,5339.976537,14440.39408,37521.01824,90774.55272
Japan,JPN,1992,24911.88468,13187.37877,5339.504679,14371.69472,37504.82192,89821.04401
Japan,JPN,1993,25094.49536,13122.29802,5336.789705,14302.68021,37369.07721,88572.68828
Japan,JPN,1994,25101.91811,12962.15042,5277.646277,14181.65874,36872.88594,86594.48325
Japan,JPN,1995,25475.63233,12665.97347,5271.971426,14257.4906,37127.07034,86085.03957
Japan,JPN,1996,25322.14478,12035.28684,5148.040518,14199.71871,36660.00038,83053.45566
Japan,JPN,1997,25442.89377,11692.73334,5097.750943,14163.14476,36134.20673,81325.21999
Japan,JPN,1998,25876.68314,11457.76148,5101.639767,14246.06697,36025.08291,80900.90006
Japan,JPN,1999,26164.09337,10922.0879,5023.387009,14191.33473,35733.86083,80471.95103
Japan,JPN,2000,26071.44406,10494.94317,4922.183251,14004.22993,35064.01227,78563.64616
Japan,JPN,2001,26049.24644,10052.44108,4857.292054,13861.17872,34531.30902,77023.39639
Japan,JPN,2002,26109.64653,9750.011873,4823.66225,13747.1344,34112.09463,75977.95042
Japan,JPN,2003,26356.12488,9484.899737,4780.079613,13744.46658,33971.76054,75613.28736
Japan,JPN,2004,26507.49511,9211.75908,4733.154548,13708.58202,33720.83016,75161.60777
Japan,JPN,2005,26823.40527,9037.566401,4708.119927,13707.54339,33637.67825,75380.44319
Japan,JPN,2006,26849.44302,8926.45647,4671.190125,13631.62666,33238.40463,74443.83979
Japan,JPN,2007,26970.7409,8775.548388,4614.658165,13600.97486,33087.86427,73822.05019
Japan,JPN,2008,27098.06461,8628.732855,4585.398717,13597.21977,32886.23929,73395.72526
Japan,JPN,2009,27192.78976,8348.242286,4567.420677,13594.1205,32786.82365,72842.14225
Japan,JPN,2010,27448.6078,8176.126708,4574.362648,13568.60634,32777.31014,72889.36201
Japan,JPN,2011,27982.50421,8218.626929,4686.787825,13652.637,32958.63701,73714.09586
Japan,JPN,2012,27777.30616,7862.633991,4574.17767,13410.88748,32314.83548,72506.62121
Japan,JPN,2013,27842.15999,7635.47541,4543.872213,13319.24164,32025.27792,71973.691
Japan,JPN,2014,27882.84264,7500.532286,4552.506102,13242.99886,31666.28241,71272.19263
Japan,JPN,2015,27905.08899,7308.496095,4521.120574,13124.89463,31293.59127,71092.89232
Japan,JPN,2016,28057.52775,7217.20071,4506.472966,13125.53894,31234.42555,71284.10374
Japan,JPN,2017,28126.62466,7036.464052,4493.417725,13072.80398,30664.74457,70414.04769
Japan,JPN,2018,28403.49317,6945.675218,4512.358592,13095.44044,30185.27503,70170.5514
Japan,JPN,2019,28624.13197,6813.430603,4523.837154,13040.01039,29649.56964,69906.01628
Jordan,JOR,1990,27223.93123,68862.57301,8993.421225,16123.49734,55217.43034,136778.384
Jordan,JOR,1991,26691.63387,66980.73685,8953.575205,15982.54734,54680.81341,135196.4277
Jordan,JOR,1992,26043.46953,64699.4358,8841.364526,15790.22932,54033.87929,132645.7356
Jordan,JOR,1993,25777.02807,62519.53944,8812.736668,15890.88874,55134.75531,134144.6252
Jordan,JOR,1994,25380.808,60304.54004,8767.725501,15918.03075,55313.03399,133156.3107
Jordan,JOR,1995,25056.72738,58415.85878,8718.569317,15872.95848,55786.74712,133237.8277
Jordan,JOR,1996,24876.23434,57129.00547,8702.564215,15888.14369,56114.80292,133269.6904
Jordan,JOR,1997,24535.54904,55725.34721,8659.39683,15770.90189,55590.22936,131498.4916
Jordan,JOR,1998,24218.50416,54249.07607,8613.955778,15668.56787,55083.03789,130059.7918
Jordan,JOR,1999,23869.80634,52496.03433,8564.450242,15559.7806,54421.29764,128584.197
Jordan,JOR,2000,23610.68774,50602.90104,8800.89494,15703.41655,53470.12079,124707.0076
Jordan,JOR,2001,23322.38029,48668.50018,8727.59663,15632.03149,53111.05936,124869.5133
Jordan,JOR,2002,22877.87836,46609.85033,8593.84365,15413.45841,52519.18311,123415.8789
Jordan,JOR,2003,22545.71669,44631.25112,8718.521862,15571.44263,50984.85537,117516.4289
Jordan,JOR,2004,22009.85055,42243.95679,8521.446458,15347.71439,50616.74178,117848.7689
Jordan,JOR,2005,21353.383,39964.27678,8200.268745,14975.70321,50408.06521,120615.3892
Jordan,JOR,2006,20600.63636,38327.63405,7756.233227,14341.00851,49802.50231,119654.2743
Jordan,JOR,2007,20010.10196,37390.12111,7460.777784,14104.09229,47669.5819,110859.8218
Jordan,JOR,2008,19525.40979,36467.34809,7142.050043,14067.73519,45205.5394,103376.0167
Jordan,JOR,2009,19014.69492,35400.28122,6690.325009,13823.94784,43631.02686,99972.48994
Jordan,JOR,2010,18609.65974,34161.83121,6304.497394,13713.21196,42166.96907,97778.3201
Jordan,JOR,2011,18372.30236,33101.66295,6230.270981,13677.13882,41012.08651,96605.75606
Jordan,JOR,2012,18081.42239,31937.52137,6186.184484,13622.96015,39870.12371,95005.52232
Jordan,JOR,2013,17860.13879,31083.04969,6271.230552,13545.80679,38792.7757,93165.53975
Jordan,JOR,2014,17889.38396,31245.07594,6336.000203,13520.2495,38312.0492,92750.76439
Jordan,JOR,2015,17881.22538,31186.41857,6291.178732,13501.90567,37820.51735,92563.8442
Jordan,JOR,2016,18137.5526,31875.11764,6405.196851,13642.20073,37684.36923,92841.82429
Jordan,JOR,2017,18254.33205,31983.99838,6510.372239,13643.02935,37499.21184,92894.71423
Jordan,JOR,2018,18769.75388,31164.68311,6823.214952,14322.41613,37688.64866,93676.5771
Jordan,JOR,2019,18386.87536,29917.44256,6499.405705,13746.6381,37440.58243,93607.13577
Kazakhstan,KAZ,1990,37185.4915,69913.57553,9197.787261,24053.95334,71890.2312,133062.4488
Kazakhstan,KAZ,1991,37874.10252,68521.20665,9346.866724,24754.21397,73877.08031,138061.3701
Kazakhstan,KAZ,1992,39220.20545,69044.5144,9330.806078,26064.00349,77257.07588,144736.6059
Kazakhstan,KAZ,1993,41059.0134,69297.84101,9126.123469,27541.96519,83737.05316,154696.3018
Kazakhstan,KAZ,1994,42614.62277,69658.5025,9031.324235,29076.51233,89592.97779,161759.7952
Kazakhstan,KAZ,1995,44352.23384,69456.28603,9018.211363,31364.22829,95558.42947,164198.8723
Kazakhstan,KAZ,1996,44706.40702,68460.46655,8882.44695,32518.04773,97361.80639,161756.4026
Kazakhstan,KAZ,1997,44292.0219,68018.61657,8887.663498,32526.98984,95727.58019,158691.4888
Kazakhstan,KAZ,1998,43532.44911,66890.30693,9023.422288,32053.28105,92762.70966,155517.8273
Kazakhstan,KAZ,1999,43075.9829,66689.88166,9111.660312,31775.08185,90145.25277,152635.6615
Kazakhstan,KAZ,2000,43721.47169,66531.96297,9134.787555,32634.17054,90504.6007,151524.2114
Kazakhstan,KAZ,2001,43991.55615,66024.71936,9131.083709,32840.80277,90721.19254,150137.981
Kazakhstan,KAZ,2002,44188.80034,64605.30141,9049.939957,32687.47262,91462.68775,152284.1238
Kazakhstan,KAZ,2003,44767.74436,62750.64639,8914.029019,33107.4774,92588.05593,154992.0759
Kazakhstan,KAZ,2004,45161.93301,60879.42959,8822.614308,33918.53106,92015.36228,154054.3498
Kazakhstan,KAZ,2005,45535.65091,58617.81769,8751.907539,34460.07509,91518.94977,155078.6268
Kazakhstan,KAZ,2006,45324.63677,55879.48376,8739.787077,34437.57775,89259.57364,155714.5577
Kazakhstan,KAZ,2007,44320.57535,52878.16496,8382.31413,33501.95561,85911.94682,155037.307
Kazakhstan,KAZ,2008,42192.73449,50699.80041,7674.502943,31147.06877,81007.10497,151754.4235
Kazakhstan,KAZ,2009,40258.35034,47900.61703,7386.698504,29009.54627,77054.71826,147221.1007
Kazakhstan,KAZ,2010,39583.52763,44767.18949,7327.536933,28244.2801,75833.24662,146009.8581
Kazakhstan,KAZ,2011,38529.71094,40728.75723,7027.041259,27397.77132,73881.66652,144490.6396
Kazakhstan,KAZ,2012,37492.65226,37507.45621,6973.571247,26636.93044,71825.60476,142528.6402
Kazakhstan,KAZ,2013,35890.36428,34400.60736,6912.241761,25476.33423,68706.31564,139053.4402
Kazakhstan,KAZ,2014,34485.59537,31651.26554,6887.367391,24336.95303,66609.004,137653.9975
Kazakhstan,KAZ,2015,33440.74496,29413.66811,6879.652675,23449.91963,65370.79655,137829.3882
Kazakhstan,KAZ,2016,32544.43121,27380.94183,6746.389507,22632.82218,64446.60377,138904.672
Kazakhstan,KAZ,2017,31728.27269,25744.64927,6607.736132,22052.24125,63002.3144,137752.6177
Kazakhstan,KAZ,2018,31607.65934,25012.91062,6538.116435,22197.34878,62822.60654,135334.0005
Kazakhstan,KAZ,2019,31424.17342,24097.47424,6428.383857,22629.40501,61897.30282,130800.8145
Kenya,KEN,1990,59697.12751,193013.8441,12253.28573,29857.99338,72424.88943,144069.1105
Kenya,KEN,1991,60890.02527,193150.3222,12086.01931,33197.03043,74819.77783,144476.889
Kenya,KEN,1992,62622.14333,194530.108,11962.54675,37043.70835,77977.29597,145229.0211
Kenya,KEN,1993,64259.27117,194663.3356,11842.53385,41062.81245,81365.7359,145638.0794
Kenya,KEN,1994,66022.15662,195318.7467,11902.83155,44847.46453,84941.40223,146139.8676
Kenya,KEN,1995,67007.26188,192994.4068,11789.05596,48070.70606,88025.38406,146092.1457
Kenya,KEN,1996,67961.62708,190152.0211,11911.45906,51040.49714,91202.57498,146339.0669
Kenya,KEN,1997,68961.265,187496.5034,12307.41317,53659.90853,94457.95538,147145.5962
Kenya,KEN,1998,69223.97122,182843.4883,12625.13941,55398.52328,97273.40938,148048.6165
Kenya,KEN,1999,68839.52009,177118.3307,12935.63715,56256.29302,98950.06831,148124.5222
Kenya,KEN,2000,67883.56293,168776.6406,13231.5876,56822.96821,100720.383,148559.0181
Kenya,KEN,2001,66782.53949,162245.6048,13537.24167,56470.36226,101828.6519,148806.4045
Kenya,KEN,2002,65670.30496,155821.6769,13894.71551,56009.89273,103120.2359,149567.9293
Kenya,KEN,2003,64396.03284,149270.3889,14226.75777,55346.31123,104189.2967,150219.9304
Kenya,KEN,2004,62509.9397,142923.1441,14338.12969,53751.98877,103698.0505,149977.7045
Kenya,KEN,2005,60118.67884,136778.8313,14317.59503,51371.51605,101839.6803,149254.311
Kenya,KEN,2006,57447.27334,131233.6951,14346.21634,48367.15538,98965.81094,148174.4116
Kenya,KEN,2007,54546.50028,124893.8414,14021.24307,45412.3559,95795.14965,147108.7925
Kenya,KEN,2008,52205.13991,119258.6535,13682.07853,43319.77959,93061.83064,146084.6092
Kenya,KEN,2009,49663.6427,114889.9875,13119.74603,40514.83837,90237.94645,145057.901
Kenya,KEN,2010,47516.17574,110215.2149,12712.99972,38467.375,87653.53713,143941.2298
Kenya,KEN,2011,45612.66145,106001.9203,12406.74783,36624.26477,85476.37474,142709.96
Kenya,KEN,2012,43939.26905,102409.7863,11922.43822,35078.35293,83585.74118,141585.8452
Kenya,KEN,2013,42594.17838,98814.96242,11468.17659,34099.11888,82007.436,140412.0013
Kenya,KEN,2014,41223.72328,95173.64513,11148.95859,32946.9939,80500.49003,139313.4425
Kenya,KEN,2015,39699.15611,91425.40088,10825.59813,31535.27061,78575.95618,138279.016
Kenya,KEN,2016,38179.3089,87688.62339,10522.1418,30078.41672,76677.3522,137251.7295
Kenya,KEN,2017,36938.38479,83770.27116,10249.88878,29094.44247,75180.80966,136509.6967
Kenya,KEN,2018,35914.6642,79953.02877,9993.224603,28373.25959,74101.21953,135892.1273
Kenya,KEN,2019,35200.67765,77318.73221,9737.257632,27860.55972,73150.91472,135251.935
Kiribati,KIR,1990,69025.13785,156457.1733,14621.43042,48057.4505,147261.2323,214762.0617
Kiribati,KIR,1991,68525.4966,151861.8266,14969.07688,48392.39978,147278.3003,215194.8203
Kiribati,KIR,1992,67582.71689,147205.4348,14388.88979,48521.18805,147116.7683,215400.1698
Kiribati,KIR,1993,66482.85086,142394.3307,14266.47099,48374.01829,146805.3308,215548.9036
Kiribati,KIR,1994,65002.77297,136867.061,14046.62545,48322.03948,144547.4309,213916.2928
Kiribati,KIR,1995,63834.87899,133184.5452,14211.65311,48071.59198,142791.3482,212742.2037
Kiribati,KIR,1996,62335.18361,129627.0575,13707.56104,47264.72924,141344.6996,211852.8708
Kiribati,KIR,1997,61488.41809,126840.9871,13536.61076,47070.27674,140613.623,211795.222
Kiribati,KIR,1998,60541.46248,123689.3853,13332.52167,46786.23334,139189.3485,211132.6822
Kiribati,KIR,1999,59792.48066,120864.4385,13158.93989,46667.34593,138230.6538,210916.6967
Kiribati,KIR,2000,58915.12233,118201.0875,12995.29427,46375.03934,136592.903,209977.2519
Kiribati,KIR,2001,58047.53342,115538.0279,12832.33437,45891.74928,134800.2677,208836.2896
Kiribati,KIR,2002,57154.47997,112643.5669,12654.25466,45408.31946,133199.357,207755.1723
Kiribati,KIR,2003,56327.29728,110115.9094,12482.90298,44907.56843,131692.1166,206683.8281
Kiribati,KIR,2004,55599.73748,107906.3055,12326.1422,44434.28712,130201.4172,205848.8653
Kiribati,KIR,2005,54827.45507,104986.2002,12150.48312,43960.35123,128669.2386,204989.3389
Kiribati,KIR,2006,54248.35157,102298.4722,11997.80176,43553.71915,127553.4554,204124.514
Kiribati,KIR,2007,53651.41357,98993.92788,11830.43816,43164.02832,126407.6133,203228.1619
Kiribati,KIR,2008,53158.51583,95832.16696,11675.29389,42831.18814,125394.929,202442.4255
Kiribati,KIR,2009,52679.93511,92724.60613,11529.14838,42499.81827,124254.4346,201656.5297
Kiribati,KIR,2010,52193.09227,89894.04601,11393.40637,42128.46002,122861.8468,200639.5248
Kiribati,KIR,2011,51763.47697,87213.73881,11267.30351,41781.17824,121730.1664,199584.6574
Kiribati,KIR,2012,51296.64946,83931.76681,11123.06785,41490.06051,120830.9913,198618.1252
Kiribati,KIR,2013,50760.43117,80547.04255,10965.75447,41161.23383,119874.815,197435.4177
Kiribati,KIR,2014,50298.80545,77697.30088,10832.20233,40871.56421,119107.0783,196398.6139
Kiribati,KIR,2015,49799.47084,75074.97951,10702.12263,40538.41775,118245.3669,195261.1351
Kiribati,KIR,2016,49343.0779,72581.63198,10584.07831,40248.11257,117602.8466,194182.692
Kiribati,KIR,2017,48842.51773,69875.30203,10451.85421,39977.59951,117010.1926,193118.6071
Kiribati,KIR,2018,52130.94421,69123.25732,12023.64459,45089.68685,119962.6851,193852.5197
Kiribati,KIR,2019,47973.74159,65442.48644,10188.39719,39597.86904,116260.9899,191227.1296
Kuwait,KWT,1990,23060.55758,40525.35737,10078.59133,20156.13576,44080.70205,96266.26981
Kuwait,KWT,1991,23609.3654,40428.05787,9263.455839,19251.34477,53238.6064,126338.6651
Kuwait,KWT,1992,17584.40574,31454.55269,7417.697395,14505.03772,37133.9756,81166.63965
Kuwait,KWT,1993,17529.95289,27987.14913,6927.114679,14977.96093,37855.26969,81878.63827
Kuwait,KWT,1994,18623.14642,33281.98116,7222.750791,15277.40418,39903.16626,84934.04564
Kuwait,KWT,1995,18507.14948,28889.57494,7022.706079,15468.58643,41844.60395,88049.35674
Kuwait,KWT,1996,17862.11817,26044.67925,6717.502566,14986.8767,41472.43096,86969.13047
Kuwait,KWT,1997,18666.96269,28176.71118,6881.363701,15260.88854,43505.22889,91666.88457
Kuwait,KWT,1998,17993.41328,24252.23831,6667.079398,14906.50315,40679.32824,88630.61644
Kuwait,KWT,1999,18577.75447,24575.48904,6768.92689,15283.82803,43464.09335,91802.71626
Kuwait,KWT,2000,18487.30513,24968.8501,6748.937691,15250.61359,43008.63627,90297.33992
Kuwait,KWT,2001,17575.03566,22387.42175,6450.310597,14739.85871,39822.64249,84954.90396
Kuwait,KWT,2002,18246.01933,25253.27134,6658.867722,14923.52042,41296.71473,87330.44103
Kuwait,KWT,2003,18157.39206,25400.08321,6657.905058,14753.74489,40809.2523,85727.83766
Kuwait,KWT,2004,18218.94204,24784.32637,6574.156956,14890.60675,39962.98433,87433.96649
Kuwait,KWT,2005,18204.85609,23887.76775,6512.428528,14982.76991,39248.83222,88808.63419
Kuwait,KWT,2006,18169.67546,23553.31703,6519.303333,14938.95177,39016.19137,89159.3412
Kuwait,KWT,2007,17961.46451,23508.064,6478.640515,14735.46106,37891.38397,88869.943
Kuwait,KWT,2008,18596.68613,24760.52467,6491.032949,15071.9684,39600.21427,95916.44733
Kuwait,KWT,2009,18298.21622,26776.29611,6597.18033,14698.06658,37432.05067,93907.85198
Kuwait,KWT,2010,17179.05811,24081.1892,6256.655354,14086.82908,34065.2418,87845.39908
Kuwait,KWT,2011,16640.10558,22057.17832,6089.46409,13827.22457,32123.68105,83852.12705
Kuwait,KWT,2012,16621.23629,21090.51177,6027.686668,13882.94361,32286.20259,84957.9905
Kuwait,KWT,2013,16502.45689,20934.26156,5997.649279,13800.70913,31877.12733,83656.01208
Kuwait,KWT,2014,16489.55923,21678.8023,6024.802316,13758.53072,31304.78705,82946.33405
Kuwait,KWT,2015,16749.35592,22832.54709,6101.468052,13947.87284,31286.20092,83060.16299
Kuwait,KWT,2016,16679.30114,20888.16496,5977.578549,13946.65084,31307.6381,84305.6763
Kuwait,KWT,2017,16807.66777,20253.23162,5958.19256,14052.47801,31289.79625,83917.7751
Kuwait,KWT,2018,16969.79423,19633.62699,5933.663084,14157.26031,31031.4114,82305.69221
Kuwait,KWT,2019,17159.28824,19247.81694,5900.067192,14266.75058,31286.85801,83563.48669
Kyrgyzstan,KGZ,1990,40712.97092,104207.6281,9947.500043,23286.47882,69537.20642,122444.9198
Kyrgyzstan,KGZ,1991,39939.0247,98875.47009,9543.004622,23380.39035,71398.42991,122674.3253
Kyrgyzstan,KGZ,1992,39243.82785,94532.71105,9299.543862,23399.37177,73299.73182,125322.4909
Kyrgyzstan,KGZ,1993,39368.04862,90410.51111,9087.194408,24333.78339,78088.37568,130301.2611
Kyrgyzstan,KGZ,1994,40056.62886,87433.37021,9313.041776,25862.24776,84685.29419,134355.6798
Kyrgyzstan,KGZ,1995,39313.15125,84430.0126,9051.243389,26269.43381,86455.3624,131854.9346
Kyrgyzstan,KGZ,1996,37818.47134,82516.111,9102.71928,25556.6077,83911.95694,128320.4047
Kyrgyzstan,KGZ,1997,36688.32364,81223.52877,9006.394538,24831.55872,81526.08712,127678.9018
Kyrgyzstan,KGZ,1998,35741.00553,79010.8035,8852.140248,24273.0749,80189.7434,127503.7904
Kyrgyzstan,KGZ,1999,34806.92131,77242.21719,8659.097464,23843.76175,77958.94848,125030.6754
Kyrgyzstan,KGZ,2000,34956.62333,75614.78891,8642.686188,24213.25327,77162.41224,134190.5843
Kyrgyzstan,KGZ,2001,34455.12879,74514.92421,8399.663104,23769.12326,75712.32447,137521.4465
Kyrgyzstan,KGZ,2002,34385.55358,74554.98489,8254.109623,23568.80109,76351.36772,140494.1023
Kyrgyzstan,KGZ,2003,34402.90739,74227.35691,7914.955856,23494.79061,77372.8494,142299.1877
Kyrgyzstan,KGZ,2004,33858.60538,74520.74855,7328.187686,23109.29753,75246.93771,140950.0436
Kyrgyzstan,KGZ,2005,33962.17107,74729.37836,7016.181568,23161.78489,74359.93133,143809.9489
Kyrgyzstan,KGZ,2006,34352.72142,74024.93857,7052.330965,23418.10151,74507.3427,146853.2424
Kyrgyzstan,KGZ,2007,33809.11806,71216.51649,6998.754433,22972.57393,72306.55638,145514.9151
Kyrgyzstan,KGZ,2008,32687.64787,64762.73892,7025.216293,22375.93283,68478.36437,144653.9281
Kyrgyzstan,KGZ,2009,31308.38019,60069.49358,6809.048142,21475.56656,63976.01476,139216.4385
Kyrgyzstan,KGZ,2010,31007.68095,56046.9458,6954.269979,21658.28846,62626.48593,135049.1207
Kyrgyzstan,KGZ,2011,29824.66042,50656.44493,6677.738125,20674.94386,61482.30582,131258.4998
Kyrgyzstan,KGZ,2012,29176.3366,48021.84305,6711.771879,20209.28078,59914.01728,127935.1946
Kyrgyzstan,KGZ,2013,28655.64421,47110.29455,6736.269645,19785.71451,58560.49791,123406.3095
Kyrgyzstan,KGZ,2014,28076.22089,45410.38321,6709.061886,19355.34612,57088.51925,123864.2102
Kyrgyzstan,KGZ,2015,27402.3215,42371.21046,6684.868174,18886.88033,55986.98619,128212.6454
Kyrgyzstan,KGZ,2016,26047.03724,38346.46916,6606.927716,18058.91581,53803.02975,126199.4033
Kyrgyzstan,KGZ,2017,25562.62199,35187.86215,6568.061579,18007.49438,53687.56098,125178.4636
Kyrgyzstan,KGZ,2018,25358.57836,34276.73904,6335.281834,18257.63798,53308.60839,120690.7983
Kyrgyzstan,KGZ,2019,25262.56659,33218.09534,6254.566185,18394.20001,53425.75602,118422.3865
Laos,LAO,1990,94604.48495,352367.4333,22822.15973,35776.84454,105589.1952,178885.6561
Laos,LAO,1991,90962.71506,337235.9688,21921.69309,34668.69654,104130.2538,177767.2007
Laos,LAO,1992,88197.09351,324585.6924,21484.22508,34251.90828,103008.5885,177049.8559
Laos,LAO,1993,85642.39349,314746.4284,20876.48159,33618.76282,101610.6389,176031.2028
Laos,LAO,1994,83318.80335,306238.4104,20378.44037,33105.37146,100349.0828,175199.1226
Laos,LAO,1995,79885.59161,291327.4757,19788.07377,32616.61642,98941.61376,174104.6364
Laos,LAO,1996,77192.82425,280969.5521,19271.98439,32114.92251,97595.37311,172883.8503
Laos,LAO,1997,74249.67,269674.9311,18636.75244,31517.51997,96108.74221,171483.3203
Laos,LAO,1998,71545.02218,259318.8469,18110.31434,31016.78286,94632.54168,170152.5272
Laos,LAO,1999,68728.14204,248820.306,17553.48035,30377.55318,92848.719,168661.8412
Laos,LAO,2000,66130.56387,238815.8089,17095.23248,29845.69937,90896.37146,167383.9214
Laos,LAO,2001,63286.91259,227501.779,16560.27575,29250.69122,89262.02883,165962.0738
Laos,LAO,2002,60301.88319,216512.939,15979.9642,28450.68818,86545.54145,163307.5803
Laos,LAO,2003,57580.7793,205716.7293,15480.88486,27848.8158,84527.54137,161290.3049
Laos,LAO,2004,54947.71141,195142.901,14972.09105,27227.85509,82493.2412,159156.3177
Laos,LAO,2005,52642.71412,185391.8559,14516.02759,26708.58758,80943.90999,157354.2991
Laos,LAO,2006,50565.24264,176020.3214,14116.38541,26299.2912,79415.24104,155661.747
Laos,LAO,2007,48322.12172,166247.3715,13589.07841,25611.37416,77480.91172,153539.7847
Laos,LAO,2008,46319.85627,156770.0609,13133.79516,25066.24619,75638.18216,151552.119
Laos,LAO,2009,44385.25057,147367.0992,12669.71237,24505.20599,73654.29801,149380.73
Laos,LAO,2010,42521.62394,138220.6355,12132.25996,23895.58583,71840.74203,147339.4084
Laos,LAO,2011,40862.32194,129895.1487,11656.98988,23340.4951,70024.68663,145201.2945
Laos,LAO,2012,39376.83868,121689.858,11197.25371,22852.04122,68781.78636,143446.9932
Laos,LAO,2013,38281.54147,114617.8007,11014.81014,22594.68359,67709.71828,141939.3922
Laos,LAO,2014,36955.13787,106918.6692,10466.90729,22128.19992,66633.64728,140619.8608
Laos,LAO,2015,36031.90527,100708.6228,10137.87971,21856.40507,65965.18162,139860.7554
Laos,LAO,2016,35197.16574,95469.80067,9839.945926,21539.92422,65201.03547,138967.9009
Laos,LAO,2017,34436.80522,90474.43182,9543.267839,21253.61258,64605.44401,138737.8005
Laos,LAO,2018,33851.88646,85894.20606,9341.674886,21073.64481,64334.6766,139061.1723
Laos,LAO,2019,33176.01239,81903.1159,8818.968113,20667.06753,64195.78672,139560.1813
Latin America & Caribbean (WB),,1990,36832.90679,105428.3214,9861.670603,23253.04481,58351.59113,114551.9032
Latin America & Caribbean (WB),,1991,36067.51509,101173.1833,9704.9501,23214.09298,57594.6111,112651.3787
Latin America & Caribbean (WB),,1992,35213.45332,96103.07839,9406.486728,23050.00129,57268.12516,112019.4204
Latin America & Caribbean (WB),,1993,34655.30897,91966.76088,9228.739833,23085.80829,57136.87952,111856.1045
Latin America & Caribbean (WB),,1994,34001.22321,87937.91244,9068.909063,23067.02822,56456.4031,110275.4946
Latin America & Caribbean (WB),,1995,33402.96775,84431.62859,8914.496659,22940.90349,55891.41832,109183.3857
Latin America & Caribbean (WB),,1996,32800.15754,80952.77825,8800.763515,22765.06174,55240.92551,107908.3113
Latin America & Caribbean (WB),,1997,32166.34093,77537.51469,8676.841592,22559.03809,54338.55333,106181.4019
Latin America & Caribbean (WB),,1998,32025.3859,75111.81365,8848.238337,22674.33166,54172.79127,105873.3893
Latin America & Caribbean (WB),,1999,31615.96176,71889.15529,8854.026969,22640.54964,53562.66065,104767.5822
Latin America & Caribbean (WB),,2000,30803.10237,68760.67336,8348.597265,22168.99679,52535.81681,102931.5832
Latin America & Caribbean (WB),,2001,30457.6917,66364.50209,8284.636581,22040.20231,51956.62485,102145.9477
Latin America & Caribbean (WB),,2002,30314.7152,64266.85852,8213.734942,22072.5367,51800.25742,102224.1741
Latin America & Caribbean (WB),,2003,29999.76211,62650.14924,8112.522376,21744.41443,51404.18595,102147.2646
Latin America & Caribbean (WB),,2004,29697.6883,60626.88435,8111.969826,21583.06103,50770.34432,101171.6436
Latin America & Caribbean (WB),,2005,29294.05024,58461.01104,7985.129061,21319.25112,50065.18567,99874.30447
Latin America & Caribbean (WB),,2006,29056.45622,56545.33487,7936.85812,21185.98445,49570.47638,98868.86097
Latin America & Caribbean (WB),,2007,28877.9901,54922.28388,7891.97085,21056.67535,49090.80297,98129.39951
Latin America & Caribbean (WB),,2008,28863.78985,53205.72491,7860.045843,21115.65686,48946.77253,97674.25593
Latin America & Caribbean (WB),,2009,28932.97199,51635.27931,7819.875467,21211.23815,48876.91568,97973.09245
Latin America & Caribbean (WB),,2010,31049.48591,54145.98747,10733.09432,23262.89923,49284.42031,98388.67879
Latin America & Caribbean (WB),,2011,28650.13279,48964.02315,7677.362681,20940.1276,47723.91462,96857.52588
Latin America & Caribbean (WB),,2012,28502.13411,46494.36649,7559.79938,20941.03955,47417.7699,96113.59906
Latin America & Caribbean (WB),,2013,28481.68973,44978.15825,7466.887551,20899.0084,47295.74071,96050.70143
Latin America & Caribbean (WB),,2014,28337.50176,43093.38397,7354.299812,20796.02307,46957.44815,95548.75639
Latin America & Caribbean (WB),,2015,28271.41843,41312.15051,7253.227043,20727.81873,46836.67201,95320.48348
Latin America & Caribbean (WB),,2016,28340.91771,39822.0529,7209.067253,20685.11705,47116.91377,95413.04991
Latin America & Caribbean (WB),,2017,28372.3056,38339.09498,7181.461763,20722.93213,46987.70012,95023.79096
Latin America & Caribbean (WB),,2018,28295.29662,36999.00496,7096.456708,20632.38014,46676.48299,94350.55459
Latin America & Caribbean (WB),,2019,28277.09701,35925.21226,7033.304272,20473.38417,46590.60346,94148.5552
Latvia,LVA,1990,43264.45103,31154.87313,8084.985558,27363.02983,70509.83317,137167.3493
Latvia,LVA,1991,44095.6036,32761.79442,8020.433023,28300.46702,71989.5003,135655.8231
Latvia,LVA,1992,45634.36357,33078.86199,7804.635239,29720.55267,75135.29709,135830.2868
Latvia,LVA,1993,50191.15612,31536.201,7666.700034,33506.47184,84680.07237,142744.8747
Latvia,LVA,1994,53704.28897,30022.69368,7548.20092,36285.63228,92533.31105,147404.1899
Latvia,LVA,1995,51136.1802,30205.59676,7172.899266,34206.72752,87574.50773,141525.4876
Latvia,LVA,1996,45676.38985,29192.51037,6716.443443,29892.64541,76855.47281,130090.6156
Latvia,LVA,1997,44505.71479,28708.40526,6786.297653,28484.90791,74412.56533,127975.8459
Latvia,LVA,1998,46076.80838,29105.39312,6517.410725,29142.5909,77382.67336,130287.1091
Latvia,LVA,1999,44638.7943,27788.44429,6339.004266,27865.51125,74079.92892,125642.6777
Latvia,LVA,2000,44006.28372,26877.47874,6297.078503,27102.68877,72369.51116,122511.4248
Latvia,LVA,2001,45685.14456,26429.64735,6202.075354,27760.3928,75115.05969,125441.59
Latvia,LVA,2002,45238.58828,25530.58141,5996.60133,26974.36084,74021.91283,123505.0332
Latvia,LVA,2003,44655.21553,24302.85743,5874.828307,25893.65726,72360.93418,123118.0461
Latvia,LVA,2004,44359.05546,22629.92732,5944.464538,25476.20246,71243.31745,121694.7907
Latvia,LVA,2005,45661.54647,21469.00089,6018.385027,25974.48123,73404.06807,123617.6873
Latvia,LVA,2006,47282.39207,21177.49579,5953.524228,26546.46798,75848.67052,126925.3918
Latvia,LVA,2007,46469.52301,20920.81296,5848.6454,25792.08109,73646.92203,124314.3002
Latvia,LVA,2008,44029.42699,18763.99379,5692.492698,24044.19901,68361.31726,118647.6653
Latvia,LVA,2009,42603.02118,17014.83027,5677.595291,22820.20904,65026.74986,115031.6556
Latvia,LVA,2010,42293.10935,15011.23455,5484.692546,22414.63637,63810.62403,113337.1474
Latvia,LVA,2011,41454.96205,14756.13169,5072.604452,21573.29499,61509.31397,111098.4971
Latvia,LVA,2012,41216.44163,14236.40529,4876.892514,21302.27613,60204.4351,109784.389
Latvia,LVA,2013,41796.7436,13260.98994,4907.598761,21657.80407,60249.07663,110712.0761
Latvia,LVA,2014,41102.93152,12402.52176,4861.140355,21310.60335,58742.75673,108413.9506
Latvia,LVA,2015,40582.68019,11707.27058,4767.28719,21022.41931,57441.37673,107218.2039
Latvia,LVA,2016,39654.67001,10405.56977,4668.37316,20554.91914,55343.35831,105858.1293
Latvia,LVA,2017,39768.45494,10334.23539,4739.471392,20794.71249,54991.16381,105691.0731
Latvia,LVA,2018,39976.04821,9908.212145,4749.297985,20922.73864,54905.05756,105875.8109
Latvia,LVA,2019,40152.52664,9574.07371,4729.826446,21083.26933,54663.16027,105786.9716
Lebanon,LBN,1990,36639.3634,68738.38072,10480.3481,26184.60353,59397.86895,134338.7308
Lebanon,LBN,1991,32268.63231,63311.1844,8768.306164,20029.85531,57284.00533,131382.5835
Lebanon,LBN,1992,31770.14105,60759.10982,8663.438256,20016.76126,56724.33428,129305.405
Lebanon,LBN,1993,31116.79032,58483.89768,8364.726956,19649.03911,56050.54052,127116.1751
Lebanon,LBN,1994,30386.71802,55543.36095,8145.21388,19429.81615,54834.83225,124189.0995
Lebanon,LBN,1995,29582.93949,52657.42035,7865.13593,18981.39094,53648.13164,121592.1393
Lebanon,LBN,1996,29161.16922,50294.13872,7762.484797,18933.71908,52672.3159,119625.9564
Lebanon,LBN,1997,28409.51773,47678.65842,7357.629969,18295.85173,51746.48637,118015.3461
Lebanon,LBN,1998,27929.57244,45914.62643,7136.380989,17888.01129,50856.89787,116604.142
Lebanon,LBN,1999,27548.14846,44525.78012,6980.917685,17538.14543,49942.66957,115305.735
Lebanon,LBN,2000,27294.81288,43248.43439,6839.084464,17252.12358,49430.5553,114356.0667
Lebanon,LBN,2001,27053.29757,41757.25385,6674.447172,16834.28818,48873.03198,113917.4745
Lebanon,LBN,2002,26994.33205,40480.5598,6589.28368,16646.12607,48514.26785,113761.6601
Lebanon,LBN,2003,27089.31709,39268.99272,6550.278241,16617.40505,48492.05819,114024.456
Lebanon,LBN,2004,27122.6201,37940.03994,6447.545403,16483.49746,48531.91863,114714.6899
Lebanon,LBN,2005,27289.15985,36810.29967,6423.110706,16521.62361,48775.49146,115499.1686
Lebanon,LBN,2006,28611.2158,37224.95744,7290.798461,18055.35974,49457.61461,116476.5781
Lebanon,LBN,2007,27649.03231,34316.01756,6374.859085,16633.59989,49455.45143,117057.1466
Lebanon,LBN,2008,28011.72662,33167.27761,6472.331788,16985.37818,49609.3404,117648.3302
Lebanon,LBN,2009,27905.52588,31395.00443,6282.326822,16755.04946,49452.64904,117945.6143
Lebanon,LBN,2010,27916.92029,30131.24672,6247.012482,16812.21231,49218.67148,118071.8242
Lebanon,LBN,2011,27491.4564,28372.70006,6131.147747,16635.96883,49367.42089,118447.8133
Lebanon,LBN,2012,26799.12783,26344.31052,6074.210281,16622.31402,49339.16236,118347.8749
Lebanon,LBN,2013,26491.32723,25062.6599,6088.817743,16839.02579,49251.01002,118025.0115
Lebanon,LBN,2014,26688.77632,24593.71889,6240.606898,17202.94539,49147.63828,117612.925
Lebanon,LBN,2015,26683.1234,23737.52452,6152.502764,17304.74123,48797.39709,116934.4637
Lebanon,LBN,2016,26647.16593,22882.51821,6155.072303,17380.40209,48536.63835,115844.1312
Lebanon,LBN,2017,26694.91559,21967.77507,6057.985057,17692.59561,48241.39041,114638.8819
Lebanon,LBN,2018,27209.72977,22168.50611,6545.252848,18487.95115,48089.86099,113710.3587
Lebanon,LBN,2019,26096.9587,20120.36346,5713.021805,17159.31769,47509.2998,112658.9569
Lesotho,LSO,1990,58809.666,186225.9114,14382.3315,31235.61157,91240.2447,155213.5799
Lesotho,LSO,1991,58668.75132,185723.7505,13984.49455,32299.38973,91150.96716,154569.2646
Lesotho,LSO,1992,59234.49636,185545.9579,13683.86946,34334.95582,92457.99921,154912.9809
Lesotho,LSO,1993,60426.23557,186571.5167,13351.02314,37175.14183,94202.10672,155332.9862
Lesotho,LSO,1994,62510.84663,188303.0238,13045.52059,41184.02003,97627.12834,156532.7778
Lesotho,LSO,1995,65024.90185,190566.4637,12596.02956,45833.07569,101197.1969,157501.6891
Lesotho,LSO,1996,68305.39722,193621.3721,12256.58666,51375.85842,105863.5962,158475.5187
Lesotho,LSO,1997,72611.24934,197263.8137,12260.37046,58035.80359,112426.5768,160245.2635
Lesotho,LSO,1998,78446.09532,200698.9165,13028.02904,66588.94823,121537.5229,165282.1129
Lesotho,LSO,1999,84054.04301,204111.411,13506.29994,74595.30488,130815.4822,170223.8784
Lesotho,LSO,2000,90002.39035,206480.9376,14217.79786,82855.47942,141762.8464,177020.5484
Lesotho,LSO,2001,94429.7941,207838.3052,14670.75954,89139.80512,149206.2668,180521.865
Lesotho,LSO,2002,99306.18852,209412.8275,15298.38648,95715.69878,158030.5477,185749.1305
Lesotho,LSO,2003,104149.6144,209486.4118,15861.88075,102375.9174,167470.8691,192307.4177
Lesotho,LSO,2004,108126.7395,209810.3687,16523.4283,107638.5581,175125.0394,197137.239
Lesotho,LSO,2005,109608.287,208613.3932,17096.02254,109327.9836,178807.7457,200154.5935
Lesotho,LSO,2006,108308.8811,205791.8923,17662.15244,107108.1817,177868.4766,200612.9822
Lesotho,LSO,2007,104309.055,206483.0056,18524.06833,99897.0178,171632.4537,199903.7614
Lesotho,LSO,2008,99000.10717,199556.9851,18348.04614,92718.62674,164565.1099,199457.4867
Lesotho,LSO,2009,94339.72592,181364.5203,17525.34616,89277.91447,160145.4672,197983.6246
Lesotho,LSO,2010,91382.19878,171458.4495,17562.50462,86185.02422,158259.487,198217.7987
Lesotho,LSO,2011,91225.75145,169600.6572,18263.1647,86047.25286,157901.2912,197731.8879
Lesotho,LSO,2012,92447.15448,166683.9156,18230.18019,88269.22999,161106.4935,199613.2157
Lesotho,LSO,2013,92796.01975,160408.0619,18273.08362,89677.92345,163819.3465,201019.3465
Lesotho,LSO,2014,92679.97128,156208.2415,17900.52726,90269.96121,165148.6221,201247.6911
Lesotho,LSO,2015,90584.98168,150411.9618,17236.45005,88358.20883,163149.197,199605.766
Lesotho,LSO,2016,86105.19826,141513.4604,16881.97231,83404.52096,157034.734,195490.4268
Lesotho,LSO,2017,81998.46582,134556.9595,16543.17713,78656.72031,150994.5092,191176.2478
Lesotho,LSO,2018,79788.74441,128890.126,16093.74962,76419.41941,148112.3361,188521.7034
Lesotho,LSO,2019,78776.93419,126508.5476,15696.42187,75317.85593,146683.2985,186870.6175
Liberia,LBR,1990,141319.4519,587160.5684,30383.11914,48722.48778,91412.46465,164741.286
Liberia,LBR,1991,122464.0631,517046.0203,23005.1434,35711.08835,87458.65639,162137.4256
Liberia,LBR,1992,120032.7378,502456.6983,23090.97752,35300.48229,87478.43914,162734.7711
Liberia,LBR,1993,126671.2374,508172.5841,27633.89237,45165.04276,91639.59716,166029.2785
Liberia,LBR,1994,129744.1686,493828.1215,30595.47675,52911.62362,95447.74566,169216.2904
Liberia,LBR,1995,120782.2822,463702.6534,26994.48521,44349.42679,94024.30176,169027.9622
Liberia,LBR,1996,119460.3138,440306.6425,25542.17824,49658.89756,96912.61992,170893.029
Liberia,LBR,1997,108869.8411,419088.1149,22287.4998,36433.63615,93512.20482,168814.6968
Liberia,LBR,1998,105728.5935,401385.3539,21877.81851,36354.84321,92314.94274,167722.0359
Liberia,LBR,1999,101319.982,378620.7086,21416.08005,36313.26957,90620.71306,165270.5609
Liberia,LBR,2000,96208.71901,355308.5517,20565.9367,36030.00442,89456.8931,162778.1672
Liberia,LBR,2001,92082.99543,335514.1649,20190.62773,36735.38627,87604.52287,160142.0614
Liberia,LBR,2002,91450.62562,318422.5492,22009.01079,42356.0337,87624.83076,159008.9909
Liberia,LBR,2003,89070.61039,299660.1158,22814.29932,45022.27789,87306.02523,158072.0533
Liberia,LBR,2004,76581.39951,264467.0093,18063.82246,35456.4031,83285.09607,154491.7793
Liberia,LBR,2005,71571.41758,239006.8996,17596.16646,34934.67228,82203.11333,153316.8975
Liberia,LBR,2006,67100.94218,216994.2107,17186.49154,34021.28769,81601.21187,152924.1482
Liberia,LBR,2007,63451.17286,199751.2038,16795.59622,33292.54207,80978.84976,152691.4281
Liberia,LBR,2008,60959.93727,189220.5868,16466.46612,32894.37235,80220.99278,151966.5514
Liberia,LBR,2009,58565.49006,180427.968,16154.09714,32174.7875,79456.19474,151648.8048
Liberia,LBR,2010,56287.07023,172290.4532,15920.48331,31452.39386,78331.94779,150654.5061
Liberia,LBR,2011,54639.57774,167785.0566,15660.70999,30964.05822,77223.12807,149191.5748
Liberia,LBR,2012,53056.5641,163782.4772,15392.06469,30567.34254,75880.61132,146854.3123
Liberia,LBR,2013,51151.53538,156800.7933,15181.54453,30296.89957,75184.41215,145534.1361
Liberia,LBR,2014,57755.15991,158441.4268,17660.66063,40767.35674,89770.02295,145677.5557
Liberia,LBR,2015,51206.61845,148813.4984,15837.18918,33959.32846,79286.97161,143170.7417
Liberia,LBR,2016,46499.52981,140681.9385,14646.62485,29387.37219,72446.64512,141064.9495
Liberia,LBR,2017,44420.45196,132187.3793,14380.43089,28672.22294,71391.63666,139953.4473
Liberia,LBR,2018,42622.62558,125368.5104,14077.84608,27894.75889,70244.42334,138148.9348
Liberia,LBR,2019,41250.56384,120040.5985,13801.74183,27353.49004,69541.76712,136870.14
Libya,LBY,1990,31809.75767,89239.92786,9384.313395,18449.61568,48906.76793,108142.7627
Libya,LBY,1991,30611.16586,84581.25767,9198.551626,18209.12617,48443.42301,106520.7292
Libya,LBY,1992,29640.53814,79365.86026,9242.995348,18458.5102,48050.09189,103910.7758
Libya,LBY,1993,28361.11982,74709.28598,8986.394275,17949.55265,47512.12065,102575.7504
Libya,LBY,1994,27400.23019,70512.76624,8862.534729,17834.16393,47108.62986,101289.5293
Libya,LBY,1995,26424.1811,65965.57387,8768.616698,17776.28096,46644.93521,100104.5946
Libya,LBY,1996,28931.01965,64765.47105,10624.61807,22450.67148,47439.94957,99975.8747
Libya,LBY,1997,24915.66405,57887.32971,8483.160489,17761.75144,46736.94221,99994.98944
Libya,LBY,1998,24337.3039,54779.38456,8120.890971,17516.64568,47938.84024,102103.1234
Libya,LBY,1999,23885.90424,52218.79777,7891.861148,17377.61788,48752.29559,102750.4095
Libya,LBY,2000,23644.40838,50151.13583,7833.880183,17531.18698,49082.41042,102703.876
Libya,LBY,2001,23218.73966,47984.53632,7600.29922,17414.48661,48619.51615,103417.3518
Libya,LBY,2002,23057.32891,46221.38541,7470.914703,17580.33646,48256.02542,104519.3164
Libya,LBY,2003,22516.99335,44180.96331,7323.121304,17312.65757,47223.75139,102421.7235
Libya,LBY,2004,21750.54804,41756.82943,7174.101903,16876.37518,45902.67586,96226.42015
Libya,LBY,2005,21264.71821,39500.32712,6851.874643,16631.26637,45646.75633,94630.46107
Libya,LBY,2006,21130.79574,37465.88559,6818.143649,16726.22576,45933.2791,93572.60105
Libya,LBY,2007,21788.97161,35651.47356,6967.738637,17475.14269,48563.00296,96821.42049
Libya,LBY,2008,22229.82564,34485.41488,7171.074971,18233.0273,47552.84119,98473.03838
Libya,LBY,2009,22647.67016,33141.95302,7418.468457,18770.29238,47086.49703,100715.2295
Libya,LBY,2010,22444.28678,32313.86904,7471.864173,18691.407,45193.24216,98736.31406
Libya,LBY,2011,29390.01461,39808.05052,11129.0968,27387.53505,47731.36628,100077.6671
Libya,LBY,2012,22549.3091,28968.91355,7190.002088,19163.58837,44851.69003,97536.53634
Libya,LBY,2013,22451.88433,28036.18506,7180.328722,18862.67765,44680.57955,97703.78407
Libya,LBY,2014,27518.34401,33338.7084,9540.175002,24985.54598,47016.21763,99820.07622
Libya,LBY,2015,26946.78497,30440.40961,8723.659888,24137.06101,47681.36731,100564.8511
Libya,LBY,2016,27814.04758,32310.22816,9468.626493,24604.8288,48188.56332,101692.8086
Libya,LBY,2017,25340.73114,27830.12948,7700.581844,21356.99441,46969.75589,101699.8803
Libya,LBY,2018,25529.70873,26976.58507,7638.920056,21266.95753,46964.8397,102208.5893
Libya,LBY,2019,25346.92024,26327.63506,7566.724709,20560.55651,46817.42877,102460.171
Lithuania,LTU,1990,37970.79497,28126.29381,7079.475215,25081.66097,65075.39726,126594.3168
Lithuania,LTU,1991,39774.21845,31833.94038,7193.765794,26473.95613,68054.09609,128854.8283
Lithuania,LTU,1992,39926.64864,33342.25149,7105.601144,26784.45634,67823.11555,126752.9395
Lithuania,LTU,1993,42899.7305,30786.2351,6990.562549,29237.95885,74301.84843,133369.0097
Lithuania,LTU,1994,44135.36202,28241.46932,6831.711035,30536.95498,77397.74888,133619.7134
Lithuania,LTU,1995,43295.06052,25796.28241,6497.423182,29987.52259,76495.30556,130259.7076
Lithuania,LTU,1996,40968.83059,23400.13136,6212.719097,28151.25971,71624.66853,124983.5369
Lithuania,LTU,1997,39276.89606,22689.74141,6135.388775,26613.47645,67882.18539,121055.3084
Lithuania,LTU,1998,39188.71046,21868.97471,6154.033246,26206.57501,67450.33021,120486.8029
Lithuania,LTU,1999,38673.0245,21128.80755,6104.306715,25616.19221,66079.71744,117076.8259
Lithuania,LTU,2000,38422.17289,20229.9107,5867.030944,25296.24127,65139.02258,114158.4892
Lithuania,LTU,2001,40002.27357,19063.24883,5806.190546,26186.95357,67605.38982,116392.3425
Lithuania,LTU,2002,39919.98033,18489.75238,5761.833708,25782.15721,66689.34075,114956.4666
Lithuania,LTU,2003,40503.62753,18110.83759,5598.280467,25930.41124,67056.37913,114546.9074
Lithuania,LTU,2004,41057.47375,18392.98431,5594.632064,26163.03664,67440.37146,113142.8866
Lithuania,LTU,2005,43324.70549,18047.54495,5741.373788,27427.43049,71161.48725,116204.0662
Lithuania,LTU,2006,44714.08353,17961.51666,5872.751397,28201.28859,72904.34249,116781.5682
Lithuania,LTU,2007,46123.82293,17165.39831,5964.271883,29096.52881,74733.37808,117100.1467
Lithuania,LTU,2008,44756.89891,16116.64077,5832.118048,27449.36804,71411.26859,114622.355
Lithuania,LTU,2009,41755.09907,14927.32947,5483.083008,24875.40341,64972.25743,108568.9118
Lithuania,LTU,2010,41824.87742,13880.07153,5265.312153,24308.94454,64298.97756,108944.2283
Lithuania,LTU,2011,41367.77052,12939.21255,5260.649564,23631.192,62463.11662,107756.6966
Lithuania,LTU,2012,41171.8087,11680.6702,5150.115875,23247.70282,61126.76284,106858.6452
Lithuania,LTU,2013,41540.16334,11271.57496,5021.770454,23280.76524,60553.25577,107431.8224
Lithuania,LTU,2014,40689.56752,11542.80276,5096.285906,22524.99188,58139.62123,105445.2524
Lithuania,LTU,2015,41085.16581,11688.54025,4994.82487,22169.16228,58378.58768,107262.459
Lithuania,LTU,2016,40893.14187,11363.94753,4848.041687,21805.42197,57703.69116,106689.2818
Lithuania,LTU,2017,39046.31338,9963.2126,4790.361476,20649.1269,53917.99299,103377.6024
Lithuania,LTU,2018,39198.88059,9737.503977,4871.585606,20623.78565,53669.72016,103456.4185
Lithuania,LTU,2019,39210.54992,9410.02532,4770.237767,20799.99499,53147.80443,102382.4332
Luxembourg,LUX,1990,33584.24421,19228.79338,6036.339737,19486.2874,50745.77972,118726.9321
Luxembourg,LUX,1991,33331.40533,18302.08644,5974.439363,19547.89602,50213.5107,117754.8143
Luxembourg,LUX,1992,32867.49755,16941.58458,5929.548396,19541.78464,49203.01356,116543.3672
Luxembourg,LUX,1993,32561.71988,15508.14834,5976.006741,19599.77946,48700.91407,115744.2971
Luxembourg,LUX,1994,31968.3453,14140.8837,5787.472087,19483.64254,47965.1583,113498.1236
Luxembourg,LUX,1995,31524.50879,12927.22541,5552.604301,19394.21204,48113.40903,110624.8177
Luxembourg,LUX,1996,31140.61479,12301.58235,5428.068381,19307.80702,48095.33606,108115.7091
Luxembourg,LUX,1997,30508.86889,11730.13583,5396.0188,18882.92547,46784.71054,106723.128
Luxembourg,LUX,1998,30020.38914,11550.74028,5398.350011,18411.55528,45723.92093,105899.003
Luxembourg,LUX,1999,29568.30988,11270.7757,5366.999952,18123.80561,44506.59279,104642.4031
Luxembourg,LUX,2000,29304.69592,10980.04359,5359.897533,17975.23286,43622.98519,103517.5758
Luxembourg,LUX,2001,28742.39471,10851.91138,5330.76108,17683.55372,42450.28182,100463.0793
Luxembourg,LUX,2002,28520.25713,10345.94661,5291.498547,17594.59626,41765.61111,99072.92972
Luxembourg,LUX,2003,28137.00816,9697.76725,5242.540029,17373.14411,40940.46674,97307.33749
Luxembourg,LUX,2004,27879.39753,8924.400172,5088.012546,16992.90204,41029.2977,96218.2112
Luxembourg,LUX,2005,27545.46117,8268.943154,5029.623141,16782.56784,40217.47453,95153.14405
Luxembourg,LUX,2006,27275.24346,7819.348462,5005.925243,16639.17284,39529.68604,94249.46932
Luxembourg,LUX,2007,26799.37277,7524.964674,5104.568199,16289.12546,38537.9393,92709.75379
Luxembourg,LUX,2008,26373.16088,7259.20184,5103.769514,16036.44772,37617.51303,91199.71715
Luxembourg,LUX,2009,26176.87629,7220.050131,5130.778443,15853.75546,37123.07365,90470.20011
Luxembourg,LUX,2010,25976.00664,7320.177292,5141.925663,15697.9901,36483.2663,89598.24926
Luxembourg,LUX,2011,25755.57408,7229.411327,5085.983504,15637.14396,35861.63533,88613.71549
Luxembourg,LUX,2012,25514.41252,7013.442133,5043.287568,15501.35443,35389.4249,87811.79547
Luxembourg,LUX,2013,25287.78437,7138.044298,5035.76814,15363.8566,34816.88216,86956.1082
Luxembourg,LUX,2014,25034.52719,7111.79704,4975.80403,15381.9746,34073.63134,85315.63452
Luxembourg,LUX,2015,24776.87472,7107.31673,4909.768436,15450.61274,33270.2407,83551.84308
Luxembourg,LUX,2016,24414.20544,7232.241831,4905.166225,15320.20505,32582.34537,81563.96766
Luxembourg,LUX,2017,24444.4477,6984.957192,4892.7124,15306.85036,32530.1137,81355.1246
Luxembourg,LUX,2018,24500.89925,6818.710047,4884.305825,15295.27437,32519.3628,81143.60021
Luxembourg,LUX,2019,24610.98164,6672.11772,4879.581751,15305.14402,32558.11273,81095.44927
Madagascar,MDG,1990,89313.00061,306714.8787,27102.00195,35392.01198,87159.9497,158313.476
Madagascar,MDG,1991,87400.86828,298557.1296,26604.10045,35160.32668,86829.99635,157962.7921
Madagascar,MDG,1992,85505.899,290507.9528,26085.14393,34877.9127,86411.93332,157369.7947
Madagascar,MDG,1993,84230.15837,282296.2549,25849.29547,35293.80015,88467.26776,159704.9139
Madagascar,MDG,1994,81731.45526,274187.5393,25135.62717,34291.72605,85595.87845,156197.8029
Madagascar,MDG,1995,77204.67343,265346.7753,18457.95202,30708.24666,91750.14262,169624.2762
Madagascar,MDG,1996,75352.66947,256247.4354,18282.5289,30697.40819,91791.98465,169439.7183
Madagascar,MDG,1997,73548.26655,247062.7351,18206.87155,30815.08353,91639.79543,168861.3092
Madagascar,MDG,1998,71536.43679,237377.6807,17906.84897,30795.35044,91699.35757,168528.2835
Madagascar,MDG,1999,69576.87105,230438.0692,17527.72473,30288.08791,89661.8015,166414.075
Madagascar,MDG,2000,67253.79609,220216.7856,17242.14108,30142.8155,88551.75171,164867.0362
Madagascar,MDG,2001,65221.2589,212449.7493,16859.44158,29787.98956,87036.96908,163178.2078
Madagascar,MDG,2002,63953.66137,205874.4784,16791.89548,30128.85158,87498.12961,163288.7396
Madagascar,MDG,2003,62117.1235,197930.1333,16463.31045,30025.41839,87403.87972,162964.0643
Madagascar,MDG,2004,60495.51271,191519.7572,16278.56564,29855.06272,86229.5066,161709.0902
Madagascar,MDG,2005,58505.49345,185028.9093,15827.01535,29210.20319,84074.14953,159627.3745
Madagascar,MDG,2006,56875.77861,179741.5082,15492.28778,28700.50234,82398.68384,157868.0643
Madagascar,MDG,2007,55374.52054,174740.7088,15212.29781,28253.81513,80864.64065,156187.6776
Madagascar,MDG,2008,54056.40207,169826.4248,14946.06149,27967.37846,80148.61823,155300.5957
Madagascar,MDG,2009,52940.1658,165562.4666,14696.11401,27794.34026,79580.05409,154559.2574
Madagascar,MDG,2010,51697.96491,160683.8378,14486.39466,27534.55716,78928.49586,153798.0224
Madagascar,MDG,2011,50258.93027,154928.1485,14214.15158,27213.31968,78111.15438,152593.0264
Madagascar,MDG,2012,48873.23716,149083.7163,14015.0388,26929.38389,77598.04982,151256.3064
Madagascar,MDG,2013,47549.88744,143402.0059,13809.93829,26726.14119,77016.77236,149753.6204
Madagascar,MDG,2014,46228.57276,137574.7564,13630.20237,26544.81969,76431.1717,148611.3196
Madagascar,MDG,2015,44869.39501,131969.3345,13375.00729,26211.84101,75894.3024,147701.7251
Madagascar,MDG,2016,43601.5728,126597.9759,13110.35934,25951.89074,75364.04054,146445.5692
Madagascar,MDG,2017,42380.28662,121072.9433,12862.85256,25740.47283,74934.06605,145616.2537
Madagascar,MDG,2018,41296.62762,116687.6316,12575.88063,25413.72358,74418.32683,144794.4517
Madagascar,MDG,2019,40186.0016,112130.7786,12177.6735,25070.56403,73817.93782,143691.7531
Malawi,MWI,1990,123639.8956,463263.683,22136.95815,44251.91009,101589.8528,173627.5884
Malawi,MWI,1991,124307.6216,457747.8443,22162.36892,47918.4062,104325.407,173955.9655
Malawi,MWI,1992,125176.1826,453871.7559,21714.7366,51688.94457,107895.6726,174689.5085
Malawi,MWI,1993,128477.6809,461010.4498,21697.70623,57056.62726,112179.6546,175559.6434
Malawi,MWI,1994,131228.4695,462845.1373,21920.67679,63391.8364,117870.1448,177473.4636
Malawi,MWI,1995,130522.5431,446310.4921,22120.22751,67872.11344,122650.512,178656.0729
Malawi,MWI,1996,128297.519,421038.5761,22273.2689,71201.47275,127065.1087,179753.6131
Malawi,MWI,1997,126325.2089,397889.2505,22282.7764,74239.83387,130680.7027,180232.7576
Malawi,MWI,1998,124720.1388,377313.0522,22452.40669,76857.44961,134504.7758,180968.1347
Malawi,MWI,1999,122520.2982,358936.3516,22413.62932,78235.93323,135674.545,179971.2129
Malawi,MWI,2000,118614.377,337191.0702,22098.25887,78616.46232,134845.05,177434.2632
Malawi,MWI,2001,115318.4782,321988.4813,21816.53071,78296.37706,133371.5945,174800.4123
Malawi,MWI,2002,111142.7258,303861.985,21457.67191,77581.75933,132021.4574,172741.6609
Malawi,MWI,2003,106059.489,282323.8923,21075.78456,76539.83963,130634.8311,170433.5791
Malawi,MWI,2004,101435.6785,264416.8963,20712.46322,75048.55724,129398.3406,168494.733
Malawi,MWI,2005,96171.39146,248493.3239,20239.62027,71821.17688,126059.5123,165784.1737
Malawi,MWI,2006,90366.42417,234084.402,19828.60141,67049.61412,121080.2936,163205.8571
Malawi,MWI,2007,84098.32124,219674.9926,19412.06763,61459.40248,115033.4213,160554.7714
Malawi,MWI,2008,77760.90046,206039.5699,19154.30177,55447.05715,108237.1541,157741.4583
Malawi,MWI,2009,72117.4792,193942.1,18623.14935,50407.76749,102171.8229,155003.7409
Malawi,MWI,2010,67080.2564,181441.4688,17540.85799,46862.45744,97733.22944,152605.1813
Malawi,MWI,2011,62226.54618,169585.6849,16380.81614,43336.30794,93582.00416,150320.5738
Malawi,MWI,2012,57489.14898,159586.0595,15598.35317,39042.98172,89154.79809,147896.6737
Malawi,MWI,2013,53641.05468,151149.8559,15107.60469,35675.5959,85645.36586,145969.2726
Malawi,MWI,2014,50692.00418,143215.0112,14686.34123,33681.81395,83688.22035,144223.944
Malawi,MWI,2015,48602.53585,137196.2297,14525.69333,32434.5999,82633.25234,143095.1254
Malawi,MWI,2016,46782.83121,132964.828,14194.0309,31179.72259,81557.87141,141718.4541
Malawi,MWI,2017,44312.62715,124956.5672,13645.14959,29822.39797,80054.71975,140246.3429
Malawi,MWI,2018,42194.20626,118307.0047,13231.07419,28489.45165,78642.73441,139296.4364
Malawi,MWI,2019,40692.04626,113386.1047,12971.79419,27537.19222,77483.24346,138307.9136
Malaysia,MYS,1990,25158.24034,35063.04343,8298.955518,18596.92002,61774.381,133290.328
Malaysia,MYS,1991,24716.30407,33180.76782,8232.326252,18542.72174,61111.61147,131646.8482
Malaysia,MYS,1992,24296.23668,32098.61668,7848.051572,18366.11199,60542.44148,132411.6353
Malaysia,MYS,1993,24112.96052,30969.65309,7724.497909,18333.47541,60145.74436,136175.0548
Malaysia,MYS,1994,23884.59671,28960.75766,7492.072082,18319.16067,58969.45693,145307.2638
Malaysia,MYS,1995,24100.42581,27459.40139,7427.107765,18770.99233,59691.70159,150493.7358
Malaysia,MYS,1996,23592.90893,24638.25925,7352.083092,18850.63467,58599.67123,142992.9719
Malaysia,MYS,1997,23405.5154,24646.63579,7330.075151,18774.3565,58047.70196,137063.82
Malaysia,MYS,1998,22909.01909,22775.40507,7268.779996,18516.23648,57005.86611,132689.5516
Malaysia,MYS,1999,23868.13985,23199.74147,7438.357412,19014.89257,60195.66045,139643.0967
Malaysia,MYS,2000,22567.21634,19162.29099,6936.821391,18260.18427,57008.5213,134609.196
Malaysia,MYS,2001,22084.75157,17505.95288,6668.147989,17890.55736,55321.23669,135742.9295
Malaysia,MYS,2002,21926.12175,17099.35602,6591.55378,17627.77144,54078.65302,136545.4571
Malaysia,MYS,2003,22118.7757,16875.08616,6613.440873,17726.61016,54314.5006,134439.8223
Malaysia,MYS,2004,21981.32845,16719.05957,6600.51672,17557.5258,53423.46377,129465.6224
Malaysia,MYS,2005,21846.04668,16676.44689,6486.033253,17324.49844,52303.93432,127125.3801
Malaysia,MYS,2006,21759.11656,15867.24497,6314.205661,17152.05835,51521.0482,125108.3437
Malaysia,MYS,2007,21830.24495,16275.33227,6287.052505,16984.15884,50931.30009,123213.7363
Malaysia,MYS,2008,22264.56237,16903.49736,6239.855409,17062.67044,51461.6853,124138.4658
Malaysia,MYS,2009,22722.39261,17707.24277,6310.488875,17170.35034,51958.40852,124562.6336
Malaysia,MYS,2010,22569.79214,15744.04909,6155.220436,17025.7805,51552.79319,123171.8574
Malaysia,MYS,2011,22741.63189,15841.77248,6157.5364,16923.48337,51646.80179,122437.7998
Malaysia,MYS,2012,22931.89616,16606.68559,6204.751909,16843.59412,51494.96818,120573.556
Malaysia,MYS,2013,22659.2611,15384.31808,6044.173801,16629.70118,50836.92783,115159.5936
Malaysia,MYS,2014,23337.40599,16926.54555,6146.073658,16831.27107,51749.43465,116012.0155
Malaysia,MYS,2015,23711.30107,18291.07304,6243.911255,16806.97732,51754.63661,115627.0554
Malaysia,MYS,2016,23924.55064,16409.78282,6122.935653,16874.56658,51840.13497,117097.1949
Malaysia,MYS,2017,24162.59565,16380.02975,6153.738317,16898.85155,51722.88113,117344.0904
Malaysia,MYS,2018,24268.98197,15618.44049,6002.223578,16874.28808,51577.0545,117290.6592
Malaysia,MYS,2019,24727.65397,14942.97584,5989.761492,17056.00185,52083.39811,119858.4989
Maldives,MDV,1990,44622.16685,126812.3446,12965.82286,21344.186,70735.36031,150451.5598
Maldives,MDV,1991,41990.90917,117855.4097,12297.04785,20189.89448,70789.89671,152929.1834
Maldives,MDV,1992,39379.32104,108826.6867,11595.03858,19340.40225,70646.44042,153145.1552
Maldives,MDV,1993,36991.24918,101343.5688,11041.09849,18578.92895,69609.23036,148751.2372
Maldives,MDV,1994,34808.81626,94441.90192,10834.47839,18129.04609,67201.85171,141518.76
Maldives,MDV,1995,32833.94515,87827.50393,10481.87542,17748.87783,65351.87556,140425.0964
Maldives,MDV,1996,30926.47015,81230.76449,9837.673911,17145.36189,65046.77512,141474.4897
Maldives,MDV,1997,29156.94622,75469.90565,9330.137633,16590.1283,63903.40278,138740.6855
Maldives,MDV,1998,27646.66693,70992.24767,9225.712671,16318.17853,60541.67003,129809.4977
Maldives,MDV,1999,26764.31857,67202.93111,9098.134856,17018.97433,55884.94913,125260.5259
Maldives,MDV,2000,25551.07956,63813.69281,8626.102047,16279.03529,54581.79471,123972.7466
Maldives,MDV,2001,24617.27824,61029.22394,8232.228071,15759.96866,53218.50782,122570.3843
Maldives,MDV,2002,23512.77533,58503.39821,7760.60081,15318.02248,49464.89263,116056.5913
Maldives,MDV,2003,22601.28863,56075.78944,7463.109106,14649.82227,47141.00031,112515.979
Maldives,MDV,2004,24429.36149,56016.67862,9748.881282,16982.36647,46826.32132,109914.0575
Maldives,MDV,2005,21277.87043,52182.05378,7026.888085,13726.65575,42622.95851,104938.3895
Maldives,MDV,2006,20817.74403,50375.38119,6861.900941,13438.33674,40737.54141,102358.1168
Maldives,MDV,2007,20379.81718,48578.20656,6699.725151,13173.85759,38994.92293,100101.8364
Maldives,MDV,2008,20050.77841,47116.5536,6562.48043,12977.76744,37699.80813,98531.91003
Maldives,MDV,2009,19811.65603,45936.9666,6449.450773,12849.63903,36702.69225,97579.01697
Maldives,MDV,2010,19588.806,44920.07787,6360.705879,12752.85017,35656.63692,96820.4415
Maldives,MDV,2011,19400.71416,43973.2334,6434.353618,12693.41077,34618.58779,95918.2493
Maldives,MDV,2012,19107.50073,42464.71877,6219.731693,12629.0499,33826.70429,95555.03056
Maldives,MDV,2013,18900.17783,41282.79635,6157.553257,12615.00375,33223.53961,95170.32596
Maldives,MDV,2014,18727.71807,40329.04201,6112.500544,12624.84466,32787.69462,94913.87419
Maldives,MDV,2015,18580.44326,39705.08252,6079.606777,12646.31894,32419.18234,94911.28631
Maldives,MDV,2016,18566.31198,39416.87718,6080.257263,12740.73338,32405.57248,95649.12663
Maldives,MDV,2017,18440.38078,37957.27042,6038.985173,12816.66713,32494.69839,96558.03788
Maldives,MDV,2018,18274.45775,35612.08767,5972.730154,12898.96467,32624.94484,97428.25255
Maldives,MDV,2019,18225.35967,33991.46477,5940.395795,13017.19155,32768.03846,97822.25264
Mali,MLI,1990,138935.5605,535443.7734,24943.75788,33748.86791,91966.13958,169552.7712
Mali,MLI,1991,136173.7603,526386.6285,24455.55741,33256.26118,90558.55162,167750.9456
Mali,MLI,1992,133960.6642,518883.3075,24116.7987,33052.12615,89911.19591,166749.8805
Mali,MLI,1993,131348.7093,508723.9414,23776.58705,32856.06743,88985.68607,165473.4359
Mali,MLI,1994,129262.4649,496026.1875,23951.76924,33829.47021,88919.30371,164874.9875
Mali,MLI,1995,126578.3598,483595.9022,23466.55295,33302.16305,88567.3909,164117.9128
Mali,MLI,1996,124611.5121,473408.5857,23258.98033,33336.69071,87685.86606,162815.2485
Mali,MLI,1997,126131.4501,467051.9993,25449.90644,37999.71085,88238.14902,162110.119
Mali,MLI,1998,125058.3328,452627.5237,26532.11815,41505.24601,87328.70463,160026.9106
Mali,MLI,1999,116807.0554,432711.1311,22861.96797,34542.68944,83734.01077,156851.7365
Mali,MLI,2000,114221.7907,420938.9278,22587.07874,34440.76339,83014.96757,155811.571
Mali,MLI,2001,110835.393,406374.2658,22138.98739,34004.17241,81652.20389,154221.5204
Mali,MLI,2002,107792.4082,393198.019,21742.37123,33631.08609,80655.35444,153141.5881
Mali,MLI,2003,104441.6342,380706.5313,21072.67637,32604.10831,79141.24443,151731.2987
Mali,MLI,2004,100743.2443,368220.0512,20178.73478,30980.84914,77898.51142,150830.1372
Mali,MLI,2005,97809.46801,356974.5719,19766.73369,30377.26429,76898.91718,150067.4825
Mali,MLI,2006,95194.99651,347217.5032,19501.41891,29861.0563,76008.97002,149392.5832
Mali,MLI,2007,92364.48618,337711.791,19100.66273,28887.95295,75158.346,149082.0227
Mali,MLI,2008,89762.13985,329076.2501,18710.34961,28150.07347,74100.25789,148380.3598
Mali,MLI,2009,87215.43306,320234.0144,18329.23931,27532.91149,73369.39955,147796.3807
Mali,MLI,2010,84915.60661,312488.9017,18008.32881,26968.94212,72517.70365,146928.9481
Mali,MLI,2011,82705.10656,304994.1278,17737.74753,26477.37204,71658.6856,145851.9256
Mali,MLI,2012,81040.23544,298712.958,17588.55445,26366.92494,71386.20518,145219.8366
Mali,MLI,2013,80204.256,294620.8501,17770.99162,26737.18807,71563.50772,144854.5325
Mali,MLI,2014,78111.48,286782.9246,17435.22056,26165.84354,71443.94001,143964.81
Mali,MLI,2015,76258.00141,279072.6221,17339.88652,25856.68199,71102.82912,143357.2564
Mali,MLI,2016,73916.31469,269662.8042,17103.82268,25264.93402,70198.23965,142321.4442
Mali,MLI,2017,71854.79338,260442.6097,17011.93603,25112.89429,69331.83279,141192.6872
Mali,MLI,2018,70023.69474,251687.2794,16998.01282,25215.11216,68543.26523,139986.4562
Mali,MLI,2019,67743.53462,242801.8445,16595.16911,24532.96217,67516.06584,138133.6219
Malta,MLT,1990,26676.29003,21091.39273,5516.695033,15147.96857,46749.99214,117881.7814
Malta,MLT,1991,26526.19995,20612.86741,5469.237819,15304.84667,45589.88133,115916.0053
Malta,MLT,1992,26444.52079,20055.002,5532.025212,15464.90654,44939.37092,114192.3127
Malta,MLT,1993,26180.80147,18948.02508,5511.779731,15418.42649,43993.76246,112088.615
Malta,MLT,1994,25962.55801,18252.94934,5379.711386,15459.66413,42390.10375,108946.8206
Malta,MLT,1995,26030.35723,18122.88591,5340.959193,15447.5964,41490.48234,108089.6893
Malta,MLT,1996,26093.092,17939.65913,5297.64757,15355.95594,40647.59469,107668.2522
Malta,MLT,1997,26132.045,16875.41484,5259.133748,15354.48403,39822.06493,107030.1932
Malta,MLT,1998,25980.35842,15599.77475,5400.767264,15293.48629,38741.11898,105329.6557
Malta,MLT,1999,26076.98762,14727.18056,5529.819413,15207.13622,38230.09112,105215.283
Malta,MLT,2000,26102.32008,14089.78938,5414.734758,15159.66907,37409.41976,104792.4614
Malta,MLT,2001,26153.02209,13339.4516,5302.3387,15051.97954,37151.598,103887.748
Malta,MLT,2002,26342.6166,13438.71306,5411.275512,14983.54768,36935.27781,103238.4737
Malta,MLT,2003,26432.28422,13675.10669,5369.724673,14935.08515,36678.48291,101677.0827
Malta,MLT,2004,26437.74516,13919.02684,5454.23833,14909.22895,36411.90421,98939.16243
Malta,MLT,2005,26346.95512,14007.36987,5334.180073,14848.66464,36050.84004,95815.41435
Malta,MLT,2006,26352.68079,14058.9778,5451.482346,14931.54277,35362.29909,93239.27592
Malta,MLT,2007,26493.58014,14498.15221,5485.727817,14914.548,34966.64436,91958.88289
Malta,MLT,2008,26621.14228,14894.28996,5509.986481,14836.57291,34723.45915,90779.90518
Malta,MLT,2009,26675.89863,14632.01439,5499.853781,14746.5012,34547.64173,89335.50391
Malta,MLT,2010,26714.03694,14521.48367,5488.238572,14705.03587,34360.90119,87998.20897
Malta,MLT,2011,26922.0126,14406.26721,5458.625044,14674.41216,34484.60574,87855.84829
Malta,MLT,2012,27045.084,14075.04101,5419.784121,14625.73213,34582.59266,87652.25852
Malta,MLT,2013,27084.79808,14015.10336,5381.393919,14554.71106,34430.86142,86485.47982
Malta,MLT,2014,27174.6218,13895.69561,5339.35741,14545.47768,34184.59996,84142.73895
Malta,MLT,2015,27073.40792,14026.62411,5311.987372,14557.01182,33921.2492,80582.13127
Malta,MLT,2016,27378.38764,14094.77784,5317.633359,14624.69545,33903.12767,79813.70461
Malta,MLT,2017,27573.892,13505.09414,5305.276189,14698.00365,33784.04344,78637.09301
Malta,MLT,2018,27740.38274,12976.48756,5274.852017,14705.66358,33568.41048,77775.46881
Malta,MLT,2019,27988.36415,12487.15886,5259.432364,14766.69559,33443.93399,77460.92241
Marshall Islands,MHL,1990,36349.11108,63657.22535,9324.923331,31168.2715,104207.1085,179806.604
Marshall Islands,MHL,1991,36235.75815,63451.42263,9290.688679,31472.47084,104517.6953,181242.0952
Marshall Islands,MHL,1992,36191.89129,63279.51328,9254.463157,31803.29196,104893.8136,182900.3839
Marshall Islands,MHL,1993,35905.08503,62646.28324,9232.114969,31907.92505,103600.5322,182168.5474
Marshall Islands,MHL,1994,35173.87585,62818.87933,9620.680499,31441.97136,96407.19119,171018.3173
Marshall Islands,MHL,1995,35388.48949,63286.49254,9595.208115,31676.61268,96793.71351,172445.0103
Marshall Islands,MHL,1996,35717.09828,64830.71148,9601.828379,31742.17278,96340.99318,173113.7799
Marshall Islands,MHL,1997,36224.84329,66378.48714,9627.285173,31983.4688,96442.91439,174406.8229
Marshall Islands,MHL,1998,36649.48421,67620.16869,9632.887506,32124.43134,96240.80756,175198.7446
Marshall Islands,MHL,1999,37085.49911,68598.18232,9628.186898,32333.50609,96401.24366,176418.024
Marshall Islands,MHL,2000,38553.93823,76557.32662,9789.551325,32537.61859,96470.64942,177032.3509
Marshall Islands,MHL,2001,37852.48422,69757.4364,9588.208879,32561.73663,96090.50351,176971.7099
Marshall Islands,MHL,2002,38102.63664,69210.75719,9533.109842,32650.12014,95927.68161,177086.7764
Marshall Islands,MHL,2003,38317.71324,68328.83449,9471.576864,32745.13124,95856.5223,177066.1597
Marshall Islands,MHL,2004,38473.32224,67223.17817,9404.543906,32829.35904,95693.79037,176729.9841
Marshall Islands,MHL,2005,38579.15425,65711.47029,9330.548798,32919.42641,95631.70567,176498.9985
Marshall Islands,MHL,2006,38630.08238,63156.49442,9224.61131,33114.49012,96109.93147,176735.437
Marshall Islands,MHL,2007,38438.86487,60658.76554,9093.419309,33043.80518,95748.01789,175713.4517
Marshall Islands,MHL,2008,38250.85924,58266.37504,8960.797966,32974.33805,95411.94811,174593.3632
Marshall Islands,MHL,2009,38027.38394,55813.08542,8821.387619,32892.56995,94975.18773,172982.6181
Marshall Islands,MHL,2010,37793.92702,53367.93811,8686.299013,32796.69224,94485.81004,171302.2755
Marshall Islands,MHL,2011,37591.48934,51047.72985,8559.778728,32714.91877,94166.9378,169893.2164
Marshall Islands,MHL,2012,37401.41184,48907.10791,8435.771755,32617.35493,93795.86119,168379.9186
Marshall Islands,MHL,2013,37253.60091,46929.81039,8320.890559,32533.96526,93446.68839,166830.9942
Marshall Islands,MHL,2014,37183.79331,45319.93375,8230.032317,32473.52663,93132.27057,165377.3994
Marshall Islands,MHL,2015,37197.49551,44001.91199,8157.547164,32435.43167,92896.62868,164209.276
Marshall Islands,MHL,2016,37258.0007,42787.56291,8110.545003,32403.66457,92632.80939,162592.0367
Marshall Islands,MHL,2017,37301.6625,41390.68615,8054.74104,32356.26499,92319.32309,161053.2284
Marshall Islands,MHL,2018,37384.30386,40193.57823,7986.083986,32318.20133,91983.39353,159687.2967
Marshall Islands,MHL,2019,37489.33421,39149.48265,7913.150502,32283.35912,91669.84309,158582.9116
Mauritania,MRT,1990,71430.42178,233474.6526,17296.5315,28944.58903,86492.6943,160284.6349
Mauritania,MRT,1991,69678.13162,229047.5419,16972.43936,28210.58731,84655.0469,158377.3052
Mauritania,MRT,1992,68091.97234,224381.2016,16740.96436,27802.97363,83482.59199,157094.0317
Mauritania,MRT,1993,66498.29088,219682.0095,16498.46694,27356.09684,81494.21715,156033.7412
Mauritania,MRT,1994,65203.64665,215281.0259,16399.69869,27332.27672,80426.90092,154889.7708
Mauritania,MRT,1995,63357.07629,210431.8696,16043.77771,26558.28093,78484.83071,152938.5646
Mauritania,MRT,1996,61824.71542,205778.4214,15808.87416,26140.10974,76959.8441,151175.0052
Mauritania,MRT,1997,60187.72421,200768.7094,15531.53011,25644.84026,75243.59823,148992.5261
Mauritania,MRT,1998,58754.24818,195910.1467,15308.59393,25281.58661,73432.42014,147942.9161
Mauritania,MRT,1999,57208.76584,191483.0905,15039.94698,24646.1794,71566.83712,145699.2409
Mauritania,MRT,2000,55723.38355,186362.1715,14793.24192,24265.33102,70263.35179,143787.7631
Mauritania,MRT,2001,54214.58856,180503.0085,14526.84831,23853.86673,68339.80513,141199.4384
Mauritania,MRT,2002,52726.57388,174895.2407,14308.03756,23402.02379,66079.5225,138072.1909
Mauritania,MRT,2003,51334.56091,169414.6156,14053.35945,23029.1651,64587.85657,136339.9134
Mauritania,MRT,2004,49796.53739,163102.5028,13770.24476,22593.01491,63253.4539,134214.1656
Mauritania,MRT,2005,48577.66829,157679.9854,13623.84474,22460.03287,61859.36263,131929.208
Mauritania,MRT,2006,46448.74889,148950.2299,13208.85467,21790.60599,60353.76684,130393.7684
Mauritania,MRT,2007,44797.78664,141608.4839,12947.80452,21494.3233,59249.41646,129400.6897
Mauritania,MRT,2008,43100.50135,134500.6015,12661.2141,21041.96764,58329.22239,128218.149
Mauritania,MRT,2009,41701.03786,128905.7575,12419.53677,20703.68699,57560.92355,127105.9945
Mauritania,MRT,2010,40379.51293,123643.2486,12223.16532,20468.18888,56723.03274,126023.007
Mauritania,MRT,2011,39202.45643,118886.2705,12075.15304,20309.25467,56332.91078,125695.7345
Mauritania,MRT,2012,38014.69462,114350.9441,11931.24947,20052.48599,56020.01947,125321.8101
Mauritania,MRT,2013,36934.43031,110137.0609,11810.04225,19874.63598,55671.8452,124454.603
Mauritania,MRT,2014,35795.63366,105603.2865,11659.33559,19670.25454,55255.20958,123629.2772
Mauritania,MRT,2015,34775.32283,101273.0427,11517.43177,19543.55757,54911.77534,123205.5573
Mauritania,MRT,2016,33638.01784,96052.40085,11357.34808,19371.06102,54634.38059,122244.8497
Mauritania,MRT,2017,32621.91518,91052.21932,11200.79784,19235.73601,54575.05194,121982.0739
Mauritania,MRT,2018,31705.94249,86575.61948,10970.76034,19045.27398,54477.91384,121931.3609
Mauritania,MRT,2019,30916.77752,82974.23003,10716.77031,18780.68316,54392.77437,121900.95
Mauritius,MUS,1990,29732.99603,45398.40615,7295.384903,20188.04491,73501.52706,136762.5511
Mauritius,MUS,1991,29070.86677,42095.54616,7122.120088,20024.74364,70898.34793,132310.2065
Mauritius,MUS,1992,29413.7175,42255.71702,7023.136586,20312.77848,70996.7594,131051.4273
Mauritius,MUS,1993,29762.49128,41640.68025,7013.55988,20539.61342,71721.13485,130922.6198
Mauritius,MUS,1994,29571.18359,39269.95664,6909.992567,20556.4675,70627.32447,130419.6901
Mauritius,MUS,1995,29482.59439,39852.33627,6772.770855,20451.03814,69003.71799,128822.1981
Mauritius,MUS,1996,29727.43315,42312.37866,6668.468151,20488.03893,67645.51519,129258.0333
Mauritius,MUS,1997,29981.53462,40631.17703,6715.92461,20549.20091,67802.31686,132411.0249
Mauritius,MUS,1998,29236.46437,38977.71824,6522.684589,20194.14732,64863.00237,127762.6902
Mauritius,MUS,1999,29396.21649,38911.3798,6464.659,20372.95729,64182.04928,126241.22
Mauritius,MUS,2000,29006.99269,34900.76579,6521.19837,20091.19042,63677.54292,124213.1996
Mauritius,MUS,2001,28862.64057,32261.83773,6540.652857,19796.03341,63656.38112,122264.674
Mauritius,MUS,2002,29238.71767,31897.205,6574.773732,19945.92046,63814.96051,121640.6308
Mauritius,MUS,2003,29272.47124,30250.93609,6508.548265,20056.88849,62414.05101,121627.3671
Mauritius,MUS,2004,29239.28203,30537.92495,6222.045903,20176.47133,60251.80833,120085.3243
Mauritius,MUS,2005,29542.90973,30124.44583,6115.867658,20195.73922,59798.58243,122020.8979
Mauritius,MUS,2006,29679.25616,29685.34489,6159.455888,20372.9884,58301.87102,120965.0907
Mauritius,MUS,2007,29705.13788,30453.02182,6148.460649,20435.43459,57107.32621,116044.4988
Mauritius,MUS,2008,30207.71888,29627.0111,6220.037002,20449.10795,58155.28226,115598.342
Mauritius,MUS,2009,30548.58788,28673.48899,6279.421793,20607.25102,58095.71519,114237.2606
Mauritius,MUS,2010,30464.2956,27833.51062,6044.497944,20691.6326,56396.86946,112010.5469
Mauritius,MUS,2011,30427.08083,28949.28693,5792.944361,20595.51101,55048.24631,108966.6762
Mauritius,MUS,2012,30577.79081,29968.53384,5680.34178,20297.94129,54137.41608,109532.7995
Mauritius,MUS,2013,30513.78365,28747.1316,5865.556897,20085.10114,52923.51489,107886.0989
Mauritius,MUS,2014,31085.70989,29619.16941,5928.777003,20213.82722,53000.34742,107385.6783
Mauritius,MUS,2015,31399.01334,28944.75619,5768.10767,20379.54661,52626.53935,105712.3082
Mauritius,MUS,2016,31882.70266,27892.84223,5780.365506,20298.08849,53086.23168,105996.9561
Mauritius,MUS,2017,32299.65351,28242.44233,5857.84009,20079.61722,53041.08807,106076.7379
Mauritius,MUS,2018,32747.51445,27269.65243,5810.423461,19948.84521,53544.61953,105957.4172
Mauritius,MUS,2019,33099.31369,26438.45556,5776.651689,19835.59603,53726.05779,105333.8123
Mexico,MEX,1990,32088.58975,87341.58639,8943.259523,20695.14211,55446.7508,112260.9661
Mexico,MEX,1991,31076.20001,83118.73193,8498.513412,20340.32692,54627.68436,110745.6028
Mexico,MEX,1992,30266.98878,79197.38463,8098.932544,20090.15958,54367.76201,109908.3484
Mexico,MEX,1993,29596.71013,75552.63693,7874.751032,19868.07308,54104.06259,109482.2575
Mexico,MEX,1994,28905.14399,71890.36015,7637.002972,19645.06639,53442.11707,108659.669
Mexico,MEX,1995,28349.06902,68648.00174,7521.862073,19363.2177,53156.26815,108827.4138
Mexico,MEX,1996,27741.70397,65361.36902,7460.504613,19049.00576,52412.83565,108095.0102
Mexico,MEX,1997,27330.06765,62180.13777,7403.022202,18997.55263,52232.24526,106887.3142
Mexico,MEX,1998,26981.91557,59296.43766,7360.086654,18994.97932,52181.51882,105080.5807
Mexico,MEX,1999,26374.38251,56663.08275,7206.522621,18637.45555,51496.13192,102843.89
Mexico,MEX,2000,25769.43213,54206.58646,7054.802763,18304.4219,50655.8134,100556.0839
Mexico,MEX,2001,25366.47348,52064.63131,6965.925407,18081.53299,49999.11215,99392.90786
Mexico,MEX,2002,25278.05226,50183.93048,6880.611681,18121.48661,50132.18129,99810.22338
Mexico,MEX,2003,25212.80918,48484.49213,6817.548429,18154.77476,50179.50816,100019.6515
Mexico,MEX,2004,24896.80855,46908.78759,6726.547476,17982.94242,49287.00095,98316.44741
Mexico,MEX,2005,25020.13323,45479.30021,6713.699736,18178.33128,49522.56999,98804.06383
Mexico,MEX,2006,24854.01874,43992.72157,6685.012263,18161.7375,48861.79688,97024.48482
Mexico,MEX,2007,24823.11933,42653.18706,6649.021751,18246.44783,48385.84357,96158.07167
Mexico,MEX,2008,25356.66825,41432.38419,6693.419364,18797.74286,49307.86744,98161.62771
Mexico,MEX,2009,25743.81796,40353.56918,6707.913935,19224.67001,49601.64321,99476.11791
Mexico,MEX,2010,25559.4741,39259.64342,6605.195409,19130.96108,48441.66792,98445.61577
Mexico,MEX,2011,25457.10562,38189.8495,6513.319937,19061.25715,47945.61375,96880.22303
Mexico,MEX,2012,25457.95321,36993.19279,6420.854857,19004.70194,47920.56787,96372.82498
Mexico,MEX,2013,25824.29197,35722.81553,6356.642963,19211.06784,48792.35289,98188.10702
Mexico,MEX,2014,25870.46716,34344.32096,6303.206411,19200.78487,48809.58799,97990.65861
Mexico,MEX,2015,25934.65384,33072.9345,6250.354638,19286.00386,48649.28751,97238.1362
Mexico,MEX,2016,26317.40903,31533.53637,6246.691214,19738.93091,49206.59445,96731.59921
Mexico,MEX,2017,27107.37367,30249.28405,6300.638539,20582.98042,50322.68938,97603.24848
Mexico,MEX,2018,27202.46083,29376.76167,6227.882756,20626.06437,49992.44049,97007.10624
Mexico,MEX,2019,27197.33443,28469.88458,6119.965377,20211.24964,50097.1047,98134.67326
Micronesia (country),FSM,1990,43310.57433,78894.73819,10758.76247,34761.63091,109211.1164,178407.7889
Micronesia (country),FSM,1991,42694.5384,76886.29601,10607.64765,34642.97204,108465.0739,178203.0107
Micronesia (country),FSM,1992,42083.93645,74799.64413,10449.21934,34521.95102,107690.1917,178060.1542
Micronesia (country),FSM,1993,41482.23408,72769.79449,10294.82184,34378.82661,106768.5318,177775.7876
Micronesia (country),FSM,1994,41074.01536,71472.88968,10181.33916,34298.75694,106025.0703,177751.5703
Micronesia (country),FSM,1995,40319.76972,68467.27488,9985.514541,34061.87411,104970.0608,177481.4788
Micronesia (country),FSM,1996,39874.36525,66413.70443,9847.81531,33989.80154,104022.7861,177456.0043
Micronesia (country),FSM,1997,39320.63418,63324.79973,9662.196335,33904.86298,103098.242,177544.7119
Micronesia (country),FSM,1998,38799.42033,60375.98899,9483.21534,33765.78545,102024.6682,177472.2851
Micronesia (country),FSM,1999,38309.2787,57424.02749,9303.225499,33615.36282,101006.1621,177364.3131
Micronesia (country),FSM,2000,39226.73282,64188.67885,9364.926143,33659.65982,100673.6514,177578.4963
Micronesia (country),FSM,2001,37377.95879,51540.54028,8932.939388,33404.02096,99273.88208,176796.361
Micronesia (country),FSM,2002,39673.30887,51681.12666,11587.75944,35923.20707,100118.0163,177933.661
Micronesia (country),FSM,2003,36667.91972,45670.24673,8574.764543,33200.51213,97269.13951,175595.6392
Micronesia (country),FSM,2004,36798.95279,44844.87356,8563.250004,33305.95806,96770.13685,175459.1236
Micronesia (country),FSM,2005,36759.21857,43597.59558,8419.650306,33279.95427,95993.00269,175258.592
Micronesia (country),FSM,2006,36847.08852,42399.5202,8338.079886,33287.42667,95743.84133,175377.2055
Micronesia (country),FSM,2007,36953.53441,41159.95624,8253.563835,33268.57947,95533.43832,175588.5517
Micronesia (country),FSM,2008,37158.14624,40074.13616,8179.683189,33289.00301,95553.79581,176027.5544
Micronesia (country),FSM,2009,37369.31759,38967.30347,8106.836758,33286.72731,95564.87527,176299.4856
Micronesia (country),FSM,2010,37528.57374,37687.7015,8023.690768,33260.63679,95262.56092,176062.5652
Micronesia (country),FSM,2011,37707.89959,36293.46494,7933.388681,33232.59399,95519.93785,176176.7662
Micronesia (country),FSM,2012,37905.37337,34922.4168,7839.854093,33227.60607,95902.34134,176399.3714
Micronesia (country),FSM,2013,38237.72318,33736.31955,7765.398584,33333.87853,96682.2883,177025.0479
Micronesia (country),FSM,2014,38700.93556,32818.29942,7709.408851,33535.33212,97772.78315,177874.2778
Micronesia (country),FSM,2015,39463.95936,32321.30792,7971.348187,34046.1876,98939.86558,178692.7257
Micronesia (country),FSM,2016,39669.86505,31103.89253,7633.923963,33950.00012,99709.23237,178267.1625
Micronesia (country),FSM,2017,40098.33947,30010.58958,7586.559235,34082.70488,100437.344,177459.5263
Micronesia (country),FSM,2018,40571.0124,29048.39497,7525.359051,34235.72086,101158.8019,176621.0418
Micronesia (country),FSM,2019,41046.82822,28215.87088,7462.029459,34386.88439,101791.3405,175768.7669
Middle East & North Africa (WB),,1990,44020.37703,137490.6229,13608.63679,22149.47464,64074.47626,136917.73
Middle East & North Africa (WB),,1991,41339.12113,129342.1121,12337.0508,21017.38536,62843.60267,135622.6854
Middle East & North Africa (WB),,1992,39938.51545,123667.7959,12276.70422,20814.3115,62372.15701,134631.3964
Middle East & North Africa (WB),,1993,38746.43159,118421.092,12177.67982,20723.6636,62216.7521,134431.3904
Middle East & North Africa (WB),,1994,37683.01157,113355.0813,12076.56913,20762.63219,61819.78456,133896.4121
Middle East & North Africa (WB),,1995,36566.63018,108872.3595,11819.87393,20547.1718,61110.12552,132777.9482
Middle East & North Africa (WB),,1996,35427.57,103380.8775,11533.63431,20410.48688,60663.93405,131351.8754
Middle East & North Africa (WB),,1997,34645.1252,99163.85841,11353.24209,20386.73635,60423.75628,130795.6593
Middle East & North Africa (WB),,1998,33655.57402,95013.66136,11001.32569,19997.35819,59668.03977,130388.8151
Middle East & North Africa (WB),,1999,32803.46019,91100.5877,10716.86917,19726.80003,59017.30046,129350.1846
Middle East & North Africa (WB),,2000,31975.24366,87243.74937,10490.0463,19558.598,57901.18985,126685.7353
Middle East & North Africa (WB),,2001,31377.87917,83421.76294,10314.4175,19454.8263,57797.37732,126310.0503
Middle East & North Africa (WB),,2002,30845.51647,79920.16534,10155.46955,19354.57296,57485.76514,126444.1618
Middle East & North Africa (WB),,2003,31085.51017,77680.88129,10606.67832,20010.45503,57639.00149,127056.8352
Middle East & North Africa (WB),,2004,30079.1781,74169.48268,9956.66062,19354.14433,56608.0517,125338.6686
Middle East & North Africa (WB),,2005,29542.52489,71865.36001,9621.991774,18940.96884,56371.56647,124646.0819
Middle East & North Africa (WB),,2006,29425.64547,69644.5613,9638.863864,19100.15554,56227.76218,124027.4515
Middle East & North Africa (WB),,2007,29065.48788,65931.43458,9802.942839,19383.01397,54793.31364,121774.5576
Middle East & North Africa (WB),,2008,28371.18377,62661.08248,9403.625941,18938.27348,54275.01557,121137.5265
Middle East & North Africa (WB),,2009,27915.83846,59750.59729,9188.4483,18742.167,53897.17896,120409.0874
Middle East & North Africa (WB),,2010,27395.59491,56351.53748,8921.235882,18561.56348,53255.2021,119686.2719
Middle East & North Africa (WB),,2011,27430.40928,54232.12676,9038.431791,18966.23421,52776.71004,118768.9211
Middle East & North Africa (WB),,2012,27798.84797,52377.62818,9541.833828,19661.40602,52822.45224,118439.3529
Middle East & North Africa (WB),,2013,27436.61887,49900.86979,9382.224121,19491.14838,52394.06071,118134.5634
Middle East & North Africa (WB),,2014,27627.27263,48024.44607,9347.39416,19798.29398,53130.64156,120081.2758
Middle East & North Africa (WB),,2015,27286.33769,45885.8966,8915.271133,19536.81165,53279.02485,120606.4016
Middle East & North Africa (WB),,2016,27163.22917,42591.06022,9153.937127,19966.07144,52589.39975,118524.1206
Middle East & North Africa (WB),,2017,26570.53949,39893.55037,8713.125913,19563.81042,52053.50353,117372.6742
Middle East & North Africa (WB),,2018,25754.16171,37891.96827,7758.933676,18534.94484,52094.27866,118035.4516
Middle East & North Africa (WB),,2019,25423.36754,34985.28984,7639.397515,18499.87401,51423.97219,116510.3651
Moldova,MDA,1990,39470.65263,56757.2654,8833.008706,24297.2296,75254.02463,143234.5339
Moldova,MDA,1991,40638.77268,53858.99627,8962.223812,25180.72781,78452.14642,151534.2098
Moldova,MDA,1992,40381.30642,52730.79157,9019.859763,26276.36214,74784.60328,148684.1088
Moldova,MDA,1993,40275.88421,51865.42714,8589.997425,25036.7248,77005.78404,152947.4942
Moldova,MDA,1994,43628.45803,52469.72193,8882.265278,27103.86422,86562.65376,163342.195
Moldova,MDA,1995,44578.61644,52317.75188,8759.059801,28167.82551,89429.37745,163646.1236
Moldova,MDA,1996,42769.2569,51758.49662,8443.770955,27268.33962,85693.3142,155685.9068
Moldova,MDA,1997,40144.88175,51302.55926,8259.409002,25456.75109,79230.77504,145599.8029
Moldova,MDA,1998,38991.70635,50894.11696,8341.734072,24738.01486,75667.02919,139669.307
Moldova,MDA,1999,39526.04013,50471.08026,8286.071055,24753.37888,76651.20425,139191.9668
Moldova,MDA,2000,39870.63154,49486.74605,8195.958311,24460.45288,77113.32939,138463.9246
Moldova,MDA,2001,39680.90476,47627.03303,8130.263188,24021.81698,75216.1487,137212.0896
Moldova,MDA,2002,40322.36693,44065.52706,7910.881637,24046.1852,75680.19642,141185.1666
Moldova,MDA,2003,40885.25544,41570.82875,7536.221827,24013.64983,76272.13747,143172.9975
Moldova,MDA,2004,40851.91125,39215.4108,7362.680435,24047.94703,75630.73845,139841.707
Moldova,MDA,2005,42628.73666,37151.34952,7404.194089,25134.4042,79024.16051,141434.5806
Moldova,MDA,2006,42074.93153,35438.90628,7354.670478,24728.11122,76734.93717,137855.3956
Moldova,MDA,2007,41980.53361,34642.74981,7019.314583,24452.65271,75402.47697,136582.0084
Moldova,MDA,2008,41607.72358,34406.74592,6753.818975,23961.53722,73818.175,133320.2344
Moldova,MDA,2009,41707.55098,33528.2847,6709.425344,23763.87774,73669.34243,130684.3079
Moldova,MDA,2010,42486.16789,31858.08405,6496.084939,23990.078,75026.81449,130964.2971
Moldova,MDA,2011,39185.17468,30536.71863,6221.631227,21815.92129,67577.23906,121265.172
Moldova,MDA,2012,39088.1173,29534.56307,6330.825443,21418.69164,66885.32851,119670.3373
Moldova,MDA,2013,38178.62767,28445.80708,6235.151889,20730.56018,64738.1628,116067.4405
Moldova,MDA,2014,39273.33877,27638.14683,6181.305978,21176.81458,66832.48762,118195.2465
Moldova,MDA,2015,40087.19946,26989.3508,6007.463828,21323.39647,69036.77515,119297.5246
Moldova,MDA,2016,39198.61147,26296.00413,6006.014932,20737.56242,67054.65818,117926.5127
Moldova,MDA,2017,37419.65664,25438.90694,5964.33314,19808.48626,62768.58566,114012.6406
Moldova,MDA,2018,37195.1323,24258.14475,5910.932917,19697.49477,62035.56471,113132.6363
Moldova,MDA,2019,37030.07469,23429.13452,5923.47138,19924.52674,60926.40116,110383.0823
Monaco,MCO,1990,38119.75302,16521.41175,5387.303195,17784.88138,44847.02082,103942.7257
Monaco,MCO,1991,37981.74881,15571.93324,5343.374611,17834.92151,44655.22741,103236.6243
Monaco,MCO,1992,37871.93324,14730.30783,5303.610179,17873.8076,44160.80421,101833.5149
Monaco,MCO,1993,37797.09382,14016.55207,5251.060868,17877.07373,43647.56219,100700.3377
Monaco,MCO,1994,37759.92266,13316.16495,5216.898338,17880.67808,43272.53887,100081.9922
Monaco,MCO,1995,37707.61279,12677.9716,5184.742101,17833.65822,42934.40655,99690.37728
Monaco,MCO,1996,37700.58962,12153.66168,5147.316752,17796.74358,42600.4407,99456.51765
Monaco,MCO,1997,37670.81927,11628.87356,5114.445038,17744.35162,42257.8399,99546.29343
Monaco,MCO,1998,37639.89153,11108.22636,5103.008119,17717.44811,42002.24159,99631.5138
Monaco,MCO,1999,37600.65085,10629.71756,5083.432086,17711.58157,41784.6409,99497.37964
Monaco,MCO,2000,37547.06302,10230.97576,5066.978101,17748.23709,41697.07813,99327.42994
Monaco,MCO,2001,37535.44245,9847.521407,5063.51562,17780.14316,41639.57432,99307.83835
Monaco,MCO,2002,37518.76976,9531.25622,5056.631308,17806.18395,41744.93341,99519.60696
Monaco,MCO,2003,37516.30189,9251.329672,5039.976781,17838.13502,41974.79203,99991.55104
Monaco,MCO,2004,37508.07199,8980.998431,5023.291069,17877.11004,42165.64055,100554.7827
Monaco,MCO,2005,37487.32052,8743.58635,5020.031184,17900.82399,42270.01221,101124.4324
Monaco,MCO,2006,37472.89052,8523.029464,5001.78677,17903.9545,42326.99159,101471.1703
Monaco,MCO,2007,37406.94739,8276.143481,4992.391486,17913.69219,42349.67326,101419.4491
Monaco,MCO,2008,37343.8451,8076.355962,4988.453305,17939.90653,42373.44847,101174.8972
Monaco,MCO,2009,37363.62318,7902.475293,4991.786388,17989.11271,42508.90947,101074.6992
Monaco,MCO,2010,37342.79355,7749.38244,4988.44349,17999.24189,42551.92658,100958.171
Monaco,MCO,2011,37299.91091,7585.33425,4988.996066,18019.33312,42623.1204,100786.6955
Monaco,MCO,2012,37260.33396,7408.380589,4983.102881,18017.13107,42611.45795,100262.677
Monaco,MCO,2013,37186.90768,7201.36593,4979.903341,17995.39664,42473.81868,99419.68883
Monaco,MCO,2014,37052.11846,7024.007253,4962.492429,17882.64793,42091.91953,98275.98091
Monaco,MCO,2015,36861.69976,6833.850231,4944.640346,17806.15524,41633.10955,96991.05163
Monaco,MCO,2016,36722.95603,6700.341003,4941.375383,17702.88309,41136.88918,95636.05107
Monaco,MCO,2017,36654.28146,6544.270067,4938.853838,17559.55206,40597.15884,94316.47819
Monaco,MCO,2018,36571.50726,6421.432809,4910.191461,17433.22927,40171.62354,93185.67185
Monaco,MCO,2019,36491.56878,6314.995084,4905.779622,17325.6579,39928.9724,92223.24772
Mongolia,MNG,1990,55642.04271,177460.7587,11450.72313,25777.75318,102864.1523,164803.1017
Mongolia,MNG,1991,54078.41539,168721.4486,11334.386,25989.68347,104142.5158,167371.5758
Mongolia,MNG,1992,53656.91064,162585.0811,12748.44562,27652.3899,103427.0201,172130.8801
Mongolia,MNG,1993,53459.91425,157771.0847,14379.48904,29091.1402,104432.8035,174730.3052
Mongolia,MNG,1994,52446.21298,153080.5014,14286.54078,29857.61021,106789.9894,175817.6747
Mongolia,MNG,1995,51003.43753,147639.1544,13193.35608,30098.19761,110683.1175,180362.126
Mongolia,MNG,1996,49813.05088,143380.2504,12437.28675,30542.57791,112268.9748,185903.9791
Mongolia,MNG,1997,47976.65643,137848.1441,11244.43686,30526.16064,112009.7834,185645.7713
Mongolia,MNG,1998,46192.75554,131567.1927,10284.46255,30131.36993,112138.4563,187146.4378
Mongolia,MNG,1999,44728.00437,124702.9633,9781.776307,29696.58014,111618.0478,192389.6163
Mongolia,MNG,2000,43699.77667,119429.9733,9496.437054,29519.78758,110530.6096,199533.8544
Mongolia,MNG,2001,42793.53806,113571.8891,9314.882118,29075.48041,110863.707,200713.9049
Mongolia,MNG,2002,41773.84775,108227.3882,9198.662601,28780.51214,110115.937,193655.4839
Mongolia,MNG,2003,41231.03955,104466.0096,9218.786221,28807.66368,107845.3833,186247.3879
Mongolia,MNG,2004,40864.98532,100468.2244,9176.559652,29152.9686,104985.2922,178043.4112
Mongolia,MNG,2005,40452.53602,95288.83206,9156.043707,29239.56484,101886.0403,173915.6093
Mongolia,MNG,2006,39931.42637,90853.57164,9082.402809,28871.67553,99360.00807,168478.5237
Mongolia,MNG,2007,39471.96121,86928.34735,9236.395149,28502.52205,96131.33617,160002.9252
Mongolia,MNG,2008,39121.19127,82829.5935,9309.031948,28156.934,93013.09403,156576.974
Mongolia,MNG,2009,38936.2648,78295.6563,9021.926855,27815.66604,92303.40159,155597.4895
Mongolia,MNG,2010,38792.73406,73386.6065,8825.679195,27764.16577,91175.06011,152520.9394
Mongolia,MNG,2011,38333.43658,67964.11864,8647.757373,27565.17583,88284.49957,149874.8556
Mongolia,MNG,2012,37612.8535,62731.36196,8913.077507,27192.58355,84792.86024,148999.6426
Mongolia,MNG,2013,36842.57785,57891.44536,8907.068793,26830.09018,82159.34621,143609.7844
Mongolia,MNG,2014,36016.16405,52507.23025,8867.640333,26657.99499,80284.16871,136231.2937
Mongolia,MNG,2015,35046.21994,44714.99594,8508.283061,26613.13398,79292.14554,133127.6225
Mongolia,MNG,2016,34769.62038,40817.98887,7958.330802,26718.87942,78792.027,138286.1627
Mongolia,MNG,2017,34750.41439,39402.4503,7818.239966,26845.60092,78344.86638,139347.0131
Mongolia,MNG,2018,34610.96197,37253.05651,7564.939309,26992.39693,78090.54852,139617.5161
Mongolia,MNG,2019,34575.72441,35383.59703,7219.800116,27166.6725,77701.97721,143589.5943
Montenegro,MNE,1990,27392.93181,30483.13043,5900.192637,17041.63431,50876.45382,115508.3942
Montenegro,MNE,1991,27149.27082,27994.23463,5908.409986,17449.66645,49565.01586,112910.0744
Montenegro,MNE,1992,27332.06105,27278.63187,5864.627947,17397.74426,50141.53712,113396.4355
Montenegro,MNE,1993,27877.98633,27591.89997,5811.242682,16959.11796,52590.19263,116648.9547
Montenegro,MNE,1994,28590.50279,28024.49724,5869.205988,16944.94867,54615.91765,119495.5376
Montenegro,MNE,1995,29005.39254,27764.73693,5785.893323,17067.41515,55706.60228,120478.305
Montenegro,MNE,1996,29498.97908,27818.97295,5650.385834,17185.16037,56895.45512,121802.6544
Montenegro,MNE,1997,30263.98463,27169.51342,5612.059931,17500.36439,58384.5894,123353.4044
Montenegro,MNE,1998,30784.20307,26375.37291,5884.161588,18197.59091,58379.96179,120705.3177
Montenegro,MNE,1999,31317.11547,26052.33052,6288.15538,19111.33414,57246.3678,118602.0295
Montenegro,MNE,2000,31546.91793,26418.31089,6217.261504,18887.98654,56986.372,118134.3677
Montenegro,MNE,2001,31781.63157,26130.47626,5853.209871,18218.0626,58035.65295,119018.8126
Montenegro,MNE,2002,31973.5854,24597.06042,5443.599179,17770.23952,58705.77333,120109.6136
Montenegro,MNE,2003,32459.20983,23232.88382,5253.516563,17847.95291,59095.39451,121326.3835
Montenegro,MNE,2004,32790.32333,21385.02676,5219.750997,17787.08452,58994.15746,122674.9106
Montenegro,MNE,2005,33150.04455,20151.81638,5315.356734,17712.78425,58760.18955,124240.2853
Montenegro,MNE,2006,33346.81895,18829.15761,5433.748585,17729.41475,58007.70502,124813.4399
Montenegro,MNE,2007,33260.17219,17397.7338,5451.375803,17330.13534,56715.82868,126159.6478
Montenegro,MNE,2008,33153.00717,16757.85721,5331.364024,16961.09604,55633.421,126089.9616
Montenegro,MNE,2009,33156.75394,15927.19939,5182.487217,16734.8968,55025.32382,125584.7125
Montenegro,MNE,2010,32943.21767,15257.4315,5027.313289,16312.52905,54212.98105,124237.6906
Montenegro,MNE,2011,32870.45378,13447.16533,4929.751072,16060.13419,53784.37516,124129.1549
Montenegro,MNE,2012,32764.15149,12729.50663,4801.853136,15854.52684,52900.72758,124386.338
Montenegro,MNE,2013,33084.4262,12011.863,4852.061712,15947.08294,52851.63145,126104.7209
Montenegro,MNE,2014,33290.11853,11593.44304,4977.87711,15754.21585,52939.10167,127860.5124
Montenegro,MNE,2015,33427.91204,10036.86017,4940.44155,15579.60523,53548.89506,129179.7862
Montenegro,MNE,2016,33624.16266,10034.92142,4881.153888,15504.14406,54230.25444,129248.9315
Montenegro,MNE,2017,33839.09824,9839.034923,4893.862274,15544.71923,54379.08375,128634.9885
Montenegro,MNE,2018,33790.37572,9555.459835,4871.637319,15680.85863,54006.98944,126023.1573
Montenegro,MNE,2019,33760.29969,9254.969508,4824.055693,15727.70553,53979.12595,122647.031
Morocco,MAR,1990,44375.16839,154045.1857,10962.64637,21753.56251,62465.45613,134131.67
Morocco,MAR,1991,43193.5564,147129.5243,10865.05694,21715.20968,62344.30782,133673.1914
Morocco,MAR,1992,42993.17963,140600.1087,12972.58034,22119.85061,63343.66791,134110.411
Morocco,MAR,1993,42219.17108,134479.3182,13132.46016,22243.69244,63685.51876,134257.1497
Morocco,MAR,1994,41033.57733,128310.3896,12882.81829,22043.79575,62713.80887,132690.5572
Morocco,MAR,1995,40357.80943,124041.502,12861.88174,22069.89353,62345.28832,132161.7189
Morocco,MAR,1996,39242.00609,119100.3122,12479.80275,21735.90994,61511.42456,130610.8166
Morocco,MAR,1997,38535.73803,115167.1443,12304.85294,21674.80034,61004.90524,129846.0018
Morocco,MAR,1998,37618.29912,110937.491,11903.45396,21388.5884,60167.54372,129465.0177
Morocco,MAR,1999,36981.14915,106754.8506,11663.53145,21347.86064,59968.42035,129956.1884
Morocco,MAR,2000,35972.46637,102686.4278,11268.78573,21065.95549,58844.82638,126428.1227
Morocco,MAR,2001,35248.17467,98605.2073,10974.21543,20948.27834,58122.87166,124149.7875
Morocco,MAR,2002,34632.31034,95038.769,10827.24111,20778.17233,57048.03789,123255.932
Morocco,MAR,2003,34194.25964,90960.49599,10604.44447,20694.18507,57018.03627,125372.39
Morocco,MAR,2004,33683.41519,86632.14233,10379.09353,20645.6901,56751.30851,125899.3175
Morocco,MAR,2005,32997.08153,82205.18408,9912.802872,20381.06899,56244.40452,126563.3253
Morocco,MAR,2006,32431.43375,77606.7556,9601.453171,20247.07333,55881.65653,127244.4437
Morocco,MAR,2007,31894.82838,72579.64312,9372.843614,20193.98435,55705.63149,127836.3213
Morocco,MAR,2008,31516.3815,69372.67445,9239.51153,20120.81195,55255.88231,127482.1701
Morocco,MAR,2009,31027.11319,65612.14449,9055.132771,19984.96543,54757.52582,127101.0396
Morocco,MAR,2010,30564.05848,61858.41929,8893.106715,19899.64524,54191.88147,126657.9558
Morocco,MAR,2011,30067.92346,57870.43131,8703.567717,19777.00043,53735.87073,125991.7995
Morocco,MAR,2012,29733.94066,54929.0177,8523.704527,19621.84657,53605.35486,126060.4707
Morocco,MAR,2013,29517.06394,51889.33046,7782.492985,18922.27104,54969.42625,134525.9583
Morocco,MAR,2014,29184.91881,48968.43876,7680.744844,18790.65311,54862.89542,133547.8101
Morocco,MAR,2015,28874.57368,46084.92156,7548.299501,18644.03882,54842.70055,132873.7984
Morocco,MAR,2016,28611.41341,43279.33782,7408.796944,18470.1302,55072.86734,132260.2188
Morocco,MAR,2017,28411.67622,40555.5734,7267.228079,18301.33691,55386.61938,131842.3811
Morocco,MAR,2018,28229.09261,37873.05052,7102.393452,18114.85762,55680.55385,131177.3756
Morocco,MAR,2019,28119.18531,35829.40103,6955.533562,17962.83922,55809.04205,130175.9808
Mozambique,MOZ,1990,118993.0393,480749.4353,22709.5075,35536.77838,95145.41651,173942.3139
Mozambique,MOZ,1991,117387.5143,471929.4804,22316.62279,36050.79605,94664.17031,172826.1737
Mozambique,MOZ,1992,114829.1005,458093.5982,21525.79259,35510.5555,94538.49594,172183.8909
Mozambique,MOZ,1993,111180.8747,431074.0964,20923.24019,35706.21902,94542.17338,171531.1456
Mozambique,MOZ,1994,108606.4019,408529.8127,20497.53977,36452.99747,94127.35737,170294.1072
Mozambique,MOZ,1995,108390.3682,400061.7884,20100.53587,37726.84632,94513.14938,169726.6586
Mozambique,MOZ,1996,107962.8562,391108.6693,19784.29091,39560.29111,95170.44689,169300.1947
Mozambique,MOZ,1997,107320.9489,381565.3933,19568.49941,41738.04097,96293.32726,169148.6069
Mozambique,MOZ,1998,106063.7016,370651.2035,19208.93773,43922.24075,97259.95719,168656.8
Mozambique,MOZ,1999,105049.1498,360124.1733,18988.19418,46389.26736,98759.23483,168422.2514
Mozambique,MOZ,2000,103764.2377,345363.3371,19168.70889,49346.26635,101143.5098,168566.2231
Mozambique,MOZ,2001,101474.072,329510.8403,18497.07443,51124.07825,101672.033,167252.1235
Mozambique,MOZ,2002,99770.30168,314379.629,18432.21924,53483.44408,103091.8336,166683.3021
Mozambique,MOZ,2003,97891.24705,300206.2199,18386.4148,55310.09976,104138.0696,165925.0288
Mozambique,MOZ,2004,95971.38878,286200.4379,18516.89205,57005.12435,105432.4813,165573.5861
Mozambique,MOZ,2005,94026.91309,272918.6362,18833.55742,58364.6154,106781.9782,165484.0193
Mozambique,MOZ,2006,91151.4574,258638.4884,18655.16578,58572.23391,107559.4624,165422.0158
Mozambique,MOZ,2007,87734.47127,244703.2188,18655.83271,57439.66271,107545.4343,165136.0894
Mozambique,MOZ,2008,84664.03681,233992.466,18626.84901,55794.84713,106833.6532,164398.6425
Mozambique,MOZ,2009,82652.6193,224305.0257,18685.65658,55751.06363,107840.9488,164653.7738
Mozambique,MOZ,2010,80797.05158,213977.6966,18520.34839,56331.24665,109809.3284,165683.7753
Mozambique,MOZ,2011,78978.38243,204526.2221,18331.32079,56765.69725,111220.2236,166336.0306
Mozambique,MOZ,2012,77329.69479,195247.603,18128.90381,57536.99829,112679.9,166671.8064
Mozambique,MOZ,2013,74865.9207,186080.6912,17969.46752,56648.59995,112587.1011,166274.9467
Mozambique,MOZ,2014,71313.04746,177193.1093,17672.75901,53629.16648,110202.396,164862.1364
Mozambique,MOZ,2015,68011.9568,169045.4932,17618.82056,50775.67667,107182.3589,163156.9153
Mozambique,MOZ,2016,65007.08542,161002.6179,17162.91073,48657.42124,104693.2068,161227.9596
Mozambique,MOZ,2017,62310.94579,152808.0518,16553.58301,47215.04898,102703.8745,159473.0759
Mozambique,MOZ,2018,60021.11228,144380.2565,15958.81307,46534.83465,101278.5248,157817.5564
Mozambique,MOZ,2019,58149.05838,137460.6642,15970.14598,45649.82177,99746.82765,156138.557
Myanmar,MMR,1990,77960.20375,297868.9567,21206.70121,33349.96908,99939.06249,173903.7561
Myanmar,MMR,1991,76425.76919,291574.2523,20882.15903,33321.72011,99847.0486,173619.4742
Myanmar,MMR,1992,74820.86898,284873.0468,20549.23602,33264.24945,99557.56465,173143.2539
Myanmar,MMR,1993,72812.25571,276778.2715,19980.73322,32846.12094,99074.42937,172527.5661
Myanmar,MMR,1994,71043.41705,268205.7177,19615.2459,32839.2637,98635.68228,171871.8439
Myanmar,MMR,1995,69320.98122,259793.905,19187.78737,32831.79938,97857.79518,171030.5733
Myanmar,MMR,1996,67484.92424,251570.9714,18776.02293,32500.63257,96848.60627,170041.7601
Myanmar,MMR,1997,65887.9253,243812.0705,18425.71083,32414.06253,95734.58733,168963.5808
Myanmar,MMR,1998,64325.71301,236316.0444,18023.79468,32246.15847,94470.84373,167820.2269
Myanmar,MMR,1999,62804.8311,228716.3339,17648.39672,32037.73737,92893.07064,166417.4064
Myanmar,MMR,2000,61331.58246,220778.3387,17293.34319,31969.65231,91676.57829,165134.2232
Myanmar,MMR,2001,59814.11161,212419.4933,16876.88522,31689.91344,89984.10624,163885.0312
Myanmar,MMR,2002,58332.63853,204104.2799,16454.5721,31421.75559,88202.9604,162523.2762
Myanmar,MMR,2003,56739.63479,195276.5166,15980.18345,31046.78112,86354.95859,161202.8713
Myanmar,MMR,2004,55239.38219,186212.4684,15560.34725,30772.2486,84763.82437,159983.1181
Myanmar,MMR,2005,53466.39103,177029.608,15031.49608,30262.16089,82288.18213,157913.4712
Myanmar,MMR,2006,51811.74234,167787.7041,14556.27509,29777.01295,80434.45794,156226.7356
Myanmar,MMR,2007,50013.76193,158613.1693,13988.2936,29141.47068,78122.98672,153941.5447
Myanmar,MMR,2008,64089.11544,167665.6605,31055.38938,44400.3896,87807.28961,162284.2357
Myanmar,MMR,2009,46642.92932,141006.7626,12898.51632,27770.02418,74312.39051,150614.3244
Myanmar,MMR,2010,44881.12771,132297.0369,12265.30947,26961.45639,72083.90671,148605.7128
Myanmar,MMR,2011,43432.96985,124496.3,11742.22595,26302.75433,70470.47766,147082.1394
Myanmar,MMR,2012,41977.15433,117159.8939,11193.17087,25514.15101,68841.19522,145609.5432
Myanmar,MMR,2013,40647.91977,110391.7003,10749.15722,24728.0156,67399.22368,144226.3025
Myanmar,MMR,2014,39398.9447,104034.5635,10376.17738,23950.00475,65979.5981,142942.629
Myanmar,MMR,2015,38515.71131,98547.43803,10149.45448,23471.28835,64960.04961,142198.6781
Myanmar,MMR,2016,37553.46526,93340.42765,9780.225032,22809.96551,64064.44016,141066.3989
Myanmar,MMR,2017,37682.4595,88814.04933,9834.704081,23722.87221,63758.06281,140206.3068
Myanmar,MMR,2018,35997.42204,83613.75178,9190.163709,21835.9436,62543.14484,139013.708
Myanmar,MMR,2019,35522.48155,79783.03908,9013.626222,21564.09165,62011.92744,137848.2409
Namibia,NAM,1990,50334.75936,135683.7276,13361.28018,29009.07921,91583.70253,159456.3433
Namibia,NAM,1991,49674.91253,130942.0956,13000.81735,29682.8201,91176.43134,158914.2543
Namibia,NAM,1992,49312.89274,126877.1292,12519.60923,30705.58997,91536.66377,158750.8122
Namibia,NAM,1993,49575.70092,124175.859,12103.34967,32471.34657,92462.41543,158815.5216
Namibia,NAM,1994,51685.02203,128378.0924,12182.45816,35389.98821,94733.04878,159743.7271
Namibia,NAM,1995,52394.36199,122165.1161,11514.76368,38999.873,97544.36226,160952.3008
Namibia,NAM,1996,54737.21571,122171.8737,11449.48813,43653.99043,100797.5543,162286.2584
Namibia,NAM,1997,57492.55238,123192.1359,11448.82916,48674.3742,104639.3575,164274.2346
Namibia,NAM,1998,60823.31525,124729.1367,11634.62781,54375.68999,109623.8404,167309.4789
Namibia,NAM,1999,63973.52538,125921.026,11785.86565,59767.05913,114783.2897,170347.7055
Namibia,NAM,2000,67478.69966,127913.821,12265.25327,65324.18203,120468.6281,173692.5313
Namibia,NAM,2001,69761.3445,130605.4081,12486.30669,68695.31224,123665.8452,174484.0413
Namibia,NAM,2002,71607.36539,129614.1996,12583.51778,72092.25041,127147.3063,175808.6214
Namibia,NAM,2003,72771.38237,129751.5653,12854.05835,73996.44652,128671.047,175594.3154
Namibia,NAM,2004,71814.89358,127734.9035,13211.51028,72710.81796,126833.8983,173716.1737
Namibia,NAM,2005,68633.58568,124954.3149,13475.48549,67911.90542,120931.2628,169952.6429
Namibia,NAM,2006,64097.28669,122275.0765,13539.34461,60939.12148,112477.3368,165068.1279
Namibia,NAM,2007,58714.9983,118222.1406,13250.12361,53036.32615,102954.663,159808.5729
Namibia,NAM,2008,54572.30507,112057.6941,13296.58025,47545.96883,95720.31733,155997.5211
Namibia,NAM,2009,52603.93531,106712.5085,13512.49699,45337.11461,92304.42109,153768.8602
Namibia,NAM,2010,50550.78405,100852.471,13211.53008,43173.10909,89889.32978,152027.3346
Namibia,NAM,2011,48512.57474,96631.86124,13760.56915,40455.1486,86618.55476,149355.3157
Namibia,NAM,2012,45914.61229,89686.81828,12605.32972,37964.45928,84351.12538,147472.6329
Namibia,NAM,2013,45061.94217,85480.75396,13056.35686,37156.30488,83546.80576,146543.9354
Namibia,NAM,2014,45043.40634,82908.85267,13181.45176,37386.96677,84425.84198,146235.9476
Namibia,NAM,2015,44591.81794,79788.49528,12142.07258,37431.19194,85363.52604,146004.0767
Namibia,NAM,2016,43967.94997,77462.23157,11689.31891,36852.33001,85491.63191,145606.7099
Namibia,NAM,2017,43146.4265,75049.45547,11312.66289,35975.05554,85091.14838,145061.6982
Namibia,NAM,2018,41711.28933,71758.88398,10776.2758,34428.79447,83541.82393,144209.8716
Namibia,NAM,2019,40742.88998,69444.43666,10444.50267,33379.48777,82268.25674,143593.1869
Nauru,NRU,1990,41382.43631,70005.24933,9138.886814,35382.50659,103021.8026,182091.1439
Nauru,NRU,1991,41454.90313,69627.04587,9119.146435,35639.19671,103971.7835,183207.9528
Nauru,NRU,1992,41605.9352,69255.29997,9102.960478,36055.73838,105108.3829,184745.6172
Nauru,NRU,1993,42068.59128,71416.64132,9197.230239,36298.30852,105577.7143,185326.3692
Nauru,NRU,1994,42837.65228,74098.24337,9324.133334,36824.31109,107022.7086,187244.5987
Nauru,NRU,1995,43927.21349,77464.33493,9495.072586,37594.72875,109424.0456,190037.2742
Nauru,NRU,1996,45103.27741,81182.47918,9683.287678,38399.51151,111802.7084,193031.3126
Nauru,NRU,1997,46324.39126,85012.10128,9881.929321,39103.10035,114110.8367,196209.8112
Nauru,NRU,1998,47256.11351,87902.76464,10039.23848,39701.28011,115676.9878,199083.1838
Nauru,NRU,1999,48126.23227,90755.44795,10205.08917,40222.44499,116874.1457,201584.9085
Nauru,NRU,2000,48852.07533,93728.96925,10373.70432,40548.08727,117172.0605,203456.2603
Nauru,NRU,2001,49625.32929,95761.0172,10522.91898,41039.08022,117917.3739,206275.3746
Nauru,NRU,2002,49963.84582,96661.55122,10625.49925,41270.05015,118028.5992,207969.7658
Nauru,NRU,2003,50046.23719,96910.76657,10688.05889,41377.72022,117753.5913,209424.7987
Nauru,NRU,2004,50021.92917,97021.51503,10738.16098,41417.14853,117348.0716,210655.4818
Nauru,NRU,2005,49644.32256,95541.24294,10713.09608,41355.91266,116801.6663,211595.1323
Nauru,NRU,2006,49072.96349,93672.21179,10648.59211,41108.06399,116000.4895,211814.2015
Nauru,NRU,2007,48521.22877,91329.18778,10558.82133,40943.00658,115690.2998,212250.2693
Nauru,NRU,2008,47514.57903,87720.63389,10390.60177,40483.42163,114308.6771,211080.8507
Nauru,NRU,2009,46617.30001,84868.78664,10254.23389,40013.34959,112823.1806,209137.4711
Nauru,NRU,2010,45169.64219,79837.62438,10005.41292,39288.24051,110600.1578,205696.8131
Nauru,NRU,2011,43738.83361,74792.44009,9751.893049,38561.83603,108580.0598,201502.0715
Nauru,NRU,2012,42586.11861,70422.45145,9541.188358,38032.32979,107244.0654,197500.7437
Nauru,NRU,2013,41216.0248,65466.99106,9287.683997,37316.15483,105372.8186,192954.3601
Nauru,NRU,2014,39833.63967,60757.14105,9033.385393,36500.30423,103168.3621,188149.7702
Nauru,NRU,2015,38842.5452,57290.21839,8837.678274,35879.60695,101622.7096,184321.4086
Nauru,NRU,2016,38044.56744,54319.01538,8678.811862,35345.67928,100428.9129,181038.7468
Nauru,NRU,2017,37381.54234,51487.05621,8528.123805,34911.86218,99431.74595,178281.4555
Nauru,NRU,2018,36922.32693,49221.80066,8394.907025,34610.80305,98756.76131,175900.3838
Nauru,NRU,2019,36606.46687,47416.90764,8284.614309,34384.56042,98234.62623,173889.3136
Nepal,NPL,1990,79274.75832,290185.5343,17060.81214,30216.01131,86805.42458,163377.4778
Nepal,NPL,1991,76493.75401,277421.6638,16874.20482,29842.42715,85534.21184,161456.4341
Nepal,NPL,1992,72389.18472,259470.885,16278.18607,29108.10145,83222.95794,158179.9817
Nepal,NPL,1993,69455.17635,245850.9658,16209.72192,28778.52348,82075.21517,156511.3901
Nepal,NPL,1994,65863.38782,232746.9822,15301.35898,27647.50222,79723.06563,153573.8025
Nepal,NPL,1995,62970.92229,221052.5969,14946.53485,27076.35243,77933.4179,151333.7238
Nepal,NPL,1996,60004.36304,209473.3662,14525.91393,26402.00233,75720.25431,148665.325
Nepal,NPL,1997,56814.33069,197487.9939,13692.2529,25436.45621,73820.21252,146657.1857
Nepal,NPL,1998,54154.39774,186309.9363,13281.4057,24941.65432,72157.72356,144799.2906
Nepal,NPL,1999,51360.86739,175154.7277,12690.1331,24193.48878,70312.03471,142838.7474
Nepal,NPL,2000,48827.56803,164720.2307,12135.43006,23542.35499,68713.44028,141654.5384
Nepal,NPL,2001,46418.50652,155106.9593,11599.33206,22878.4904,66805.33776,139971.8905
Nepal,NPL,2002,45524.76063,148004.2368,11982.53895,23865.52732,65829.93375,138884.4778
Nepal,NPL,2003,42779.74523,139209.1757,11053.61064,22261.98803,64350.57669,137504.8814
Nepal,NPL,2004,41569.0076,132589.6704,11012.46975,22390.44027,63951.69498,137054.0969
Nepal,NPL,2005,39897.53287,125933.7349,10570.97761,21715.34481,63475.16836,136486.6676
Nepal,NPL,2006,38590.40246,120053.8047,10267.00451,21272.03805,63421.31312,136402.8755
Nepal,NPL,2007,37548.04896,114728.9303,10060.30763,21010.46174,63471.70977,136213.4975
Nepal,NPL,2008,36608.20863,109160.9955,9891.568157,20884.68974,63402.14274,135803.3854
Nepal,NPL,2009,35765.81549,103905.6167,9727.732405,20727.96185,63324.78435,135456.0998
Nepal,NPL,2010,34887.72833,97344.2151,9609.682561,20649.0134,63289.03737,135145.0887
Nepal,NPL,2011,34209.52767,91186.95116,9478.183731,20605.44492,63660.19628,135868.0443
Nepal,NPL,2012,33501.00808,85269.01533,9308.129732,20432.28952,63735.7385,136467.0123
Nepal,NPL,2013,32952.45405,80412.5482,9132.535996,20255.67493,63805.65609,137164.3345
Nepal,NPL,2014,32463.61961,75820.81531,9026.577243,20127.3214,63631.14399,137291.8342
Nepal,NPL,2015,33813.21082,73819.26328,10803.34085,21711.2142,65009.88606,138710.7325
Nepal,NPL,2016,31627.94574,67503.62741,8699.944722,19800.41261,63555.41383,137471.1909
Nepal,NPL,2017,31245.7902,63529.3401,8560.439286,19623.66582,63389.98328,137666.9685
Nepal,NPL,2018,30843.71148,59800.4599,8361.471732,19388.42613,63184.57729,137686.322
Nepal,NPL,2019,30538.44782,57016.64978,8203.027167,19163.27922,62850.29652,137549.356
Netherlands,NLD,1990,28355.81447,18167.80152,5513.227729,15571.35493,45930.10496,109815.3034
Netherlands,NLD,1991,28324.49551,17123.49303,5429.668814,15688.40447,45446.34564,108862.2743
Netherlands,NLD,1992,28356.73612,16229.95823,5440.942526,15849.58518,45060.46502,108325.3425
Netherlands,NLD,1993,28597.26835,15669.08751,5391.326791,15982.8522,45089.84841,109347.0939
Netherlands,NLD,1994,28371.63445,14681.89249,5298.380492,15979.61852,44370.84534,107614.1554
Netherlands,NLD,1995,28332.44267,14103.84377,5267.706476,15986.87832,43864.38095,107086.196
Netherlands,NLD,1996,28395.24883,14018.33699,5213.932493,16008.03318,43527.48225,107282.2447
Netherlands,NLD,1997,28182.51494,13532.02839,5151.950331,15836.44595,42519.54055,106125.582
Netherlands,NLD,1998,28174.98268,13680.62743,5138.03309,15784.42071,41896.82514,105643.8608
Netherlands,NLD,1999,28298.75238,13727.54023,5174.841774,15860.67849,41421.3898,105832.5055
Netherlands,NLD,2000,28218.66407,13667.11073,5164.121075,15846.13927,40768.98278,105159.8695
Netherlands,NLD,2001,28110.70191,13421.92713,5176.038451,15761.46533,40186.37552,104392.2078
Netherlands,NLD,2002,28014.11581,12957.61631,5187.944393,15662.94286,39768.32504,103726.8248
Netherlands,NLD,2003,27776.69721,12336.74593,5219.737752,15500.89372,39272.25248,101993.8917
Netherlands,NLD,2004,27308.99297,11612.74289,5088.300539,15243.32841,38521.65524,99327.7247
Netherlands,NLD,2005,26997.94414,11646.59014,5030.628893,15013.15624,37707.98649,97505.03864
Netherlands,NLD,2006,26720.2086,11026.38092,4980.75715,14800.41616,37099.38372,95759.35474
Netherlands,NLD,2007,26477.01047,10542.74605,4906.664866,14651.88663,36613.04134,93585.32309
Netherlands,NLD,2008,26436.94387,10353.2044,4838.806751,14578.12189,36373.82213,92343.79082
Netherlands,NLD,2009,26360.3831,10290.3387,4823.290341,14440.33379,36057.68539,90915.39077
Netherlands,NLD,2010,26349.86831,10103.24665,4800.830334,14329.26481,35836.47086,89790.15693
Netherlands,NLD,2011,26377.8147,9671.829824,4822.433613,14299.79001,35501.02029,88951.3261
Netherlands,NLD,2012,26572.24674,9584.326747,4855.054988,14230.91089,35523.52251,88909.46594
Netherlands,NLD,2013,26628.76634,9439.173142,4806.234448,14115.66173,35401.18568,88129.62064
Netherlands,NLD,2014,26687.86371,9467.938265,4822.334373,14097.40521,35038.20872,87103.06309
Netherlands,NLD,2015,26938.08118,9025.037995,4751.827668,13974.61013,34997.45545,87558.317
Netherlands,NLD,2016,27193.01008,9310.998704,4710.082425,13952.51413,34939.02586,87696.76638
Netherlands,NLD,2017,27412.27969,9169.65434,4676.111144,13928.63651,34729.01922,86700.94187
Netherlands,NLD,2018,27700.72888,9050.670695,4725.006796,13961.47162,34607.52184,86147.89581
Netherlands,NLD,2019,27979.59773,8903.642796,4744.664768,13980.50936,34521.53804,85904.50943
New Zealand,NZL,1990,30426.45557,25590.59598,6684.973149,20036.43103,52054.75565,112255.6197
New Zealand,NZL,1991,29984.29561,23532.24437,6784.832745,19855.14378,50905.18188,109829.6109
New Zealand,NZL,1992,29750.52269,21853.52587,6683.877294,19715.15324,50251.18124,109322.0161
New Zealand,NZL,1993,29565.22438,21586.95014,6425.344219,19644.53736,49340.98078,109083.1991
New Zealand,NZL,1994,29064.44232,20534.09144,6398.306579,19420.11827,47981.84055,107178.1952
New Zealand,NZL,1995,29000.04385,18548.83132,6413.94521,19567.66464,47610.34189,106888.7892
New Zealand,NZL,1996,28749.73126,18510.02336,6419.653598,19451.12215,46417.41371,105416.9304
New Zealand,NZL,1997,28373.1078,17853.6687,6390.809393,19305.91213,45041.31722,102986.6615
New Zealand,NZL,1998,27774.85531,16414.53359,6401.424604,18980.25621,43329.2719,100277.05
New Zealand,NZL,1999,27723.21156,16455.55628,6340.429401,18779.35236,42482.77168,100565.9237
New Zealand,NZL,2000,27397.30452,16647.38565,6353.781104,18549.51953,41104.82014,98916.16807
New Zealand,NZL,2001,27231.08198,15746.63316,6311.245521,18408.96715,40319.26382,98563.31007
New Zealand,NZL,2002,27053.75212,15860.01825,6229.113432,18314.99538,39549.5593,97577.98215
New Zealand,NZL,2003,26763.23085,15299.05426,6082.17415,18263.3667,38729.75991,96051.17957
New Zealand,NZL,2004,26518.19348,15398.69141,6020.740946,18121.38766,37990.3617,94876.41781
New Zealand,NZL,2005,26134.01818,14712.19159,5917.880147,17936.90134,37280.59731,92767.91148
New Zealand,NZL,2006,25985.04576,14965.95349,5901.535712,17733.32873,36764.64164,91950.09875
New Zealand,NZL,2007,25988.07971,15332.56707,5925.272055,17625.7469,36410.05157,91457.18871
New Zealand,NZL,2008,25911.32941,15231.08748,5901.721811,17466.89037,36040.19942,90656.83285
New Zealand,NZL,2009,25749.54027,15000.33896,5776.215975,17355.71795,35514.71242,88961.4709
New Zealand,NZL,2010,25623.12092,14977.82483,5614.96958,17226.61096,34972.814,87470.31471
New Zealand,NZL,2011,25866.87416,14360.34728,5791.857308,17318.12283,34859.36241,87368.50076
New Zealand,NZL,2012,25726.71505,13580.12965,5576.758466,17053.49981,34478.70437,86318.0291
New Zealand,NZL,2013,25681.88256,13235.37944,5461.801033,16900.32643,34322.56038,85019.232
New Zealand,NZL,2014,25933.77035,13694.30687,5494.779552,16830.57546,34356.65554,85166.5693
New Zealand,NZL,2015,25967.14243,12384.17839,5554.471845,16861.51823,34147.04606,84404.0278
New Zealand,NZL,2016,26042.41727,11077.2808,5553.797866,16936.23218,34269.9465,82989.60694
New Zealand,NZL,2017,26249.79554,11552.55587,5595.251392,16930.02797,34258.6763,81943.51416
New Zealand,NZL,2018,26772.51169,11365.55133,5544.930195,16939.83468,34616.47954,83412.14792
New Zealand,NZL,2019,27043.23234,11165.55745,5557.59143,16962.10441,34699.97144,83208.69887
Nicaragua,NIC,1990,37037.3216,121072.5945,10067.3054,18319.12284,47009.39943,94128.81142
Nicaragua,NIC,1991,35893.743,113629.8642,9844.64934,18827.45911,49807.06241,99675.5079
Nicaragua,NIC,1992,34490.86383,107733.5985,9926.512665,18658.29733,49082.02928,98939.26572
Nicaragua,NIC,1993,33136.5262,102706.9232,9434.698185,18395.8434,49216.54076,99302.06744
Nicaragua,NIC,1994,31417.50508,95650.79992,9119.254595,17901.61275,48804.06445,100494.7951
Nicaragua,NIC,1995,30871.26677,90873.52493,8895.870035,17608.26772,51561.05836,122325.367
Nicaragua,NIC,1996,29786.16455,85164.43881,8649.026691,17598.21465,52042.38625,124512.5179
Nicaragua,NIC,1997,28043.70918,79384.29805,8202.909519,16954.93161,49524.50597,119457.6362
Nicaragua,NIC,1998,31043.33966,90778.70483,9058.56022,18358.03112,54368.71434,132326.0815
Nicaragua,NIC,1999,25859.35429,69351.03341,7672.936511,16556.89937,47790.23744,116838.0843
Nicaragua,NIC,2000,24903.02579,65332.87659,7449.86579,16217.84425,46600.96,115404.1106
Nicaragua,NIC,2001,24453.33458,61878.77069,7335.240896,16177.70807,46833.20255,117291.1553
Nicaragua,NIC,2002,24192.40799,58927.95062,7224.644617,16194.6887,47626.09655,119667.4935
Nicaragua,NIC,2003,23904.07343,55966.41109,7132.789284,16163.16844,48150.4162,120939.7845
Nicaragua,NIC,2004,23667.60335,53491.48534,7076.944811,16131.74515,48198.24253,121643.502
Nicaragua,NIC,2005,23680.51058,51313.81355,6999.525022,16259.56489,49168.9615,123837.5207
Nicaragua,NIC,2006,22849.32449,49175.27034,6832.679016,15668.73757,46717.6148,118907.0789
Nicaragua,NIC,2007,23126.34793,46820.06648,6996.638938,16039.19055,48050.34593,122019.9772
Nicaragua,NIC,2008,22974.42642,44159.59107,6737.04253,16083.67122,48673.58365,122308.6869
Nicaragua,NIC,2009,22838.01138,42517.24249,6648.011742,16045.88051,48438.19353,121354.7086
Nicaragua,NIC,2010,22591.68811,41009.0299,6629.881032,15841.15885,47586.00601,120539.0597
Nicaragua,NIC,2011,22695.11397,39007.72861,6500.700095,16129.87492,48422.85046,119807.6643
Nicaragua,NIC,2012,22718.67504,37303.85778,6413.796063,16278.46028,48770.03005,118827.3222
Nicaragua,NIC,2013,22787.91556,36300.04389,6388.746289,16383.79469,48899.16223,117919.6062
Nicaragua,NIC,2014,22917.59921,34746.66015,6339.359814,16691.20876,49434.6268,116270.6202
Nicaragua,NIC,2015,22412.44848,33564.24692,6224.543316,16101.755,47878.4642,116271.9024
Nicaragua,NIC,2016,22782.47815,32252.45859,6231.345321,16574.96093,49102.9132,115477.3342
Nicaragua,NIC,2017,22535.89742,30913.49548,6177.187076,16277.11279,48501.71333,114915.4029
Nicaragua,NIC,2018,22414.09612,29140.42905,6085.519103,16128.05456,48484.9975,114910.9068
Nicaragua,NIC,2019,22322.69963,27747.82264,6008.852091,16050.84745,48436.31839,113642.1512
Niger,NER,1990,162129.751,641187.003,24656.31362,30179.57593,88765.79798,169581.4626
Niger,NER,1991,162541.1333,643408.7277,25133.83557,30570.15151,88591.40145,169335.8876
Niger,NER,1992,159046.1237,630066.6953,24342.49464,29873.03019,86375.01561,166781.0618
Niger,NER,1993,157603.7756,622363.3297,24256.82531,29900.83298,85666.63569,165443.928
Niger,NER,1994,153689.2554,602647.1799,23899.04672,29888.47298,84304.83472,163938.0995
Niger,NER,1995,154953.5021,601443.7639,24886.9964,31097.84535,85368.34425,165518.2389
Niger,NER,1996,146735.5991,564631.0424,23229.48859,29880.01057,82229.09469,161943.7292
Niger,NER,1997,143198.1445,544646.6625,22665.3119,29884.4422,82047.16795,161234.6708
Niger,NER,1998,139570.882,524459.737,22239.73828,29965.22955,81836.63062,160281.9261
Niger,NER,1999,136936.0858,509737.1072,21934.61526,29812.46337,81307.99194,159660.152
Niger,NER,2000,134404.6478,495286.4756,21867.08084,29834.93884,80257.15923,158999.7792
Niger,NER,2001,130719.546,476719.7443,21590.99299,29981.18186,80154.48303,158569.5145
Niger,NER,2002,124549.4942,449369.9728,20940.16984,29592.11351,79455.16059,157104.5418
Niger,NER,2003,120909.0012,432526.8371,20697.32731,29415.85289,79408.24405,157068.3785
Niger,NER,2004,112516.8594,396581.411,19815.66107,28826.70921,77869.84457,155065.5938
Niger,NER,2005,108177.6694,377696.8791,19401.70213,28451.91607,77726.27088,154684.4686
Niger,NER,2006,101229.2643,348503.0955,18789.55077,27887.01917,76483.03184,153282.3492
Niger,NER,2007,97296.11721,332322.4093,18489.7223,27503.38119,75754.97318,151639.8863
Niger,NER,2008,90657.68582,306119.5668,17785.67875,26755.66988,74095.51324,149172.3636
Niger,NER,2009,87613.57522,295349.3927,17496.18979,26162.26259,73670.18996,148716.7254
Niger,NER,2010,85480.67572,288708.4888,17296.96162,25664.29056,73677.41099,148387.2101
Niger,NER,2011,83551.32882,283023.3394,17119.99042,25324.53456,73318.30181,147835.9473
Niger,NER,2012,81899.34305,278693.0174,16945.23134,24910.25163,72750.38834,146652.251
Niger,NER,2013,79525.25682,270954.6764,16716.25989,24523.85096,71806.01791,145457.5884
Niger,NER,2014,77229.33983,263083.497,16476.23174,24225.44267,71128.3137,143832.1747
Niger,NER,2015,75385.48665,256000.1829,16378.26164,24251.89433,70853.57904,142541.5653
Niger,NER,2016,73236.33565,248508.3737,16114.55723,23782.19006,70111.77655,141208.0979
Niger,NER,2017,71054.51029,240108.3839,15953.11968,23479.37326,69497.82137,140659.1165
Niger,NER,2018,68801.02163,231127.6789,15737.54001,23234.01467,68941.25086,140265.8976
Niger,NER,2019,66593.41648,222325.9133,15463.3744,22896.78832,68283.74436,138701.198
Nigeria,NGA,1990,108982.6137,454878.2169,19966.40592,27479.54157,79804.25177,156652.0822
Nigeria,NGA,1991,109755.8131,458027.1199,20061.2938,27883.07002,80064.98485,156829.6722
Nigeria,NGA,1992,108063.1154,447186.0499,19891.76486,28395.38734,80272.17669,156781.526
Nigeria,NGA,1993,107498.4834,442471.9868,19815.30851,28872.3653,80458.23888,156852.8331
Nigeria,NGA,1994,107013.6203,438119.4546,19787.31865,29357.63141,80714.67067,157004.3556
Nigeria,NGA,1995,106588.0843,433867.2599,19742.98613,30062.32572,81309.76492,157162.3571
Nigeria,NGA,1996,107228.2673,434397.4497,20104.51624,31004.75679,82036.18641,157515.1696
Nigeria,NGA,1997,105148.2408,422779.7896,19619.29848,31439.07543,81910.07368,157090.9257
Nigeria,NGA,1998,104561.95,417955.6402,19649.69565,32138.46588,82251.62589,157194.7805
Nigeria,NGA,1999,104014.7145,413773.4321,19650.89353,32815.54502,82546.34791,157254.8325
Nigeria,NGA,2000,102985.3071,407420.2623,19631.89281,33317.54259,82189.89517,157137.3001
Nigeria,NGA,2001,101434.9067,399952.057,19420.48757,33343.31397,81715.37338,156738.3016
Nigeria,NGA,2002,99571.30089,391174.0573,19202.86825,33144.25619,81112.7677,155989.9319
Nigeria,NGA,2003,97238.33154,380880.6531,18810.27365,32603.03634,80084.35051,154859.9532
Nigeria,NGA,2004,94550.69261,368178.3416,18422.05124,32192.71349,78691.21143,153319.8475
Nigeria,NGA,2005,91426.85454,354657.9454,17956.14116,31206.29078,76964.67051,151586.9375
Nigeria,NGA,2006,88398.13599,341366.0773,17585.04446,30326.33649,75229.91318,150042.0643
Nigeria,NGA,2007,85139.50547,327434.8236,17152.26676,29394.633,73523.37205,148382.6507
Nigeria,NGA,2008,82114.19712,314971.113,16773.43777,28564.56553,71898.41116,146779.9536
Nigeria,NGA,2009,79288.13648,304176.6538,16491.24148,27707.03867,70314.10345,145340.1159
Nigeria,NGA,2010,76317.49449,292922.3346,16068.29383,27049.5321,68849.31182,143664.6754
Nigeria,NGA,2011,73460.40702,282106.8435,15745.24903,26572.25883,67548.84089,142141.644
Nigeria,NGA,2012,70843.67008,273132.8804,15437.63643,25963.65866,66401.63976,140650.2861
Nigeria,NGA,2013,68523.57317,265541.8579,15263.25107,25449.37221,65179.85355,139158.8339
Nigeria,NGA,2014,66395.85909,257550.263,15217.31687,25362.74469,64114.01721,137602.4731
Nigeria,NGA,2015,63904.63184,249110.5733,14848.61166,24726.01922,63386.5464,136819.6335
Nigeria,NGA,2016,61158.75203,238468.3339,14492.22542,24215.97253,62525.38358,135523.2204
Nigeria,NGA,2017,58515.04007,227121.374,14202.19251,23914.86423,61800.57459,134499.0642
Nigeria,NGA,2018,56174.39393,216950.4252,13918.46639,23656.4865,61181.25233,133488.6506
Nigeria,NGA,2019,54038.35857,208322.9729,13546.25567,23133.0815,60481.6859,132514.9813
Niue,NIU,1990,38364.78552,44385.7365,7653.170162,25418.11423,75497.75444,152954.1227
Niue,NIU,1991,38819.54059,44618.82847,7636.114313,25751.39916,75911.58581,153425.8317
Niue,NIU,1992,39533.01037,45477.15936,7665.126783,26288.91191,77085.20151,154456.0469
Niue,NIU,1993,39783.25831,46235.9056,7643.095617,26289.28903,77476.38372,154283.3544
Niue,NIU,1994,40099.43573,47523.5362,7659.542147,26284.82675,77789.21727,154241.2191
Niue,NIU,1995,40561.49555,48499.09797,7674.897249,26499.5154,78262.07242,154802.5096
Niue,NIU,1996,41039.26638,49586.45723,7687.663381,26643.52738,78555.82104,154999.1846
Niue,NIU,1997,41464.05176,49875.08716,7668.558753,26645.48159,78555.12406,154356.8305
Niue,NIU,1998,41553.85068,50287.4244,7646.880531,26207.78063,77885.14074,152239.2161
Niue,NIU,1999,43292.81067,52694.89386,7846.642292,26820.53075,80668.49791,155533.9325
Niue,NIU,2000,42128.26201,50961.83625,7635.96441,25783.98276,77919.44334,150169.3928
Niue,NIU,2001,42519.70905,51475.75054,7660.339152,25595.48472,77554.20518,149756.8428
Niue,NIU,2002,42909.05197,50260.21308,7627.020878,25590.01453,77234.95655,148969.1671
Niue,NIU,2003,43300.25596,49232.78979,7607.120632,25602.35165,76944.24939,148440.0066
Niue,NIU,2004,47310.10764,55112.07091,12793.87563,29437.09876,78190.57598,148747.9316
Niue,NIU,2005,43590.02143,46568.16855,7531.299518,25258.73298,76108.31041,147747.4788
Niue,NIU,2006,43600.32675,45149.01376,7457.608251,25125.42208,75882.14293,147641.8754
Niue,NIU,2007,43350.63056,43899.21602,7366.479487,24894.21422,75466.89632,147269.8635
Niue,NIU,2008,43162.14006,43281.52632,7291.630855,24726.84609,75089.36562,147147.1451
Niue,NIU,2009,42412.51829,42387.05412,7182.52696,24090.26605,73567.5423,146088.8687
Niue,NIU,2010,41824.67496,41779.54257,7111.038024,23638.65824,72144.87081,145309.2719
Niue,NIU,2011,41579.22393,41407.94514,7076.846408,23512.52093,71541.24837,144861.2625
Niue,NIU,2012,41311.2812,40383.70543,7026.753643,23461.80965,71222.20779,144218.3402
Niue,NIU,2013,41147.14957,39484.61386,6992.586612,23447.18737,70937.68854,143751.4715
Niue,NIU,2014,41019.73133,38722.97159,6970.923694,23415.98157,70725.45636,143437.8836
Niue,NIU,2015,40878.04749,38076.9752,6954.897359,23362.00277,70621.85042,143144.5405
Niue,NIU,2016,40848.59402,37532.27025,6957.035768,23337.62274,70847.10588,142790.4636
Niue,NIU,2017,40838.37004,36806.5609,6940.971345,23309.18188,70899.46443,141802.3118
Niue,NIU,2018,40878.98257,36334.86485,6912.714058,23203.11677,70875.59143,141257.7142
Niue,NIU,2019,40906.1888,35933.30172,6879.020429,23115.06911,70907.50103,140722.5208
North America (WB),,1990,32310.35353,22687.61201,6120.355608,21537.32016,55303.41225,107697.959
North America (WB),,1991,32088.35847,21520.42659,6018.190898,21637.34676,54554.92237,106570.4183
North America (WB),,1992,31828.5586,20301.79353,5916.978063,21680.51039,53644.84051,105530.3678
North America (WB),,1993,31990.28055,19684.62595,5880.410513,21898.44925,53348.68884,106228.3786
North America (WB),,1994,31909.9609,18913.25603,5819.231331,21999.94656,52669.19999,105971.8478
North America (WB),,1995,31821.75909,18129.87967,5760.154583,21964.28788,52145.50561,106026.447
North America (WB),,1996,31379.93705,17608.91199,5689.927849,21514.51667,51153.707,105470.5471
North America (WB),,1997,30959.26995,17365.5252,5609.230738,21009.99137,49843.0038,105001.1705
North America (WB),,1998,30856.67626,17370.10964,5548.470853,20816.88766,48966.94979,105195.0908
North America (WB),,1999,30933.40976,17262.58531,5503.985409,20841.24785,48522.36647,105832.365
North America (WB),,2000,30927.24419,17122.50911,5462.723927,20898.35242,47912.96624,105411.4921
North America (WB),,2001,31012.9393,16972.73632,5476.614861,21106.91962,47449.19926,104920.3621
North America (WB),,2002,30995.1875,16917.86327,5429.098636,21079.79504,47094.14937,104561.9901
North America (WB),,2003,30943.00175,16936.00597,5412.196984,21065.11052,46695.09407,103592.4418
North America (WB),,2004,30670.41528,16794.22514,5380.241504,20910.46191,45938.53812,101885.5195
North America (WB),,2005,30807.52135,17002.32058,5409.08995,20986.2653,45748.39254,101437.6718
North America (WB),,2006,30692.56203,16940.62438,5308.642752,20877.1514,45321.52135,100210.6652
North America (WB),,2007,30596.63278,16876.69371,5315.928543,20692.73042,44997.67488,99219.30425
North America (WB),,2008,30578.41881,16319.05832,5297.125813,20491.66641,44930.06304,98769.74288
North America (WB),,2009,30494.66331,15562.84064,5297.521188,20335.62535,44794.87695,97670.68125
North America (WB),,2010,30378.41344,14933.62882,5276.660224,20127.32964,44405.98739,96682.85165
North America (WB),,2011,30533.9968,14780.11003,5281.718443,20100.8804,44414.39718,96400.48137
North America (WB),,2012,30661.02537,14750.39507,5258.031657,20060.113,44477.53775,95688.41785
North America (WB),,2013,30875.16582,14791.84353,5264.76784,20081.54838,44584.89699,94973.31525
North America (WB),,2014,31160.72732,14736.97715,5266.803261,20222.52162,44784.52186,94385.05894
North America (WB),,2015,31573.23324,14742.90434,5296.636689,20531.5838,45051.50758,94084.65455
North America (WB),,2016,32085.57294,14620.02044,5340.193487,20989.05185,45566.06704,93882.95509
North America (WB),,2017,32304.07018,14275.82323,5358.654102,21118.60727,45583.52005,92794.09732
North America (WB),,2018,32746.50773,13935.21796,5408.39115,21086.09357,46075.55458,93443.29873
North America (WB),,2019,33211.27252,13778.37347,5488.841783,21191.91288,46466.99417,94013.54892
North Korea,PRK,1990,43977.72215,136902.5192,9417.697334,20841.24514,60973.63553,132199.4159
North Korea,PRK,1991,43168.52877,129100.3127,9212.731849,20708.34956,61067.98269,132197.4295
North Korea,PRK,1992,42337.17057,121526.1837,8996.950426,20541.93441,61295.90875,132293.8277
North Korea,PRK,1993,41607.31924,114352.0074,8862.695383,20511.89103,61722.61594,132622.2544
North Korea,PRK,1994,40724.88252,107237.4497,8665.801892,20343.57205,62113.81755,132997.9365
North Korea,PRK,1995,58582.63586,174623.0174,11950.51123,26112.42382,84197.83163,187081.1025
North Korea,PRK,1996,58579.48371,213696.6846,13357.68268,22980.20513,69834.11243,157940.6388
North Korea,PRK,1997,57621.87736,211397.1344,13251.75058,22998.38354,70611.68144,157275.3017
North Korea,PRK,1998,56726.67962,210124.3167,13186.74045,23096.11675,71547.89224,156667.5007
North Korea,PRK,1999,55801.58468,209235.2095,13091.49582,23175.40229,72356.45675,156075.3833
North Korea,PRK,2000,49226.42728,134431.3205,10485.42204,24929.25815,82553.58177,169163.8448
North Korea,PRK,2001,48367.96298,129762.251,10348.63627,24932.33003,83170.69844,168440.85
North Korea,PRK,2002,47560.42008,125401.1535,10191.1931,24884.84624,83581.22463,167690.8751
North Korea,PRK,2003,35031.87825,69471.37453,7819.448595,20458.79211,67309.19123,130285.3908
North Korea,PRK,2004,34797.93514,65956.8951,7732.05158,20470.8142,67431.7712,130256.5546
North Korea,PRK,2005,34550.03694,62609.61557,7655.773828,20402.44165,67269.15664,130061.9023
North Korea,PRK,2006,34372.24128,59386.375,7568.400069,20333.58392,66974.12743,129764.2726
North Korea,PRK,2007,34307.79876,56323.55187,7548.453277,20340.03011,66591.08534,129453.9023
North Korea,PRK,2008,33998.21586,53158.40995,7268.637788,20085.2869,65765.78269,128847.9743
North Korea,PRK,2009,33842.04616,50390.23565,7145.846895,19988.23112,65003.14094,128242.4465
North Korea,PRK,2010,33710.82883,47705.93485,7036.808594,19945.49885,64138.62017,127420.2995
North Korea,PRK,2011,33590.46588,45087.01076,6933.3917,19885.53284,63386.00292,126554.5253
North Korea,PRK,2012,33466.00755,42499.45742,6824.591904,19823.28685,62566.80135,125482.1577
North Korea,PRK,2013,33303.73176,39866.69807,6670.78193,19727.29268,61654.90235,124192.1935
North Korea,PRK,2014,33166.86729,37291.26656,6525.626736,19642.81069,60761.52578,122594.3196
North Korea,PRK,2015,33073.22259,34884.0456,6401.286442,19579.32243,59854.80818,121051.867
North Korea,PRK,2016,33098.09961,32668.73242,6398.199089,19587.97208,59120.06598,119690.2655
North Korea,PRK,2017,32984.69534,30362.8455,6182.778045,19409.19277,58373.97863,118695.0123
North Korea,PRK,2018,32976.15396,28292.65192,6097.655599,19314.75139,57794.31257,118276.4632
North Korea,PRK,2019,32937.79372,26504.94842,5931.526206,19162.44419,57192.01724,117750.9938
North Macedonia,MKD,1990,33176.94696,68940.45367,6901.482256,16991.69772,60627.43948,154833.0896
North Macedonia,MKD,1991,32749.75252,62046.64222,6868.53194,17114.80379,60891.72544,153838.927
North Macedonia,MKD,1992,33714.17905,60959.93817,6839.82867,17414.75263,63643.2835,158206.3742
North Macedonia,MKD,1993,34174.33897,53246.41172,7166.857446,18363.83531,65193.8882,158700.2946
North Macedonia,MKD,1994,33780.59906,51579.36498,6887.128772,17554.5591,65063.91443,157613.5365
North Macedonia,MKD,1995,33730.70579,46630.89939,6651.474085,17597.52916,65792.56412,157851.5582
North Macedonia,MKD,1996,33413.39035,38587.2913,6449.54879,17703.97994,66255.64624,158201.5893
North Macedonia,MKD,1997,32697.14413,33160.84931,6394.252309,17540.11615,65851.40599,158961.3321
North Macedonia,MKD,1998,32575.53929,33688.99875,6532.978353,17483.32046,65694.19763,159599.2344
North Macedonia,MKD,1999,33135.09412,30665.83565,6343.236614,17680.53174,64900.10451,158372.8061
North Macedonia,MKD,2000,33964.38467,30116.90278,6209.455622,17721.02498,64061.17799,156825.9682
North Macedonia,MKD,2001,34397.37094,29011.78082,6389.183488,18152.07267,64272.37857,156337.2801
North Macedonia,MKD,2002,34257.02653,26736.5252,6173.452765,17749.28475,64209.56312,157371.8604
North Macedonia,MKD,2003,34182.04353,29506.11155,6104.71897,17273.11022,62689.8663,156186.141
North Macedonia,MKD,2004,33532.87648,27485.2803,5781.117297,16536.56425,60674.42744,153794.6264
North Macedonia,MKD,2005,33473.86106,24287.22598,5481.807649,16109.264,60312.79722,154121.6518
North Macedonia,MKD,2006,34067.77481,26076.24044,5454.486388,16143.3186,60375.18948,154942.4246
North Macedonia,MKD,2007,34306.36843,24354.93696,5370.283504,16133.35153,59819.0929,156783.957
North Macedonia,MKD,2008,33648.87799,23862.17236,5202.286119,15715.15384,57636.70176,153396.9526
North Macedonia,MKD,2009,33818.67057,24695.27919,5294.10883,15648.44825,57245.82288,151919.1678
North Macedonia,MKD,2010,33453.70258,20255.65597,5230.843385,15369.94737,56296.96286,150171.9265
North Macedonia,MKD,2011,33121.7122,19513.16435,5171.697172,15125.98078,54935.04684,148409.3889
North Macedonia,MKD,2012,33545.31751,21839.05815,5220.270487,15127.55699,54719.11693,148755.2119
North Macedonia,MKD,2013,33312.77635,22241.92453,5247.191349,15003.15937,53769.23023,145515.4848
North Macedonia,MKD,2014,33762.82354,22030.51917,5390.801594,15015.52996,54086.87714,146563.1829
North Macedonia,MKD,2015,34178.56907,21152.97613,5560.165534,15062.40247,54222.49097,148844.3834
North Macedonia,MKD,2016,34578.92389,24626.39039,5576.925149,15190.2605,54217.32369,148701.9675
North Macedonia,MKD,2017,34499.46921,20571.96212,5281.921311,15227.87252,54091.13341,147630.7291
North Macedonia,MKD,2018,34584.61397,19109.39463,5301.710673,15257.09115,53957.25727,145151.8116
North Macedonia,MKD,2019,34818.895,17909.13882,5273.615059,15380.03307,53933.09203,143511.519
Northern Ireland,,1990,31708.54944,21025.51354,6417.899767,17780.52237,55556.7372,125504.6756
Northern Ireland,,1991,31243.28143,20195.78711,6370.998925,17846.68449,54097.27235,122596.2701
Northern Ireland,,1992,30648.55453,18855.17889,6424.687761,17573.7739,52605.94799,120221.7917
Northern Ireland,,1993,30676.07269,18323.8747,6267.744826,17375.44099,52378.27679,121438.8023
Northern Ireland,,1994,30281.35449,17372.12011,6254.055619,17555.22894,50789.73416,118252.8236
Northern Ireland,,1995,29956.88495,16635.10907,6062.121636,17183.84593,49612.52023,118466.9705
Northern Ireland,,1996,29348.533,15629.90211,5882.817371,16980.83274,47747.09962,116044.6486
Northern Ireland,,1997,29210.76018,15326.86871,5828.204166,17047.65222,46827.57386,114447.1064
Northern Ireland,,1998,29291.28942,14972.84043,5885.20342,17389.3505,46125.51126,113457.3094
Northern Ireland,,1999,29320.9935,14298.82903,5873.554365,17393.43229,45681.2155,113600.0476
Northern Ireland,,2000,28698.61359,13082.02469,5782.931416,17157.38455,44235.97755,110275.0275
Northern Ireland,,2001,28142.30584,12885.58349,5715.019784,17100.0443,42779.12354,105866.4357
Northern Ireland,,2002,28219.51784,12680.36176,5669.932992,17139.28118,42868.09002,104819.6634
Northern Ireland,,2003,27972.82126,13258.99472,5639.040797,16941.56503,41972.85325,103074.2255
Northern Ireland,,2004,28018.09925,13738.7179,5597.749335,17109.34343,41794.25592,101297.0682
Northern Ireland,,2005,27973.22615,14144.36275,5677.012556,17353.46534,41203.82575,98980.7359
Northern Ireland,,2006,28133.06112,14157.354,5794.235946,17642.76183,40924.57322,97909.74969
Northern Ireland,,2007,28173.50424,14125.47284,5706.264431,17788.34203,40526.40161,96978.94328
Northern Ireland,,2008,28027.03132,13693.29495,5666.844578,17775.72376,39888.74095,95787.86745
Northern Ireland,,2009,27808.6254,13401.81772,5567.457531,17699.51863,39308.78376,94022.24065
Northern Ireland,,2010,27714.82441,13105.84749,5410.730747,17571.77867,39038.29247,93317.67204
Northern Ireland,,2011,27254.68573,12162.29403,5340.831381,17207.50229,38114.63276,91925.72177
Northern Ireland,,2012,27248.09052,11434.06268,5358.856071,16989.49319,37937.12729,92253.91305
Northern Ireland,,2013,27205.65187,11656.52138,5276.510687,16785.62929,37772.41115,91087.72778
Northern Ireland,,2014,27114.42867,11816.64289,5208.639997,16661.74837,37349.25019,89554.48227
Northern Ireland,,2015,27367.03329,11951.02572,5148.104835,16711.91185,37341.32338,89754.22495
Northern Ireland,,2016,27397.10296,11680.80333,5085.352834,16613.40055,37219.61101,89269.7189
Northern Ireland,,2017,27558.75837,11456.62414,5095.792921,16558.89925,37227.69813,89135.18622
Northern Ireland,,2018,28047.65176,11253.12099,5225.090145,16593.62508,37436.86739,91109.61628
Northern Ireland,,2019,28268.72839,11050.65709,5258.704099,16552.39004,37410.87492,91731.04756
Northern Mariana Islands,MNP,1990,25207.03356,25672.59384,6022.507667,23586.59233,64749.85883,128586.0641
Northern Mariana Islands,MNP,1991,25063.7869,24172.7214,5862.047302,23260.93117,63375.02148,127371.4721
Northern Mariana Islands,MNP,1992,24738.54019,21768.12947,5712.634317,23199.30266,62485.29827,125983.3345
Northern Mariana Islands,MNP,1993,24336.50608,19639.79031,5611.702267,23303.78605,62053.68564,124884.1817
Northern Mariana Islands,MNP,1994,24014.07825,18353.92928,5561.142444,23496.36913,62022.33431,124239.7002
Northern Mariana Islands,MNP,1995,23912.96719,18071.5559,5538.546528,23769.61691,62491.03991,124166.1763
Northern Mariana Islands,MNP,1996,23935.8774,19152.44936,5534.043823,23818.69236,63154.93179,124697.2471
Northern Mariana Islands,MNP,1997,24021.30065,21385.66398,5547.009495,23638.45463,63602.1319,125589.717
Northern Mariana Islands,MNP,1998,24046.07398,23895.75178,5553.362034,23228.12568,63350.07431,126238.418
Northern Mariana Islands,MNP,1999,23818.97837,24545.72537,5492.795508,22633.01236,61781.01445,125486.6053
Northern Mariana Islands,MNP,2000,23726.91189,22262.04137,5397.498351,22443.81651,59833.34578,123830.714
Northern Mariana Islands,MNP,2001,23852.72904,19163.49224,5352.606469,22852.73207,58892.64215,122606.9083
Northern Mariana Islands,MNP,2002,23970.38809,17038.86735,5366.557326,23234.48254,58233.89422,121782.4133
Northern Mariana Islands,MNP,2003,24211.18933,15890.27273,5399.720993,23701.54826,57998.30617,121788.993
Northern Mariana Islands,MNP,2004,24886.02293,16086.46357,5728.187498,24436.36773,58380.53749,122498.2936
Northern Mariana Islands,MNP,2005,25295.63687,16364.64078,5428.285682,24736.9557,58982.07449,123266.9192
Northern Mariana Islands,MNP,2006,25643.74076,17485.81026,5408.20083,24523.52431,59154.12701,123904.4827
Northern Mariana Islands,MNP,2007,26311.2317,18448.34981,5383.074239,24717.98878,58968.16217,124154.7456
Northern Mariana Islands,MNP,2008,26703.59458,19048.757,5388.277768,24306.61336,58693.70872,123913.7947
Northern Mariana Islands,MNP,2009,27448.25957,19181.32307,5441.837381,24268.67123,58695.08532,123313.1266
Northern Mariana Islands,MNP,2010,28123.31714,18987.17105,5510.438821,23990.79272,58600.74342,122044.5843
Northern Mariana Islands,MNP,2011,28977.141,19123.10032,5620.309006,23895.89856,58701.98536,121789.1234
Northern Mariana Islands,MNP,2012,29672.26847,19658.50794,5722.874815,23619.72219,58859.27843,122125.5684
Northern Mariana Islands,MNP,2013,30346.68317,20435.42926,5799.460983,23363.50585,59168.91529,122905.4796
Northern Mariana Islands,MNP,2014,31056.88496,21417.12231,5839.613275,23054.58887,59498.15383,124008.4179
Northern Mariana Islands,MNP,2015,32094.97381,22521.35493,5865.222091,22861.77384,60108.62814,125738.5319
Northern Mariana Islands,MNP,2016,33036.22765,23243.47709,5876.138394,22436.62267,60011.82247,126913.1791
Northern Mariana Islands,MNP,2017,33765.77525,22838.25114,5839.068011,22038.06373,59812.52736,126565.0395
Northern Mariana Islands,MNP,2018,34598.70394,22312.77825,6081.648875,21948.86706,59922.38658,125017.8284
Northern Mariana Islands,MNP,2019,34987.31439,21039.81495,5742.848656,21404.42937,59642.22803,121864.5858
Norway,NOR,1990,32826.63761,19002.70281,5939.329265,17486.13845,48728.61219,111636.2163
Norway,NOR,1991,32322.47096,17354.09043,5817.719699,17314.68667,47662.54952,110046.4702
Norway,NOR,1992,32098.48016,15807.8183,5713.815622,17277.40923,47127.33564,110012.969
Norway,NOR,1993,31825.62204,14368.58544,5592.755153,17100.01711,46487.28713,110268.695
Norway,NOR,1994,31426.5311,13612.92024,5510.105763,17008.94859,45637.03182,108863.133
Norway,NOR,1995,30987.54346,12308.36146,5387.81652,16921.7079,44486.42934,107784.2923
Norway,NOR,1996,30605.18874,12015.87388,5354.195307,16843.71069,43171.10621,106861.87
Norway,NOR,1997,30312.97771,11762.1301,5354.134267,16802.26152,41945.18291,106068.0216
Norway,NOR,1998,30175.05777,11279.54411,5342.466767,16865.1792,41218.27774,105932.5445
Norway,NOR,1999,29908.2518,11399.05221,5374.732431,16812.61828,40280.81396,105352.4061
Norway,NOR,2000,29595.23281,10882.59256,5384.57606,16860.45873,39441.94717,104383.9964
Norway,NOR,2001,29243.59804,10490.95776,5407.209689,16715.12522,38665.54598,103602.4021
Norway,NOR,2002,28966.9984,10193.69878,5420.642647,16529.26779,38325.55108,102937.1633
Norway,NOR,2003,28419.34963,10024.14549,5438.906464,16291.89018,37681.88671,100405.3356
Norway,NOR,2004,27966.48182,9692.933731,5452.238665,16097.4219,37129.97829,98520.82822
Norway,NOR,2005,27617.45848,9502.94996,5441.569624,15870.56754,36638.73685,97507.08385
Norway,NOR,2006,27443.81319,9408.111452,5426.479715,15681.88096,36460.52128,97257.45001
Norway,NOR,2007,27352.18018,9148.982352,5415.105422,15490.14596,36357.66129,97677.86091
Norway,NOR,2008,27162.64033,8857.316613,5400.827436,15412.06502,36188.88465,96947.60024
Norway,NOR,2009,26949.32304,8892.289802,5397.622049,15350.1948,36017.51523,95614.59816
Norway,NOR,2010,26647.57531,8334.051492,5358.71761,15197.94774,35749.54778,94305.85648
Norway,NOR,2011,26665.77339,7811.240525,5323.632901,15292.93538,35722.28522,94277.22825
Norway,NOR,2012,26178.96837,7701.353968,5221.272657,14803.94405,35198.63227,93172.33269
Norway,NOR,2013,25920.68799,7504.563154,5156.76606,14675.92467,34848.54857,91632.23499
Norway,NOR,2014,25480.97075,7370.003727,5104.942515,14524.53936,33977.06666,89154.09255
Norway,NOR,2015,25210.54468,7290.281552,5066.867409,14336.13819,33300.55582,87285.7899
Norway,NOR,2016,25224.2407,7150.75883,5065.340265,14304.56751,33103.91635,86095.33866
Norway,NOR,2017,25064.82081,7002.374609,5075.545378,14237.6935,32418.86876,84022.0375
Norway,NOR,2018,25289.63484,6876.526511,5076.919663,14357.42705,32322.90977,83555.15383
Norway,NOR,2019,25549.69101,6792.448244,5081.029569,14540.35261,32471.65166,82718.12905
OECD Countries,,1990,31776.20603,42100.95444,6839.591754,19165.81395,51101.69704,110795.971
OECD Countries,,1991,31536.95276,39889.86908,6694.350364,19202.87284,50567.43735,109367.5629
OECD Countries,,1992,31238.21259,37832.02926,6578.164293,19178.4846,49884.13571,107771.4089
OECD Countries,,1993,31083.78227,35967.42554,6469.805673,19167.85865,49437.1005,107118.499
OECD Countries,,1994,30896.18245,34582.32945,6381.508359,19187.14991,48822.32455,105743.5876
OECD Countries,,1995,30743.51054,33133.83404,6293.060541,19122.39962,48411.93676,105012.2948
OECD Countries,,1996,30333.52923,31727.21587,6204.822991,18844.11449,47525.7871,103486.3317
OECD Countries,,1997,29977.19406,30370.09811,6120.236736,18553.29545,46537.1151,102155.2579
OECD Countries,,1998,29829.86294,29153.33089,6083.214889,18417.35567,45823.34644,101472.9006
OECD Countries,,1999,29787.91159,28041.25996,6173.674677,18416.63886,45214.60233,100820.9205
OECD Countries,,2000,29378.3258,26701.34622,5949.363512,18161.64856,44245.01445,98994.71655
OECD Countries,,2001,29198.84404,25712.74326,5858.641339,18074.91755,43615.5863,97634.66771
OECD Countries,,2002,29086.76228,24765.27969,5769.470488,17950.90977,43166.56047,96932.60518
OECD Countries,,2003,29009.12075,23889.72013,5713.748967,17874.13538,42828.90098,96064.41514
OECD Countries,,2004,28708.35376,22927.91662,5651.532263,17707.2196,42166.129,94044.83852
OECD Countries,,2005,28676.03587,22118.20069,5633.432123,17663.62844,41867.15371,93099.95096
OECD Countries,,2006,28520.84439,21292.37851,5573.678835,17545.3094,41422.97727,91662.73389
OECD Countries,,2007,28462.47196,20579.30367,5537.319018,17442.1586,41136.63363,90745.27439
OECD Countries,,2008,28460.2844,19778.96776,5509.373836,17366.10744,40933.63609,90120.61732
OECD Countries,,2009,28452.65571,19053.39399,5507.062254,17300.09447,40765.46648,89297.13608
OECD Countries,,2010,28353.89185,18355.74794,5476.720387,17144.7908,40377.17297,88413.81516
OECD Countries,,2011,28389.58164,17751.40712,5456.569211,17056.08894,40200.80224,88000.42559
OECD Countries,,2012,28381.1455,17293.97475,5405.425442,16930.95898,39980.95529,87536.613
OECD Countries,,2013,28453.39261,16964.45507,5379.172936,16888.71496,39865.62778,87056.88082
OECD Countries,,2014,28501.91461,16666.99944,5363.96582,16876.76423,39674.15822,86342.2947
OECD Countries,,2015,28716.13655,16309.50907,5342.909191,16935.4349,39697.18816,86532.28804
OECD Countries,,2016,28895.1554,15921.69092,5345.958433,17091.11793,39698.84996,86148.71636
OECD Countries,,2017,29083.4385,15300.35968,5335.318744,17217.17448,39639.15078,85526.66935
OECD Countries,,2018,29350.31074,14848.49995,5343.15052,17264.31277,39614.67105,85666.95171
OECD Countries,,2019,29600.56129,14450.24163,5345.343263,17271.05193,39626.29313,85786.25676
Oman,OMN,1990,32110.25795,70851.95651,10825.42102,21568.88186,77149.69733,174600.4823
Oman,OMN,1991,31050.92125,66253.42998,10556.47786,21532.20393,76688.8836,174268.9645
Oman,OMN,1992,29608.05388,59447.74788,10201.48463,21380.95116,76235.48067,173624.6796
Oman,OMN,1993,28563.64631,55067.55719,9970.152907,21145.20861,75572.82329,172970.9564
Oman,OMN,1994,27735.98662,51494.70134,9745.173643,20889.071,75368.69344,172392.4791
Oman,OMN,1995,27066.84099,47884.56924,9497.956127,20738.33066,75294.96816,171839.2568
Oman,OMN,1996,26500.63982,44395.89472,9245.363057,20695.19389,74148.92878,171301.6862
Oman,OMN,1997,25841.53105,41245.85023,9000.258291,20614.36452,73394.72093,170468.5181
Oman,OMN,1998,25172.11583,38158.00859,8780.806224,20408.75062,73338.88376,169533.9398
Oman,OMN,1999,24630.27158,35169.25258,8558.458005,20162.81783,73359.68807,168451.8915
Oman,OMN,2000,24310.80055,32713.40776,8332.53453,19964.13476,72443.804,167344.5845
Oman,OMN,2001,23935.20018,30426.93989,8168.012382,19826.18288,70953.18119,160988.5842
Oman,OMN,2002,23748.6304,28457.84667,8099.800347,19958.55685,70125.772,159758.2512
Oman,OMN,2003,23303.04137,26396.37107,7954.371869,19715.75949,69757.49456,158200.2935
Oman,OMN,2004,22766.33368,24134.88702,7762.673907,19310.34974,70012.88065,152015.2816
Oman,OMN,2005,22666.16286,22176.58601,7592.114509,19218.90341,70806.09405,153921.2241
Oman,OMN,2006,23096.73387,21906.37686,7604.785736,19509.0045,70185.66091,159055.5425
Oman,OMN,2007,23701.58355,22661.16368,7938.947194,20016.06726,69231.27081,161821.0314
Oman,OMN,2008,23514.71009,23636.33176,7877.901034,19473.60116,69361.57732,161826.2015
Oman,OMN,2009,23185.9381,24973.34561,7470.328912,18973.2714,67369.13629,161375.7107
Oman,OMN,2010,22928.56068,25128.82683,7379.746597,18626.85959,63597.06642,165264.5515
Oman,OMN,2011,22560.25022,25780.25704,7571.629165,18175.12561,59385.61472,164978.3669
Oman,OMN,2012,21616.53275,26214.66939,7412.344419,17307.29198,56171.72652,156208.1626
Oman,OMN,2013,20756.59907,26504.58242,7298.520396,16521.42499,51972.34144,162961.8419
Oman,OMN,2014,20231.07884,26416.19728,7405.218539,16072.89864,48755.38945,168530.9242
Oman,OMN,2015,19943.54775,26510.76035,7299.408184,15807.61354,47496.15479,171210.9005
Oman,OMN,2016,19633.41792,26978.00343,7150.101679,15556.04474,45825.70514,167799.0288
Oman,OMN,2017,19302.08591,25073.90932,7043.121201,15478.78309,45212.15413,161524.8956
Oman,OMN,2018,18964.58287,23357.14486,7012.515204,15486.97844,44499.75507,149232.8956
Oman,OMN,2019,18715.99224,21974.53439,6881.115508,15494.3177,44218.5162,144273.9277
Pakistan,PAK,1990,70086.17521,246533.5631,15663.41453,26197.16617,76445.53987,154255.5794
Pakistan,PAK,1991,69447.55267,242220.4919,15774.41795,26440.19481,77537.57319,155878.6084
Pakistan,PAK,1992,68967.05218,237829.1074,16014.80414,26853.48802,79031.21503,158121.063
Pakistan,PAK,1993,68470.6483,233396.5102,16132.72873,27216.68078,80790.93296,160674.8722
Pakistan,PAK,1994,68183.31588,229830.3091,16274.18025,27651.61044,82512.48071,162972.0883
Pakistan,PAK,1995,67978.21489,226262.287,16478.53922,28168.44507,84387.28557,165155.5099
Pakistan,PAK,1996,66859.57969,219676.0078,16400.35969,28254.68611,85140.89098,165825.0987
Pakistan,PAK,1997,66068.16171,214531.3739,16400.39643,28429.7563,85952.71398,166429.0598
Pakistan,PAK,1998,64731.8011,207768.8088,16294.00609,28376.60325,85938.52591,165896.8454
Pakistan,PAK,1999,63731.65631,202958.1012,16177.93583,28340.06173,85959.25137,165476.1902
Pakistan,PAK,2000,62618.42615,197955.9591,16036.48777,28230.22244,85782.18774,164818.1415
Pakistan,PAK,2001,61517.86373,192975.3433,15930.45161,28167.58804,85560.02222,164171.1483
Pakistan,PAK,2002,60620.4785,189337.3951,15819.87255,28098.59895,85323.44543,163536.4146
Pakistan,PAK,2003,59578.49782,185186.1679,15691.40404,28022.69882,84943.59337,162805.4992
Pakistan,PAK,2004,58369.28094,180818.5004,15518.88927,27818.14794,84206.72921,161786.6798
Pakistan,PAK,2005,59706.16738,177877.6263,18310.19432,30494.05311,85498.3766,162465.5935
Pakistan,PAK,2006,55806.13091,171928.9572,15162.50147,27321.35308,82349.66215,159310.764
Pakistan,PAK,2007,54158.09166,165676.991,14928.90543,27067.37775,81074.95841,157468.1154
Pakistan,PAK,2008,53102.11618,162500.7389,14770.05572,26873.77058,79980.05344,156021.5254
Pakistan,PAK,2009,51993.22013,158840.4024,14630.94001,26727.95298,78972.82994,154633.2918
Pakistan,PAK,2010,51264.75759,156581.2407,14621.42843,26780.0649,78237.66563,153601.7846
Pakistan,PAK,2011,49889.1257,152913.8004,14271.40492,26184.81612,77279.93956,152295.0472
Pakistan,PAK,2012,48981.0305,150308.8716,14192.98844,25980.42575,76706.48432,150948.2029
Pakistan,PAK,2013,48256.59294,149021.6221,14124.72871,25745.53043,75962.57758,149469.5857
Pakistan,PAK,2014,47531.48186,147296.7861,14058.56156,25600.23486,75332.38036,148146.3102
Pakistan,PAK,2015,46501.71421,143656.3072,13933.1155,25400.93965,74694.70979,146984.1644
Pakistan,PAK,2016,45693.89593,141490.0246,13851.06712,25161.99312,73926.08974,145631.0349
Pakistan,PAK,2017,44743.62034,138116.6073,13718.59087,24951.05879,73161.00497,144443.8678
Pakistan,PAK,2018,43062.46251,130140.4123,13359.39157,24625.22264,72253.61139,143223.7473
Pakistan,PAK,2019,42059.12763,126180.3419,13066.92945,24322.06674,71415.59144,141768.6922
Palau,PLW,1990,39533.10924,62486.80065,8644.114347,30036.73252,90185.46692,160441.7271
Palau,PLW,1991,39170.44198,58985.63254,8440.159362,30091.56123,89049.18359,159346.9849
Palau,PLW,1992,38876.24336,55877.90108,8248.38315,30220.96797,88091.19573,158400.914
Palau,PLW,1993,38846.06493,53702.10434,8111.138435,30496.2702,87435.06466,158115.2858
Palau,PLW,1994,38416.45711,51811.93987,7259.225663,29845.42729,88639.43133,158065.8746
Palau,PLW,1995,38307.47947,49328.94364,7027.043376,29983.04541,88171.31092,158467.4345
Palau,PLW,1996,38511.95281,47817.65976,7201.838214,30560.14961,87815.8015,158470.5302
Palau,PLW,1997,38079.99207,45135.75704,6825.392397,30502.93044,87214.51355,158250.8293
Palau,PLW,1998,38076.6755,43338.11758,6739.60366,30821.9372,87109.61981,158156.0861
Palau,PLW,1999,38282.96086,42180.27789,6696.410784,31130.77052,86786.18154,158427.0099
Palau,PLW,2000,38271.91405,41245.03297,6655.986393,31119.17914,85456.08693,157600.3809
Palau,PLW,2001,38245.03645,40605.2354,6636.215098,31177.30615,84336.65872,156824.0168
Palau,PLW,2002,38239.58922,40154.71194,6617.385505,31147.47591,83095.6954,156138.9858
Palau,PLW,2003,38302.69725,39893.15171,6601.833907,31003.81599,81848.66118,155308.3579
Palau,PLW,2004,38816.03977,39787.56686,6680.630073,31139.07708,81374.29805,155591.9027
Palau,PLW,2005,39582.64494,39244.51768,7270.683895,32078.9824,79089.45813,155338.3973
Palau,PLW,2006,39889.96656,38946.65394,7256.517875,31974.39545,78986.08786,156009.4823
Palau,PLW,2007,40223.89383,38274.48184,7227.121627,31935.96864,79081.00674,156756.787
Palau,PLW,2008,40689.44471,37543.71969,7202.255288,31990.70796,79453.57086,157379.5034
Palau,PLW,2009,41292.26745,36752.00027,7181.756258,32105.14009,80317.89401,157953.8652
Palau,PLW,2010,41821.99279,35700.51967,7151.1193,32186.91996,81070.49434,158064.9034
Palau,PLW,2011,42317.00753,34540.24256,7122.953781,32355.27212,81482.94901,158291.5646
Palau,PLW,2012,42731.75896,33367.7193,7088.315103,32486.61541,81520.08096,157915.002
Palau,PLW,2013,43340.63096,32618.01917,7076.437471,32759.84617,81575.93721,157291.5502
Palau,PLW,2014,43880.40002,31432.36236,7023.596971,32977.15635,81512.15353,155373.4286
Palau,PLW,2015,44383.3733,30460.77437,6971.75595,33115.3438,81337.2613,153043.3652
Palau,PLW,2016,44885.18165,29655.3436,6944.574454,33258.76544,81159.89271,151420.2609
Palau,PLW,2017,45460.922,28799.79221,6912.834529,33409.70174,81110.18238,150085.5119
Palau,PLW,2018,46127.12982,28215.21514,6882.346459,33529.86257,81053.90004,149213.4699
Palau,PLW,2019,46866.44488,27737.00833,6854.339378,33639.61798,80962.70662,147790.2969
Palestine,PSE,1990,36916.81937,89183.63627,10617.7638,19483.13196,64405.01365,156479.9221
Palestine,PSE,1991,35766.49832,85251.75115,10347.91392,19177.88547,64118.95789,155280.8643
Palestine,PSE,1992,34674.55121,81065.05514,10182.41269,19129.92252,63639.56275,153650.0401
Palestine,PSE,1993,33275.14975,76922.95085,9748.458477,18555.8498,62820.2389,151862.6938
Palestine,PSE,1994,31539.01997,72122.21989,9149.796625,17658.20959,61782.27321,149848.3493
Palestine,PSE,1995,30298.51904,68453.04558,8782.964579,17203.35753,60887.84448,148121.5102
Palestine,PSE,1996,29382.00137,65656.36773,8551.023084,16997.2387,60342.18165,146826.9652
Palestine,PSE,1997,28548.24711,63173.26331,8382.012497,16873.93394,59867.22839,145218.4264
Palestine,PSE,1998,27805.66746,60775.00433,8300.692808,16822.56737,58905.37372,143374.0547
Palestine,PSE,1999,27223.62508,58757.08846,8291.605913,16923.85242,58084.87271,141542.0143
Palestine,PSE,2000,31346.06685,62668.02226,11044.94378,22979.20273,59182.23979,141605.6833
Palestine,PSE,2001,32816.8871,63841.44464,12153.29529,25335.08342,59237.25883,141284.8021
Palestine,PSE,2002,34641.87791,65523.28506,13447.9464,28036.83013,59545.08065,141559.3031
Palestine,PSE,2003,31862.55437,61841.196,11950.94236,24720.70744,58104.29165,139834.8179
Palestine,PSE,2004,32151.1443,61459.12718,12209.0782,25481.74783,57906.75309,139228.8445
Palestine,PSE,2005,29082.32272,56802.08919,10617.91031,21901.8222,56279.48334,137342.002
Palestine,PSE,2006,32954.00534,60144.31098,13147.69904,27302.53555,57162.86413,137937.4011
Palestine,PSE,2007,28363.12577,53748.84498,10441.3875,21931.35357,54366.29472,134441.3607
Palestine,PSE,2008,34097.6148,59007.16441,14217.4808,29676.17933,55937.3074,134733.9427
Palestine,PSE,2009,32920.82563,55978.124,13900.05822,28483.59921,55240.23131,134498.4516
Palestine,PSE,2010,23393.30226,43091.68373,8260.651455,16757.84759,51508.30776,133649.1204
Palestine,PSE,2011,23077.52612,40659.49952,8206.359709,16975.9876,51142.37089,132910.4995
Palestine,PSE,2012,23312.66145,38615.99838,9028.827258,17993.52203,50095.61517,127205.5967
Palestine,PSE,2013,21375.12678,34241.18881,8212.41795,16035.24293,48986.57961,124856.2909
Palestine,PSE,2014,21225.1162,32295.90423,7889.936388,16055.80297,50004.52765,129195.6518
Palestine,PSE,2015,21052.01194,30653.65869,7669.592938,16019.74453,50294.21622,132335.2885
Palestine,PSE,2016,20674.12045,28821.38787,7246.620353,15977.39414,49778.43169,132515.4359
Palestine,PSE,2017,20255.46213,26808.02339,6703.64573,15915.80083,49535.61705,132941.8145
Palestine,PSE,2018,20393.3357,26126.89174,6594.691513,16246.09377,49569.77129,132227.8914
Palestine,PSE,2019,20133.27263,25113.35329,6585.804156,15752.25978,49962.94253,131818.5357
Panama,PAN,1990,24548.23197,51679.97285,7757.227159,17948.22999,41357.2663,91231.52804
Panama,PAN,1991,24377.56358,50745.42236,7850.11974,17904.34187,40754.62328,90033.04367
Panama,PAN,1992,24340.01647,49629.61584,7856.762764,17897.96266,40951.64365,90790.45723
Panama,PAN,1993,24587.27574,49052.68147,7754.570548,18252.04115,41426.23912,92240.72858
Panama,PAN,1994,24450.1508,48661.0603,7673.044288,18443.72965,39732.59187,90808.67177
Panama,PAN,1995,24653.48504,48356.06652,7591.174203,18750.20959,39980.11805,90796.69023
Panama,PAN,1996,24340.08822,47860.75063,7449.144953,18463.01291,39157.46129,88758.51887
Panama,PAN,1997,24607.41574,46917.98685,7537.816044,18568.49968,40309.74913,90587.99844
Panama,PAN,1998,24390.30654,45256.78652,7454.825531,18420.29526,40107.72789,90235.46837
Panama,PAN,1999,24010.89187,43643.78703,7302.132371,18188.17237,39476.29556,88597.80476
Panama,PAN,2000,23388.91393,42434.99015,7180.677445,17694.94094,38301.22917,84952.69918
Panama,PAN,2001,23213.0317,40980.56424,6999.555461,17710.6493,38268.08277,84315.44307
Panama,PAN,2002,23153.67273,39639.28016,6904.366493,17802.03618,38198.59256,84830.69666
Panama,PAN,2003,23242.12641,39277.26651,6939.051154,17803.76206,38413.2551,85812.02016
Panama,PAN,2004,23096.8185,39075.91232,6885.031989,17631.89941,37908.47463,85302.20701
Panama,PAN,2005,23187.43174,38881.00698,6773.539713,17720.73553,37990.81728,85345.13435
Panama,PAN,2006,23453.47337,38408.55055,6808.145346,18141.43606,38300.17558,84366.80773
Panama,PAN,2007,23436.87166,37834.41718,6773.069169,18368.62474,37758.89201,82057.10316
Panama,PAN,2008,23809.2982,36552.57992,6765.150452,19051.65502,38075.15738,81777.20315
Panama,PAN,2009,23990.09546,35749.79676,6749.045698,19299.97706,38184.18787,81699.82868
Panama,PAN,2010,23924.58797,35136.71146,6805.976267,19072.8767,37977.37546,81679.55978
Panama,PAN,2011,23962.22943,34721.01827,6837.899948,18990.19408,38122.03965,80721.9356
Panama,PAN,2012,24170.56351,34946.75415,6865.857933,19020.70633,38371.58274,80340.44843
Panama,PAN,2013,24097.63318,34483.1726,6672.940485,18728.02025,38359.27385,80568.06783
Panama,PAN,2014,23992.08753,33184.65622,6639.540534,18539.28076,38273.0679,80383.99672
Panama,PAN,2015,23614.23447,31764.6605,6401.58333,18036.33391,38010.93613,79841.81813
Panama,PAN,2016,23366.1931,31224.80819,6255.819973,17707.65732,37480.4632,79495.18688
Panama,PAN,2017,23228.76425,29714.26346,6192.10446,17664.03495,37264.45393,79261.55122
Panama,PAN,2018,23148.5252,28829.596,6244.03513,17661.08558,36897.26857,78208.62525
Panama,PAN,2019,23116.57457,28157.97326,6185.17815,17579.30878,36720.26309,77839.65116
Papua New Guinea,PNG,1990,53266.62525,168230.9611,15519.32505,27639.94854,81304.03129,151785.6551
Papua New Guinea,PNG,1991,53811.37567,169043.5539,15919.47822,28078.60545,81951.16309,152382.8956
Papua New Guinea,PNG,1992,53132.33725,165886.8528,15436.41793,27807.63545,81869.74,152210.0517
Papua New Guinea,PNG,1993,52551.27743,162484.8579,15259.22106,27698.8151,81656.42767,151982.3344
Papua New Guinea,PNG,1994,51895.63369,159110.8339,14959.46125,27557.07333,81294.32316,151739.2037
Papua New Guinea,PNG,1995,51304.45108,156039.3475,14713.17558,27446.79705,81067.26851,151799.2146
Papua New Guinea,PNG,1996,50552.54597,151761.1899,14478.00949,27559.72967,80368.75862,152112.0363
Papua New Guinea,PNG,1997,50060.63389,149824.7446,14191.20122,27400.27199,79839.47689,152291.9782
Papua New Guinea,PNG,1998,52892.78918,153301.3565,16982.14283,30325.79552,81805.25212,154126.8275
Papua New Guinea,PNG,1999,50055.34481,148793.7559,13988.83836,28119.64155,80054.69396,153192.33
Papua New Guinea,PNG,2000,50088.36386,148686.2007,13877.75094,28529.14516,80841.77573,153950.9214
Papua New Guinea,PNG,2001,50366.77767,149053.0328,13841.27184,29217.58001,81401.17468,155263.5696
Papua New Guinea,PNG,2002,50750.81,149909.8921,13900.61823,29853.3409,82484.27161,156527.7553
Papua New Guinea,PNG,2003,50948.85454,150323.2794,13798.14002,30358.72227,83554.12456,157887.8531
Papua New Guinea,PNG,2004,51179.67039,150751.3551,13751.30297,30871.08779,84705.47943,159257.6837
Papua New Guinea,PNG,2005,51102.00909,149981.8969,13640.73312,31185.72183,85417.72299,160260.6205
Papua New Guinea,PNG,2006,50910.68599,149158.4148,13560.13314,31273.94373,85770.62575,160681.0113
Papua New Guinea,PNG,2007,50597.68648,147561.6563,13604.68905,31205.15509,85639.90898,160538.3965
Papua New Guinea,PNG,2008,50041.54915,145372.1003,13355.79834,30880.95373,85298.1074,160202.8564
Papua New Guinea,PNG,2009,49870.26541,143859.6129,13319.32007,30862.49985,85230.045,159971.5265
Papua New Guinea,PNG,2010,49239.01025,140021.6808,13101.57164,30702.15301,84823.57358,159451.7957
Papua New Guinea,PNG,2011,48636.08127,136235.2584,12923.50007,30530.91054,84755.64109,158959.975
Papua New Guinea,PNG,2012,48208.80862,133010.333,12834.34545,30467.01464,84668.04529,158047.008
Papua New Guinea,PNG,2013,47199.76695,129199.1336,12538.63811,29707.58875,83714.79162,156552.0853
Papua New Guinea,PNG,2014,46394.73723,125527.5062,12265.81983,29297.8682,82771.19796,155164.2232
Papua New Guinea,PNG,2015,45854.02314,122742.8473,12143.4374,29059.7719,82009.90486,154068.9716
Papua New Guinea,PNG,2016,45409.45745,119824.9169,12054.71819,29015.81722,81634.4314,152568.5957
Papua New Guinea,PNG,2017,44890.34053,116595.4373,11919.63646,28930.854,81269.17261,151506.2953
Papua New Guinea,PNG,2018,44453.58406,113769.1373,11880.78227,28886.44117,80960.18868,150763.7922
Papua New Guinea,PNG,2019,43812.94371,111134.8943,11590.11488,28584.90006,80479.42254,150073.521
Paraguay,PRY,1990,26921.66557,65525.48066,8514.925057,17453.88546,43664.43003,90367.3093
Paraguay,PRY,1991,26070.97607,62902.31298,8368.338094,17196.94856,42877.90457,86203.45239
Paraguay,PRY,1992,26258.51736,62104.79379,8333.442737,17648.39899,44528.4036,88101.16247
Paraguay,PRY,1993,26194.33981,60624.76412,8125.560143,18138.53906,44781.50424,89770.42311
Paraguay,PRY,1994,25996.30587,58849.89988,8082.365622,18363.28306,45153.3295,90338.71951
Paraguay,PRY,1995,26111.36123,58418.1183,8180.415443,18699.1212,45434.42219,91862.26877
Paraguay,PRY,1996,26072.10009,57181.2679,8197.834555,18899.17193,45929.32325,93668.15183
Paraguay,PRY,1997,25481.22258,55531.95015,8096.576943,18577.42576,45195.79688,91710.59185
Paraguay,PRY,1998,25205.04504,54007.40116,8046.656384,18453.02648,45308.31028,92300.89227
Paraguay,PRY,1999,25131.13857,52716.66146,8012.378585,18585.09288,46018.2135,92035.34831
Paraguay,PRY,2000,25090.02814,52342.92196,7880.626957,18797.75237,45603.0391,91880.40141
Paraguay,PRY,2001,24768.12245,51669.43386,7751.841328,18600.63087,44542.60599,90855.75845
Paraguay,PRY,2002,24717.6461,51063.50325,7696.910348,18642.95946,44588.89444,90042.25641
Paraguay,PRY,2003,25037.40478,50603.83876,7954.185912,18935.07546,45354.98625,91146.97931
Paraguay,PRY,2004,25801.28009,50373.84392,8475.06207,19664.70145,46725.00089,93943.12691
Paraguay,PRY,2005,25073.27099,47850.04637,8062.54793,18921.82803,46478.12103,93592.24774
Paraguay,PRY,2006,25017.43564,46394.5622,7957.701179,18954.5954,46640.02442,93941.39124
Paraguay,PRY,2007,24656.03355,44295.62797,7884.171206,18754.98144,46025.66336,92764.35818
Paraguay,PRY,2008,24678.59509,42717.24674,7820.758524,18952.68401,46099.80405,92444.325
Paraguay,PRY,2009,24915.6714,41432.70907,7626.993597,19177.59876,47067.38667,94545.86008
Paraguay,PRY,2010,24770.55392,39946.15814,7410.810165,18928.06254,47012.21094,96726.38884
Paraguay,PRY,2011,24579.98137,38953.73199,7429.934504,18716.25225,46353.16608,96174.58251
Paraguay,PRY,2012,24381.22609,37641.24932,7180.593425,18559.80312,46074.8438,95819.3043
Paraguay,PRY,2013,24532.66816,36627.63399,7158.337322,18616.72217,46626.96734,96907.93663
Paraguay,PRY,2014,24261.8419,35132.86802,7078.190061,18496.39645,46136.0046,94363.20085
Paraguay,PRY,2015,24118.3504,31467.33622,6939.245462,18633.09925,46620.01079,94204.24785
Paraguay,PRY,2016,24525.37963,29914.32673,6946.535622,18963.49469,47836.97774,96808.77648
Paraguay,PRY,2017,24512.84534,29535.20715,6952.885016,18904.51605,47573.56812,96151.88058
Paraguay,PRY,2018,24458.80916,28635.66016,6927.04511,18887.51806,47338.11233,94936.19228
Paraguay,PRY,2019,24510.44774,27915.52225,6930.603641,18918.51776,47257.36722,94621.16008
Peru,PER,1990,42661.02909,150231.6423,12738.10301,22803.13621,50079.64377,100965.3468
Peru,PER,1991,43663.49762,158227.9275,13963.57444,22863.01428,49043.81852,96979.00786
Peru,PER,1992,40375.32685,140353.3979,12634.55824,22036.16517,49211.41366,98857.46867
Peru,PER,1993,38425.07428,130389.9881,11936.19939,21492.07374,48927.6515,99244.39662
Peru,PER,1994,36513.05226,119632.2668,11362.74281,21188.34967,48252.9574,98870.52343
Peru,PER,1995,35299.96324,112212.0094,10922.05872,21051.29247,48250.96729,99526.58926
Peru,PER,1996,33593.94168,105992.1516,10541.05868,20284.36246,45971.2273,94898.70188
Peru,PER,1997,32484.32321,99282.97293,10482.22016,20061.70792,45185.39027,94404.59688
Peru,PER,1998,31416.23733,93660.47345,10336.80357,19627.08504,44317.29998,94436.93309
Peru,PER,1999,29809.71627,87174.92645,10089.96501,18835.01419,42229.31369,90731.25822
Peru,PER,2000,29167.56446,82811.08171,10053.24864,18650.68363,42163.72603,90411.61798
Peru,PER,2001,27828.86474,76386.45135,9708.788821,18092.26092,40821.73535,87563.02761
Peru,PER,2002,27038.793,72103.56335,9302.353479,17811.86142,40240.62299,86413.99562
Peru,PER,2003,26664.48768,69270.54825,9044.415661,17745.81375,40052.9313,86467.96645
Peru,PER,2004,25848.781,66083.6978,8873.94847,17312.02245,38583.21702,83903.13846
Peru,PER,2005,25336.4568,63078.32418,8750.086844,17127.12993,38029.77646,82191.31307
Peru,PER,2006,24706.97036,59884.1038,8469.787532,16856.09541,37225.3247,80851.63117
Peru,PER,2007,24036.92212,56125.74905,8282.368732,16591.48111,36211.80569,79386.57567
Peru,PER,2008,23815.66822,53396.57292,8134.007689,16527.62983,36268.42629,79386.83417
Peru,PER,2009,24789.40013,51544.2678,8288.352328,17324.41771,38945.79423,84792.35276
Peru,PER,2010,24777.1827,49159.73965,8286.081233,17319.92886,39164.22802,86388.14576
Peru,PER,2011,24310.5472,46299.61881,8208.340568,17024.42475,38441.2316,85681.30946
Peru,PER,2012,23934.57366,43959.84056,8071.725649,16845.42285,37697.6562,85181.21656
Peru,PER,2013,23537.91602,42575.70624,7882.148357,16546.46064,36962.21806,84144.73693
Peru,PER,2014,23060.87127,40662.58569,7745.387613,16289.89761,36172.5447,81947.02698
Peru,PER,2015,22602.48634,38295.80246,7645.920483,16056.36355,35514.3066,79991.11219
Peru,PER,2016,22502.9579,37352.06959,7602.261107,15996.03445,35260.40029,79154.33439
Peru,PER,2017,22275.37242,34924.63041,7450.927791,15993.22157,34960.13553,78889.62703
Peru,PER,2018,22144.7727,33373.70308,7318.498424,15965.33959,34730.10756,78351.55097
Peru,PER,2019,22085.02665,32023.85399,7235.820703,15961.50702,34532.08159,77845.97169
Philippines,PHL,1990,39252.5396,110477.0389,14667.59652,23948.25122,56795.54053,119331.3519
Philippines,PHL,1991,38225.1039,105202.3606,14606.97943,23790.53896,56154.4806,117188.1365
Philippines,PHL,1992,36677.12106,99566.62315,13552.85721,22830.92331,56572.37977,118151.6791
Philippines,PHL,1993,35973.39286,95851.35324,13107.53525,22621.02218,57350.91102,119243.7339
Philippines,PHL,1994,35041.70206,91143.755,12570.46938,22300.05539,57933.12233,120740.398
Philippines,PHL,1995,34343.57396,87517.72749,12394.60939,22049.21477,58093.5861,121365.006
Philippines,PHL,1996,33634.54252,83357.71164,12145.75523,21844.15392,58686.12966,122052.9387
Philippines,PHL,1997,32951.8046,79937.20399,11870.32651,21651.37561,58756.65155,120699.9118
Philippines,PHL,1998,32626.73057,77317.99244,11737.86259,21692.79458,59442.24177,120389.2665
Philippines,PHL,1999,31998.02306,74966.5307,11192.79418,21441.26857,59229.91971,119065.5095
Philippines,PHL,2000,32069.62283,73743.10919,11028.90272,21804.15043,60005.21195,119676.9434
Philippines,PHL,2001,31901.00613,72273.84138,10845.63962,21772.05658,60660.09748,121149.682
Philippines,PHL,2002,31674.08987,70678.36025,10626.6888,21688.33013,61097.79079,122929.7401
Philippines,PHL,2003,31321.78836,69101.63081,10451.4525,21606.24037,60703.94022,121534
Philippines,PHL,2004,31154.18972,67449.5969,10412.41034,21670.53059,60850.67159,120949.4545
Philippines,PHL,2005,30964.27418,65877.44695,10169.2242,21554.30378,61303.3472,122794.9621
Philippines,PHL,2006,31090.29822,65134.40476,10181.19801,21675.70143,61915.80472,124153.4552
Philippines,PHL,2007,30672.26762,63710.07725,9927.704445,21396.79569,61021.01639,122610.6136
Philippines,PHL,2008,30788.31686,62832.72353,9940.569182,21469.87138,61234.22544,123745.8469
Philippines,PHL,2009,30883.07986,61795.66917,10025.72139,21524.10994,61294.3354,124324.1327
Philippines,PHL,2010,30585.75007,60223.98792,9847.16812,21219.04346,60868.23991,123758.4834
Philippines,PHL,2011,30528.09738,59028.62623,9691.755217,21192.05467,60741.80352,124185.3069
Philippines,PHL,2012,30372.49344,57031.56286,9673.965666,21105.29939,60624.35864,124990.9548
Philippines,PHL,2013,30761.41856,56270.06068,10026.57059,21420.95585,61305.12289,126638.449
Philippines,PHL,2014,30037.63119,53625.65071,9469.20672,20903.87151,60579.61735,125074.0515
Philippines,PHL,2015,30203.42805,52386.11343,9461.128106,21120.38507,61158.74499,125985.663
Philippines,PHL,2016,30107.55764,51085.5345,9385.754619,21163.40848,60920.71315,125160.221
Philippines,PHL,2017,30039.42104,50079.91073,9426.270595,21243.82068,60410.52831,123625.6497
Philippines,PHL,2018,29449.23123,46951.07473,9097.459044,20974.74932,59632.35018,121862.9096
Philippines,PHL,2019,29157.57848,45169.64153,8974.915674,20804.44288,59039.61738,120453.8113
Poland,POL,1990,36431.44701,33970.67028,6339.797608,21985.22154,69190.08244,138128.3868
Poland,POL,1991,37163.99937,32474.18831,6259.59787,22600.92378,71470.74495,139841.7287
Poland,POL,1992,36381.22879,30754.69667,6101.414402,22207.14381,70021.27883,136622.2452
Poland,POL,1993,35245.07608,28533.34057,5918.432125,21476.20346,67596.87605,133383.4316
Poland,POL,1994,35338.81348,31246.97064,5962.721803,21530.23422,66909.92002,131855.96
Poland,POL,1995,35313.73018,27733.1405,5875.121349,21724.90444,67156.30071,130510.5331
Poland,POL,1996,34644.28399,25947.84766,5842.378194,21200.45717,65224.77995,127703.557
Poland,POL,1997,34454.4047,22612.02172,5729.661506,21106.40779,64454.83935,125655.0825
Poland,POL,1998,34023.25579,21154.99329,5613.031434,20725.43149,62776.2278,122272.7306
Poland,POL,1999,34193.31876,20181.18883,5506.090759,20543.279,62303.92415,121677.2358
Poland,POL,2000,33202.25571,18774.98926,5369.416394,19679.25639,59192.15494,117414.5164
Poland,POL,2001,32836.36328,18047.55058,5369.466284,19191.80963,57509.25772,114497.2769
Poland,POL,2002,32566.36138,17646.91426,5371.622444,18772.88426,55926.9473,112225.2269
Poland,POL,2003,32469.97324,16868.66369,5275.095586,18458.8699,54890.53122,110801.7045
Poland,POL,2004,32755.28947,16650.9203,5195.574757,18441.77796,54773.22077,109571.5884
Poland,POL,2005,32903.05609,16374.96394,5159.532949,18333.46765,54329.72569,108128.3734
Poland,POL,2006,33135.02419,15898.08322,5144.523551,18201.47624,54299.83539,107047.3673
Poland,POL,2007,33383.15369,15743.14842,5073.208011,18081.54571,54185.91448,106540.4199
Poland,POL,2008,33319.61399,15339.66844,4978.569117,17799.63588,53498.34103,105624.2202
Poland,POL,2009,33157.59071,14463.41801,4944.309389,17383.88938,52810.08157,105095.7914
Poland,POL,2010,32614.93577,13134.71566,4824.667537,16953.23628,51699.35795,102659.4511
Poland,POL,2011,32507.28363,12170.06477,4745.402448,16799.26656,51427.34352,101488.5495
Poland,POL,2012,32645.81135,11840.0047,4684.560795,16638.56876,51646.35354,101756.3663
Poland,POL,2013,32389.66465,11478.58608,4607.485671,16374.85456,51064.90756,100946.7874
Poland,POL,2014,31884.86232,11072.27389,4523.350521,16125.54213,49906.32674,99193.76933
Poland,POL,2015,32290.80568,10721.12695,4483.579821,16207.63857,50638.44088,100079.8949
Poland,POL,2016,32234.27068,10771.96071,4469.607713,16219.8831,50384.97876,98458.12016
Poland,POL,2017,32427.24745,10311.69655,4460.557363,16363.36247,50440.02033,97594.8364
Poland,POL,2018,32693.74739,9843.082264,4484.812237,16579.78621,50135.58476,97707.32017
Poland,POL,2019,32929.92159,9357.031732,4493.544582,16768.72566,49991.45626,97156.0618
Portugal,PRT,1990,34192.88273,28059.57274,7665.885327,20814.22009,50395.95816,122492.9057
Portugal,PRT,1991,34569.79144,27342.67946,7718.091618,21090.02811,50618.43356,121713.1114
Portugal,PRT,1992,34314.10162,24896.30998,7433.017497,21082.96185,50086.11933,119206.4005
Portugal,PRT,1993,34286.53717,23196.59215,7256.758283,20839.569,49979.78226,118818.4874
Portugal,PRT,1994,33633.56881,21008.65366,7204.966711,20585.01755,48373.41271,115134.6527
Portugal,PRT,1995,33885.87956,19723.10264,7116.102366,20889.93285,48015.07855,114637.9782
Portugal,PRT,1996,34095.27029,19060.47823,7002.361012,21007.73703,47821.41531,113959.2956
Portugal,PRT,1997,33806.69012,18437.49482,6955.130448,20848.92552,46868.10573,111489.7875
Portugal,PRT,1998,33601.80018,17630.68874,6854.425401,20601.7753,46053.78758,110442.9725
Portugal,PRT,1999,33458.369,16466.6611,6573.348531,20412.02675,45402.72913,109522.9842
Portugal,PRT,2000,33007.34585,15853.50026,6382.123465,20145.85023,44341.57315,106851.4205
Portugal,PRT,2001,32757.00704,14449.76986,6320.750147,20036.49189,43639.26022,104672.5783
Portugal,PRT,2002,32568.49112,13823.83213,6273.021471,19706.71591,43086.02398,103493.2581
Portugal,PRT,2003,32338.37342,12232.08763,6121.278062,19382.32293,42558.00585,102388.887
Portugal,PRT,2004,31666.9395,11445.74632,5975.810077,18977.24021,41457.29767,98760.85237
Portugal,PRT,2005,31434.6187,11049.72806,5870.61351,18744.31185,41045.14319,96615.40612
Portugal,PRT,2006,31084.12679,10218.1799,5733.950739,18435.86743,40353.05455,94312.68924
Portugal,PRT,2007,31079.06513,9919.419096,5647.174609,18260.91281,39983.43329,93640.34838
Portugal,PRT,2008,30960.80974,9738.518256,5570.482402,17994.90623,39540.66185,92522.79713
Portugal,PRT,2009,30906.57086,9747.885456,5528.141987,17799.79775,39228.52541,91360.57088
Portugal,PRT,2010,30750.60276,8741.001567,5518.543394,17586.19518,38812.11443,90136.78771
Portugal,PRT,2011,30593.03981,8929.856675,5486.248128,17265.51191,38480.00065,88795.62072
Portugal,PRT,2012,30459.94363,8871.849089,5411.759908,16904.02883,38018.21484,88231.00415
Portugal,PRT,2013,30303.03706,8499.153786,5329.893236,16548.28511,37669.14737,87128.1233
Portugal,PRT,2014,30136.82063,8407.165451,5274.725528,16248.59541,37115.74467,85918.29434
Portugal,PRT,2015,30144.99865,8700.412777,5211.632183,15979.36719,36714.8751,85347.31737
Portugal,PRT,2016,30463.22571,8989.509194,5158.441684,15864.47817,36904.29601,85286.05545
Portugal,PRT,2017,30740.59839,8242.989804,5139.32974,15909.04287,36887.908,85341.63253
Portugal,PRT,2018,31012.88435,7694.574886,5212.827109,16175.94041,36231.43067,85612.35269
Portugal,PRT,2019,31349.0084,7275.830339,5239.119305,16290.36013,36014.10685,85798.05222
Puerto Rico,PRI,1990,29577.26728,31456.11715,6324.328992,22912.48,50098.79905,101465.1214
Puerto Rico,PRI,1991,29929.48644,29717.62489,6291.090642,23705.11021,49788.34981,100442.4927
Puerto Rico,PRI,1992,30528.35198,30174.86192,6276.434724,24416.02158,49629.09001,100329.768
Puerto Rico,PRI,1993,31014.67375,29098.34291,6129.299358,25057.56394,49801.97001,100650.1561
Puerto Rico,PRI,1994,31035.6419,27096.86971,6205.75837,25214.96819,49502.77886,99503.0986
Puerto Rico,PRI,1995,31746.82289,27706.74612,6309.857824,25529.11079,50452.46943,100952.4071
Puerto Rico,PRI,1996,31212.45947,25331.77978,6245.750204,24675.92746,49679.61488,101037.6764
Puerto Rico,PRI,1997,29896.66875,25956.48474,6149.109049,22900.4605,47182.39918,97375.19359
Puerto Rico,PRI,1998,30207.36357,24243.54354,6054.960946,22521.6322,48605.06071,99745.88631
Puerto Rico,PRI,1999,29256.65788,23891.35433,6082.04223,21399.00179,46852.30638,96006.19183
Puerto Rico,PRI,2000,29005.66191,22824.75983,5908.222676,21192.76218,46303.58552,93987.60809
Puerto Rico,PRI,2001,29362.42562,21443.0999,5749.566412,21476.09897,46762.99199,94041.8058
Puerto Rico,PRI,2002,28451.09929,21082.63446,5629.003508,20619.16782,44621.69311,90381.58773
Puerto Rico,PRI,2003,28388.34491,20581.29882,5608.15528,20169.58097,44452.32531,90002.48326
Puerto Rico,PRI,2004,28612.29596,19545.57524,5596.3351,20142.37876,44550.14208,90241.98295
Puerto Rico,PRI,2005,28790.7219,20637.90415,5477.773409,20122.95571,44290.80878,89080.56159
Puerto Rico,PRI,2006,28509.03513,20062.29552,5384.216061,19891.84743,43449.85453,86163.96297
Puerto Rico,PRI,2007,28568.80866,19395.00589,5439.56999,19695.66149,43217.05797,85197.76717
Puerto Rico,PRI,2008,28643.41545,19105.19593,5390.822781,19587.96301,42817.84152,84208.41564
Puerto Rico,PRI,2009,29102.9356,18410.45093,5432.561382,19752.15043,43119.87534,84459.20936
Puerto Rico,PRI,2010,28494.81744,18182.303,5383.90578,19143.69117,41482.73228,81912.0835
Puerto Rico,PRI,2011,29408.68656,18845.47364,5368.28242,19433.01349,42443.99695,83746.8259
Puerto Rico,PRI,2012,28648.4746,19059.75977,5288.601586,18707.95398,40701.8176,80380.95953
Puerto Rico,PRI,2013,28893.27052,16757.61021,5174.763264,18488.66174,41099.07499,80764.79889
Puerto Rico,PRI,2014,28590.4649,15904.79178,5131.77122,17836.16555,40487.69894,79157.95377
Puerto Rico,PRI,2015,28096.6061,15197.30763,5111.788927,17314.6405,39418.04569,76074.32163
Puerto Rico,PRI,2016,28962.98653,15876.64574,5192.329602,17545.82845,40157.49004,77089.46531
Puerto Rico,PRI,2017,32359.97121,19910.79902,8561.065528,20675.37143,42432.32774,79076.8849
Puerto Rico,PRI,2018,30439.33973,16380.70102,5258.985295,17929.70831,40215.54987,77995.49173
Puerto Rico,PRI,2019,30834.46911,16663.83662,5266.213321,17995.36699,40043.37647,77922.22722
Qatar,QAT,1990,23077.6219,52852.22009,9100.118224,17411.08187,55967.13873,173092.4711
Qatar,QAT,1991,22881.14757,50693.62541,9177.457131,17474.91143,56082.36059,178293.6126
Qatar,QAT,1992,22652.56783,48735.11513,8874.096232,17498.73488,56657.41422,180599.4755
Qatar,QAT,1993,22314.75315,46956.37913,8329.802408,17382.82508,56434.8078,183943.6634
Qatar,QAT,1994,22286.49378,45175.37456,7862.301266,18277.88785,52823.48678,155732.6262
Qatar,QAT,1995,22473.44033,43925.75566,7725.217974,19089.98825,51146.60007,137170.4648
Qatar,QAT,1996,22400.60724,42572.36538,8005.864447,18490.42227,53916.05924,162510.0147
Qatar,QAT,1997,22224.22597,40832.4899,8055.61381,18077.57699,55265.9934,176634.9813
Qatar,QAT,1998,21992.81447,39036.61045,8035.555068,17830.81904,54876.7352,178344.0541
Qatar,QAT,1999,21688.29135,37257.78875,7942.248842,17596.49581,53633.4788,173009.1203
Qatar,QAT,2000,21314.42992,35494.32624,7825.175111,17367.72581,52929.05565,161333.9376
Qatar,QAT,2001,21116.08634,33932.49075,7674.951983,17393.04742,51061.03378,159945.3324
Qatar,QAT,2002,21028.96308,32429.0231,7549.094705,17378.09307,50212.5503,164617.606
Qatar,QAT,2003,20592.39564,31093.42814,7334.633055,16946.80122,49047.66186,164930.6809
Qatar,QAT,2004,20057.30521,29776.93971,7212.404105,16597.32139,47106.29794,159704.3489
Qatar,QAT,2005,19762.78045,28806.97027,7175.307322,16553.78674,45555.4432,161637.8416
Qatar,QAT,2006,19414.00799,27798.87778,7219.079389,16435.15115,43912.47033,172928.7331
Qatar,QAT,2007,18876.05711,26868.3647,7216.484467,16114.62517,42410.97579,179197.2818
Qatar,QAT,2008,18225.84415,26009.42824,6957.826041,15712.32807,40964.33215,178605.8446
Qatar,QAT,2009,17757.65849,25070.53418,6701.043308,15496.45348,39666.71183,179373.6704
Qatar,QAT,2010,17055.3473,23868.35069,6467.166629,14984.37298,38104.04391,174324.3618
Qatar,QAT,2011,16545.72275,22615.79751,6517.286455,14589.63421,36931.52825,166782.7465
Qatar,QAT,2012,16279.13033,21552.9948,6515.47815,14393.13509,36125.50275,160173.8067
Qatar,QAT,2013,16086.04856,20312.14342,6341.647782,14265.18453,35391.30704,155254.6279
Qatar,QAT,2014,15969.51582,19389.16211,6198.165096,14177.34058,34835.11574,151572.5991
Qatar,QAT,2015,15730.7305,18495.97574,5855.490246,14053.81671,33671.62281,143026.6938
Qatar,QAT,2016,15614.27342,17793.29745,5789.522705,13959.1157,33185.89591,136648.1764
Qatar,QAT,2017,15517.18871,17063.30871,5742.237519,13846.8635,32941.27312,131966.7217
Qatar,QAT,2018,15586.58183,16476.6902,5736.228706,13819.43731,33444.38797,127205.7463
Qatar,QAT,2019,15705.90323,16086.14313,5712.156442,13824.49339,33870.81648,122623.3764
Region of the Americas (WHO),,1990,35096.57213,82416.71046,8836.070095,22561.29616,56833.12651,110260.7578
Region of the Americas (WHO),,1991,34544.91739,78797.6906,8688.361847,22579.74184,56095.31868,108858.4352
Region of the Americas (WHO),,1992,33921.07455,74652.22368,8438.869262,22499.01388,55490.0685,107980.3231
Region of the Americas (WHO),,1993,33642.07882,71468.29167,8295.426717,22608.75581,55285.94159,108379.0688
Region of the Americas (WHO),,1994,33210.26658,68439.56767,8156.36903,22640.19481,54617.14736,107647.3986
Region of the Americas (WHO),,1995,32804.79204,65855.17472,8022.593309,22550.26125,54077.83043,107270.982
Region of the Americas (WHO),,1996,32265.59108,63377.55745,7916.212488,22274.89177,53276.4331,106447.538
Region of the Americas (WHO),,1997,31718.31303,60970.0328,7800.116367,21967.17793,52184.97186,105514.8211
Region of the Americas (WHO),,1998,31591.39637,59301.70468,7902.002494,21973.69514,51663.66256,105500.9199
Region of the Americas (WHO),,1999,31369.64629,56953.87205,7890.442975,21972.14876,51146.38331,105458.6792
Region of the Americas (WHO),,2000,30858.59425,54612.63001,7517.908201,21701.29743,50318.91449,104454.4712
Region of the Americas (WHO),,2001,30671.57353,52777.32403,7476.862549,21698.64376,49792.57924,103818.4638
Region of the Americas (WHO),,2002,30578.31277,51170.04932,7412.780034,21715.68363,49552.71639,103648.2623
Region of the Americas (WHO),,2003,30359.48771,49919.91538,7335.941364,21504.53245,49153.48806,103048.4387
Region of the Americas (WHO),,2004,30065.04557,48344.09199,7326.90507,21346.71009,48453.47958,101643.119
Region of the Americas (WHO),,2005,29858.96047,46773.53635,7246.256393,21205.1167,47994.61412,100814.8777
Region of the Americas (WHO),,2006,29665.85656,45289.57725,7183.506522,21081.58109,47534.12442,99689.93039
Region of the Americas (WHO),,2007,29515.68194,44008.78029,7153.09961,20934.05755,47126.68109,98805.6508
Region of the Americas (WHO),,2008,29498.46859,42562.48346,7123.192243,20903.45376,47021.38246,98351.46034
Region of the Americas (WHO),,2009,29508.32759,41217.58644,7091.522235,20912.71294,46920.15272,97896.64764
Region of the Americas (WHO),,2010,30812.43665,42864.15758,9149.434634,22197.08365,46953.69806,97585.94729
Region of the Americas (WHO),,2011,29339.0611,39207.94645,6976.67467,20658.71461,46145.83502,96699.26902
Region of the Americas (WHO),,2012,29292.60475,37527.6209,6881.221788,20650.14183,46031.78656,95990.49604
Region of the Americas (WHO),,2013,29354.78674,36529.32757,6813.843842,20632.18767,46025.98426,95583.02881
Region of the Americas (WHO),,2014,29365.68405,35184.04976,6733.150033,20614.60492,45953.21504,95044.90151
Region of the Americas (WHO),,2015,29472.84158,33889.61682,6670.963089,20674.63001,46027.09809,94800.25796
Region of the Americas (WHO),,2016,29697.70618,32751.99482,6653.226484,20797.14777,46421.37265,94738.98992
Region of the Americas (WHO),,2017,29781.97509,31553.6191,6630.368945,20854.44315,46357.3422,93967.16168
Region of the Americas (WHO),,2018,29896.59028,30480.58051,6595.675404,20791.16871,46430.38243,93983.33145
Region of the Americas (WHO),,2019,30047.43145,29651.43135,6576.279841,20718.13979,46563.43592,94183.05217
Romania,ROU,1990,38764.95666,56244.55361,8398.911219,21499.74366,64353.29184,143981.8733
Romania,ROU,1991,37952.30457,45558.34775,8074.368111,21293.40052,64505.86039,144159.7457
Romania,ROU,1992,39063.25544,45214.25361,7910.391648,21809.41067,67362.02474,146972.624
Romania,ROU,1993,39542.60646,47428.71276,8048.5163,22055.09859,68542.22258,144513.3864
Romania,ROU,1994,40153.22723,48940.35271,8352.971477,22453.75584,69905.8283,142830.9676
Romania,ROU,1995,40927.95106,45318.97942,8204.539181,22930.00606,72038.58717,144953.0001
Romania,ROU,1996,42094.86075,47885.49311,8328.808111,23107.79192,74457.76947,148073.2245
Romania,ROU,1997,42155.24889,48707.00524,8663.519701,22934.98917,74435.35093,145416.9643
Romania,ROU,1998,40773.52063,46502.91816,8849.810785,22129.01477,70788.02157,140418.0678
Romania,ROU,1999,39180.46131,43090.9177,8511.493984,21257.83651,66861.55679,134440.4333
Romania,ROU,2000,38527.68289,42488.34517,8209.63584,20732.30589,64881.00052,129821.5517
Romania,ROU,2001,39084.94545,39712.19623,7941.820915,20772.03911,65793.06968,129804.1098
Romania,ROU,2002,39493.98521,36988.70963,7574.361058,20644.58616,65972.93087,131089.1707
Romania,ROU,2003,39398.44282,36513.50018,7140.216543,20327.91201,64774.02396,129594.4033
Romania,ROU,2004,38709.30758,37214.57191,6805.051942,19737.9303,62446.61547,125794.7872
Romania,ROU,2005,38602.50835,34906.46716,6581.265258,19318.7271,61378.45062,125289.7659
Romania,ROU,2006,38099.50825,32242.89951,6461.966012,18886.53217,59767.91663,122437.3426
Romania,ROU,2007,37608.53674,27939.81489,6314.957476,18659.35784,58607.92805,118690.9071
Romania,ROU,2008,38065.86548,26168.61324,6211.361616,18864.33946,59080.2511,117796.3839
Romania,ROU,2009,38318.52663,24283.64185,6059.01835,18872.81037,59103.0334,117516.2717
Romania,ROU,2010,38204.53075,22618.44063,5944.356249,18599.26684,58509.51997,117023.519
Romania,ROU,2011,36928.99506,21415.46599,5746.404615,17786.56482,55736.59032,113706.4445
Romania,ROU,2012,37261.43692,20637.20018,5699.872612,17722.72121,56256.6941,114481.2988
Romania,ROU,2013,36518.39887,19911.07298,5538.493473,17420.31244,54969.67046,111442.1429
Romania,ROU,2014,37613.06963,20219.59782,5500.596969,17901.86925,56810.34932,113668.4681
Romania,ROU,2015,37711.50073,19328.44763,5461.916149,17966.94724,56863.60138,113331.4599
Romania,ROU,2016,37975.45335,18266.18383,5427.666489,18148.20432,57598.39636,112819.0497
Romania,ROU,2017,38271.89515,17898.56509,5403.748944,18275.08415,57662.70518,112630.1817
Romania,ROU,2018,38499.37171,17152.99549,5368.441541,18134.74925,56948.87247,112550.0279
Romania,ROU,2019,38735.19081,16403.79557,5425.966111,18118.75918,55912.07456,112785.7516
Russia,RUS,1990,40851.00512,35131.08132,7812.219491,26615.84301,71050.42824,134921.1965
Russia,RUS,1991,41402.94326,34772.89619,7996.856099,27403.09056,71831.45108,134638.4259
Russia,RUS,1992,44015.07262,33850.40143,7995.381795,30235.74829,76879.1515,137773.4507
Russia,RUS,1993,50485.49197,36319.98466,8136.614858,35838.69405,90431.68534,149661.6514
Russia,RUS,1994,54493.52005,37592.77839,8053.244657,39663.43678,99560.30083,155177.758
Russia,RUS,1995,52835.23999,38369.58048,8045.946494,38890.37113,95973.31236,149331.6141
Russia,RUS,1996,49946.86687,37224.08256,7739.895759,36310.34562,90395.55208,144160.7762
Russia,RUS,1997,47567.70779,37316.36173,7464.013169,33622.61593,84987.46651,140207.2564
Russia,RUS,1998,47258.83127,36460.97505,7473.298706,33218.2533,82989.50923,138532.9657
Russia,RUS,1999,50838.9018,37462.75138,7832.696584,36031.09321,88238.30334,143370.8309
Russia,RUS,2000,53053.09478,36475.77125,7745.963364,37770.61728,91540.65121,144832.6237
Russia,RUS,2001,53852.66462,35981.14873,7611.787799,37936.58502,92634.45448,144502.1942
Russia,RUS,2002,55034.20762,33796.00695,7443.168518,38466.92115,94485.9988,146154.8112
Russia,RUS,2003,55968.48816,32975.77639,7359.106886,39142.62335,95128.91894,146336.6844
Russia,RUS,2004,55197.9587,30193.06863,7238.941843,39089.47711,92008.27413,142180.7943
Russia,RUS,2005,56968.56012,27849.63932,7080.708794,40701.08281,93921.9811,144381.0103
Russia,RUS,2006,53307.41511,26670.18276,6784.301065,37811.08299,85449.63447,137734.1496
Russia,RUS,2007,51121.47642,25753.66652,6588.186949,35811.80622,80513.78533,133767.2763
Russia,RUS,2008,50832.72403,24090.31387,6371.557277,35167.9853,79647.63205,133591.4253
Russia,RUS,2009,48662.57666,22785.01941,6218.151297,33194.58482,75094.09911,129643.5365
Russia,RUS,2010,48587.42612,20511.32385,6055.607654,32940.19704,74462.59568,130087.2154
Russia,RUS,2011,45939.84063,20746.35929,5937.666982,30905.45505,69001.81652,124645.5501
Russia,RUS,2012,45032.04439,22793.82406,5951.053333,30144.69727,66678.01909,122724.6099
Russia,RUS,2013,44090.14953,21084.89041,5757.221677,29705.94319,65214.09911,121474.8972
Russia,RUS,2014,44149.59086,19570.33173,5642.373646,29849.18375,65980.6118,122870.0429
Russia,RUS,2015,43107.54694,16819.98149,5468.520948,28944.48737,65239.41833,122767.3405
Russia,RUS,2016,42212.37854,15433.90899,5411.081931,28064.01122,64457.41171,122145.2304
Russia,RUS,2017,40473.01784,13768.20001,5303.572608,26959.99927,61408.04,117563.0749
Russia,RUS,2018,40547.89046,13911.6824,5340.155124,27380.07456,61019.45126,115974.7999
Russia,RUS,2019,40771.56676,13611.65804,5338.876618,27535.42074,61344.25724,115129.1833
Rwanda,RWA,1990,106000.7223,352387.0313,23967.25739,45303.7694,129038.7209,198771.9581
Rwanda,RWA,1991,104491.063,347995.4215,23125.34406,45175.20397,132603.9307,201690.3378
Rwanda,RWA,1992,111011.3616,381786.7981,23331.7062,47906.85944,137217.6082,205039.9608
Rwanda,RWA,1993,121258.0549,438708.4191,23258.98336,51795.18638,142632.5088,208896.1126
Rwanda,RWA,1994,748009.4209,1408837.912,371933.7342,794119.971,548500.9273,430676.3429
Rwanda,RWA,1995,115513.0926,381621.4745,27362.07255,63252.55109,153611.2999,218092.8593
Rwanda,RWA,1996,102871.5961,330579.7448,24117.38605,57364.52676,150526.8377,215385.4184
Rwanda,RWA,1997,105796.5533,322200.4433,27205.15249,64365.7256,150161.7724,213464.2279
Rwanda,RWA,1998,102618.3572,319699.8254,25039.39564,59335.40516,144660.0868,206989.2665
Rwanda,RWA,1999,97619.68483,309998.5163,23498.48929,55028.09279,136156.3767,197990.0141
Rwanda,RWA,2000,93337.03372,301920.9902,22771.39559,52577.94375,127375.1754,188936.8031
Rwanda,RWA,2001,89889.00575,291037.5477,22775.16568,51965.67731,118750.5068,181020.5747
Rwanda,RWA,2002,83155.57244,272075.3009,20789.2697,47477.02719,110035.5977,173959.4303
Rwanda,RWA,2003,78056.36509,251996.8094,19689.8003,45446.011,102518.1695,166709.8294
Rwanda,RWA,2004,72062.73062,231268.3136,18080.47466,42099.20476,95100.63772,159180.5852
Rwanda,RWA,2005,65982.51219,211038.0059,16795.4031,38394.35725,87593.56765,152165.183
Rwanda,RWA,2006,60027.64164,190412.5745,15627.39907,34898.86397,81327.41773,146910.2549
Rwanda,RWA,2007,55673.35527,175494.8015,14501.15947,32563.41895,76845.7539,143401.4705
Rwanda,RWA,2008,52646.36483,165455.295,13707.30766,31005.69065,73828.93181,140893.8501
Rwanda,RWA,2009,49865.27868,151019.7129,13598.63443,30853.01997,71355.74144,138421.517
Rwanda,RWA,2010,46391.65353,141479.7449,12357.75743,28158.16805,69118.95976,136684.115
Rwanda,RWA,2011,43982.70386,132249.7787,11859.79661,26995.03043,67705.83405,135330.8406
Rwanda,RWA,2012,42353.23997,126785.3403,11453.85784,26105.48346,66826.14964,134531.2344
Rwanda,RWA,2013,39040.41401,110546.4769,10862.88388,25152.84073,65653.76863,133169.9249
Rwanda,RWA,2014,37977.43198,106503.0367,10715.25004,24634.0612,65283.63733,132490.0583
Rwanda,RWA,2015,37437.67926,105575.4132,10618.35325,24199.60223,65047.46236,131978.254
Rwanda,RWA,2016,36939.75665,104178.5363,10529.03796,23932.79464,65018.01343,131376.9127
Rwanda,RWA,2017,35827.27839,99935.81993,10170.33905,23333.63735,64845.27923,130923.9896
Rwanda,RWA,2018,34728.89004,94573.53347,9902.274285,22891.35864,64741.19351,130790.2866
Rwanda,RWA,2019,33855.54986,90749.40134,9551.153699,22402.93113,64634.44445,130689.6249
Saint Kitts and Nevis,KNA,1990,41759.68973,62088.04752,8481.812893,24338.18442,87142.98584,172376.4862
Saint Kitts and Nevis,KNA,1991,38782.25274,58103.79825,7851.739516,24469.67363,80634.39618,148579.7653
Saint Kitts and Nevis,KNA,1992,38142.74476,56438.88048,7736.494131,24448.62779,79172.9927,146796.4287
Saint Kitts and Nevis,KNA,1993,37577.45305,54440.83955,7710.846402,24843.14807,77835.32406,143343.3435
Saint Kitts and Nevis,KNA,1994,37572.48112,52660.4269,8177.422557,24938.78187,77945.23761,146667.2819
Saint Kitts and Nevis,KNA,1995,37259.62204,50385.56751,8496.457941,24521.4572,78108.47497,150972.4384
Saint Kitts and Nevis,KNA,1996,36498.61787,49012.6446,8379.195097,24324.56422,75631.90952,149379.424
Saint Kitts and Nevis,KNA,1997,35702.82274,47682.09906,8265.483509,24117.20241,73332.34843,147895.0392
Saint Kitts and Nevis,KNA,1998,35610.30617,47685.7591,8835.215611,24522.59738,71801.60113,146848.0386
Saint Kitts and Nevis,KNA,1999,34056.95284,44283.23582,8010.194322,23646.43412,69121.82569,145087.9591
Saint Kitts and Nevis,KNA,2000,33162.12644,42515.26811,7867.055344,23319.11487,67110.73469,143305.1029
Saint Kitts and Nevis,KNA,2001,32486.32751,41121.0751,7754.682344,22949.21242,64857.39066,142018.4392
Saint Kitts and Nevis,KNA,2002,31882.83014,39976.27181,7657.305756,22619.18778,62657.5008,140601.3344
Saint Kitts and Nevis,KNA,2003,31253.12246,38163.84067,7509.124332,22258.48975,61000.07181,138717.5919
Saint Kitts and Nevis,KNA,2004,30790.33492,36743.50134,7196.65209,21404.72741,62872.24679,136604.8686
Saint Kitts and Nevis,KNA,2005,30461.82524,35802.62053,7131.379991,21171.19157,61283.26948,135877.937
Saint Kitts and Nevis,KNA,2006,30447.44796,35894.05648,7130.96424,21060.02477,60396.51045,136023.8433
Saint Kitts and Nevis,KNA,2007,30385.65957,35394.0188,7093.157654,20975.81665,59599.49965,135499.7025
Saint Kitts and Nevis,KNA,2008,30651.79319,34157.69812,8780.864746,22645.99788,54196.30441,129615.6282
Saint Kitts and Nevis,KNA,2009,30751.74766,33613.555,8955.417049,22854.83484,53415.50396,128139.4041
Saint Kitts and Nevis,KNA,2010,30823.47447,32598.0044,8892.140728,22906.20661,53345.63216,126899.0413
Saint Kitts and Nevis,KNA,2011,30999.80114,31659.03519,8841.983133,22959.15319,53698.85984,126045.7967
Saint Kitts and Nevis,KNA,2012,31241.15828,31248.98698,8844.970413,23039.84591,53929.33678,125390.3778
Saint Kitts and Nevis,KNA,2013,31631.45067,31760.79211,8920.211228,23148.00201,54244.21065,125512.3154
Saint Kitts and Nevis,KNA,2014,32076.38979,32277.89371,8994.694903,23273.84544,54658.23626,125979.6451
Saint Kitts and Nevis,KNA,2015,32491.61445,32905.95934,9046.914248,23338.77829,54960.8802,126510.1488
Saint Kitts and Nevis,KNA,2016,32842.31341,32520.1808,9014.486694,23362.35045,55441.57046,124870.4216
Saint Kitts and Nevis,KNA,2017,33160.79665,31015.44739,8872.768961,23394.87829,56169.47128,123336.3565
Saint Kitts and Nevis,KNA,2018,33612.27214,30369.72092,8614.35759,23264.42341,57379.21184,123143.8918
Saint Kitts and Nevis,KNA,2019,34189.67458,29784.8235,6788.184153,21577.59401,62613.2024,128336.3658
Saint Lucia,LCA,1990,30184.71352,47706.43519,7687.642442,21315.59665,66206.57479,135403.084
Saint Lucia,LCA,1991,29821.18259,46026.79796,7635.381484,21250.40666,65078.84774,134839.5614
Saint Lucia,LCA,1992,29731.25868,44570.3453,7735.895952,21414.97543,64620.27862,134691.7458
Saint Lucia,LCA,1993,29519.806,42715.66794,7855.436535,21632.30547,63373.93172,133399.2799
Saint Lucia,LCA,1994,29194.57027,41204.10772,8020.188154,21620.35935,62020.19138,130472.8575
Saint Lucia,LCA,1995,28668.47046,39901.92384,7774.311376,21212.71283,61118.12647,127652.6781
Saint Lucia,LCA,1996,28185.97037,38581.48249,7876.779822,20860.30335,59843.30983,123660.8112
Saint Lucia,LCA,1997,27743.97708,37633.42644,8142.482279,20723.76973,57653.86534,117904.788
Saint Lucia,LCA,1998,27429.95949,36256.17112,8246.054206,20742.23595,56127.89227,113559.0749
Saint Lucia,LCA,1999,27234.68822,36191.19284,7881.663491,20741.2953,54662.93288,111483.8714
Saint Lucia,LCA,2000,27075.73311,35462.99324,7721.012937,20762.49743,53524.49854,110388.4699
Saint Lucia,LCA,2001,27094.23959,35299.45923,7798.149761,20555.88142,52936.38248,111516.0682
Saint Lucia,LCA,2002,27226.88779,35484.85395,7781.673979,20671.79877,51742.74529,112534.3336
Saint Lucia,LCA,2003,27229.14255,35460.62557,7741.983572,20631.82235,51105.30916,111473.3513
Saint Lucia,LCA,2004,27241.41251,35295.90889,7739.634301,20582.30527,50812.24036,109581.8141
Saint Lucia,LCA,2005,27161.7475,35685.51631,7654.091444,20439.83148,50247.54499,106426.538
Saint Lucia,LCA,2006,26996.45046,34911.04873,7506.545739,20298.77624,49596.64524,103431.0961
Saint Lucia,LCA,2007,27009.50662,34614.64596,7614.507636,20549.49949,48463.50522,98988.99742
Saint Lucia,LCA,2008,27038.95996,34185.87652,7555.517809,20535.29097,47726.38303,97224.49029
Saint Lucia,LCA,2009,27209.7688,34015.9849,7411.699655,20745.75309,47093.48946,95232.65255
Saint Lucia,LCA,2010,27719.18656,33706.0555,7655.56338,21519.08972,46465.57578,92508.8554
Saint Lucia,LCA,2011,27636.45918,33225.41389,7034.232284,21418.60084,45736.76626,90985.96112
Saint Lucia,LCA,2012,28061.35462,32987.99333,6979.635819,21640.06702,45772.80171,91055.92196
Saint Lucia,LCA,2013,28758.36426,32130.49575,7256.41139,21662.93315,46769.65147,94448.82962
Saint Lucia,LCA,2014,29151.39722,31422.28672,7037.606169,21584.70429,47222.90252,96041.47464
Saint Lucia,LCA,2015,29541.87718,30777.17447,6990.937912,21609.08252,47349.9573,96817.06279
Saint Lucia,LCA,2016,30375.65739,30156.83621,7076.248208,21175.40211,48904.34874,103613.6321
Saint Lucia,LCA,2017,30786.16943,29601.43192,7085.580438,21125.37417,49083.08619,104375.3796
Saint Lucia,LCA,2018,31175.05379,29118.25107,7065.773433,21080.43745,49200.63238,104871.446
Saint Lucia,LCA,2019,31497.38487,28728.00696,7048.621669,21081.10628,49072.01942,104894.6909
Saint Vincent and the Grenadines,VCT,1990,30943.14248,61575.41563,8684.31975,21108.42808,59309.0914,132008.4294
Saint Vincent and the Grenadines,VCT,1991,30683.1993,60067.25961,8322.049998,21130.21019,59485.74254,131046.512
Saint Vincent and the Grenadines,VCT,1992,30764.77995,58321.69664,8153.014427,21485.37774,60460.69619,131171.0487
Saint Vincent and the Grenadines,VCT,1993,30660.37607,56671.49759,7980.324015,21577.91539,60533.92882,131170.5665
Saint Vincent and the Grenadines,VCT,1994,30774.35671,55174.02722,7919.054837,22119.64997,60472.71595,129707.5084
Saint Vincent and the Grenadines,VCT,1995,30964.4845,53637.60857,8165.317743,23062.35285,60148.98548,123589.0426
Saint Vincent and the Grenadines,VCT,1996,31092.63991,52095.86231,8428.263777,23244.30686,60562.97519,122860.0486
Saint Vincent and the Grenadines,VCT,1997,30722.04865,50726.01693,8696.762621,22784.18409,59402.44662,121210.5283
Saint Vincent and the Grenadines,VCT,1998,30737.83561,49513.48545,8852.552785,22865.60302,58905.82708,120803.7169
Saint Vincent and the Grenadines,VCT,1999,30874.09806,48321.94877,9006.511025,23124.37656,59112.52965,119523.0472
Saint Vincent and the Grenadines,VCT,2000,30955.60503,47082.13109,8953.837409,23332.87179,59285.85736,119294.7972
Saint Vincent and the Grenadines,VCT,2001,30465.08211,46104.17227,8720.243773,23075.30426,57200.30523,116102.6683
Saint Vincent and the Grenadines,VCT,2002,30808.97915,45557.23784,8991.599776,23478.08077,57176.67862,115201.6113
Saint Vincent and the Grenadines,VCT,2003,30191.22499,44091.00676,8371.250262,22934.04009,56275.8646,112065.429
Saint Vincent and the Grenadines,VCT,2004,30195.10722,43139.30003,8272.630364,22980.44717,55718.98947,110697.9403
Saint Vincent and the Grenadines,VCT,2005,30304.31026,42480.5999,8176.094685,23746.08487,53190.0157,107683.3393
Saint Vincent and the Grenadines,VCT,2006,30224.97347,41976.65489,8153.356202,23691.45723,52192.47668,105070.7061
Saint Vincent and the Grenadines,VCT,2007,30201.38002,41388.9537,8116.118313,23498.51056,51371.60636,104204.9374
Saint Vincent and the Grenadines,VCT,2008,30434.2861,40181.11876,8199.989972,23382.47723,50000.15463,109294.2578
Saint Vincent and the Grenadines,VCT,2009,30743.09818,39163.61528,8077.79602,23425.13836,49691.09838,112032.4494
Saint Vincent and the Grenadines,VCT,2010,30750.59999,38264.01758,7518.511465,22658.98724,50742.79248,114509.376
Saint Vincent and the Grenadines,VCT,2011,30786.07606,37392.02955,6966.197797,21884.77287,51847.27196,117152.4249
Saint Vincent and the Grenadines,VCT,2012,31414.89413,36361.83197,6972.070212,22206.4835,52796.68994,118722.4423
Saint Vincent and the Grenadines,VCT,2013,32776.78294,36179.15638,7833.005303,23482.42128,53875.91415,120077.2214
Saint Vincent and the Grenadines,VCT,2014,32815.00981,34638.65351,7082.994258,22946.98314,54710.35873,121865.1167
Saint Vincent and the Grenadines,VCT,2015,33231.7487,33713.83987,7080.759948,23074.85579,55121.9188,122313.6064
Saint Vincent and the Grenadines,VCT,2016,33498.68575,32798.13242,7290.783811,23208.79759,54928.50886,121325.0721
Saint Vincent and the Grenadines,VCT,2017,33718.047,31958.88091,7284.635213,23120.98203,54967.52486,120819.8255
Saint Vincent and the Grenadines,VCT,2018,33934.0135,31145.47685,7242.437029,23032.64134,55039.9653,120278.0783
Saint Vincent and the Grenadines,VCT,2019,34144.45046,30401.38809,7183.672876,22935.73634,55132.58451,119795.6983
Samoa,WSM,1990,31210.26308,52871.47686,9006.278006,22450.94462,79758.1823,153283.5322
Samoa,WSM,1991,31100.08606,50295.90143,9080.931765,22702.93906,79890.14622,152921.6962
Samoa,WSM,1992,30398.66458,47173.94916,8458.971377,22353.19806,79533.0562,152152.0298
Samoa,WSM,1993,30200.53469,44863.00087,8349.20682,22504.16202,79306.01378,151018.0492
Samoa,WSM,1994,30042.64045,42788.44615,8247.652402,22657.13003,79007.82146,149918.8674
Samoa,WSM,1995,29897.02159,40795.04721,8135.168528,22808.24577,78667.49988,149001.4542
Samoa,WSM,1996,29721.19802,38874.59877,8004.922412,22949.64651,78160.32085,147759.334
Samoa,WSM,1997,29551.4161,37145.07577,7870.639379,23180.14284,77508.10531,145871.2351
Samoa,WSM,1998,29357.69537,35489.53859,7719.666155,23381.41934,76743.60752,143876.4307
Samoa,WSM,1999,29357.23565,34764.15464,7634.910586,23564.27269,76284.35156,143068.1036
Samoa,WSM,2000,29296.24923,33874.15839,7539.892078,23654.70328,75565.47374,142295.1411
Samoa,WSM,2001,29216.74784,32917.33575,7441.542249,23706.05017,74828.61887,141649.5967
Samoa,WSM,2002,29129.73774,31806.04071,7343.29389,23720.001,74053.47153,141168.3457
Samoa,WSM,2003,29162.33159,31386.62269,7294.41471,23690.39777,73534.09819,141127.2499
Samoa,WSM,2004,29206.4304,30927.67349,7274.204791,23673.03432,73024.97035,140993.4831
Samoa,WSM,2005,29485.14807,30775.76735,7496.423509,23885.13304,72755.94979,141015.4457
Samoa,WSM,2006,29207.75181,29781.53739,7139.139133,23572.17722,72116.44193,140805.5925
Samoa,WSM,2007,29129.87252,29252.20815,7073.436996,23436.77467,71491.56044,140651.6662
Samoa,WSM,2008,29033.99314,28555.62416,7000.1376,23330.97197,70884.82626,140535.4719
Samoa,WSM,2009,33908.03327,35903.04896,12052.98093,27993.4612,73859.16997,143150.619
Samoa,WSM,2010,29005.31702,27678.12992,6983.343284,23298.15338,70105.28655,140589.5715
Samoa,WSM,2011,28947.3869,27211.20104,6940.855669,23256.26065,69789.37293,140721.8926
Samoa,WSM,2012,29241.74292,27493.41112,7297.754379,23544.29225,69737.99403,140905.5597
Samoa,WSM,2013,28734.80468,26117.71863,6866.764642,23132.38898,69163.42321,140681.2143
Samoa,WSM,2014,28623.11335,25530.06719,6823.850603,23071.31771,68957.01824,140540.128
Samoa,WSM,2015,28529.05357,25031.92572,6783.754398,22991.49102,68856.19431,140416.3144
Samoa,WSM,2016,28440.58025,24499.50808,6753.298607,22913.62963,68748.54046,140150.5611
Samoa,WSM,2017,28343.8879,23872.73783,6710.053713,22813.61608,68662.8162,139920.6953
Samoa,WSM,2018,28248.62591,23281.93307,6654.157469,22691.44493,68543.15055,139495.5971
Samoa,WSM,2019,28173.90975,22745.43079,6594.070558,22573.25576,68389.19151,138829.5404
San Marino,SMR,1990,25297.42687,16586.98771,5646.038091,15055.02533,37302.72769,90025.96948
San Marino,SMR,1991,25280.53671,16077.44912,5596.61083,15047.24751,37025.1503,89141.74364
San Marino,SMR,1992,25275.57452,15566.67713,5549.971086,15048.02001,36763.55418,88289.88542
San Marino,SMR,1993,25242.63325,14994.03584,5501.529377,15056.06991,36460.23606,87249.5411
San Marino,SMR,1994,25321.74288,14827.1047,5477.280726,15068.68238,36278.23999,86853.38412
San Marino,SMR,1995,25192.51014,14481.58983,5433.430559,15008.07914,35726.1729,85723.35235
San Marino,SMR,1996,25090.30015,13987.00377,5391.341971,14979.31291,35297.76109,84648.79388
San Marino,SMR,1997,25010.90562,13452.78255,5346.10343,14958.77515,34904.62828,83814.80294
San Marino,SMR,1998,24994.72131,13003.68679,5307.065544,14951.16205,34595.41579,83360.38109
San Marino,SMR,1999,24970.33478,12219.29221,5257.296606,14960.0351,34348.96044,82864.85062
San Marino,SMR,2000,25056.96268,11844.2877,5227.463088,14971.20899,34202.38986,82922.65754
San Marino,SMR,2001,25105.53967,11432.83481,5194.369852,14976.47869,34049.08703,83055.04959
San Marino,SMR,2002,25164.32714,11074.35661,5165.983665,14979.68423,33901.6854,83221.66194
San Marino,SMR,2003,25317.43122,10687.14648,5131.709771,15000.51629,33888.86858,83907.33604
San Marino,SMR,2004,25571.11661,10227.21382,5095.43708,15073.224,34110.83804,84870.47904
San Marino,SMR,2005,25761.13369,10037.46959,5073.948529,15116.26463,34168.23269,85563.75532
San Marino,SMR,2006,25851.32289,9813.196943,5059.575858,15162.92943,34120.61718,85608.70768
San Marino,SMR,2007,25895.1731,9594.416462,5045.582107,15196.01597,34021.13519,85417.25561
San Marino,SMR,2008,25941.0348,9406.866321,5033.267413,15225.86013,33935.34504,85179.12532
San Marino,SMR,2009,26044.26883,9280.006239,5026.178287,15267.79957,33923.2233,85133.17397
San Marino,SMR,2010,26154.69793,9149.747577,5021.68023,15302.99404,33929.43028,85033.35361
San Marino,SMR,2011,26273.6077,9058.569485,5021.014045,15332.61882,33897.95306,84931.35444
San Marino,SMR,2012,26429.88026,8999.352153,5019.979411,15358.05228,33897.677,84939.57546
San Marino,SMR,2013,26601.53308,8949.412923,5018.609445,15373.54427,33900.72213,84972.32188
San Marino,SMR,2014,26793.64355,8899.843457,5019.079198,15384.40732,33913.96794,85061.06308
San Marino,SMR,2015,26988.24283,8838.870419,5017.689263,15391.04508,33937.55781,85088.9846
San Marino,SMR,2016,27183.58226,8811.822087,5029.304558,15416.4576,33899.91878,85074.1268
San Marino,SMR,2017,27353.86955,8735.756011,5037.572611,15434.74791,33856.30664,84859.74821
San Marino,SMR,2018,27488.26831,8645.25028,5036.910922,15429.8109,33777.28295,84440.33391
San Marino,SMR,2019,27607.17283,8523.493638,5037.949902,15407.08134,33676.93136,83909.2792
Sao Tome and Principe,STP,1990,58431.2967,202497.6852,17177.43392,21298.70705,68368.4889,135704.0883
Sao Tome and Principe,STP,1991,56917.62039,194519.0028,16956.45836,21400.0076,68854.36827,136185.013
Sao Tome and Principe,STP,1992,56216.4226,191164.3955,16565.02136,21638.9504,69548.11419,137278.7349
Sao Tome and Principe,STP,1993,54981.26024,188829.3909,13360.15753,22346.28956,69148.44483,140258.5006
Sao Tome and Principe,STP,1994,54824.95482,188241.5439,13483.8065,22491.80583,69771.28091,140620.1272
Sao Tome and Principe,STP,1995,54204.02753,184571.9843,13555.97966,22654.51868,70726.86109,141659.9165
Sao Tome and Principe,STP,1996,53505.00655,179466.727,13698.12972,22942.11785,72082.81998,143376.8949
Sao Tome and Principe,STP,1997,52606.61199,173518.648,13742.06761,23118.92738,72959.35488,144694.3848
Sao Tome and Principe,STP,1998,51630.81278,167298.0863,13713.4683,23234.97162,73641.6243,145780.795
Sao Tome and Principe,STP,1999,50184.64854,159499.0394,13610.34715,23144.71982,73269.84152,145547.3545
Sao Tome and Principe,STP,2000,48125.20578,148358.3088,13350.2863,23004.4023,72830.74767,145316.5061
Sao Tome and Principe,STP,2001,46121.36006,137783.6746,13079.12734,22805.69015,72296.56555,145071.9614
Sao Tome and Principe,STP,2002,44273.39902,127954.8837,12833.24425,22677.98426,71791.2363,144960.7134
Sao Tome and Principe,STP,2003,42806.88413,120822.8138,12564.1826,22490.24443,71018.03791,144739.7841
Sao Tome and Principe,STP,2004,41173.71159,112663.3285,12198.34781,22340.64173,70433.81309,144718.8129
Sao Tome and Principe,STP,2005,40751.24197,112571.8412,11998.9883,22048.0398,69154.64749,144269.8154
Sao Tome and Principe,STP,2006,38430.96031,101448,11509.27492,21685.68459,68166.58098,143796.7509
Sao Tome and Principe,STP,2007,36841.38514,92998.53807,11247.1068,21871.08433,66936.46333,143279.1286
Sao Tome and Principe,STP,2008,35718.33636,88537.6642,10896.31723,21719.94553,65807.65755,143586.1894
Sao Tome and Principe,STP,2009,33369.97926,81222.21545,10046.46217,20267.36266,64380.35945,144082.111
Sao Tome and Principe,STP,2010,31955.55157,75768.64583,9626.537996,19850.1839,63317.7869,144390.4086
Sao Tome and Principe,STP,2011,31042.80369,72498.32988,9403.048469,19621.8856,62447.55734,144255.6214
Sao Tome and Principe,STP,2012,30798.9142,72111.06016,9396.479682,19681.19852,62341.23277,144272.92
Sao Tome and Principe,STP,2013,30128.77658,69779.30091,9256.901844,19535.29457,61916.00361,144232.7844
Sao Tome and Principe,STP,2014,29067.65567,64796.82402,9028.637553,19279.27087,61544.11854,144560.3939
Sao Tome and Principe,STP,2015,28314.17852,61291.3795,8879.999659,19092.28307,61258.98301,144754.1313
Sao Tome and Principe,STP,2016,27667.28838,58028.95598,8743.122113,18925.94694,61073.47022,144848.871
Sao Tome and Principe,STP,2017,27081.05107,54783.71298,8605.589546,18770.01242,60945.70459,144818.4942
Sao Tome and Principe,STP,2018,26570.76991,51848.67909,8456.681911,18629.01996,60770.94145,144222.0412
Sao Tome and Principe,STP,2019,26195.14362,49646.2424,8310.331131,18509.86855,60496.64361,143120.0003
Saudi Arabia,SAU,1990,33667.45558,87864.86213,9648.898798,21761.02929,65218.30938,145472.7317
Saudi Arabia,SAU,1991,32105.03008,82389.73032,9157.460798,21075.63583,64900.16247,145858.7331
Saudi Arabia,SAU,1992,30858.08958,77567.39175,8816.908055,20627.94327,64589.16754,146079.7328
Saudi Arabia,SAU,1993,29857.83707,72892.5286,8550.922948,20416.09171,64457.34567,146242.8929
Saudi Arabia,SAU,1994,29000.9911,68207.07794,8350.01778,20326.95434,64403.702,146267.8025
Saudi Arabia,SAU,1995,28300.48636,64260.16261,8175.927895,20266.99071,64189.96953,145882.5052
Saudi Arabia,SAU,1996,27596.87747,60447.54659,8018.645782,20080.56812,63966.96759,145164.3961
Saudi Arabia,SAU,1997,27154.33603,57182.87867,7934.970059,20116.99841,63902.31158,144380.6587
Saudi Arabia,SAU,1998,26536.10116,53515.21016,7740.006098,19965.07997,63582.83254,143038.1949
Saudi Arabia,SAU,1999,26101.0459,50330.11263,7604.297438,19950.20916,63356.09121,141730.5601
Saudi Arabia,SAU,2000,25698.62672,47448.6121,7480.955039,19895.05863,62923.69004,140444.3645
Saudi Arabia,SAU,2001,25243.97623,44488.97245,7321.10806,19876.23196,63162.79734,139388.1298
Saudi Arabia,SAU,2002,24890.05623,41766.37476,7181.463216,19928.49879,63391.90612,138368.2831
Saudi Arabia,SAU,2003,24680.07527,39241.101,7059.460066,20123.7122,63668.39793,137196.9629
Saudi Arabia,SAU,2004,24404.02766,36737.23015,6927.482265,20239.56835,63382.69235,135890.1488
Saudi Arabia,SAU,2005,24347.52812,34098.48723,6715.716494,20678.98315,63765.15715,134266.7346
Saudi Arabia,SAU,2006,24287.60409,31854.64265,6598.61259,20974.64585,63745.87828,133946.0846
Saudi Arabia,SAU,2007,24132.1168,29412.17762,6440.10447,21103.95447,63713.46794,134068.6573
Saudi Arabia,SAU,2008,24003.63544,27166.22635,6328.349484,21213.30947,63558.94085,133996.9874
Saudi Arabia,SAU,2009,23818.61469,25266.29959,6259.395001,21206.46482,62976.21258,133102.3957
Saudi Arabia,SAU,2010,23670.06347,23407.09687,6127.854744,21230.89351,62469.23637,132024.7573
Saudi Arabia,SAU,2011,23376.70519,21653.25358,6008.776775,21074.10449,61150.90393,129987.7773
Saudi Arabia,SAU,2012,23154.01983,20115.52402,5900.628735,20957.03476,59819.05262,127683.1831
Saudi Arabia,SAU,2013,23043.64371,18734.04056,5793.64931,20932.84068,58680.82627,125313.3156
Saudi Arabia,SAU,2014,23008.20252,17546.12007,5699.231305,20961.45061,57643.81138,122927.1886
Saudi Arabia,SAU,2015,23468.29168,17077.09279,5866.116647,21522.43797,57006.76587,120809.5259
Saudi Arabia,SAU,2016,23030.15356,15658.03475,5585.549221,21030.85928,55707.93015,118666.8837
Saudi Arabia,SAU,2017,23016.5679,14567.05212,5484.440907,21034.52635,54731.71677,116419.0356
Saudi Arabia,SAU,2018,23140.43251,13671.83182,5424.266838,21149.08569,53986.26488,114460.2079
Saudi Arabia,SAU,2019,23316.23142,12969.37815,5370.419572,21263.26548,53421.75065,112708.0728
Scotland,,1990,37523.09207,20969.8174,6101.259981,18909.27854,61251.05795,128274.8082
Scotland,,1991,37167.26834,20143.8855,6092.652672,19030.00454,59870.36037,127194.8692
Scotland,,1992,36955.70222,18788.02198,6018.385922,19091.50956,58874.15865,127418.6045
Scotland,,1993,37069.52117,17385.64309,6065.069265,19213.66642,58727.5204,128485.6844
Scotland,,1994,36452.86953,16010.95788,5925.578738,19337.00936,57437.71877,124653.0192
Scotland,,1995,36259.03123,15395.7606,5843.519381,19446.61331,56588.14351,123158.3921
Scotland,,1996,36176.19557,15108.55665,5838.278079,19541.85186,55837.18027,122202.538
Scotland,,1997,35685.54006,14308.33476,5735.106142,19429.42726,54478.45995,120087.4317
Scotland,,1998,35577.83818,14152.39723,5743.738839,19438.03937,53558.23839,119508.8527
Scotland,,1999,35616.10642,13117.68935,5600.906223,19470.33705,52832.48026,120259.0541
Scotland,,2000,34994.85603,13020.71132,5531.521052,19339.80397,51023.32678,117029.5896
Scotland,,2001,34666.93728,12504.81238,5527.405056,19501.8596,50162.01821,114389.5337
Scotland,,2002,34649.05172,12623.89727,5438.757591,19513.25783,49770.62443,113875.2247
Scotland,,2003,34468.36569,12930.85155,5409.442452,19387.25658,49032.58523,113028.5148
Scotland,,2004,33988.86373,12956.82031,5376.28559,19246.93115,47918.10578,110413.0135
Scotland,,2005,33683.8765,13283.82619,5334.726758,19182.53842,47181.58176,107988.6087
Scotland,,2006,33666.93858,12523.41151,5293.614408,19477.80863,46794.43619,106234.8124
Scotland,,2007,33642.27941,12561.35212,5318.560894,19576.85607,46125.92137,105443.5566
Scotland,,2008,33497.68473,11723.6853,5284.328529,19574.29679,45468.2481,104571.551
Scotland,,2009,33035.55101,11100.8856,5229.178956,19426.22668,44459.1186,102253.066
Scotland,,2010,32784.04816,10570.8271,5165.157917,19206.28042,43850.4338,101225.906
Scotland,,2011,32607.17452,10506.91882,5135.535172,19054.62668,43007.43736,100803.9349
Scotland,,2012,32427.094,10128.74231,5091.914963,18784.21607,42247.33107,100770.6027
Scotland,,2013,32357.63368,9653.855921,5031.782753,18583.42371,41952.04454,100368.3888
Scotland,,2014,32065.80382,9613.846202,4995.28598,18394.76942,41388.3878,98266.21869
Scotland,,2015,32338.6013,9282.070891,4924.7514,18586.6365,41623.72419,97705.96928
Scotland,,2016,32709.27752,9389.181252,4984.406518,18911.9962,41886.71841,96913.97067
Scotland,,2017,32886.5214,9060.748225,5016.951048,18964.94876,41846.3575,96276.26414
Scotland,,2018,33698.74173,8865.339445,5040.621004,18779.34622,42589.876,99564.99648
Scotland,,2019,33885.93046,8718.623591,5051.736212,18701.8634,42542.49159,99097.01296
Senegal,SEN,1990,80753.30041,286986.4328,17830.46086,27428.95433,80783.9364,158051.2529
Senegal,SEN,1991,78683.56664,280487.3537,17553.01772,27208.29338,80003.06351,156988.2422
Senegal,SEN,1992,77422.08544,276428.5445,17551.72188,27544.4128,79922.10957,156720.8076
Senegal,SEN,1993,76275.4247,273978.553,17424.92619,27600.64239,79634.54963,156157.2428
Senegal,SEN,1994,75095.87395,271690.3315,17232.94043,27482.67588,79701.25922,155976.9653
Senegal,SEN,1995,74328.59396,270029.6169,17277.19142,27912.53924,79539.60911,155472.3705
Senegal,SEN,1996,72498.95123,264854.0345,16917.22294,27553.01288,78727.62551,154460.445
Senegal,SEN,1997,71235.12025,259757.6656,16931.28857,28029.51263,78229.50033,153544.4385
Senegal,SEN,1998,70081.16801,255900.7371,16880.92309,28149.46542,77860.71552,153212.8831
Senegal,SEN,1999,68366.64402,249332.3005,16658.55535,27860.72191,77312.57119,152084.7403
Senegal,SEN,2000,65941.85748,238744.0742,16092.88176,27493.23528,75980.00656,150364.0994
Senegal,SEN,2001,63902.25425,228631.6636,15851.15813,27342.77486,75197.79924,148888.6836
Senegal,SEN,2002,62312.926,217417.7863,15835.31562,28142.52842,74871.71825,148056.3617
Senegal,SEN,2003,59490.49864,206105.8025,15160.81589,26856.59307,73079.40365,146491.7041
Senegal,SEN,2004,57557.31021,195830.9177,14868.76752,26588.16548,72277.08693,145299.2587
Senegal,SEN,2005,55847.08423,186988.3631,14620.92778,26248.41634,71398.57871,144052.786
Senegal,SEN,2006,53868.09707,176168.6844,14391.63074,26008.35148,70627.50463,142992.6544
Senegal,SEN,2007,51645.22635,166636.7847,14156.02841,24992.94226,69262.4388,141935.0791
Senegal,SEN,2008,49646.46634,158118.4558,13939.67594,24179.76823,67839.33452,140905.5883
Senegal,SEN,2009,48053.83041,150315.2119,13720.91387,23906.8663,67007.06762,139931.2344
Senegal,SEN,2010,46715.72185,143523.327,13519.04427,23795.14808,66677.65055,139366.7177
Senegal,SEN,2011,45357.76169,136767.0537,13341.69952,23697.05678,66413.81807,138870.9025
Senegal,SEN,2012,44068.58318,130783.8711,13162.82888,23566.22408,66173.27869,138273.5028
Senegal,SEN,2013,42815.62784,125387.314,12974.086,23390.79925,65858.14971,137836.666
Senegal,SEN,2014,41681.63619,121056.3531,12772.7904,23093.71334,65482.012,137106.2112
Senegal,SEN,2015,40781.79412,117783.5232,12630.96235,22857.37195,65246.26668,136580.5886
Senegal,SEN,2016,39838.45318,114514.2745,12516.24589,22559.85706,64562.86965,135049.0813
Senegal,SEN,2017,38990.63486,111597.0807,12429.23941,22309.03753,64040.81524,133891.0602
Senegal,SEN,2018,37332.25756,104084.2859,12078.98675,21867.95035,63403.231,132898.6169
Senegal,SEN,2019,36168.85282,98919.019,11727.6026,21503.24773,62946.60412,132433.572
Serbia,SRB,1990,37019.55661,56314.51642,7062.750355,19019.66788,62945.07449,146446.4653
Serbia,SRB,1991,37691.7857,47150.31401,7992.35228,21448.19607,63732.90399,143020.6726
Serbia,SRB,1992,36395.07081,44693.54139,6735.833939,19052.05374,64173.9227,144379.9
Serbia,SRB,1993,36955.25879,44648.6887,6617.329454,18825.00918,66387.67086,145208.946
Serbia,SRB,1994,37983.07671,49080.25744,6744.016925,18985.67647,68567.37723,144815.4018
Serbia,SRB,1995,38522.70407,44546.27771,6581.581881,19247.40886,70211.8644,146276.4186
Serbia,SRB,1996,39214.8181,40860.00667,6474.724838,19521.7347,71768.19923,148917.8039
Serbia,SRB,1997,40663.02715,38017.35362,6441.925253,20027.32829,73734.59638,153223.0442
Serbia,SRB,1998,40008.54521,36703.04664,6992.602163,20476.99836,68745.37438,144351.7199
Serbia,SRB,1999,43894.30284,36756.95207,10151.17743,26620.15056,70174.58691,144210.6071
Serbia,SRB,2000,38827.67684,28585.53193,6247.865788,19496.92212,68247.42087,143444.0971
Serbia,SRB,2001,38397.1756,30396.66,6050.31562,18708.66664,65516.93503,141089.7121
Serbia,SRB,2002,38354.81966,30585.41936,5929.565286,18257.68264,63937.7599,139550.9413
Serbia,SRB,2003,38818.61168,30599.64108,5859.489637,17992.68859,63574.93585,140922.2653
Serbia,SRB,2004,39108.50855,27260.68129,5713.226752,17752.9605,62998.29105,142678.156
Serbia,SRB,2005,39555.63607,23279.25864,5561.739864,17528.44581,62580.53498,146430.7047
Serbia,SRB,2006,39182.75955,20324.49926,5388.7451,17097.57365,61171.41391,145642.6021
Serbia,SRB,2007,38821.49916,17501.95493,5177.075561,16712.71191,59704.26854,144745.6399
Serbia,SRB,2008,38892.30464,12943.45814,4972.861855,16663.35661,58950.79836,145903.1373
Serbia,SRB,2009,38709.5105,14438.90113,4996.522111,16394.36977,57900.68463,143650.8966
Serbia,SRB,2010,38033.37761,13831.2192,4853.379083,15987.73069,56970.8407,139086.9889
Serbia,SRB,2011,37644.84664,14465.59496,4816.513324,15757.90528,56645.82439,135217.5382
Serbia,SRB,2012,37117.50947,9691.843499,4573.346759,15533.35656,56491.06547,133202.3042
Serbia,SRB,2013,37070.86947,12796.76202,4684.02466,15281.67828,55962.0056,132114.0004
Serbia,SRB,2014,37227.68233,11941.85506,4695.661908,15272.95187,56413.5355,131615.5891
Serbia,SRB,2015,37291.92648,11145.38653,4646.081311,15254.79889,57249.58047,129911.4099
Serbia,SRB,2016,36664.60488,10896.9272,4587.701755,15042.31231,56486.77256,125920.5774
Serbia,SRB,2017,36873.54377,10190.8317,4549.211336,15065.69141,56770.90924,125988.0421
Serbia,SRB,2018,37212.248,9754.883525,4577.329574,15191.63078,56128.59646,127486.1903
Serbia,SRB,2019,37455.7978,9359.77598,4555.052086,15272.537,56197.95462,127451.3738
Seychelles,SYC,1990,30445.88903,38784.08827,6924.426478,20499.03959,68050.58474,130290.0911
Seychelles,SYC,1991,30129.17325,37625.46545,6643.41783,20400.35127,66837.39027,131711.2256
Seychelles,SYC,1992,29996.01136,36050.56327,6500.968382,20449.56228,67012.24868,132371.1236
Seychelles,SYC,1993,30316.01856,37247.63271,6698.12077,20673.10849,67130.65341,132551.9219
Seychelles,SYC,1994,30513.93681,33244.79627,7356.138839,21557.25428,67503.77793,131567.095
Seychelles,SYC,1995,29896.67165,29092.09351,7082.907041,21442.63432,66868.79653,130765.5905
Seychelles,SYC,1996,29789.83743,27881.60149,6960.95238,21480.65073,66731.32971,131066.2469
Seychelles,SYC,1997,29767.12206,27046.76078,6866.464475,21730.29904,66189.51222,129996.3355
Seychelles,SYC,1998,29232.78886,26344.44512,6212.430024,21367.64845,65114.71252,128296.1533
Seychelles,SYC,1999,29043.43355,26827.61042,6063.712773,21197.05883,64369.41429,126222.1267
Seychelles,SYC,2000,28729.99188,27412.0238,5502.476739,21185.56455,62990.81781,122692.2938
Seychelles,SYC,2001,28767.15273,28054.85412,5493.509382,21199.44624,62111.96372,122023.4035
Seychelles,SYC,2002,29227.74437,28618.36519,6203.990994,21215.15886,62286.65425,124860.8286
Seychelles,SYC,2003,29685.82878,28974.24483,6728.906225,21310.74079,62556.44816,127529.4734
Seychelles,SYC,2004,29664.99655,29167.52786,6777.042723,21315.89309,61512.08265,126407.6651
Seychelles,SYC,2005,29271.64854,28734.06734,6542.237171,20371.86232,60855.94808,129414.6379
Seychelles,SYC,2006,29221.88782,28545.6458,6531.321252,20313.41834,59385.55703,129199.3925
Seychelles,SYC,2007,29190.76504,29323.53649,6073.665998,20129.90765,58554.14385,129162.8041
Seychelles,SYC,2008,28919.78705,28550.52207,5430.2633,19652.8266,58110.44855,129678.619
Seychelles,SYC,2009,28939.11915,28530.74793,5431.581256,19726.35818,56563.16722,129541.7503
Seychelles,SYC,2010,29017.71132,28507.53286,5808.167721,20272.87175,54629.41932,124892.5084
Seychelles,SYC,2011,29105.34209,28393.61359,6081.762764,20527.48582,53508.30988,122130.0201
Seychelles,SYC,2012,29262.82559,28241.13565,6132.102376,20178.60205,53717.50096,124308.7448
Seychelles,SYC,2013,29430.08871,28053.54188,5660.028979,20318.43922,53372.86771,123861.3625
Seychelles,SYC,2014,29767.94938,27386.95088,5537.411858,20730.57554,53427.92491,122074.5781
Seychelles,SYC,2015,30212.52326,26697.6293,6281.125354,20859.48539,54044.70075,121442.6067
Seychelles,SYC,2016,30671.34394,26068.84707,6690.603707,20995.25532,54772.39532,121897.3967
Seychelles,SYC,2017,30791.17595,25163.63945,6122.82563,20971.9495,54781.01994,122569.1442
Seychelles,SYC,2018,30969.80711,24307.07137,5994.447828,20972.27453,54863.22912,122215.5856
Seychelles,SYC,2019,31218.67993,23596.72946,6170.173898,20904.80547,55156.39133,121734.9808
Sierra Leone,SLE,1990,125440.5694,531880.7467,22041.00787,29669.57476,88299.18745,171345.3206
Sierra Leone,SLE,1991,128160.0565,542922.9767,23345.02082,32920.69048,88373.41706,170971.0579
Sierra Leone,SLE,1992,124639.2854,531933.3304,22358.89679,31247.0943,87429.0678,169856.8567
Sierra Leone,SLE,1993,121647.7956,516367.344,22120.12786,31172.14146,86637.1788,168680.2651
Sierra Leone,SLE,1994,123962.6602,516583.7367,24060.08872,35237.42296,87497.10884,168870.9843
Sierra Leone,SLE,1995,123240.8271,502161.8438,25124.40609,37675.2347,88497.26687,169667.9358
Sierra Leone,SLE,1996,118035.5095,485798.1944,22774.50384,33864.02366,87704.82006,168750.5526
Sierra Leone,SLE,1997,118828.6828,489929.1606,23232.21193,35075.40309,89202.18577,170129.7143
Sierra Leone,SLE,1998,123679.6147,489587.9604,27575.93909,43674.36763,92031.10211,171831.1336
Sierra Leone,SLE,1999,120794.9297,472261.8893,27092.25706,43155.11221,92363.48538,171734.6602
Sierra Leone,SLE,2000,113477.6897,451288.0726,23557.07023,36209.71758,90443.0742,170146.5751
Sierra Leone,SLE,2001,110004.5324,434495.0252,22540.55023,34482.0801,90589.44109,170077.166
Sierra Leone,SLE,2002,108157.5612,420404.2099,22524.99544,34923.11263,91577.98472,170661.5732
Sierra Leone,SLE,2003,106216.6908,409437.125,22373.75484,35211.57289,91875.72668,170535.2918
Sierra Leone,SLE,2004,104255.6396,401150.5846,22213.3291,35430.49942,91809.94041,170079.5999
Sierra Leone,SLE,2005,101775.6489,391392.218,21973.46117,35469.68486,92061.21939,169477.7069
Sierra Leone,SLE,2006,98936.38955,380821.003,21664.44186,35291.46731,91606.48317,168458.9136
Sierra Leone,SLE,2007,95647.51798,366701.867,21399.08297,35264.30101,91120.65827,167401.9625
Sierra Leone,SLE,2008,91799.77923,351750.3872,20904.41777,34391.98994,89763.31181,165810.0471
Sierra Leone,SLE,2009,88083.09846,335849.4535,20583.20479,33914.50883,88429.78403,164040.892
Sierra Leone,SLE,2010,84157.3768,320756.8298,19941.35878,32870.01759,86609.42017,161561.6392
Sierra Leone,SLE,2011,80581.53826,306114.1226,19493.02775,32220.04507,85096.71935,159531.5376
Sierra Leone,SLE,2012,77093.71209,292592.5344,18986.08229,31380.84625,83386.99101,157100.7473
Sierra Leone,SLE,2013,72982.14982,274545.8434,18471.24576,30751.1716,81263.083,153942.3098
Sierra Leone,SLE,2014,73614.59263,263240.8935,19318.55638,35578.36384,86854.05718,152029.8458
Sierra Leone,SLE,2015,68683.51372,250168.7649,18280.34055,31928.89391,81707.85354,150534.719
Sierra Leone,SLE,2016,64367.16426,237622.8266,17471.17836,29110.81572,77445.0312,148502.3424
Sierra Leone,SLE,2017,62910.11312,227957.867,18417.65935,29618.06958,77069.18551,147585.2678
Sierra Leone,SLE,2018,59320.65003,215766.6133,17018.56871,28014.646,75256.09721,145475.8136
Sierra Leone,SLE,2019,57221.11722,206603.895,16783.88862,27574.24652,74244.85523,143460.7496
Singapore,SGP,1990,21643.59819,21822.52351,5542.219479,14300.91457,50401.40587,115579.5631
Singapore,SGP,1991,21193.87397,18578.65198,5637.536107,14133.34982,48692.87557,112063.1695
Singapore,SGP,1992,20849.495,16603.74212,5716.088659,14078.64692,47191.38851,109408.2125
Singapore,SGP,1993,20572.43894,15197.70495,5475.911333,14006.29805,46129.30049,107993.4475
Singapore,SGP,1994,20414.96975,13979.37956,5381.486206,13940.42506,45503.26313,107806.1604
Singapore,SGP,1995,20258.57153,13110.41191,5521.806145,13894.89759,45116.44164,107388.6515
Singapore,SGP,1996,19943.78196,12566.57898,5453.726986,13804.26413,44336.97617,105287.204
Singapore,SGP,1997,19496.37095,11810.02593,5129.254868,13565.43466,42776.55372,102386.4613
Singapore,SGP,1998,19101.41892,11162.82656,4924.429354,13316.79444,41544.39893,99689.31346
Singapore,SGP,1999,18764.41993,10589.50474,4807.52804,13034.91631,40102.864,96096.34322
Singapore,SGP,2000,18455.38313,9851.556148,4695.162023,12865.15557,38803.65197,92606.78563
Singapore,SGP,2001,18143.57107,8758.594211,4583.606808,12713.21922,37848.63376,89834.11925
Singapore,SGP,2002,18045.21871,8241.798801,4546.855352,12566.76845,37067.54201,88449.31359
Singapore,SGP,2003,18031.7535,7683.894469,4589.39765,12362.83023,35998.25203,87689.07651
Singapore,SGP,2004,17936.90621,7414.88072,4539.4942,12137.62083,35209.08922,86492.17599
Singapore,SGP,2005,17636.38753,7557.600666,4551.616764,11911.05322,34001.71593,82160.10847
Singapore,SGP,2006,17534.74698,7796.943669,4616.974718,11773.76081,32939.11231,81127.28986
Singapore,SGP,2007,17466.50793,7799.268164,4512.780482,11663.96558,32293.0728,80836.58192
Singapore,SGP,2008,17330.1482,7964.563929,4438.207122,11541.85166,31648.59029,79579.91812
Singapore,SGP,2009,17196.05187,7996.060032,4501.48277,11366.78915,30752.79394,77339.93879
Singapore,SGP,2010,17198.8605,7904.047598,4489.204992,11231.64272,30114.9858,76009.73748
Singapore,SGP,2011,17220.49897,7846.708402,4483.490344,11190.40367,29515.58894,74193.1828
Singapore,SGP,2012,17353.73765,7442.446469,4545.936226,11223.00405,29332.43387,73553.13553
Singapore,SGP,2013,17397.72168,6879.13091,4487.613834,11198.84281,28982.42537,72645.37946
Singapore,SGP,2014,17472.27719,6417.739891,4325.566473,11210.98475,28549.67705,71612.84779
Singapore,SGP,2015,17580.93077,6295.194895,4330.351239,11222.00603,28317.50369,70674.76719
Singapore,SGP,2016,17662.40844,6273.690147,4335.396049,11194.42857,27929.39385,69298.86912
Singapore,SGP,2017,17788.33359,6069.600243,4248.334241,11186.97234,27426.62275,67488.74843
Singapore,SGP,2018,18131.05116,5904.453431,4192.699541,11265.96083,27423.92417,67078.70145
Singapore,SGP,2019,18487.46993,5795.11961,4191.608302,11395.73142,27464.73924,66424.72612
Slovakia,SVK,1990,35862.50232,28175.36527,6212.908601,20729.73953,73014.2504,142580.1483
Slovakia,SVK,1991,35510.74637,29258.58146,6342.785016,20468.19214,71464.32033,139756.5533
Slovakia,SVK,1992,34860.73436,27560.394,6184.620187,20076.09892,70140.88964,136085.5668
Slovakia,SVK,1993,33963.01866,24706.1995,5942.26299,19527.54628,67945.22217,133541.2062
Slovakia,SVK,1994,33207.45523,23434.63052,5917.296844,19050.80296,65757.19296,130169.9448
Slovakia,SVK,1995,33352.70918,22612.77221,5955.429366,18960.2054,65888.2686,130673.2139
Slovakia,SVK,1996,32680.25711,21865.27734,5905.63629,18612.70543,63728.98258,127396.4609
Slovakia,SVK,1997,33349.67171,20628.18405,5889.858347,19060.2373,64343.79383,129610.4493
Slovakia,SVK,1998,33578.46551,20738.66401,5938.796043,19254.29726,63969.54402,128210.7541
Slovakia,SVK,1999,33284.90402,19948.55472,5874.026372,18855.01265,62777.61316,126691.3453
Slovakia,SVK,2000,32818.4667,19351.34111,5824.502848,18419.7758,60925.06565,124093.9544
Slovakia,SVK,2001,32745.33296,16865.57721,5764.784078,18232.72419,59922.61997,123604.8961
Slovakia,SVK,2002,32750.4675,17776.74078,5695.627983,18130.74718,58825.69402,121558.1213
Slovakia,SVK,2003,32900.38747,18963.68337,5555.839556,17985.7589,57887.68319,121544.9381
Slovakia,SVK,2004,32564.07283,18672.21961,5440.670334,17542.95095,56132.41989,120897.7384
Slovakia,SVK,2005,33071.23306,18284.38707,5405.635311,17547.00244,56505.15639,122286.218
Slovakia,SVK,2006,32940.44805,17143.07074,5453.217838,17301.26689,55558.0985,121389.3267
Slovakia,SVK,2007,33366.18335,16453.3659,5451.385038,17360.19042,55924.19671,121898.5359
Slovakia,SVK,2008,33091.59418,16196.51896,5355.333238,17147.73857,55125.70682,119082.2038
Slovakia,SVK,2009,32925.53406,16334.72381,5356.471758,16787.77545,54458.91877,118149.9959
Slovakia,SVK,2010,32314.2373,15417.52233,5308.514719,16401.2547,52990.44783,115139.2639
Slovakia,SVK,2011,32284.90053,14148.83259,5211.638025,16335.10776,52627.78102,114178.8293
Slovakia,SVK,2012,31972.54397,14052.96273,5108.809788,16111.08394,51695.46515,111852.5546
Slovakia,SVK,2013,31710.9102,13797.41091,5040.552128,15870.8845,50918.15543,109856.9038
Slovakia,SVK,2014,31672.071,14273.63588,4946.73265,15859.57429,50492.24758,107576.7233
Slovakia,SVK,2015,32281.79579,14183.77423,4900.269899,16061.0869,51347.19425,108193.6314
Slovakia,SVK,2016,31749.24192,14182.76221,4875.109328,15818.83687,49955.3822,105202.8829
Slovakia,SVK,2017,31973.36302,13506.33831,4858.284632,15915.58566,50055.41216,104543.4467
Slovakia,SVK,2018,32150.94265,12842.13755,4884.877648,16096.06831,49704.09481,103834.8711
Slovakia,SVK,2019,32390.42342,12136.88708,4896.183319,16227.09893,49623.16576,103181.9777
Slovenia,SVN,1990,32753.50327,19169.03567,5540.654131,19229.58237,57198.1136,130905.308
Slovenia,SVN,1991,32564.50658,18362.82382,5559.321222,19068.19615,56777.98851,128311.9332
Slovenia,SVN,1992,32269.69701,17552.90281,5481.964494,18767.45088,56253.45158,125067.7927
Slovenia,SVN,1993,32163.29674,16336.65024,5512.982818,18617.97878,55988.57535,122212.2408
Slovenia,SVN,1994,32152.74774,15557.3742,5510.049044,18508.47384,55736.81968,119788.6974
Slovenia,SVN,1995,32149.75484,14474.72707,5487.432435,18439.48308,55591.08973,117976.8032
Slovenia,SVN,1996,32254.28893,13747.5267,5584.618015,18505.69874,55520.04035,116682.417
Slovenia,SVN,1997,32475.57611,13391.82374,5531.160328,18552.04104,55564.93519,115262.5371
Slovenia,SVN,1998,32636.33614,13117.48845,5426.547257,18499.9656,55337.25324,113908.0931
Slovenia,SVN,1999,32494.94077,12497.23525,5317.511908,18304.04601,54448.84236,111669.4093
Slovenia,SVN,2000,32112.54078,12166.73265,5218.639171,18041.8184,52860.61968,108582.903
Slovenia,SVN,2001,32542.99942,11587.17509,5177.98824,18099.67978,52678.16014,108483.6049
Slovenia,SVN,2002,32024.45302,11399.02264,5118.850569,17660.23442,50831.76591,105420.6684
Slovenia,SVN,2003,32249.85398,11231.56606,5128.621238,17751.61501,50371.99993,103835.0796
Slovenia,SVN,2004,31942.61829,11098.07742,5163.349662,17393.14425,48490.47071,102811.3459
Slovenia,SVN,2005,31142.14627,11060.96707,5087.917271,16804.77958,46198.69098,99637.96838
Slovenia,SVN,2006,31203.4606,10448.75191,5049.365087,16714.8326,46073.1054,97890.30351
Slovenia,SVN,2007,31087.27993,10058.27989,5059.164084,16537.04927,45025.71987,97010.59165
Slovenia,SVN,2008,30587.18759,9469.017536,5004.628681,16112.44857,43768.23448,94995.87383
Slovenia,SVN,2009,30200.72177,9130.521738,4866.86141,15652.14593,42754.93896,93850.67422
Slovenia,SVN,2010,30064.57554,8933.816598,4821.473534,15366.52884,42114.81902,93232.42539
Slovenia,SVN,2011,29776.76474,8605.014365,4747.17182,15038.26528,41086.1922,92455.95013
Slovenia,SVN,2012,29902.80649,7783.106213,4663.610109,14890.22007,41125.31805,92410.16693
Slovenia,SVN,2013,29637.57548,7764.018999,4636.977408,14659.04977,40373.57149,90672.42082
Slovenia,SVN,2014,28714.66467,7051.809666,4590.273162,14242.92932,38463.05395,87213.01013
Slovenia,SVN,2015,29468.02099,6791.949755,4578.469259,14417.38919,39410.11105,89073.70306
Slovenia,SVN,2016,29398.36706,6867.941595,4586.770818,14385.21625,39033.71083,88436.2427
Slovenia,SVN,2017,29747.9505,6561.512299,4574.908104,14459.16566,39212.58025,88733.74827
Slovenia,SVN,2018,29994.52515,6341.24878,4547.075491,14491.7398,39100.9885,88798.08041
Slovenia,SVN,2019,30160.34037,6125.789466,4505.914734,14455.86122,38928.67328,88632.68906
Solomon Islands,SLB,1990,57982.89065,109041.092,12284.40921,45248.74104,149626.3035,219896.9106
Solomon Islands,SLB,1991,58220.68791,107694.5889,12426.61559,45986.75281,150130.107,219686.1409
Solomon Islands,SLB,1992,57186.29152,105269.1812,12010.113,44896.44363,149123.8397,218562.2221
Solomon Islands,SLB,1993,56747.94654,103090.8613,11930.23843,44693.69535,148650.4679,217869.3532
Solomon Islands,SLB,1994,56161.39771,100677.568,11711.5038,44350.3301,147987.7058,217082.7916
Solomon Islands,SLB,1995,55594.8585,98049.39672,11560.61623,44091.11994,147311.5329,216279.8022
Solomon Islands,SLB,1996,55216.42753,95944.53666,11444.34316,43937.72127,146710.7866,215729.6894
Solomon Islands,SLB,1997,54940.16818,94047.32107,11343.43958,43916.65179,146497.6392,215441.5337
Solomon Islands,SLB,1998,54689.28154,92231.24561,11252.99112,43930.58815,146303.8806,215193.5716
Solomon Islands,SLB,1999,54517.58232,90537.57292,11190.95502,44050.56891,146231.9795,215108.2233
Solomon Islands,SLB,2000,54563.03156,89584.38928,11139.3445,44304.40995,146732.4775,215578.4257
Solomon Islands,SLB,2001,54656.73404,88455.03249,11110.2862,44615.85607,147318.7401,216312.295
Solomon Islands,SLB,2002,54813.94363,87510.16163,11106.74307,45017.03475,148059.5698,217104.2865
Solomon Islands,SLB,2003,54873.86475,86349.45207,11085.84531,45388.61201,148640.7936,217777.1705
Solomon Islands,SLB,2004,54955.83767,85444.1418,11066.90593,45763.46677,149173.4722,218414.5494
Solomon Islands,SLB,2005,54861.68915,84083.57609,11029.16581,46058.44804,149210.3272,218786.9976
Solomon Islands,SLB,2006,54572.90329,81985.94133,10951.93989,46273.11649,149144.282,218953.1314
Solomon Islands,SLB,2007,54802.82448,80388.83779,11535.42705,47011.46066,149044.0224,219222.1304
Solomon Islands,SLB,2008,53637.42572,77121.61973,10757.60267,46391.91773,147673.0157,218323.2791
Solomon Islands,SLB,2009,53330.09684,74736.45733,10894.69691,46626.68948,146957.0974,218111.2247
Solomon Islands,SLB,2010,52430.79608,71791.13963,10528.56213,46262.62726,145422.2168,217274.7053
Solomon Islands,SLB,2011,51572.40366,68833.16191,10349.35722,45936.61229,143759.3163,216149.3977
Solomon Islands,SLB,2012,50782.5983,65995.10033,10191.4784,45649.56476,142161.2021,215139.3778
Solomon Islands,SLB,2013,50289.59445,63805.09819,10314.41073,45534.028,140819.6918,214337.847
Solomon Islands,SLB,2014,49964.51389,61640.34952,10446.32114,45665.95072,139765.9874,213708.5437
Solomon Islands,SLB,2015,48971.07455,58773.7976,9890.894229,45082.32746,138270.4957,212554.7164
Solomon Islands,SLB,2016,48388.59044,56726.3502,9705.917194,44788.19838,136962.6207,211336.559
Solomon Islands,SLB,2017,47920.62763,54773.08327,9612.412978,44566.03314,135802.4899,210331.3326
Solomon Islands,SLB,2018,47518.15062,53063.39951,9500.668826,44329.23045,134670.4081,209380.3066
Solomon Islands,SLB,2019,47170.51615,51537.56239,9380.799057,44065.70003,133555.4429,208428.7218
Somalia,SOM,1990,119153.3184,447424.7691,25480.18962,44908.66112,123631.6495,199865.4318
Somalia,SOM,1991,121446.5944,440184.2794,28900.18722,51796.4681,125711.6858,200659.9778
Somalia,SOM,1992,113763.5465,409799.338,24922.30732,48199.86621,124363.8125,198383.198
Somalia,SOM,1993,108066.6283,392634.8776,23507.31221,41863.18404,122511.6224,196727.6954
Somalia,SOM,1994,108993.0562,390907.0645,23819.70161,42340.34892,123515.8998,196926.4443
Somalia,SOM,1995,107127.7544,377410.6951,23317.1148,42093.83685,124043.9557,196518.2757
Somalia,SOM,1996,106617.7292,370579.3916,23267.85176,42620.83457,124217.6499,195865.2233
Somalia,SOM,1997,107637.5825,367327.9106,24935.16576,44082.31943,125673.7575,196577.4002
Somalia,SOM,1998,104305.0508,356270.7031,22737.29589,41965.66419,124016.6859,194471.9142
Somalia,SOM,1999,102819.8748,347439.6292,22441.07622,41746.70685,123218.3645,193192.3403
Somalia,SOM,2000,101293.9441,340390.0071,22139.95075,40933.25529,122023.5277,191816.2398
Somalia,SOM,2001,99070.25101,328624.507,21910.14567,40786.52522,120503.3787,190001.7689
Somalia,SOM,2002,96913.59071,318389.9273,21521.6522,40434.02787,119014.4741,188272.9738
Somalia,SOM,2003,94735.77471,308784.8009,21223.30846,39977.20446,117447.8989,186635.471
Somalia,SOM,2004,93362.82954,300620.6985,21349.34476,40584.5978,116326.5208,185258.1486
Somalia,SOM,2005,90110.76725,290579.7707,20551.47262,38760.07234,114330.7763,183247.8003
Somalia,SOM,2006,88343.02099,283491.7822,20417.72285,38607.99696,113110.8626,181786.0424
Somalia,SOM,2007,87843.70059,282151.5419,20649.94058,38709.08126,112212.2026,180611.6016
Somalia,SOM,2008,85404.41677,273352.5073,20318.18701,38264.16693,111290.6102,179195.3116
Somalia,SOM,2009,83745.56576,268427.3505,20003.14581,37984.45505,110605.9879,177955.1586
Somalia,SOM,2010,88087.73868,290746.5867,20829.39369,38682.89909,111270.9588,180614.6467
Somalia,SOM,2011,86013.82118,286173.7209,20419.67503,37652.63234,110338.2773,179365.6209
Somalia,SOM,2012,78438.24997,250320.7725,19634.91493,37441.48662,108673.3092,174301.4735
Somalia,SOM,2013,75503.7916,240822.213,18992.55481,35962.20337,107509.5141,172635.6527
Somalia,SOM,2014,73266.07666,232060.0934,18584.8716,35443.58483,106761.0147,171430.7801
Somalia,SOM,2015,71263.92711,223650.5352,18300.18099,35069.50156,106136.544,170529.8198
Somalia,SOM,2016,70010.24432,217342.574,18315.62289,35322.7733,105557.4451,169532.173
Somalia,SOM,2017,68883.60306,210573.566,18496.35218,36044.68497,105084.8558,168756.4295
Somalia,SOM,2018,66546.98632,202658.3989,17872.78408,35164.83646,104121.923,167829.3127
Somalia,SOM,2019,64069.98241,195326.652,16999.07631,33858.32271,102681.7975,166299.9223
South Africa,ZAF,1990,50010.46866,147705.5983,12410.51023,38289.97911,62177.7695,107401.404
South Africa,ZAF,1991,49307.70623,142626.1029,12181.66363,38242.00081,62784.76942,107947.5596
South Africa,ZAF,1992,50195.19532,138582.949,12199.3382,40355.76897,65271.73114,111815.9595
South Africa,ZAF,1993,48544.98929,135051.9719,11848.61238,38471.65931,64485.67204,111454.2757
South Africa,ZAF,1994,49681.66833,133167.488,11787.89767,40185.91067,68476.52901,117321.8142
South Africa,ZAF,1995,50457.0482,133031.8019,11735.62936,41236.13844,71349.21963,119672.8043
South Africa,ZAF,1996,52232.78365,134571.3277,11855.97429,42518.03647,78409.72116,129271.6305
South Africa,ZAF,1997,57037.0985,137237.0983,12152.38385,48413.78988,89270.14365,141335.0331
South Africa,ZAF,1998,60930.58499,141482.3515,12451.02315,53829.41639,94111.69031,144949.5891
South Africa,ZAF,1999,63806.71788,144587.7677,12708.0444,58654.08046,94474.46899,143129.2976
South Africa,ZAF,2000,68501.13257,148219.1866,13105.33008,65520.09224,98952.84254,146478.4057
South Africa,ZAF,2001,71430.78855,151166.5133,13330.56647,70098.61443,99357.44943,145860.2335
South Africa,ZAF,2002,75140.01469,153914.3917,13654.1433,75599.15183,101378.9338,145639.5387
South Africa,ZAF,2003,78573.79016,155194.917,14087.79502,80589.75227,103882.6521,145009.4279
South Africa,ZAF,2004,80584.61722,155449.8536,14507.59729,83452.13926,105129.0266,141487.1434
South Africa,ZAF,2005,81238.66639,153169.1397,14450.60949,84332.33871,106251.0116,139915.5729
South Africa,ZAF,2006,80788.65577,146444.5232,14020.36863,83952.13709,107469.489,141259.2349
South Africa,ZAF,2007,77975.01326,138891.5899,13579.52179,80392.75001,105007.7676,139753.1657
South Africa,ZAF,2008,74739.16402,130213.2444,13227.29107,76337.84733,102400.2747,138202.653
South Africa,ZAF,2009,70414.68351,115505.5552,13007.83124,71451.56894,99484.55859,137707.5917
South Africa,ZAF,2010,66270.33491,103525.9955,13114.6423,66367.28193,96438.16568,137549.7048
South Africa,ZAF,2011,61891.69426,97851.30514,13344.26887,60211.44473,91947.42485,135246.7942
South Africa,ZAF,2012,58151.93384,93437.03445,13198.6144,55193.53623,87648.30402,132214.4459
South Africa,ZAF,2013,55294.08581,89671.63727,12053.79827,51656.64308,84748.5055,130161.0134
South Africa,ZAF,2014,54019.60185,87571.77531,11419.73376,49827.10245,84351.71207,130386.698
South Africa,ZAF,2015,52993.00385,81840.67519,11168.98547,48876.07171,84415.37496,130754.682
South Africa,ZAF,2016,52105.89774,75814.38652,11031.84829,48390.10925,83961.50045,129447.5685
South Africa,ZAF,2017,51179.77837,72787.23634,10906.33768,47635.05809,82439.453,127028.9966
South Africa,ZAF,2018,48987.36749,70176.97061,10497.20018,46102.46864,76201.49277,119857.9756
South Africa,ZAF,2019,47829.89072,68924.23654,10337.53226,45166.01458,72865.35478,116136.9239
South Asia (WB),,1990,64476.47804,223272.5716,21307.06997,29865.73623,84643.57367,175957.3199
South Asia (WB),,1991,63973.29428,217697.9733,22444.36285,30494.80916,84671.89852,176780.0267
South Asia (WB),,1992,61932.87248,210668.1739,21286.55153,29696.59533,84082.83919,176195.7732
South Asia (WB),,1993,60077.1168,203538.8636,20735.23988,29198.7179,82676.6272,173365.9705
South Asia (WB),,1994,58283.07632,197450.1809,19484.5828,28807.45429,81680.37323,169140.3958
South Asia (WB),,1995,56863.59857,192508.5848,18818.88895,28507.50288,80394.48006,166075.4813
South Asia (WB),,1996,55418.44373,185716.8126,18139.72561,28229.70758,80609.3902,164914.5464
South Asia (WB),,1997,54817.3121,180160.8301,17947.33372,28513.24427,82221.02496,167927.583
South Asia (WB),,1998,53772.14868,174388.4137,17782.93553,28587.38116,81132.43748,167609.2784
South Asia (WB),,1999,52388.80896,168391.9199,17220.49882,28700.38611,78433.87431,163240.0862
South Asia (WB),,2000,51172.22268,162769.5587,16975.6222,28468.19146,77093.86519,162032.1006
South Asia (WB),,2001,49981.09251,157098.3231,16786.55114,28048.59574,75955.85718,162010.6822
South Asia (WB),,2002,48581.73057,152681.1045,15689.55675,27444.95929,74614.61973,160007.8673
South Asia (WB),,2003,47126.52651,148263.9705,14952.03048,26730.7712,73119.1416,154612.7262
South Asia (WB),,2004,46068.72639,144342.8503,15171.2249,26631.96876,70050.61323,146870.6915
South Asia (WB),,2005,45509.62116,139886.5245,15556.14943,26633.25184,69400.43161,146995.546
South Asia (WB),,2006,44390.16069,134610.426,14760.61346,26157.60951,68930.82449,147892.1275
South Asia (WB),,2007,43481.10759,129656.3126,14286.65175,25841.41472,68963.25805,146708.3757
South Asia (WB),,2008,42690.12794,125376.0422,13906.30049,25617.69,68509.96489,145903.6102
South Asia (WB),,2009,41425.0919,120788.0204,13511.37443,25028.86484,67397.73547,138678.9046
South Asia (WB),,2010,40621.75562,116795.0608,13207.84519,24757.73642,67502.32146,133421.2513
South Asia (WB),,2011,39870.73881,112668.8556,12949.9152,24395.76959,67339.33596,132165.8632
South Asia (WB),,2012,38947.98773,108665.7124,12576.79515,23806.94453,66628.84785,131119.3358
South Asia (WB),,2013,38106.9443,105432.9556,11881.86946,23345.66632,65071.83834,132766.7106
South Asia (WB),,2014,37008.16469,100748.9461,11462.22972,22563.74318,64209.40392,131448.7031
South Asia (WB),,2015,36400.35144,96537.88158,11360.5946,22105.64615,65317.39911,128268.3821
South Asia (WB),,2016,35452.44102,89812.22481,10964.16474,21828.82097,64734.99461,126770.2598
South Asia (WB),,2017,34855.95358,85237.88044,10731.38515,21693.30491,63740.33083,126574.3049
South Asia (WB),,2018,34558.80208,81708.21398,10746.984,21734.11227,62873.87461,126959.6292
South Asia (WB),,2019,34176.18738,78544.85321,10630.89685,21607.09209,62237.01636,125908.4941
South Korea,KOR,1990,26293.32551,26041.90793,8300.272289,19771.58226,58274.75601,129165.3779
South Korea,KOR,1991,26025.07782,24002.68913,8152.007209,19511.93426,56791.61544,127171.4274
South Korea,KOR,1992,25570.0229,22191.00745,8096.705663,19101.83669,54599.13345,123304.6995
South Korea,KOR,1993,25277.91179,20335.39836,7882.900508,18876.88188,53196.66044,120296.6961
South Korea,KOR,1994,25190.54014,18716.99359,7668.435444,18765.91301,52446.92959,118916.5906
South Korea,KOR,1995,24893.64973,17237.87559,7389.681004,18618.51554,50898.68071,116223.6376
South Korea,KOR,1996,24550.87112,15968.16787,7049.213213,18302.23886,49603.67324,113358.4264
South Korea,KOR,1997,24221.94904,14928.10353,6813.747561,17868.11663,48344.99124,111494.6903
South Korea,KOR,1998,23998.97316,14234.80544,6508.000052,17465.48208,47548.88516,110293.9179
South Korea,KOR,1999,23635.23342,13517.32261,5892.190045,16971.55465,46628.4381,108980.4356
South Korea,KOR,2000,23418.12395,13769.12821,5685.853371,16653.80836,45623.33245,106550.0021
South Korea,KOR,2001,23088.74556,14180.51322,5554.96398,16282.12657,44360.27284,103008.2032
South Korea,KOR,2002,22962.43032,14107.57251,5451.214728,16091.38375,43146.05073,99756.01901
South Korea,KOR,2003,22895.04059,13928.96028,5311.616029,16051.90928,42205.46423,96520.32751
South Korea,KOR,2004,22647.57723,13111.58337,5200.360041,15760.3296,40958.25291,92999.47226
South Korea,KOR,2005,22423.48933,12342.67886,5143.01344,15486.98703,39350.81685,89927.55797
South Korea,KOR,2006,22231.0791,11863.03921,5082.136048,15215.56125,37948.88298,87085.21743
South Korea,KOR,2007,22237.57904,11410.84198,5009.444347,15138.24649,36855.00768,84682.68324
South Korea,KOR,2008,22272.50869,10855.52588,4985.957463,15111.11588,35842.77667,82130.85139
South Korea,KOR,2009,22359.70944,10280.98981,4990.750947,15071.86054,35010.02946,80070.87391
South Korea,KOR,2010,22422.53154,9973.678427,4932.805193,14881.38668,34220.86963,79165.05132
South Korea,KOR,2011,22377.55167,9624.232911,4875.373852,14576.56552,33284.46475,78261.28481
South Korea,KOR,2012,22369.53889,9346.304941,4789.586755,14301.24419,32389.32297,77694.68639
South Korea,KOR,2013,22305.40777,9028.104824,4682.461474,14114.53146,31587.24513,76588.78799
South Korea,KOR,2014,22281.91268,8757.06915,4588.774658,13997.51727,30959.07034,75644.70513
South Korea,KOR,2015,22225.15289,8413.572155,4500.472983,13761.40401,30331.6418,75269.02232
South Korea,KOR,2016,22218.5944,8190.956283,4461.871979,13608.19825,29839.09487,74610.05634
South Korea,KOR,2017,22530.76282,8057.036994,4451.486268,13614.51698,29808.42893,74622.01718
South Korea,KOR,2018,22860.11898,7926.776563,4488.851971,13664.86036,29753.06371,74437.71555
South Korea,KOR,2019,23224.23431,7797.940338,4505.843455,13643.33948,29805.21883,74713.56061
South Sudan,SSD,1990,100010.3017,420690.9691,19194.34984,28288.35102,87637.7147,166365.2973
South Sudan,SSD,1991,98696.84724,412178.2091,18951.58371,28341.93211,87427.0065,166288.4921
South Sudan,SSD,1992,97386.29907,403367.023,18727.77585,28451.71029,87173.18351,166187.7241
South Sudan,SSD,1993,95954.76408,393658.767,18495.30264,28604.09644,86862.33982,166054.7326
South Sudan,SSD,1994,94385.46211,382970.1317,18257.88424,28822.37579,86533.98398,165816.6466
South Sudan,SSD,1995,92847.28946,372194.9978,18029.4547,29107.40043,86256.40202,165649.7618
South Sudan,SSD,1996,91147.7621,361004.2187,17755.71606,29313.12184,85531.56465,165095.132
South Sudan,SSD,1997,96407.168,357971.061,21477.01723,38585.54475,87465.61859,166094.7417
South Sudan,SSD,1998,92702.61265,344910.3725,20060.96915,36182.5329,86138.5502,165006.2479
South Sudan,SSD,1999,88932.98295,331945.6997,18645.64719,33767.29518,84480.21234,163650.1119
South Sudan,SSD,2000,86089.24394,320140.9753,17781.53406,32621.76675,83247.02874,162568.9207
South Sudan,SSD,2001,83323.01317,309198.1853,16937.80537,31461.72277,82007.59691,161179.8528
South Sudan,SSD,2002,81624.86524,300081.1603,16667.85009,31520.94464,81335.89583,160316.9009
South Sudan,SSD,2003,80088.34486,291915.3263,16446.12998,31569.42866,80709.17846,159543.9401
South Sudan,SSD,2004,77924.38615,283458.0384,15819.31134,30692.69838,79801.76445,158324.3083
South Sudan,SSD,2005,76366.43504,276203.002,15533.86244,30470.87003,78959.00246,157077.7061
South Sudan,SSD,2006,76530.17608,275689.166,15724.60963,31024.8374,78359.39427,156138.9427
South Sudan,SSD,2007,74402.08493,266926.6824,15287.00193,30446.38856,77247.18882,154662.9952
South Sudan,SSD,2008,72588.93565,259818.6394,14915.9074,29885.59113,76205.12418,153334.8039
South Sudan,SSD,2009,72697.37141,255401.8504,15686.25107,31680.71922,75806.14769,152390.8436
South Sudan,SSD,2010,69945.44454,247938.1904,14758.49504,29739.0773,74480.29025,150807.5403
South Sudan,SSD,2011,69400.07432,242447.9917,14916.20061,31012.81936,74196.33298,149855.692
South Sudan,SSD,2012,67617.08763,238042.4371,14561.19976,29852.19776,73398.50594,148734.9069
South Sudan,SSD,2013,68410.7302,238481.4365,15637.17646,31765.92161,73370.58203,148168.1064
South Sudan,SSD,2014,67969.8424,237841.2329,15784.63234,32333.8867,73085.73693,147435.3503
South Sudan,SSD,2015,66133.96456,238592.6228,14972.67138,30787.43439,72022.44465,146572.7213
South Sudan,SSD,2016,64745.90543,237727.4079,14806.26308,30516.68431,71174.68029,145388.7172
South Sudan,SSD,2017,62289.47916,224077.3012,14787.60847,30768.24616,70661.26971,144264.1706
South Sudan,SSD,2018,59124.26052,209006.9842,14283.01427,29250.19421,69621.95849,142944.524
South Sudan,SSD,2019,56478.09876,197620.0441,13617.83165,27470.54358,68462.75563,141229.5442
South-East Asia Region (WHO),,1990,59667.92967,207633.7809,20392.8455,28975.5832,81325.73325,168999.3949
South-East Asia Region (WHO),,1991,59037.69426,201862.7161,21318.94041,29447.71282,81156.59585,169297.0879
South-East Asia Region (WHO),,1992,57077.44841,194624.6653,20229.8907,28727.35177,80480.00413,168303.0307
South-East Asia Region (WHO),,1993,55270.02338,187067.6797,19680.01339,28279.55749,79106.7509,165362.0614
South-East Asia Region (WHO),,1994,53516.24204,180340.5807,18497.78162,27925.91666,78071.83381,161361.2502
South-East Asia Region (WHO),,1995,52451.88666,176126.7417,17885.6596,27797.72999,77327.11858,159712.5477
South-East Asia Region (WHO),,1996,51159.94721,170064.2145,17264.36738,27543.7341,77002.45065,157779.4342
South-East Asia Region (WHO),,1997,50496.01866,164363.7571,17042.29128,27687.96787,78081.83691,159785.7845
South-East Asia Region (WHO),,1998,49539.38,158852.8897,16821.01024,27669.54716,77154.8023,159480.5029
South-East Asia Region (WHO),,1999,48424.37352,153065.6183,16334.3022,27883.20252,74981.3559,155953.9056
South-East Asia Region (WHO),,2000,47228.15032,146356.8112,16042.95538,27678.79104,73989.33722,155066.2158
South-East Asia Region (WHO),,2001,46149.12045,140889.4914,15846.4224,27271.4183,72803.18985,154622.3957
South-East Asia Region (WHO),,2002,44915.47007,136515.0635,14796.57865,26739.6959,71582.12057,152900.376
South-East Asia Region (WHO),,2003,43459.60297,131616.2708,14050.18985,26016.06892,69854.87762,147615.1995
South-East Asia Region (WHO),,2004,43114.41872,128437.6364,14805.06564,26468.73908,67731.12815,141843.0024
South-East Asia Region (WHO),,2005,41752.59711,123177.6814,14194.10913,25486.78279,66519.17623,141552.2074
South-East Asia Region (WHO),,2006,41013.11679,118204.4843,13761.96687,25244.99267,66222.03678,142450.4634
South-East Asia Region (WHO),,2007,40200.15659,113579.1679,13253.62408,24854.05601,66138.61345,141502.8426
South-East Asia Region (WHO),,2008,39942.81426,109802.0786,13343.08223,25046.64853,65982.9549,141124.9247
South-East Asia Region (WHO),,2009,38413.19419,104838.9537,12471.44361,24051.08855,64626.26197,134792.437
South-East Asia Region (WHO),,2010,37684.80584,100636.3482,12138.23254,23753.38905,64609.82872,130421.6468
South-East Asia Region (WHO),,2011,37061.62217,96497.6685,11896.94278,23427.3641,64387.54448,129316.1442
South-East Asia Region (WHO),,2012,36243.62432,92423.30012,11506.0949,22860.91556,63687.17073,128342.8614
South-East Asia Region (WHO),,2013,35500.96863,89002.35907,10811.4453,22421.43453,62301.50251,129607.1486
South-East Asia Region (WHO),,2014,34504.54314,84072.12038,10364.19738,21665.13495,61503.53924,128436.6251
South-East Asia Region (WHO),,2015,34009.5713,80049.12864,10245.72847,21213.58464,62348.19505,125697.1554
South-East Asia Region (WHO),,2016,33181.98829,73078.7733,9828.303696,20932.63639,61831.60634,124395.6976
South-East Asia Region (WHO),,2017,32769.24682,68750.84568,9632.710799,20863.19258,60971.1951,124126.5615
South-East Asia Region (WHO),,2018,32638.55419,65796.04524,9725.775213,20921.17725,60172.218,124287.8425
South-East Asia Region (WHO),,2019,32391.20185,62980.0484,9627.474363,20798.94915,59619.76785,123334.0666
Spain,ESP,1990,29432.53614,18749.82468,6391.497824,17985.71101,44036.85936,104632.8292
Spain,ESP,1991,29524.80251,18090.1191,6251.226361,18074.83351,43629.48904,103308.6235
Spain,ESP,1992,29345.93133,17713.24859,6082.08386,17947.21859,43076.67894,100826.1518
Spain,ESP,1993,29266.24184,16715.8086,5972.658761,17773.05206,42606.67195,99367.05404
Spain,ESP,1994,29235.84641,15472.78487,5893.405798,17728.50061,42024.70301,97875.40702
Spain,ESP,1995,29372.87937,14564.09577,5802.793038,17751.17321,41698.37036,97180.26662
Spain,ESP,1996,29430.37373,14361.64957,5756.129587,17549.68479,41346.85341,96621.04613
Spain,ESP,1997,28960.81335,13659.08198,5660.191356,16927.51963,40361.67637,95025.64495
Spain,ESP,1998,28923.51348,13113.01265,5620.177666,16567.21475,39952.14353,95215.69371
Spain,ESP,1999,29040.16367,12780.86536,5565.736548,16479.85755,39757.68078,94970.08564
Spain,ESP,2000,28647.56262,12493.71766,5523.058473,16347.55626,38881.74581,92291.50614
Spain,ESP,2001,28394.80822,12030.40217,5460.316168,16201.55615,38360.509,90647.62335
Spain,ESP,2002,28273.39492,12026.1316,5444.172738,16093.59906,37824.25951,90201.61602
Spain,ESP,2003,28231.61643,11886.05538,5420.070272,16027.45647,37410.63164,90083.77327
Spain,ESP,2004,27862.93644,11587.74725,5384.719899,15854.95018,36750.89435,88354.06763
Spain,ESP,2005,27565.94559,11128.72697,5297.962884,15600.04914,36303.74298,87557.76648
Spain,ESP,2006,27167.90867,10674.93919,5269.725128,15398.13325,35846.73641,85635.97538
Spain,ESP,2007,27009.17662,10515.30669,5262.815437,15259.14274,35505.14663,84940.84073
Spain,ESP,2008,26773.1883,10207.89193,5249.498216,15083.2375,35076.69886,84220.38394
Spain,ESP,2009,26408.83958,9688.043991,5162.979808,14803.19247,34629.51616,83247.64027
Spain,ESP,2010,26152.27242,9333.822282,5137.397688,14598.37841,34250.77892,82650.18274
Spain,ESP,2011,26163.20753,9009.877705,5126.768922,14494.9163,33962.02994,82192.21695
Spain,ESP,2012,26186.38104,8588.49371,5099.366563,14404.34458,33734.90437,82295.24359
Spain,ESP,2013,26087.75141,8093.859505,5038.778739,14298.72577,33466.94152,81236.63777
Spain,ESP,2014,26221.8987,8229.240776,5008.396237,14235.8021,33252.06579,80956.06869
Spain,ESP,2015,26553.42624,7991.627437,4984.816911,14214.50452,33267.14028,81675.53641
Spain,ESP,2016,26633.79402,8010.521028,4975.222332,14192.13506,33061.23872,80742.3874
Spain,ESP,2017,26874.03985,7814.696381,4988.519443,14272.1136,33044.81704,80531.61212
Spain,ESP,2018,27159.30893,7622.57136,5044.692826,14477.28001,32561.28146,80896.19685
Spain,ESP,2019,27491.88524,7452.119498,5075.407564,14647.76125,32391.46854,80906.05304
Sri Lanka,LKA,1990,32331.00908,52910.11288,11311.95618,26530.07717,56080.35214,133998.0618
Sri Lanka,LKA,1991,31412.14344,49831.43938,11165.71245,26169.29933,53696.05601,127903.6006
Sri Lanka,LKA,1992,30374.29064,48742.77963,10436.43279,24695.6104,53705.10904,125381.8013
Sri Lanka,LKA,1993,28237.38024,40897.71726,9026.197406,22726.63344,54095.48417,119396.1238
Sri Lanka,LKA,1994,28426.07267,40889.83882,8721.76844,22651.72735,55046.49379,118924.0944
Sri Lanka,LKA,1995,31075.88674,41794.7864,9797.910637,26057.37448,56826.61252,120560.6056
Sri Lanka,LKA,1996,31412.65718,43364.86406,9690.579194,26053.01418,56564.83409,121172.4285
Sri Lanka,LKA,1997,31814.82661,41933.79638,9408.587429,26063.65375,58449.7422,125688.7162
Sri Lanka,LKA,1998,30862.16205,36741.0189,9274.153252,25306.09776,56825.47331,124016.0659
Sri Lanka,LKA,1999,30093.28124,34098.85613,8635.750947,24156.19633,56447.94829,125202.7088
Sri Lanka,LKA,2000,30632.39693,34673.93361,8733.604213,24603.92017,56240.96806,125538.6764
Sri Lanka,LKA,2001,28895.32104,32777.4011,8069.078564,22442.84615,53566.28312,122027.4914
Sri Lanka,LKA,2002,27589.88435,29615.37766,7476.879794,20808.66407,51908.21896,121263.5631
Sri Lanka,LKA,2003,27656.40395,28929.30245,7522.505593,20462.8291,51835.32996,123020.5868
Sri Lanka,LKA,2004,37128.90624,40418.48995,18959.23355,29679.94452,58318.48377,128807.6996
Sri Lanka,LKA,2005,28377.54312,37136.25573,8378.129122,19677.67856,50797.47574,122494.9123
Sri Lanka,LKA,2006,28042.88407,27555.37997,7644.96294,20710.20387,49911.2435,123302.8664
Sri Lanka,LKA,2007,27444.94684,24065.68994,7238.117972,20271.7539,49009.45618,122298.8714
Sri Lanka,LKA,2008,29252.7786,26638.60646,8318.089311,22298.44602,49543.94837,123123.5591
Sri Lanka,LKA,2009,29479.01454,28807.32206,8864.645916,22148.06789,48925.34445,121244.3707
Sri Lanka,LKA,2010,28411.07029,26943.66471,8128.812893,20621.39609,48486.70499,118683.7041
Sri Lanka,LKA,2011,26230.90644,22841.44454,6479.079872,17515.29524,47862.48548,117845.6567
Sri Lanka,LKA,2012,25990.27743,21692.98488,6033.17254,17090.44508,47678.01529,117108.6756
Sri Lanka,LKA,2013,25679.98797,21189.6828,5942.009102,16719.79621,46630.83358,114914.6211
Sri Lanka,LKA,2014,25834.11487,20712.76689,5953.969962,16730.8216,46510.57643,113822.866
Sri Lanka,LKA,2015,25694.2494,18935.25136,5894.388389,16952.86409,45502.74191,110257.4961
Sri Lanka,LKA,2016,25838.09542,18096.85325,5940.732216,17097.01269,45149.13058,108440.6822
Sri Lanka,LKA,2017,26011.87888,17838.98975,6137.448901,17161.35281,44830.22893,106873.1215
Sri Lanka,LKA,2018,25907.44727,16599.97012,5909.251154,17339.23747,43832.09953,103422.1054
Sri Lanka,LKA,2019,26179.60107,16121.98952,5911.999948,17412.68899,43703.60327,102525.8069
Sub-Saharan Africa (WB),,1990,99728.61917,369649.6632,20268.99994,36896.52971,92024.90183,160612.9511
Sub-Saharan Africa (WB),,1991,98691.02447,365829.6837,19733.97707,37082.20341,92279.05322,160398.8794
Sub-Saharan Africa (WB),,1992,97620.39108,359560.1336,19378.1018,37996.75027,92764.08349,160457.7039
Sub-Saharan Africa (WB),,1993,96992.47179,354624.5121,19275.84308,39090.35688,93224.80075,160303.0799
Sub-Saharan Africa (WB),,1994,102429.5755,358354.1341,22876.09646,47054.66972,97605.87486,163155.4495
Sub-Saharan Africa (WB),,1995,95848.15038,343621.1052,19101.19923,41464.55569,95660.65035,161469.4658
Sub-Saharan Africa (WB),,1996,95673.39596,338514.7995,19381.81528,43015.09242,97122.74774,162533.4407
Sub-Saharan Africa (WB),,1997,94829.81009,330764.2784,19346.65053,44321.19853,98308.00127,163396.8545
Sub-Saharan Africa (WB),,1998,93985.60401,324038.486,19305.63111,45323.93703,98935.43266,163480.1732
Sub-Saharan Africa (WB),,1999,93158.55376,317417.5807,19438.82263,46378.98222,98841.96403,162718.29
Sub-Saharan Africa (WB),,2000,91759.00708,309381.237,19292.58182,46841.93027,98851.63062,162464.5653
Sub-Saharan Africa (WB),,2001,89515.30411,300374.5443,18775.75419,46181.04776,97828.14261,161270.7287
Sub-Saharan Africa (WB),,2002,87735.1948,291171.3986,18640.14371,46286.45556,97057.46017,160184.3731
Sub-Saharan Africa (WB),,2003,85768.14306,281938.8085,18440.6948,45995.94985,96313.45155,159059.3239
Sub-Saharan Africa (WB),,2004,83343.06798,271621.6848,18147.81247,45265.57195,95065.56657,157335.4922
Sub-Saharan Africa (WB),,2005,80514.81932,261241.8263,17726.2244,43862.82374,93226.76817,155518.4676
Sub-Saharan Africa (WB),,2006,77585.40141,250873.8454,17305.67451,42254.43138,91365.91369,154154.4344
Sub-Saharan Africa (WB),,2007,74473.05855,240536.2645,16896.30076,40369.00005,89047.50878,152401.7888
Sub-Saharan Africa (WB),,2008,71437.7429,230471.915,16501.8582,38574.12795,86826.0721,150768.0038
Sub-Saharan Africa (WB),,2009,68683.95995,221373.2917,16140.28776,37024.99783,84814.13664,149397.9087
Sub-Saharan Africa (WB),,2010,65957.54677,212610.9536,15704.41665,35490.07528,82934.40098,148104.285
Sub-Saharan Africa (WB),,2011,63326.37394,203929.5334,15321.51743,34138.80355,81126.19406,146585.8668
Sub-Saharan Africa (WB),,2012,60678.08931,195230.0326,14927.61727,32756.65933,79456.99573,144961.3204
Sub-Saharan Africa (WB),,2013,58418.6278,187686.4852,14639.74009,31704.79592,77920.40891,143453.5569
Sub-Saharan Africa (WB),,2014,56426.33689,180520.1472,14408.31842,30957.70695,76836.75817,142159.3121
Sub-Saharan Africa (WB),,2015,54315.70841,173379.6748,14073.16124,29992.66213,75623.70834,141215.1043
Sub-Saharan Africa (WB),,2016,52347.3975,166329.2283,13791.28383,29217.10468,74473.03811,139892.405
Sub-Saharan Africa (WB),,2017,50372.02397,158571.5505,13529.14876,28573.2744,73351.49691,138663.404
Sub-Saharan Africa (WB),,2018,48380.54977,151219.0817,13156.85707,27808.72541,71840.51488,137029.7524
Sub-Saharan Africa (WB),,2019,46760.03093,145253.675,12795.08657,27142.31424,70743.86493,135784.8645
Sudan,SDN,1990,90701.40513,350545.1879,16711.82622,28085.86339,76453.05293,152516.9772
Sudan,SDN,1991,86993.81835,332787.9435,15886.70809,27384.37344,75538.42682,151742.6593
Sudan,SDN,1992,84124.44796,319981.6408,15460.99927,26888.82706,74680.50978,150986.4474
Sudan,SDN,1993,81888.8631,307749.5974,15097.58807,27700.80233,74119.84752,150294.2679
Sudan,SDN,1994,78141.92461,296540.7369,14431.99155,25076.47089,72848.32933,149601.1585
Sudan,SDN,1995,75862.70875,285954.7789,14270.29685,25042.65188,72178.57468,149215.8035
Sudan,SDN,1996,73852.82752,275153.4405,14276.33229,25407.61796,71647.6057,148935.6742
Sudan,SDN,1997,71627.78046,261985.9454,14358.18324,26090.47182,71080.44208,148526.6277
Sudan,SDN,1998,69998.70358,253719.2899,14382.52917,26216.06493,70544.95835,148219.7222
Sudan,SDN,1999,66270.17324,240288.9844,13460.71159,24549.70642,69256.6472,147110.4844
Sudan,SDN,2000,63925.45434,228532.8011,13341.01732,24730.35081,68604.5616,146316.5772
Sudan,SDN,2001,61690.41581,218938.9259,13124.151,24464.489,67706.43711,145400.8698
Sudan,SDN,2002,60331.81172,211190.4043,13325.95713,25139.54514,67188.99702,144742.4482
Sudan,SDN,2003,58604.85486,202198.9901,13365.26241,25519.40927,66541.19227,143893.5021
Sudan,SDN,2004,57495.02024,193649.3613,13775.84841,26664.72029,66144.98766,143147.5293
Sudan,SDN,2005,52918.57115,181182.2367,12075.2503,23208.28793,64338.50544,141446.4671
Sudan,SDN,2006,51134.12427,173134.5547,11957.76613,22995.45967,63484.2898,140278.4721
Sudan,SDN,2007,48833.04564,162927.1576,11665.1319,22587.02591,62599.56119,138971.8289
Sudan,SDN,2008,46643.34169,153476.5172,11379.01491,22205.2184,61701.52594,137763.2396
Sudan,SDN,2009,45322.79807,146886.9237,11256.87999,22590.88841,61154.95711,136776.9803
Sudan,SDN,2010,43465.70195,140862.5024,10990.0726,21817.28676,60330.08174,135711.0838
Sudan,SDN,2011,42421.25208,134976.7544,11074.70235,22402.35058,59913.55503,134872.567
Sudan,SDN,2012,40366.03325,128613.4963,10652.33348,21315.82948,59184.869,133981.9639
Sudan,SDN,2013,39089.81898,122361.5859,10499.80059,21513.52995,58740.84132,133163.0619
Sudan,SDN,2014,37561.23547,116108.0743,10304.17738,21116.28101,58113.97051,132344.0603
Sudan,SDN,2015,36227.30679,109644.7088,10179.22664,20990.58624,57576.95732,131873.6433
Sudan,SDN,2016,34831.73996,103293.27,10024.0666,20617.21362,57076.6471,131406.7728
Sudan,SDN,2017,33443.5303,97734.39437,9665.520229,20046.47396,56525.61867,131129.401
Sudan,SDN,2018,32231.8978,91072.03758,9516.265148,19902.49096,56101.884,131063.7134
Sudan,SDN,2019,31122.42658,86122.87547,9194.249047,19463.55713,55684.07338,130921.1191
Suriname,SUR,1990,37317.57212,102869.9052,10120.90863,23910.84012,61234.50289,117795.3919
Suriname,SUR,1991,37323.46631,101180.3229,9827.28484,24296.73046,62873.91308,119322.345
Suriname,SUR,1992,37510.50349,98656.96351,9969.130592,25055.97156,64358.52705,118728.2388
Suriname,SUR,1993,38593.01431,97515.00678,9750.268003,26605.987,67929.40906,121822.6432
Suriname,SUR,1994,37278.02251,96543.71909,9134.52635,25908.02479,65069.89551,113377.6014
Suriname,SUR,1995,34665.40273,94795.40506,9066.414284,23862.05728,58022.27223,100584.5761
Suriname,SUR,1996,34044.28901,94179.77676,9338.36702,23175.5941,56446.79423,98443.05479
Suriname,SUR,1997,33943.60597,92866.77261,9446.554901,22994.11105,56881.57731,98314.45359
Suriname,SUR,1998,34652.2689,91069.34626,9268.155237,23746.10898,59219.20957,102724.134
Suriname,SUR,1999,35367.3848,89149.21595,9187.891864,24650.05577,61153.36388,106283.5776
Suriname,SUR,2000,35638.78841,86554.5035,9001.803993,25098.15682,62434.60748,110528.898
Suriname,SUR,2001,35665.81197,84579.97378,9065.151565,25213.3711,62729.49337,114262.0885
Suriname,SUR,2002,35473.53838,82111.32311,9042.068464,25163.60036,63670.1838,115163.7085
Suriname,SUR,2003,35059.33381,79826.19579,9024.711669,25099.06601,63379.6793,113812.8396
Suriname,SUR,2004,34636.42402,78356.69573,9110.458647,25015.47755,61833.61764,113102.8445
Suriname,SUR,2005,33943.6988,77384.8398,8978.836532,24620.51165,59338.61177,111175.611
Suriname,SUR,2006,33432.87516,75890.41172,8741.694468,24491.12715,57250.76545,108700.3399
Suriname,SUR,2007,33204.9587,74126.59498,8484.365313,24603.13302,55742.17867,107004.8222
Suriname,SUR,2008,33317.41444,72100.80139,8514.294615,24852.77581,55251.11664,106804.3032
Suriname,SUR,2009,32931.51617,69631.42202,8412.101314,24319.65687,55001.86209,104998.8071
Suriname,SUR,2010,32849.32633,66687.27113,8232.385685,24320.21164,55210.60175,103065.4029
Suriname,SUR,2011,32340.24434,63435.31538,7931.716574,23981.31687,54012.57572,101125.8543
Suriname,SUR,2012,32018.12493,60728.11298,8015.969962,23470.64776,53284.30483,100945.6819
Suriname,SUR,2013,32328.30682,59321.3866,8079.809173,23096.68957,54734.22223,103167.4611
Suriname,SUR,2014,32798.29399,57581.23495,8085.809487,23073.31278,56206.41138,105368.188
Suriname,SUR,2015,33374.37742,55590.95801,8213.599344,23670.62641,56718.76787,106490.7643
Suriname,SUR,2016,33618.74375,53707.56802,8249.729577,23887.12792,56815.30773,106748.9381
Suriname,SUR,2017,33754.63268,52062.62636,8129.826059,23821.29016,57207.30228,106998.8905
Suriname,SUR,2018,33849.39578,50861.84268,8076.234742,23776.44037,57225.04198,106773.967
Suriname,SUR,2019,33898.74146,49916.15753,8049.629745,23819.15422,56794.74395,106081.3618
Sweden,SWE,1990,32088.20382,15375.27207,5424.043392,16747.37949,44084.85129,104443.9582
Sweden,SWE,1991,31919.03176,14803.97884,5316.931481,16696.28488,43726.04846,103740.456
Sweden,SWE,1992,31461.56123,13233.30411,5283.386279,16469.81845,42709.47717,103090.0149
Sweden,SWE,1993,31160.0359,11990.95138,5269.14494,16353.83901,41666.00649,102953.2952
Sweden,SWE,1994,30683.50166,10914.57786,5130.796577,16398.24649,40693.80153,100628.7535
Sweden,SWE,1995,30303.45576,9854.066314,4993.787087,16022.34634,39741.5014,100412.1618
Sweden,SWE,1996,30104.41925,9427.268745,4977.030425,15783.67556,39017.83436,100316.8901
Sweden,SWE,1997,29884.02158,9130.167952,4997.927724,15596.34041,38310.98106,99847.27012
Sweden,SWE,1998,29810.43347,9126.602849,5086.210613,15538.05701,37732.19745,99590.47614
Sweden,SWE,1999,29710.52875,9104.796181,5081.385421,15438.32486,37202.71412,99569.96417
Sweden,SWE,2000,29506.93035,9252.835892,5017.915167,15313.48455,36715.16683,98777.81896
Sweden,SWE,2001,29401.27374,9656.703338,4976.736226,15210.55232,36480.81071,98295.62301
Sweden,SWE,2002,29265.08166,9471.899249,4944.551361,15079.53926,36165.67815,98124.35605
Sweden,SWE,2003,29027.94359,9313.710014,5062.303591,15025.47148,35841.41362,96948.99053
Sweden,SWE,2004,28879.86825,9050.906186,5227.611391,14986.66001,35862.44421,95767.20283
Sweden,SWE,2005,28534.13174,8384.652278,5126.021826,14741.39304,35598.21231,94609.20319
Sweden,SWE,2006,28392.27722,8415.290151,5014.902101,14624.52192,35389.03016,94111.49482
Sweden,SWE,2007,28210.76604,7987.431173,4906.695103,14613.57185,35150.2976,93229.82879
Sweden,SWE,2008,27973.20344,7787.318648,4873.338278,14544.95919,34941.64901,91857.38719
Sweden,SWE,2009,27814.40624,7969.946547,4862.377241,14461.45513,34767.41203,90850.72816
Sweden,SWE,2010,27591.30167,7796.720425,4762.575664,14367.52088,34502.9761,89975.9211
Sweden,SWE,2011,27467.73533,7317.22199,4731.825273,14370.18271,34337.11636,89311.23295
Sweden,SWE,2012,27357.02199,7678.370031,4729.307571,14373.41546,34062.56533,88092.06173
Sweden,SWE,2013,27230.36433,7705.30346,4696.391815,14406.58891,33906.18263,86245.01442
Sweden,SWE,2014,27032.559,7266.076001,4683.300059,14401.14383,33493.36245,84354.36682
Sweden,SWE,2015,26974.83066,7458.175101,4723.682474,14374.82318,33035.06799,83361.21131
Sweden,SWE,2016,26902.67701,7505.222852,4751.650083,14335.60938,32513.88942,82550.75934
Sweden,SWE,2017,26866.38594,7237.442874,4744.061833,14304.6735,32163.49582,81945.11964
Sweden,SWE,2018,26891.64241,6996.35222,4737.559165,14265.6422,32024.66997,81569.54649
Sweden,SWE,2019,26888.11582,6878.383231,4776.554506,14265.46728,31961.54976,80899.14878
Switzerland,CHE,1990,30964.68863,18100.11654,5805.692247,19075.76709,43484.38621,102513.8356
Switzerland,CHE,1991,30875.9004,17259.11555,5845.989211,19259.74159,43096.83286,101001.9875
Switzerland,CHE,1992,30534.18537,16518.48559,5832.863117,19231.08718,42245.94257,99021.14835
Switzerland,CHE,1993,30145.29767,15167.78343,5830.328017,19134.83064,41260.51625,97411.31444
Switzerland,CHE,1994,29879.32947,14330.96595,5791.810889,19046.78501,40532.06036,96161.83715
Switzerland,CHE,1995,30111.09958,13807.12069,5666.290003,18958.76643,40731.92355,97738.19286
Switzerland,CHE,1996,29552.94863,13450.57272,5552.782143,18425.35109,39615.05569,96526.32535
Switzerland,CHE,1997,29223.78431,13303.80771,5483.315279,18044.43344,39113.65795,95461.17692
Switzerland,CHE,1998,28916.83996,12916.24728,5461.813742,17722.98325,38572.66587,94394.50528
Switzerland,CHE,1999,28636.66143,12856.06331,5481.919201,17466.01569,38032.1728,93110.53346
Switzerland,CHE,2000,28500.60717,12748.11905,5457.30923,17356.81959,37847.82161,91730.10265
Switzerland,CHE,2001,28139.77191,12548.86106,5355.218065,17197.55953,37127.38541,89889.19145
Switzerland,CHE,2002,27891.88511,11949.85792,5285.494511,16945.53103,36532.06606,89289.14562
Switzerland,CHE,2003,27680.93112,11574.965,5291.870297,16645.20663,36206.53541,88584.94787
Switzerland,CHE,2004,27301.03708,11623.01335,5308.04378,16422.89632,35538.7209,86487.16311
Switzerland,CHE,2005,27073.86082,11366.41678,5301.992357,16250.30681,35015.82407,85337.6204
Switzerland,CHE,2006,26895.64441,11308.67917,5257.271621,16035.3368,34730.61099,84277.52445
Switzerland,CHE,2007,26753.74443,10845.63649,5175.897433,15845.15937,34624.67196,83362.37405
Switzerland,CHE,2008,26616.65192,10720.85185,5145.053372,15740.64983,34235.46754,82520.83337
Switzerland,CHE,2009,26595.24294,10859.59935,5136.25478,15651.50431,33985.59301,82194.16655
Switzerland,CHE,2010,26412.01354,10359.02518,5072.523991,15492.45219,33656.28231,81261.21924
Switzerland,CHE,2011,26232.0021,10147.78488,5065.085773,15348.44718,33249.35061,80098.38158
Switzerland,CHE,2012,26208.19516,9896.464651,4987.611704,15202.36165,33027.06896,79796.99377
Switzerland,CHE,2013,26137.74974,10065.68238,4923.110661,15066.63891,32628.66833,79178.23605
Switzerland,CHE,2014,25973.60206,10030.41539,4887.273617,14885.82796,32112.02,78248.23106
Switzerland,CHE,2015,25918.00251,10114.06636,4910.641585,14758.09971,31621.75984,77944.22004
Switzerland,CHE,2016,25796.83139,9539.826127,4883.532879,14704.28539,31320.25642,76769.4367
Switzerland,CHE,2017,25791.94344,9257.700465,4872.696978,14680.28359,31197.78502,76008.63222
Switzerland,CHE,2018,25733.50346,8990.331161,4895.389331,14594.41333,30727.90819,75740.7875
Switzerland,CHE,2019,25581.33717,8772.251225,4906.99712,14347.08508,30201.29269,75559.76626
Syria,SYR,1990,37058.96803,102080.3297,11386.41031,19623.25174,61254.7604,136089.0237
Syria,SYR,1991,35865.74279,96838.25539,11278.1863,19416.20424,62433.84144,138246.6383
Syria,SYR,1992,34756.58752,90454.75659,11186.10347,19490.3454,64688.76988,142158.3085
Syria,SYR,1993,32922.32907,84306.51665,10954.91011,18786.69454,62772.86304,138967.6988
Syria,SYR,1994,31599.87927,78251.65706,11065.56149,18381.06701,62787.12468,139944.9268
Syria,SYR,1995,30321.22164,71927.13794,11210.79079,18031.00053,62807.25611,141342.1651
Syria,SYR,1996,28907.46203,65191.32491,11004.64425,17828.36224,62234.55528,140297.9296
Syria,SYR,1997,27707.59725,58981.44601,10925.47415,17618.77188,62133.18922,140230.9838
Syria,SYR,1998,26769.80764,53148.48805,10927.85461,17441.14193,63151.3896,142693.1476
Syria,SYR,1999,25445.34854,47291.20723,10443.91248,17232.74189,61671.0337,140035.3958
Syria,SYR,2000,24025.00567,41337.58081,9809.317812,17011.61644,59154.20635,136003.2926
Syria,SYR,2001,22797.7435,37379.19058,9453.521071,16501.2893,55935.60054,129890.6996
Syria,SYR,2002,22066.39306,34086.65162,9225.007294,16263.45055,54910.57878,127583.4132
Syria,SYR,2003,20395.82239,28075.6137,8247.531621,15771.26785,52347.80731,119667.6945
Syria,SYR,2004,19924.81488,26459.84833,7876.141026,15716.06678,51047.49961,116815.6186
Syria,SYR,2005,19587.80952,26022.05707,7920.848793,15482.25093,49678.41046,114835.8939
Syria,SYR,2006,19741.85481,26638.23486,8085.038182,15677.39271,48958.02016,114309.7425
Syria,SYR,2007,19552.73056,26437.06171,7798.032301,15419.81918,48442.69193,115158.6351
Syria,SYR,2008,19992.06075,28897.52702,7709.320131,15363.43878,48933.33436,117243.7105
Syria,SYR,2009,19775.82885,28045.60827,7652.540703,15207.67743,48011.73694,116510.0778
Syria,SYR,2010,20043.9455,28509.51164,7788.443516,15299.1427,47523.68863,117437.0943
Syria,SYR,2011,25051.73221,36740.25103,10648.2155,20823.2387,48772.97533,119165.2593
Syria,SYR,2012,42729.04887,61855.44046,22082.14549,42320.81443,54655.67411,122493.5834
Syria,SYR,2013,41448.258,61018.04958,21623.43182,39818.68115,54261.02071,122608.6615
Syria,SYR,2014,45824.10083,71080.84624,21400.91877,38891.43462,71035.18827,171743.9594
Syria,SYR,2015,41852.01351,63344.78045,18754.46669,33654.60269,68703.74072,167139.4425
Syria,SYR,2016,47611.72911,63847.83059,27335.14312,46351.2721,57181.94236,125156.0559
Syria,SYR,2017,38992.24277,48641.18011,20237.11294,35142.75327,54061.48664,122955.196
Syria,SYR,2018,27842.39689,32000.70728,9585.600672,18566.53245,54500.63021,133645.778
Syria,SYR,2019,27088.58348,28627.8906,9305.339978,18125.01009,52506.88631,127356.1536
Taiwan,TWN,1990,23465.40239,17448.14987,6446.138518,17303.80874,50961.53185,113735.5617
Taiwan,TWN,1991,23306.82799,16465.14425,6267.87867,17096.70069,50176.07701,110916.8916
Taiwan,TWN,1992,23420.51699,16284.43985,6210.493899,17063.92692,49860.82933,109615.5332
Taiwan,TWN,1993,23508.92017,15690.20832,6169.278504,17165.77538,49548.33399,107230.3201
Taiwan,TWN,1994,23767.54158,15748.21326,6034.948111,17272.38776,49709.51281,105809.1402
Taiwan,TWN,1995,24123.92576,17762.07357,5987.197196,17280.25492,49809.32686,105472.6773
Taiwan,TWN,1996,24356.63469,18291.50126,5809.397775,17327.47601,49957.76758,104645.2868
Taiwan,TWN,1997,24002.17147,17613.8235,5600.161459,17068.58961,48530.2958,101087.4875
Taiwan,TWN,1998,23910.18735,16235.79524,5447.602374,16948.97312,47728.39808,99835.71545
Taiwan,TWN,1999,24228.58935,16556.20739,5865.329916,17226.0314,46521.26385,98026.54319
Taiwan,TWN,2000,23898.2224,15952.71452,5123.776042,16763.55729,45372.7483,97006.01277
Taiwan,TWN,2001,23852.36181,14781.77754,5012.420636,16652.85435,44238.75865,96158.54486
Taiwan,TWN,2002,23561.15782,13862.18775,4866.277779,16346.04019,42619.83631,94473.34201
Taiwan,TWN,2003,23690.70503,12663.37209,4852.912665,16361.00743,41879.82246,94146.89549
Taiwan,TWN,2004,24110.05428,12881.40256,4823.71792,16610.47098,41346.57469,93970.9092
Taiwan,TWN,2005,24538.05272,12692.52653,4785.5419,16878.988,41003.82462,93808.58442
Taiwan,TWN,2006,24381.62117,12250.59056,4713.418472,16688.50743,39940.30335,91350.10957
Taiwan,TWN,2007,24343.61469,12272.06259,4643.273773,16382.42895,39138.04962,90589.99003
Taiwan,TWN,2008,24434.55455,12260.10661,4636.763246,16184.5246,38540.72915,90078.03763
Taiwan,TWN,2009,24477.41069,11152.86553,4794.137394,16029.35495,37921.03057,88415.16288
Taiwan,TWN,2010,24488.16838,10539.7488,4635.660872,15763.70914,37308.18375,87452.17669
Taiwan,TWN,2011,25233.17402,12412.59561,4661.514067,15961.14804,37706.47505,88752.02346
Taiwan,TWN,2012,25276.31964,12069.25066,4680.955087,15761.06949,37202.9918,87909.14262
Taiwan,TWN,2013,25178.525,10587.5442,4669.067826,15428.18965,36864.74712,86633.61981
Taiwan,TWN,2014,25723.61806,10528.75516,4589.683826,15445.02258,37355.02644,87667.51854
Taiwan,TWN,2015,25729.41148,10846.148,4430.232989,15230.56971,36975.43961,86873.96896
Taiwan,TWN,2016,26314.47642,10331.25066,4402.972935,15346.33949,37669.14374,88089.87064
Taiwan,TWN,2017,26613.68847,9978.026178,4390.726637,15375.52008,37775.94248,87767.45471
Taiwan,TWN,2018,26931.86021,9752.31147,4454.289151,15449.1525,37803.7227,87019.31845
Taiwan,TWN,2019,27137.1935,9579.069872,4410.627886,15285.49895,37594.77332,86285.96143
Tajikistan,TJK,1990,49028.79881,164880.568,10138.05463,19247.44924,63455.51588,115591.1419
Tajikistan,TJK,1991,47787.48422,157494.9347,9744.911251,19711.82968,65593.8336,117124.3181
Tajikistan,TJK,1992,54431.51154,162157.7205,14300.87517,29607.38542,71514.56295,125185.9067
Tajikistan,TJK,1993,66799.03609,175067.1501,22375.03444,47624.3644,75031.77352,135732.6577
Tajikistan,TJK,1994,49315.50631,150717.5038,12584.43135,25615.14728,72412.11519,139708.3536
Tajikistan,TJK,1995,47866.51935,147776.4844,12979.91587,25218.35767,73365.68703,129781.6079
Tajikistan,TJK,1996,48974.60302,147580.9543,14463.63027,28481.88325,73849.07028,125427.5866
Tajikistan,TJK,1997,44401.34767,140669.3791,12578.80514,23677.621,70573.33467,129516.9642
Tajikistan,TJK,1998,43163.50087,136455.6638,12516.65298,23221.56056,69563.19519,138245.4626
Tajikistan,TJK,1999,40678.73707,130673.7679,11473.65401,21324.50696,68845.29814,140450.4706
Tajikistan,TJK,2000,39178.81147,126075.4376,11062.23446,20737.24419,68257.44609,142907.1922
Tajikistan,TJK,2001,37909.15794,121389.6452,10859.95069,20099.82934,68058.49073,145993.0323
Tajikistan,TJK,2002,36496.52784,116371.2832,10500.78568,19266.74118,68037.79494,149598.046
Tajikistan,TJK,2003,35152.42878,111640.792,10046.64777,18465.48943,66939.82551,152265.9759
Tajikistan,TJK,2004,34182.61448,107718.802,9546.238277,18129.11685,65884.58452,156373.214
Tajikistan,TJK,2005,33595.24514,103402.6306,9224.64991,18151.50666,66438.42153,161055.6424
Tajikistan,TJK,2006,33096.93471,100232.3645,8978.989764,17994.69544,66017.75651,163354.4495
Tajikistan,TJK,2007,32583.30008,96377.57304,8713.729264,17854.55981,65098.00288,166448.1458
Tajikistan,TJK,2008,32061.55691,92840.55056,8460.210308,17700.31347,63452.39929,168593.3714
Tajikistan,TJK,2009,31685.21174,89794.01408,8306.625156,17672.5693,61537.89907,169329.9841
Tajikistan,TJK,2010,31527.61114,86350.89041,8118.443362,17745.97846,60353.61922,175954.9309
Tajikistan,TJK,2011,31117.7745,83134.02069,7893.12985,17500.33781,59299.64903,178383.8982
Tajikistan,TJK,2012,30760.92838,80712.46387,7675.935443,17429.32727,58215.13265,179564.0282
Tajikistan,TJK,2013,30230.77729,78423.52643,7311.588114,17246.32868,57188.93055,178823.1698
Tajikistan,TJK,2014,30102.59495,76826.40746,7283.142049,17208.44366,57463.83812,183704.4812
Tajikistan,TJK,2015,29906.71325,74235.23535,7451.680103,17223.31339,57910.96602,188770.9968
Tajikistan,TJK,2016,29798.33035,71687.68938,7601.894726,17357.14753,58866.20666,193545.6106
Tajikistan,TJK,2017,29407.97503,68864.15786,7551.562675,17409.6431,59192.06673,190966.6489
Tajikistan,TJK,2018,28720.39515,65524.93164,7425.466382,17460.31079,58682.59621,178498.6018
Tajikistan,TJK,2019,28280.64044,62893.44227,7398.321516,17513.70722,58512.38404,170781.1279
Tanzania,TZA,1990,94960.51284,337745.185,17711.18776,38735.13092,87223.85166,157331.9064
Tanzania,TZA,1991,95310.50953,332950.5736,17474.85815,41617.89589,89141.35231,157548.836
Tanzania,TZA,1992,96186.98729,330492.8904,17385.72287,44539.96497,91411.69237,158016.948
Tanzania,TZA,1993,95955.76992,322554.6961,17285.57935,47293.88878,93680.79146,158367.0885
Tanzania,TZA,1994,96157.40497,317075.0269,17342.31582,49831.39157,95984.9268,158910.8272
Tanzania,TZA,1995,95843.05759,310318.3655,17360.74723,51872.45921,97697.93064,158999.4749
Tanzania,TZA,1996,95183.64297,302373.802,17402.55891,53643.92665,99031.45982,158824.6872
Tanzania,TZA,1997,94627.15112,297395.7409,17375.00099,54524.45458,99721.41646,158498.1444
Tanzania,TZA,1998,93288.01361,288569.9308,17397.73671,55230.36151,100324.6523,158164.3571
Tanzania,TZA,1999,90878.08069,276408.9836,17147.73642,55262.83686,99960.79813,157016.3112
Tanzania,TZA,2000,88225.46563,264316.3642,16864.50875,54800.16929,99233.66312,155366.4521
Tanzania,TZA,2001,85284.16,252144.6181,16515.44854,53790.40469,97619.09607,153107.9054
Tanzania,TZA,2002,82355.20114,240091.8828,16207.75186,52776.84185,95860.49062,151019.6579
Tanzania,TZA,2003,79286.93753,227910.795,15891.53521,51554.2682,94117.70144,148980.741
Tanzania,TZA,2004,76511.69685,216982.8848,15648.82138,50443.26639,92618.94977,147474.1356
Tanzania,TZA,2005,73872.70415,207228.2809,15479.03617,49161.96852,91109.79939,146099.313
Tanzania,TZA,2006,70985.22792,198919.7889,15283.35219,46883.83161,89077.50996,144764.7149
Tanzania,TZA,2007,67480.63149,191067.5992,15162.73927,43271.63058,85629.5434,143097.3212
Tanzania,TZA,2008,64393.65604,183821.6793,14958.78707,40355.13338,82143.37949,141562.4289
Tanzania,TZA,2009,61922.79682,176387.8782,14447.20023,38832.00474,79834.14835,140321.2929
Tanzania,TZA,2010,59369.82985,168284.393,13942.03405,37299.71935,77988.87528,139094.4747
Tanzania,TZA,2011,57099.86379,160734.8452,13524.22234,36055.1311,76450.26456,137957.9069
Tanzania,TZA,2012,54437.48297,154106.1099,13341.61469,33553.14329,74255.93439,137220.75
Tanzania,TZA,2013,51744.22178,148253.9841,13225.57048,30763.70176,71595.22977,136440.0353
Tanzania,TZA,2014,49492.34854,142417.4123,12763.44732,29060.78855,69634.11609,135326.822
Tanzania,TZA,2015,47727.11103,137085.4628,12619.15991,27941.07809,68313.81775,134643.9645
Tanzania,TZA,2016,46201.86686,132138.9293,12469.25197,27139.08928,67492.76046,133752.7408
Tanzania,TZA,2017,44607.66918,127269.349,12255.04089,26214.29649,66528.99436,132955.286
Tanzania,TZA,2018,42597.80422,120947.2992,11891.54072,25044.70824,65236.45165,132235.9009
Tanzania,TZA,2019,41046.81072,116128.0661,11529.70875,24199.33163,64188.60195,131561.295
Thailand,THA,1990,29983.18771,53452.58948,11764.13212,23334.46166,55100.00989,113541.6363
Thailand,THA,1991,30169.9231,50341.46377,11253.13349,24019.84229,55513.14893,114286.9687
Thailand,THA,1992,30328.81894,47688.53352,10826.42601,24660.04754,55424.07169,113976.7943
Thailand,THA,1993,30938.54929,45452.45152,10681.565,25921.36788,55422.63202,112690.8013
Thailand,THA,1994,31912.7212,43381.9607,10646.76087,27645.05423,55629.2545,112053.9096
Thailand,THA,1995,32913.68434,41354.60448,10501.48704,29547.41207,55460.75853,110521.2268
Thailand,THA,1996,33652.06062,39104.38813,10342.22583,30955.31563,55556.48596,108654.9935
Thailand,THA,1997,32375.02755,36993.26075,10034.42559,29830.55052,52428.69621,102787.8306
Thailand,THA,1998,32181.53319,35661.6572,9636.565498,29351.33797,52719.72263,103246.2168
Thailand,THA,1999,32984.36568,34067.09986,9504.895569,30210.61602,54150.28933,104782.8039
Thailand,THA,2000,32674.47171,32701.34948,9461.037568,29988.45679,52979.34502,101838.1231
Thailand,THA,2001,31744.14966,31465.3081,9600.714818,29412.09248,49419.57365,95367.06815
Thailand,THA,2002,31696.78783,30371.30346,9436.511268,29437.21599,48557.99651,93868.63908
Thailand,THA,2003,31234.74134,29381.91474,8935.648571,28944.71264,47405.52555,91598.98131
Thailand,THA,2004,31018.75114,29283.08829,9351.218648,27884.67551,47677.45695,92406.00528
Thailand,THA,2005,29367.87958,27218.7934,8229.150374,25510.73469,46333.79307,91415.81509
Thailand,THA,2006,28417.60606,25716.52112,7977.091973,24098.5879,45214.25774,90203.13406
Thailand,THA,2007,27474.48625,24058.22536,7695.720274,22848.1706,44040.39348,89005.61735
Thailand,THA,2008,27082.63624,22772.54563,7419.637104,22166.8203,43191.01411,87877.80146
Thailand,THA,2009,27127.1326,21792.20332,7244.253993,21930.30603,42413.67402,86381.84043
Thailand,THA,2010,27404.71315,20349.9904,7099.443676,21921.99294,42305.82277,86100.46206
Thailand,THA,2011,27395.34838,19425.9884,6972.064335,21670.95351,41930.07693,84927.83922
Thailand,THA,2012,27424.36791,19149.53669,6809.718387,21488.99114,41492.17571,83541.96236
Thailand,THA,2013,27478.83083,18245.20329,6721.197801,21354.27138,41021.00493,82647.05086
Thailand,THA,2014,27754.07046,18028.91053,6690.860401,21324.49789,40868.13158,82495.10795
Thailand,THA,2015,28043.43939,17865.93828,6678.650401,21299.138,40688.35949,82546.38316
Thailand,THA,2016,28599.54829,18239.45667,6695.758192,21449.03327,41003.30136,82877.12802
Thailand,THA,2017,28762.87759,16861.02778,6568.223754,21354.71121,40789.01412,82539.84163
Thailand,THA,2018,29064.77202,16263.57169,6515.783207,21350.16797,40557.32866,82775.14439
Thailand,THA,2019,29337.90524,15824.10415,6477.599841,21258.98362,40449.15281,82660.06085
Timor,TLS,1990,77131.57006,289021.1712,17976.11365,28084.65906,67638.8238,145055.5134
Timor,TLS,1991,75997.72025,279401.6283,18268.3125,29453.6015,68105.04651,143819.7597
Timor,TLS,1992,73114.72488,267641.1123,17528.20573,28602.32054,68054.233,142269.3326
Timor,TLS,1993,71473.4574,257363.5159,17540.9197,29277.59264,68429.49469,141046.8821
Timor,TLS,1994,68432.04675,245113.5445,16780.54949,28261.23861,68167.63416,139497.8628
Timor,TLS,1995,66777.08402,234445.9828,16809.1732,28883.98313,67169.93107,138397.9532
Timor,TLS,1996,61518.0291,219328.8957,14661.93909,25025.40967,65724.52993,136313.3015
Timor,TLS,1997,62881.49508,212050.2813,16440.48795,29559.18028,66980.66169,136318.2402
Timor,TLS,1998,61163.05687,201585.6361,16233.65465,29958.41887,67649.20729,136143.1497
Timor,TLS,1999,76037.5734,214200.6327,25799.09472,50430.80999,74895.54303,141050.6507
Timor,TLS,2000,55567.35867,180932.1801,14271.59222,26649.58994,67215.85339,135623.255
Timor,TLS,2001,53436.97876,170281.7783,14002.49225,26245.97016,66489.00019,134551.3405
Timor,TLS,2002,51298.28362,160528.345,13700.21103,25586.52926,65519.95767,133414.903
Timor,TLS,2003,48920.07493,151721.9823,13124.07997,24279.637,64524.68465,132560.4513
Timor,TLS,2004,45939.91064,140783.3701,12354.69541,22818.98723,62877.08769,131077.1531
Timor,TLS,2005,43451.37016,130005.006,11985.66505,22005.56485,62743.08402,130218.1307
Timor,TLS,2006,40731.17436,117666.8268,11241.4723,21586.90619,61620.76145,129303.7483
Timor,TLS,2007,38393.26791,107955.4153,10599.5521,20825.51608,60852.39292,129241.26
Timor,TLS,2008,36341.05094,99645.65544,9986.264144,20029.69853,60261.38726,129590.9659
Timor,TLS,2009,34998.08263,93554.60364,9623.653999,19639.54843,60143.72459,130860.9799
Timor,TLS,2010,34065.86109,88393.8691,9319.268808,19345.58872,61860.06743,131804.8996
Timor,TLS,2011,33199.58112,84144.08735,9044.9924,19070.28129,62365.37308,133065.6373
Timor,TLS,2012,32364.54124,80153.08278,8762.316416,18771.8102,62637.31794,134012.8254
Timor,TLS,2013,31709.09594,76632.41343,8539.486018,18556.96435,63021.14944,135218.3544
Timor,TLS,2014,31487.26479,75320.28721,8470.386353,18515.42247,63209.07078,135754.3921
Timor,TLS,2015,31476.98836,74875.81437,8410.798018,18449.89921,63366.24927,133240.6104
Timor,TLS,2016,31330.35058,73435.80027,8379.556188,18485.56176,63520.38488,133028.2083
Timor,TLS,2017,30970.44281,70505.05392,8297.704457,18446.90584,63769.04956,133790.9191
Timor,TLS,2018,30658.87797,68370.69044,8223.954185,18339.74544,63957.40064,134867.1754
Timor,TLS,2019,30353.48316,66569.32262,8145.864739,18195.72751,64208.34268,136431.0676
Togo,TGO,1990,80924.55877,294076.5786,18378.40209,28158.68636,80374.21037,157310.8446
Togo,TGO,1991,79870.93665,289901.1933,18246.33265,28691.90114,80296.19241,157127.619
Togo,TGO,1992,78584.84641,284796.7925,18007.02152,29063.07124,80468.86363,157118.2956
Togo,TGO,1993,78100.40549,281997.9297,17938.75337,30025.24137,81318.73872,157736.5586
Togo,TGO,1994,77617.75076,278510.5636,17855.37382,31243.67595,82281.11709,158140.0891
Togo,TGO,1995,76944.39497,273977.7303,17656.10959,32521.51242,83155.16681,158090.4138
Togo,TGO,1996,76813.96158,270464.1961,17693.65617,34273.85933,84528.94081,158742.918
Togo,TGO,1997,77348.93574,268876.4916,18075.76305,36366.03321,86678.30137,159682.5457
Togo,TGO,1998,76606.82423,262259.0452,17754.42777,38024.99313,88525.22495,159897.5793
Togo,TGO,1999,75777.6822,255506.3831,17576.17241,39281.87969,89002.52144,158895.1916
Togo,TGO,2000,75609.32147,251461.7685,17611.54088,40517.29498,89917.81905,158446.979
Togo,TGO,2001,75325.18078,247209.7736,17639.16797,41508.56936,90714.8586,158103.6116
Togo,TGO,2002,74799.20903,242063.0303,17687.9574,42183.16015,91272.84161,157068.2875
Togo,TGO,2003,73860.64406,235414.3972,17705.70505,42444.81623,91864.54252,156181.5357
Togo,TGO,2004,72552.65724,229414.0104,17590.14249,41963.07536,91196.3009,155533.2362
Togo,TGO,2005,71802.64815,224062.764,17982.66808,42017.79565,91077.36109,155566.9642
Togo,TGO,2006,69616.2447,216752.6424,17615.61691,40363.07772,90052.26883,154514.1609
Togo,TGO,2007,68464.20034,210130.9769,17761.34571,40165.27035,90122.69239,154358.5699
Togo,TGO,2008,66872.92736,203061.0824,17674.29703,39469.40343,89783.29408,153933.0356
Togo,TGO,2009,64705.8148,195642.562,17440.38577,38063.91831,88369.73658,152185.7167
Togo,TGO,2010,62167.99185,187802.0846,17017.10552,36308.16957,86486.77754,150298.8822
Togo,TGO,2011,59657.90946,179656.2049,16640.43611,34828.41463,84460.1554,148599.6848
Togo,TGO,2012,57470.74761,171976.4117,16301.0911,33800.22152,82999.46578,146920.9634
Togo,TGO,2013,55440.48007,164537.1782,16005.57032,33006.93033,81722.61143,145368.0039
Togo,TGO,2014,53476.97323,157238.2185,15647.76868,32328.77297,80702.43885,143492.5813
Togo,TGO,2015,51404.66121,150077.7287,15180.58433,31457.71046,79490.24634,141942.6362
Togo,TGO,2016,49258.08719,143362.5166,14882.28235,30254.7681,77884.65313,139827.6191
Togo,TGO,2017,47045.64929,136500.2984,14536.60671,28949.31103,76317.7902,138107.0305
Togo,TGO,2018,44946.29034,129606.3121,14118.83333,27847.25515,74765.29598,136810.208
Togo,TGO,2019,43287.90932,123858.251,13684.95776,27075.64213,73265.55452,135593.6956
Tokelau,TKL,1990,38261.41673,52995.2108,7756.845003,24102.06073,79798.29765,147128.8018
Tokelau,TKL,1991,37816.17425,51596.13954,7617.143442,24133.508,80556.30757,147532.0366
Tokelau,TKL,1992,37393.19785,50740.61501,7475.059565,24181.37298,80755.16067,148255.3552
Tokelau,TKL,1993,36967.25334,49715.74713,7346.653676,24085.76581,79983.68868,148460.4213
Tokelau,TKL,1994,36534.09578,48174.86625,7246.749157,23925.77456,78443.87495,147911.9148
Tokelau,TKL,1995,36060.33296,46032.73315,7172.46341,23814.19994,76604.31145,146665.6407
Tokelau,TKL,1996,35572.44881,43824.54565,7125.00116,23884.96953,74958.41347,145291.5375
Tokelau,TKL,1997,34973.09749,41992.87815,7077.27434,24045.5622,73883.43729,144344.0036
Tokelau,TKL,1998,34359.02868,40846.39395,7014.906669,24146.49436,73365.9124,144146.0429
Tokelau,TKL,1999,33838.65529,40427.13406,6932.448157,24131.00197,73181.30769,144694.9353
Tokelau,TKL,2000,33550.81469,40484.99701,6837.408509,23977.23039,72934.05332,145914.4024
Tokelau,TKL,2001,33609.35541,40489.46519,6733.288029,23513.50688,71767.92502,147503.6758
Tokelau,TKL,2002,33913.34036,39592.48649,6640.310571,23093.64678,70695.82294,148841.3772
Tokelau,TKL,2003,34254.0591,37882.17073,6563.600312,22972.44329,70303.98468,149652.6695
Tokelau,TKL,2004,34502.6989,35609.30896,6504.31819,23067.59471,70161.19655,149587.7598
Tokelau,TKL,2005,34577.03526,33166.85405,6452.070254,23233.92569,69978.55363,148603.0273
Tokelau,TKL,2006,34503.2227,31124.08362,6405.984412,23378.98929,69920.73439,146867.3877
Tokelau,TKL,2007,34135.715,29582.18013,6342.891118,23390.05372,69498.89866,144694.8278
Tokelau,TKL,2008,33575.51543,28447.29738,6272.056821,23240.06012,68679.18453,142966.7395
Tokelau,TKL,2009,32980.20641,27525.55506,6201.503458,22976.0456,67750.7381,141914.0125
Tokelau,TKL,2010,32407.8929,26555.06723,6130.050312,22618.85211,66787.97818,141359.6015
Tokelau,TKL,2011,31965.29776,25399.99875,6059.891132,22290.42585,66320.39397,141067.3626
Tokelau,TKL,2012,31592.02196,24025.22451,5992.24576,22108.486,66072.42594,140511.3239
Tokelau,TKL,2013,31208.16326,22495.8825,5922.633022,22024.10358,65559.68638,139189.9024
Tokelau,TKL,2014,30958.41706,21298.11015,5871.035022,22073.47554,65226.73882,137512.6722
Tokelau,TKL,2015,30779.62762,20352.17848,5820.440769,22152.09523,65150.57887,135725.3379
Tokelau,TKL,2016,30759.45442,19596.20769,5792.457006,22289.0487,65748.38773,134285.6344
Tokelau,TKL,2017,30718.76675,18825.58587,5754.66424,22400.08144,66310.84915,132968.8436
Tokelau,TKL,2018,30606.11171,18204.62535,5705.226711,22414.17273,66364.99411,131836.6589
Tokelau,TKL,2019,30477.92955,17647.89906,5658.734195,22394.62608,66049.35233,130611.0076
Tonga,TON,1990,27105.06306,46476.05727,7455.875555,18712.45456,64635.30778,123889.0267
Tonga,TON,1991,26874.76716,45331.58648,7299.088056,18536.05058,64324.00127,122640.8655
Tonga,TON,1992,26621.53392,44111.5703,7193.081519,18365.85299,63830.59988,120927.521
Tonga,TON,1993,26763.21198,44001.37241,7285.41758,18318.7863,63773.8761,122364.3075
Tonga,TON,1994,26854.61605,43647.85074,7359.178465,18295.61134,63811.88242,122871.9458
Tonga,TON,1995,26701.36261,43096.89122,7126.660036,18265.48252,63691.53823,119682.8451
Tonga,TON,1996,26738.9743,42498.30251,7099.689973,18254.84861,63660.95756,120658.4398
Tonga,TON,1997,26996.22045,42130.07591,7444.41552,18234.11381,63469.84808,125362.0397
Tonga,TON,1998,27571.03477,41841.02332,7796.616095,18414.54137,64765.12571,131893.0413
Tonga,TON,1999,28067.46948,41383.33314,7869.847421,18701.33197,66681.46211,135693.0912
Tonga,TON,2000,27919.26385,40333.26616,7684.076047,18749.34546,66650.81035,134331.2457
Tonga,TON,2001,27656.50614,39596.51578,7641.399574,18668.73946,65565.02738,132527.0368
Tonga,TON,2002,27640.10363,38793.95492,7587.656925,18742.85344,65641.90446,132456.4152
Tonga,TON,2003,27620.33863,37997.76991,7432.374821,18849.34533,65852.56994,132203.2094
Tonga,TON,2004,27265.40252,37195.66514,7019.862635,18845.98577,65103.50234,128694.1695
Tonga,TON,2005,26596.8511,36043.01569,6809.23464,18697.13885,63088.58409,121940.0416
Tonga,TON,2006,26536.7439,35739.03933,6786.229812,18672.65739,62454.17491,121769.0837
Tonga,TON,2007,26583.2705,35206.29118,6747.171362,18751.48514,62434.49075,122440.0688
Tonga,TON,2008,26641.53859,34835.77609,6710.302209,18818.07785,62391.53212,123084.4285
Tonga,TON,2009,30882.52746,35985.50721,8975.939901,25033.75841,66208.17628,125625.3239
Tonga,TON,2010,26575.91816,33200.59347,6609.048895,18896.90776,62122.17949,123853.1933
Tonga,TON,2011,26503.3784,32173.05797,6550.776002,18912.6997,61891.45176,123992.3138
Tonga,TON,2012,26468.38555,31256.14574,6500.982792,18928.31485,61677.33546,124060.9405
Tonga,TON,2013,26467.21385,30378.35527,6452.470075,18947.49535,61524.69148,124157.3478
Tonga,TON,2014,26542.44492,29651.41392,6466.848342,19011.87773,61409.73009,124268.4265
Tonga,TON,2015,26516.48041,28873.40211,6366.470007,18948.71268,61183.59029,124233.1121
Tonga,TON,2016,26570.31471,28181.27288,6343.294994,18955.64052,61036.82018,124186.1743
Tonga,TON,2017,26602.11432,27434.28384,6313.322535,18948.78078,60838.21855,123999.8122
Tonga,TON,2018,26608.7401,26717.43324,6259.95565,18904.91854,60572.50887,123759.7431
Tonga,TON,2019,26623.33896,26089.5095,6205.363995,18859.19761,60287.51903,123460.4654
Trinidad and Tobago,TTO,1990,31316.52481,45922.11236,8918.687091,21914.60207,70899.13421,132297.2098
Trinidad and Tobago,TTO,1991,30990.05413,45349.89498,9002.813372,21717.04677,69696.07695,131215.3796
Trinidad and Tobago,TTO,1992,31298.79791,45449.05006,8890.856733,22172.52689,69754.83672,132599.5992
Trinidad and Tobago,TTO,1993,31960.0235,45639.027,8408.831777,22988.56431,71486.31237,134341.9542
Trinidad and Tobago,TTO,1994,32414.17272,45778.53016,8105.772612,23570.75759,72166.06111,134932.5757
Trinidad and Tobago,TTO,1995,31787.17192,46268.17003,7996.1064,23260.63844,68777.29851,129481.64
Trinidad and Tobago,TTO,1996,32481.83986,46610.55753,7574.710727,23853.31118,70373.39302,130652.8779
Trinidad and Tobago,TTO,1997,31719.35512,47330.46751,7541.553394,23130.56135,67071.49342,124977.1177
Trinidad and Tobago,TTO,1998,32568.73456,48144.66638,7700.201687,23529.17781,68572.19144,126610.6441
Trinidad and Tobago,TTO,1999,33149.96903,49288.052,7596.368586,23855.21774,68963.78966,126103.5454
Trinidad and Tobago,TTO,2000,32663.91155,49884.22154,7705.550647,23579.0009,65750.47592,119395.805
Trinidad and Tobago,TTO,2001,32940.38174,49554.90019,7551.855763,23851.96559,64797.41865,118792.6418
Trinidad and Tobago,TTO,2002,32399.21877,48895.76235,6980.100394,23429.37773,61794.14873,117179.0791
Trinidad and Tobago,TTO,2003,32914.88499,47618.44961,6930.34364,23711.35853,61856.77942,118935.3219
Trinidad and Tobago,TTO,2004,32683.00169,45274.90493,7041.87493,23690.53058,60269.59825,114837.3619
Trinidad and Tobago,TTO,2005,32724.016,43231.07298,7009.344091,24061.76975,58727.64484,111888.3576
Trinidad and Tobago,TTO,2006,32264.198,41008.83428,7278.852468,23755.8909,56395.33458,109020.5886
Trinidad and Tobago,TTO,2007,32389.88571,38859.68628,7392.250549,23924.74493,55690.38279,107941.032
Trinidad and Tobago,TTO,2008,33430.46337,37761.46812,6894.380823,25002.60311,56757.33621,109295.6176
Trinidad and Tobago,TTO,2009,32551.54034,36457.47101,6734.879164,24425.63074,54007.1302,104439.235
Trinidad and Tobago,TTO,2010,32056.26633,35022.81523,6663.997757,23687.90919,52997.12736,102685.3781
Trinidad and Tobago,TTO,2011,31335.28209,33798.58172,6522.80249,22711.81269,52046.87609,99118.6015
Trinidad and Tobago,TTO,2012,30777.79695,32753.18599,6466.8319,22061.64758,50734.70721,96020.82952
Trinidad and Tobago,TTO,2013,31218.28691,32183.08232,6513.481208,22155.28509,50855.71744,97541.67759
Trinidad and Tobago,TTO,2014,31547.04844,31391.79046,6500.250858,22025.49245,51345.854,98280.9129
Trinidad and Tobago,TTO,2015,31822.24033,30588.49827,6505.70346,21844.116,51871.02499,98437.83607
Trinidad and Tobago,TTO,2016,32296.89931,29962.8274,6577.273353,21812.61846,52507.19571,99870.56673
Trinidad and Tobago,TTO,2017,32616.97196,29482.61969,6615.458939,21824.69092,52813.28592,99918.65368
Trinidad and Tobago,TTO,2018,32924.36443,29109.96756,6607.462444,21839.38819,53076.93586,99900.66087
Trinidad and Tobago,TTO,2019,33253.91314,28820.55844,6590.005653,21874.51458,53355.08541,99829.99525
Tunisia,TUN,1990,31733.53177,99296.57668,9697.189538,16173.68204,46110.02671,110900.9267
Tunisia,TUN,1991,30972.63928,94501.27625,9448.754274,16277.38184,46466.97258,113330.828
Tunisia,TUN,1992,30206.9655,89773.0693,9143.508199,16379.84745,47058.77194,113363.919
Tunisia,TUN,1993,29534.23112,85397.6162,9041.992176,16454.55847,47370.17386,113296.9963
Tunisia,TUN,1994,28677.43016,80898.25395,8976.729922,16375.11359,46870.7537,111437.6123
Tunisia,TUN,1995,28205.72036,76601.96775,8758.077543,16435.83652,47808.19258,113945.2288
Tunisia,TUN,1996,27443.81327,72253.55882,8484.155778,16307.11852,47493.25941,113637.8862
Tunisia,TUN,1997,26887.67608,68422.8065,7994.561141,16299.13656,47773.19064,114314.1917
Tunisia,TUN,1998,26370.04293,64389.17168,7783.923351,16290.20358,47732.18805,114385.5034
Tunisia,TUN,1999,25927.57088,61221.66668,7649.372571,16244.5118,47284.68892,113684.0407
Tunisia,TUN,2000,25655.45877,58933.80089,7631.392034,16237.0363,46578.48871,112835.1593
Tunisia,TUN,2001,25416.95202,56663.06121,7560.644275,16205.34072,45956.60526,112124.4299
Tunisia,TUN,2002,25222.47823,54111.25446,7491.745722,16221.11628,45320.0502,111400.1163
Tunisia,TUN,2003,25149.05845,51524.70102,7532.882791,16368.4271,44569.11459,110871.7809
Tunisia,TUN,2004,24841.39984,48370.27882,7370.039509,16226.91936,43844.293,110112.8428
Tunisia,TUN,2005,24669.24989,45908.81864,7246.304238,16139.4139,43180.54494,109457.424
Tunisia,TUN,2006,24585.25329,43694.29216,7148.641742,16119.12855,42681.6124,109026.3828
Tunisia,TUN,2007,24520.42538,41743.77631,7065.514135,16048.54906,42219.55167,108787.9536
Tunisia,TUN,2008,24483.09842,40051.09365,6962.459498,15952.99078,41858.81187,108772.1576
Tunisia,TUN,2009,24548.44297,38769.13722,6915.268721,15976.56176,41516.13261,108637.0594
Tunisia,TUN,2010,24605.04356,38011.9633,6840.347085,15911.02604,41228.31495,108709.5183
Tunisia,TUN,2011,24805.51889,36720.4737,6828.790428,16135.41168,41272.21483,108028.5474
Tunisia,TUN,2012,24518.9373,33912.61514,6632.777055,15880.00624,40954.97657,107701.821
Tunisia,TUN,2013,24550.88001,31983.50337,6558.893259,15953.77445,40895.60933,107515.1237
Tunisia,TUN,2014,24569.78635,30159.94595,6481.215675,16003.08996,40845.41257,107181.6084
Tunisia,TUN,2015,24620.74351,28458.91178,6411.015408,16071.94653,40876.6748,106849.5151
Tunisia,TUN,2016,24621.59843,26781.71012,6318.779196,16034.66256,40886.90464,106317.9515
Tunisia,TUN,2017,24686.40379,25242.18862,6241.176954,16056.82123,40985.41645,105754.9241
Tunisia,TUN,2018,24771.70803,23734.58853,6169.384188,16111.87937,41157.06591,104630.9051
Tunisia,TUN,2019,24812.82634,22495.28007,6053.654249,16101.33032,41193.03065,103219.4156
Turkey,TUR,1990,39369.77782,141876.1962,9729.900629,18014.80035,61216.49011,122816.9515
Turkey,TUR,1991,37853.3918,133205.9934,9369.108096,17964.24941,61115.72382,119782.3793
Turkey,TUR,1992,36899.66659,126124.4443,9404.599645,18339.90446,60843.78336,117406.4306
Turkey,TUR,1993,35580.63427,118776.934,9058.874602,18113.63361,60337.75431,115617.1834
Turkey,TUR,1994,35001.01247,114145.3006,9001.377996,18371.49188,60018.74047,114154.6396
Turkey,TUR,1995,33972.00438,109113.4321,8812.565986,17988.41679,58980.11413,112213.5937
Turkey,TUR,1996,32733.00807,102322.7952,8659.436601,17732.81923,57123.37381,109108.4127
Turkey,TUR,1997,31586.33734,96072.2241,8457.47893,17291.04729,55307.96749,108818.1879
Turkey,TUR,1998,30549.35599,89626.39935,8635.495841,17095.6373,53095.21749,107008.0269
Turkey,TUR,1999,31021.09753,84787.16372,10619.24681,18656.11986,51865.91586,102750.9672
Turkey,TUR,2000,28102.51469,77303.82727,8736.889994,16593.9776,48147.75264,96829.93522
Turkey,TUR,2001,27204.68286,72983.51642,7980.139713,15993.55402,47251.97532,98037.3137
Turkey,TUR,2002,26382.61142,68358.85669,7385.627766,15400.26765,46727.01175,99674.051
Turkey,TUR,2003,25698.20608,63757.64968,7204.174281,15261.61454,45708.04431,97885.80709
Turkey,TUR,2004,24971.34992,58911.53627,7054.004897,15098.16189,44482.95214,96266.05419
Turkey,TUR,2005,24339.41069,54410.2609,6980.392838,14947.81553,43422.27402,94771.2632
Turkey,TUR,2006,23885.11416,50360.40512,6835.623565,14781.20695,42601.71825,95653.84565
Turkey,TUR,2007,23610.73698,47308.30593,6689.794561,14652.12975,41952.61509,97308.73065
Turkey,TUR,2008,23521.2426,45070.45483,6535.705713,14506.04398,41775.99097,100011.2929
Turkey,TUR,2009,23898.3389,44126.77289,6612.264253,14573.57419,42744.6089,103236.4016
Turkey,TUR,2010,24075.73529,43371.1984,6729.461288,14610.40067,42760.45536,104993.9838
Turkey,TUR,2011,24032.43805,40992.73637,6727.90564,14588.68711,42622.15467,106107.5588
Turkey,TUR,2012,23973.3463,39709.84745,6698.399629,14562.39561,42113.9181,106406.2002
Turkey,TUR,2013,24127.61991,39233.24965,6759.068348,14636.56057,41910.80001,107276.5723
Turkey,TUR,2014,24284.46726,38635.17263,6776.218836,14690.60445,41909.72788,107355.2608
Turkey,TUR,2015,24232.66908,37310.87249,6719.844546,14656.37338,41545.67173,105613.3259
Turkey,TUR,2016,24338.86727,36182.06326,6713.466272,14743.81334,41136.63154,104787.0059
Turkey,TUR,2017,24184.26569,33751.64753,6487.866029,14564.11459,40692.72712,103539.7612
Turkey,TUR,2018,24190.90622,32205.07343,6425.707261,14641.41722,40394.53548,100613.5967
Turkey,TUR,2019,24126.54669,30518.37209,6271.628538,14502.38468,40146.90088,99361.24795
Turkmenistan,TKM,1990,45464.60107,148768.1994,9482.099868,20322.18091,71386.3883,131758.751
Turkmenistan,TKM,1991,45337.77234,144496.1432,9639.738232,21277.96584,74271.99948,136123.2341
Turkmenistan,TKM,1992,44191.77307,139741.619,9554.181135,21203.23079,74111.50288,139806.3178
Turkmenistan,TKM,1993,44519.40624,133911.8423,9607.046908,22691.29719,81680.71687,151925.9926
Turkmenistan,TKM,1994,43824.89554,130444.924,9609.253202,23022.80822,83231.80931,155365.4592
Turkmenistan,TKM,1995,42605.84422,127148.5939,9611.029707,23183.38549,81313.76488,152517.1888
Turkmenistan,TKM,1996,42440.04809,123564.4621,9749.490761,24517.67076,83615.04591,152911.1234
Turkmenistan,TKM,1997,41850.34163,121415.7942,10033.90868,25242.88101,82596.51223,148799.1415
Turkmenistan,TKM,1998,40851.45132,118648.1772,10307.58658,25528.35755,79764.97874,144098.7551
Turkmenistan,TKM,1999,39213.46464,114894.0062,10201.29328,24959.93533,76099.68111,139362.2059
Turkmenistan,TKM,2000,37350.61837,111773.6625,9514.79316,23635.48224,73470.06697,134846.7834
Turkmenistan,TKM,2001,36533.72343,108628.8279,9311.924844,23399.94485,71999.60124,133474.6109
Turkmenistan,TKM,2002,36424.55238,104632.7731,9139.76614,23745.17256,73330.44946,136511.8394
Turkmenistan,TKM,2003,36235.77573,101195.2606,8781.768258,23741.64619,74716.83482,138244.9419
Turkmenistan,TKM,2004,36663.89603,97835.54015,8659.55562,24402.00599,76485.73968,142045.3369
Turkmenistan,TKM,2005,37296.45989,94696.33749,8595.786709,25165.78498,78463.31449,146072.1315
Turkmenistan,TKM,2006,36903.93294,91826.1058,8434.843,24906.03053,76651.51443,144574.0083
Turkmenistan,TKM,2007,36444.48653,89410.27697,8267.838016,24567.40313,74307.87324,141458.6146
Turkmenistan,TKM,2008,35707.75753,87348.67389,8075.665292,23993.87012,70751.69614,135917.0392
Turkmenistan,TKM,2009,33907.53751,84630.66783,7797.847198,22560.56239,63967.74025,125437.0706
Turkmenistan,TKM,2010,33198.86692,81299.99097,7673.8922,22089.66057,61110.73276,121295.315
Turkmenistan,TKM,2011,33075.89649,77468.8535,7558.475181,21990.9182,61005.95031,121962.9663
Turkmenistan,TKM,2012,32857.29835,73293.29965,7423.070897,21996.25648,60681.67636,121139.4021
Turkmenistan,TKM,2013,32942.55796,69228.33796,7242.367576,22267.7566,61778.8487,121243.1098
Turkmenistan,TKM,2014,32866.30391,64900.35515,7107.196608,22478.45596,62461.99162,121519.0124
Turkmenistan,TKM,2015,32613.02939,61521.65242,7067.010932,22366.71031,62506.18913,122548.7648
Turkmenistan,TKM,2016,32205.36749,57688.72427,6981.736932,22277.33621,62412.0355,122386.1687
Turkmenistan,TKM,2017,31805.62689,54525.24777,6898.14386,22193.37783,62163.66769,121706.5455
Turkmenistan,TKM,2018,31572.80269,51829.05663,6884.387652,22059.32886,62355.58018,123772.1854
Turkmenistan,TKM,2019,31277.68734,49433.95183,6820.527957,21991.42396,62237.33307,123527.9374
Tuvalu,TUV,1990,57665.31646,141596.2879,12181.7962,32739.84022,103119.5955,170228.7494
Tuvalu,TUV,1991,55753.79704,132194.492,11751.01543,32365.25551,101757.6233,168976.4471
Tuvalu,TUV,1992,54043.0791,123822.6809,11358.58306,32040.11491,100306.473,167889.7102
Tuvalu,TUV,1993,52563.2383,116555.5842,11015.96735,31769.22892,98805.12339,167005.1642
Tuvalu,TUV,1994,50690.11611,108349.9881,10612.35556,31119.62675,96579.3828,165354.7168
Tuvalu,TUV,1995,49775.97496,102950.0513,10379.75134,31041.5505,95567.13979,165234.3755
Tuvalu,TUV,1996,48946.61589,98167.17287,10172.54388,30947.41472,94462.03326,165053.5444
Tuvalu,TUV,1997,48132.41482,92076.26117,9944.828276,31133.69094,93725.51172,165361.503
Tuvalu,TUV,1998,46816.38475,85416.04061,9700.363818,30797.42282,91929.88893,164563.3903
Tuvalu,TUV,1999,45720.88522,78772.09017,9485.720954,30842.75519,90721.97359,163938.5439
Tuvalu,TUV,2000,52017.09478,83507.28719,10069.98101,38266.53953,99920.07089,184672.5366
Tuvalu,TUV,2001,43499.19718,66817.59626,9034.712787,30676.49392,87738.65658,161280.741
Tuvalu,TUV,2002,42601.87875,62313.04172,8848.661113,30409.79971,86319.87005,160136.4133
Tuvalu,TUV,2003,41920.7521,58526.83698,8691.150812,30262.45834,85415.28456,159434.9108
Tuvalu,TUV,2004,41301.4348,55066.93056,8540.803729,30126.4564,84621.99136,158996.7018
Tuvalu,TUV,2005,40773.28379,51806.0342,8398.680933,30046.19331,84033.35816,158827.1138
Tuvalu,TUV,2006,40194.64555,48238.74795,8225.338146,29932.4799,83568.60775,158385.704
Tuvalu,TUV,2007,39802.96702,46026.95533,8107.457103,29792.15593,83273.74902,158197.7069
Tuvalu,TUV,2008,39352.88089,43702.50616,7967.333261,29597.14447,82840.19509,157557.6199
Tuvalu,TUV,2009,38953.80535,41675.24492,7837.299778,29406.03628,82392.74868,156888.0009
Tuvalu,TUV,2010,38649.5851,39926.68977,7718.84768,29251.48708,82113.78558,156441.6683
Tuvalu,TUV,2011,38343.1491,38228.64259,7602.268256,29057.52749,81912.23852,155741.0868
Tuvalu,TUV,2012,38096.06131,36656.69177,7500.429447,28908.01302,81801.74672,154965.0518
Tuvalu,TUV,2013,37847.74351,35065.20325,7399.443015,28744.7015,81666.04134,154003.5031
Tuvalu,TUV,2014,37644.44916,33658.22104,7309.73063,28597.82052,81477.88334,152954.7611
Tuvalu,TUV,2015,37424.67919,32347.83267,7225.582614,28407.16641,81182.25718,151784.5556
Tuvalu,TUV,2016,37299.80664,31100.22019,7172.839879,28267.04712,81087.99831,150702.966
Tuvalu,TUV,2017,37185.96379,29747.89183,7113.467928,28136.32843,80953.61132,149634.8961
Tuvalu,TUV,2018,37068.55491,28531.34361,7026.000297,27983.82309,80685.43435,148525.235
Tuvalu,TUV,2019,36949.34246,27444.40742,6931.482241,27820.40003,80470.65333,147815.7766
Uganda,UGA,1990,120743.619,374514.4467,18934.39078,63282.80868,111672.5774,168470.9618
Uganda,UGA,1991,120888.2383,368266.6317,19519.30938,65248.16944,114972.4571,170278.3872
Uganda,UGA,1992,119566.5843,359239.4219,19834.87357,65931.66159,117291.2647,171288.8547
Uganda,UGA,1993,118670.4531,352606.0943,20509.42889,66508.50215,119675.9433,172459.9676
Uganda,UGA,1994,116538.971,341673.518,21118.04309,66684.58825,121531.8366,173154.938
Uganda,UGA,1995,114721.325,333614.9061,21741.48166,66400.08155,122829.5707,173654.7459
Uganda,UGA,1996,113180.6993,326627.5111,22536.75682,66288.86271,123811.8893,173879.6886
Uganda,UGA,1997,110946.7435,319710.7031,22791.94204,65044.22848,123847.7192,173442.8107
Uganda,UGA,1998,108528.2995,311475.8332,22988.93354,64010.50828,123944.1692,173271.7651
Uganda,UGA,1999,105572.8769,301173.9914,22978.79587,62973.15618,123147.7446,172588.8276
Uganda,UGA,2000,102583.7764,291126.0131,22849.75905,61908.37781,122901.2083,171783.6438
Uganda,UGA,2001,98798.22616,280601.4085,22340.69035,59417.12008,120659.9987,169838.8381
Uganda,UGA,2002,95299.29342,268982.7398,22084.31121,58020.20412,117618.9507,167413.4137
Uganda,UGA,2003,91395.87441,255682.6365,21476.837,56612.58538,114806.7479,164882.4644
Uganda,UGA,2004,87718.94706,245180.5075,20674.45087,54474.84036,112192.0515,162418.2068
Uganda,UGA,2005,82626.83068,232317.9287,19581.28445,50735.99678,106836.1013,158983.8253
Uganda,UGA,2006,77389.47715,219016.4593,18403.97906,47071.05038,100305.1372,155229.2615
Uganda,UGA,2007,73278.80234,207174.5191,17369.94709,44881.40167,96292.27457,152431.8421
Uganda,UGA,2008,69404.62767,196874.183,16556.08887,42321.66892,92720.98837,149928.2183
Uganda,UGA,2009,66167.05951,188914.641,15921.34603,40017.54923,89227.38507,147793.0161
Uganda,UGA,2010,63420.04368,181858.6195,15248.00303,38388.05544,86153.9956,146038.0892
Uganda,UGA,2011,59659.45225,170431.0888,14157.87687,36609.0815,83287.01617,144029.2163
Uganda,UGA,2012,56096.03569,159988.3497,13536.27967,34438.83253,80408.67429,142449.89
Uganda,UGA,2013,53193.51979,152942.0411,13358.20724,31910.30231,77685.45119,141427.751
Uganda,UGA,2014,51162.62543,148281.36,13478.81973,30060.47968,75416.63062,140413.0866
Uganda,UGA,2015,49140.34668,143435.7332,13045.99268,28620.68854,73489.33472,139374.4052
Uganda,UGA,2016,48959.77561,145452.6429,13138.96396,27985.23347,72936.2225,138739.2752
Uganda,UGA,2017,45490.1698,132266.3904,12538.21174,26694.80881,71243.9024,137120.6619
Uganda,UGA,2018,43168.65296,124079.8155,12068.82249,25680.42092,69874.83765,136158.1526
Uganda,UGA,2019,41512.76262,118440.1558,11506.08793,25002.86346,68879.27541,135245.2497
Ukraine,UKR,1990,40963.07994,31166.35368,7428.897781,24167.21325,67716.09281,135615.2063
Ukraine,UKR,1991,42653.63374,30339.05173,7453.922409,25293.78142,70961.08386,139777.2433
Ukraine,UKR,1992,44374.27716,29252.18152,7238.059103,26642.3425,74714.5066,143375.5714
Ukraine,UKR,1993,45961.04411,29118.56725,7143.973736,27746.49366,78074.71321,148177.2732
Ukraine,UKR,1994,47824.57627,30080.5861,7225.284772,29460.60984,81545.80242,150549.3578
Ukraine,UKR,1995,50515.20611,29915.09142,7199.894071,31942.26013,87438.90555,153189.575
Ukraine,UKR,1996,49892.78601,29571.02941,7045.602696,31598.76432,86532.88088,149241.3633
Ukraine,UKR,1997,48521.58027,29417.89046,6919.742559,30368.73839,83862.70535,145028.0867
Ukraine,UKR,1998,46598.54333,29270.82986,6842.319554,29017.16932,79069.60714,139217.0397
Ukraine,UKR,1999,47951.8868,29300.70637,6809.616147,29832.09869,80557.84052,140935.1165
Ukraine,UKR,2000,49329.24732,28866.90988,6811.446065,30783.02397,82044.0952,142035.7542
Ukraine,UKR,2001,49053.04398,27910.63883,6764.573673,30469.1538,80685.96991,139991.7956
Ukraine,UKR,2002,49756.96151,26280.62816,6609.046215,30646.46391,81711.64538,141078.5204
Ukraine,UKR,2003,49736.34817,25259.95763,6398.288741,30434.40238,81315.69479,141182.9527
Ukraine,UKR,2004,50705.9564,25105.95916,6309.686212,31092.17087,83003.18576,141119.8706
Ukraine,UKR,2005,51543.87789,24346.24008,6060.502347,31585.85536,84037.973,142067.687
Ukraine,UKR,2006,50092.04896,24743.94131,5871.455586,30723.06359,79970.84724,137699.1422
Ukraine,UKR,2007,51228.31215,25669.49726,5817.558003,31752.43626,80331.90819,138011.4252
Ukraine,UKR,2008,50991.82763,24691.81846,5598.935402,31407.88455,78656.90939,137906.3271
Ukraine,UKR,2009,46676.51747,22865.84536,5346.64048,27717.76241,69965.028,131963.4373
Ukraine,UKR,2010,45081.25311,21673.03173,5245.172916,25988.06073,66256.90231,130956.7033
Ukraine,UKR,2011,43821.62342,20644.04,5145.016652,25110.36943,63740.22199,127185.1575
Ukraine,UKR,2012,43866.51707,19779.65689,5035.105972,25185.20027,63688.05222,126909.361
Ukraine,UKR,2013,43553.33616,18451.99036,4967.324886,25248.35805,63077.2623,126168.6218
Ukraine,UKR,2014,43229.92562,19303.48,5806.821572,26869.28186,60386.47059,121348.6629
Ukraine,UKR,2015,49769.80895,20075.55474,6255.224608,32746.28255,70115.50266,133046.502
Ukraine,UKR,2016,48856.63397,19191.64515,6128.160863,32657.39949,68461.66969,129982.4551
Ukraine,UKR,2017,48657.20419,18341.57549,6023.242207,32468.27119,68529.6854,129432.185
Ukraine,UKR,2018,49044.68309,17766.85511,5884.901826,31895.38462,70070.59272,132005.5059
Ukraine,UKR,2019,48968.15847,17185.91255,5841.492089,31803.6671,69916.26021,130939.7598
United Arab Emirates,ARE,1990,23249.71752,42282.53729,8933.772781,19486.91765,66521.5563,169126.4892
United Arab Emirates,ARE,1991,22755.01767,38804.58397,8843.314495,19507.74503,66779.97281,171272.6553
United Arab Emirates,ARE,1992,22379.81137,35883.73769,8773.497241,19511.04541,66987.31749,173643.866
United Arab Emirates,ARE,1993,22001.73475,32492.62213,8647.685324,19502.4791,67202.68474,176022.7643
United Arab Emirates,ARE,1994,21663.29546,29436.17632,8701.936352,19287.54291,68048.23738,184103.5212
United Arab Emirates,ARE,1995,21306.33331,26406.56414,8474.623634,19222.21035,67808.72765,184176.951
United Arab Emirates,ARE,1996,20978.99281,24028.52453,8263.481401,19067.23473,67206.00681,184387.9094
United Arab Emirates,ARE,1997,20940.5141,23033.83011,8232.872453,19111.03686,66399.29865,183708.5634
United Arab Emirates,ARE,1998,20648.4358,23096.04161,8162.475061,18709.08492,65023.17638,181865.0853
United Arab Emirates,ARE,1999,20625.23111,23569.16132,8171.914789,18588.37299,64209.0504,180975.4859
United Arab Emirates,ARE,2000,20439.11059,23777.69654,7971.276197,18245.43828,64245.19559,183036.0528
United Arab Emirates,ARE,2001,20316.78736,24070.8852,7957.46346,18123.68266,63497.79403,181205.994
United Arab Emirates,ARE,2002,20246.93802,24137.49311,7960.042138,18073.53118,62713.29884,179571.0329
United Arab Emirates,ARE,2003,20107.04135,23689.37325,7775.661199,17906.99246,61697.4861,192140.2626
United Arab Emirates,ARE,2004,20095.30955,22689.32065,7646.323229,17846.39342,61248.70806,208038.6541
United Arab Emirates,ARE,2005,19948.82192,21759.92253,7527.900235,17671.80906,59959.1972,208315.6479
United Arab Emirates,ARE,2006,19627.0683,20444.5656,7325.700538,17577.34188,58118.28067,205192.2005
United Arab Emirates,ARE,2007,19157.76108,19469.28379,7035.831097,17610.7798,55526.24416,194996.6268
United Arab Emirates,ARE,2008,18517.95166,18376.75093,6835.62692,17315.12573,54275.05159,189136.0056
United Arab Emirates,ARE,2009,18397.83085,17339.69323,6707.388292,17370.20465,54389.76245,185380.1445
United Arab Emirates,ARE,2010,18706.76449,16264.48055,6646.680044,17700.94162,54809.54647,180220.073
United Arab Emirates,ARE,2011,19034.76732,15189.2002,6578.556401,18008.52581,55069.77005,176051.7346
United Arab Emirates,ARE,2012,19401.7145,14369.15247,6502.730659,18313.63274,54981.39045,172092.0251
United Arab Emirates,ARE,2013,19825.88012,13773.52273,6412.158977,18700.42877,54192.58305,160237.3407
United Arab Emirates,ARE,2014,20286.73312,13319.89831,6288.115996,19243.58752,52303.99053,130621.2895
United Arab Emirates,ARE,2015,20773.01933,12870.65104,6187.663969,19588.91536,52014.81691,128532.9476
United Arab Emirates,ARE,2016,21288.70064,12343.37134,6048.961655,19947.13814,51819.41767,125934.6785
United Arab Emirates,ARE,2017,21870.61293,11820.7317,5932.05009,20324.34621,51600.81093,123630.2542
United Arab Emirates,ARE,2018,22489.48226,11384.94636,5891.380207,20673.90951,51262.98664,121515.5221
United Arab Emirates,ARE,2019,23161.14346,11055.68694,5877.2206,21027.14976,50928.98709,119501.1089
United Kingdom,GBR,1990,34702.91789,20133.60929,6210.230184,17926.33606,53727.75427,117015.1931
United Kingdom,GBR,1991,34364.43041,18741.74849,6190.285433,17989.1229,52485.52645,116879.1814
United Kingdom,GBR,1992,33974.27651,17094.73073,6090.995061,17975.2951,51343.37593,116454.7548
United Kingdom,GBR,1993,33898.88542,16221.74425,6038.665232,18024.65703,50667.73065,116947.5345
United Kingdom,GBR,1994,33428.51455,15591.26846,5978.805213,18072.23313,49286.82209,114819.1509
United Kingdom,GBR,1995,33310.88305,15196.82836,5911.624348,18141.89469,48522.02687,114346.5348
United Kingdom,GBR,1996,33019.81257,15164.25855,5833.445423,18140.44863,47589.29117,112962.64
United Kingdom,GBR,1997,32691.84227,14826.07112,5796.010571,18062.06382,46462.58612,111670.4704
United Kingdom,GBR,1998,32530.05889,14456.90583,5744.808535,18043.31065,45623.0584,111277.0144
United Kingdom,GBR,1999,32360.78537,14131.64179,5673.30823,18000.67491,44881.10502,110962.6583
United Kingdom,GBR,2000,31821.84089,13685.66893,5626.33206,17922.83683,43737.48873,108315.3704
United Kingdom,GBR,2001,31376.03026,13423.92584,5600.083509,17917.07089,42790.60718,105823.604
United Kingdom,GBR,2002,31226.49633,13357.79113,5554.718895,17869.59285,42361.26888,105194.2282
United Kingdom,GBR,2003,31028.98574,13749.12501,5507.07695,17791.30609,41965.5302,104073.9879
United Kingdom,GBR,2004,30488.04646,13587.27719,5445.920312,17644.85443,41180.84551,101272.4911
United Kingdom,GBR,2005,30163.5653,13577.79016,5436.879261,17589.74438,40669.59523,99198.02891
United Kingdom,GBR,2006,29933.45818,13518.90608,5444.604505,17594.92192,40277.61453,97377.32587
United Kingdom,GBR,2007,29697.41795,13299.74717,5411.749321,17507.3992,39820.45845,96081.4493
United Kingdom,GBR,2008,29485.93472,12820.14436,5347.022863,17412.12093,39388.46988,95123.56772
United Kingdom,GBR,2009,29070.03651,12376.6522,5297.925196,17225.27551,38747.24792,93102.06399
United Kingdom,GBR,2010,28783.25214,11949.44325,5237.726834,17007.47265,38320.47818,91932.6853
United Kingdom,GBR,2011,28529.50458,11638.35821,5174.351355,16803.72373,37786.13806,91231.21772
United Kingdom,GBR,2012,28460.91819,11188.1698,5150.783574,16637.88974,37448.96776,91511.0035
United Kingdom,GBR,2013,28504.32209,10736.07435,5121.623063,16601.07401,37350.85635,91398.53011
United Kingdom,GBR,2014,28439.62288,10575.79663,5097.029094,16561.59311,37074.26701,90408.0679
United Kingdom,GBR,2015,28619.05107,10586.71509,5061.310125,16582.16708,37147.05364,90329.75405
United Kingdom,GBR,2016,28701.15746,10571.42069,5037.613391,16660.69451,37207.65471,89451.96068
United Kingdom,GBR,2017,28768.04222,10449.84972,5041.60894,16683.74898,37028.85932,88357.09623
United Kingdom,GBR,2018,29118.14376,10306.5039,5111.753377,16684.89159,37106.6083,89151.26042
United Kingdom,GBR,2019,29324.84408,10103.44453,5161.279377,16675.10311,37155.99061,89296.94572
United States,USA,1990,32920.46883,23226.10109,6207.182554,22033.79068,56347.60691,108304.2671
United States,USA,1991,32693.51036,22046.91997,6098.740542,22146.28746,55599.69137,107197.9741
United States,USA,1992,32417.07873,20792.09963,5991.453289,22190.91009,54672.73626,106160.5907
United States,USA,1993,32588.56916,20143.65252,5958.10676,22426.40555,54400.25461,106931.1573
United States,USA,1994,32507.23513,19322.48036,5890.741327,22545.69786,53722.43955,106732.9785
United States,USA,1995,32410.62196,18518.76015,5828.387576,22503.92471,53207.38903,106844.4435
United States,USA,1996,31940.6088,18021.76895,5757.716723,22021.95754,52209.93649,106310.5716
United States,USA,1997,31494.26233,17793.03424,5667.849495,21492.36492,50871.02654,105864.1971
United States,USA,1998,31387.76249,17824.44808,5607.110836,21292.27485,49995.12895,106141.673
United States,USA,1999,31482.0052,17706.89303,5563.221403,21327.97706,49596.03172,106987.384
United States,USA,2000,31485.7868,17552.59528,5523.107406,21401.25071,48998.11735,106708.1059
United States,USA,2001,31584.33792,17358.04135,5541.323167,21637.03355,48560.45423,106338.579
United States,USA,2002,31561.25089,17282.48878,5488.492542,21612.12565,48217.415,106068.2301
United States,USA,2003,31499.29771,17287.67293,5473.586261,21596.00984,47822.8959,105122.9256
United States,USA,2004,31204.34112,17133.21914,5441.154045,21429.63387,47045.09936,103397.5234
United States,USA,2005,31351.50926,17342.06216,5467.99788,21511.36995,46890.06486,103031.2678
United States,USA,2006,31232.694,17289.05043,5357.242294,21397.50748,46468.71798,101850.708
United States,USA,2007,31115.67897,17215.14904,5365.634845,21199.77415,46117.38797,100813.6946
United States,USA,2008,31093.68856,16628.87994,5349.116283,20982.92537,46067.15669,100416.8763
United States,USA,2009,31010.29564,15846.37118,5356.858971,20815.68183,45960.21768,99349.77877
United States,USA,2010,30891.05453,15180.51142,5340.530376,20598.77553,45569.27174,98372.39666
United States,USA,2011,31074.39488,15057.8378,5349.070676,20584.56291,45622.41707,98194.95709
United States,USA,2012,31206.10595,15042.10335,5328.951083,20541.11075,45694.43242,97493.02618
United States,USA,2013,31437.36515,15077.00341,5339.782557,20569.51702,45838.33264,96781.56313
United States,USA,2014,31736.47347,15056.09834,5347.669211,20718.87397,46061.6947,96166.60324
United States,USA,2015,32183.18966,15081.24173,5381.847289,21054.17582,46365.90439,95933.16525
United States,USA,2016,32717.38211,14956.13284,5426.791266,21531.08726,46909.09202,95777.06468
United States,USA,2017,32931.27239,14612.2361,5445.513411,21657.57859,46912.36149,94610.58595
United States,USA,2018,33376.28276,14256.22916,5501.146631,21629.24603,47417.60788,95181.18726
United States,USA,2019,33866.3635,14095.84408,5590.63073,21752.01544,47836.9131,95798.36514
United States Virgin Islands,VIR,1990,28990.74777,34772.80494,7762.808124,22891.37834,54297.32963,110293.1367
United States Virgin Islands,VIR,1991,28939.03086,32730.38081,7742.936961,23064.85539,53184.10218,109046.6943
United States Virgin Islands,VIR,1992,28994.44196,31219.48623,7616.998987,23085.04585,52829.06165,108748.2389
United States Virgin Islands,VIR,1993,29200.85477,30064.2937,7533.474096,23172.51617,52723.99605,109103.3504
United States Virgin Islands,VIR,1994,29622.26819,29150.29099,7490.495586,23460.8597,52871.37391,110194.2814
United States Virgin Islands,VIR,1995,30099.55224,28579.31074,8118.489952,24297.04608,51218.92986,109431.5591
United States Virgin Islands,VIR,1996,29977.41586,27063.99093,7545.103488,24098.2026,50664.90599,109487.177
United States Virgin Islands,VIR,1997,29889.48844,26117.36526,7201.006399,23975.75445,49628.32342,109072.0109
United States Virgin Islands,VIR,1998,29987.58708,25303.12884,7023.16873,23912.64398,49174.46506,108722.9878
United States Virgin Islands,VIR,1999,30701.52101,24911.50869,7367.385919,24272.82565,49845.70046,109568.8175
United States Virgin Islands,VIR,2000,30910.63647,24280.50251,7310.339404,24283.09244,49604.88724,109471.6209
United States Virgin Islands,VIR,2001,31286.98012,23660.16169,7267.079256,24350.47628,49799.76704,109664.2656
United States Virgin Islands,VIR,2002,31373.95057,22553.57653,7171.027343,24198.23098,49594.48532,108853.2077
United States Virgin Islands,VIR,2003,31538.20567,21957.45883,7101.806649,23989.86552,49563.14704,108297.2541
United States Virgin Islands,VIR,2004,31858.25927,21536.59876,7054.847442,23904.99201,49764.05145,108051.6107
United States Virgin Islands,VIR,2005,32107.08822,21147.2209,7009.545363,23732.493,49767.63255,107694.7421
United States Virgin Islands,VIR,2006,32800.78754,20898.20775,6934.806698,23414.41463,51231.5998,109136.2853
United States Virgin Islands,VIR,2007,34524.41484,20482.53942,6046.944092,20550.66946,59880.57294,117932.343
United States Virgin Islands,VIR,2008,35014.13048,19957.84294,6015.899056,20505.00654,60078.87696,117680.8292
United States Virgin Islands,VIR,2009,35521.0707,19496.16331,5987.197338,20517.97872,60253.53234,117118.3218
United States Virgin Islands,VIR,2010,36067.30746,19100.79748,6011.1107,20574.33532,60456.83475,116605.6112
United States Virgin Islands,VIR,2011,36404.5395,18570.42075,5928.721793,20469.13905,60379.41703,115699.4305
United States Virgin Islands,VIR,2012,36908.94539,18102.78172,5901.886848,20499.1863,60610.1876,115103.2483
United States Virgin Islands,VIR,2013,37315.85634,17583.38513,5875.196956,20479.34442,60647.40204,114327.866
United States Virgin Islands,VIR,2014,37728.53568,17060.27391,5848.850527,20469.10057,60663.45699,113643.0165
United States Virgin Islands,VIR,2015,38288.16585,16499.42989,5824.291224,20582.15423,60931.65619,113215.8216
United States Virgin Islands,VIR,2016,38293.08318,15856.89512,5807.256898,20322.64328,60102.49758,111728.4931
United States Virgin Islands,VIR,2017,38961.84942,16168.81787,6185.469566,20574.49823,60053.15877,111504.9372
United States Virgin Islands,VIR,2018,39004.63358,15592.17683,5831.276017,20219.15639,59507.84455,110814.8036
United States Virgin Islands,VIR,2019,39290.6554,15397.50291,5811.492359,20152.12876,59221.11253,110448.5485
Uruguay,URY,1990,33829.20142,45411.87273,6512.70342,18859.53655,57632.09358,115134.0811
Uruguay,URY,1991,33495.92489,44505.95551,6525.605429,18664.08205,56850.79819,113905.0316
Uruguay,URY,1992,33467.72536,42966.57384,6579.182341,18714.43042,56947.98974,113677.0658
Uruguay,URY,1993,33827.43898,44149.00137,6555.251576,18966.45859,57077.78769,114266.1205
Uruguay,URY,1994,33473.88194,43014.39425,6275.917305,19095.09344,56279.7299,111873.7933
Uruguay,URY,1995,33482.69541,42810.95489,6293.949793,19025.73325,56265.67826,111574.5818
Uruguay,URY,1996,33131.10173,40626.74014,6353.999067,18882.7761,55790.15488,110255.7567
Uruguay,URY,1997,32846.8387,38254.04929,6449.943875,19038.61685,54995.07497,108991.5906
Uruguay,URY,1998,32827.10163,36000.8169,6305.757141,18975.83882,54957.63266,110823.4294
Uruguay,URY,1999,32457.81655,33465.80697,6064.598047,18770.17213,54453.15339,110810.7591
Uruguay,URY,2000,31859.49467,32103.123,5849.142688,18554.04885,53560.31904,107867.4505
Uruguay,URY,2001,31561.99285,31714.58275,5913.706702,18318.81019,52520.00157,107110.3645
Uruguay,URY,2002,31665.80512,32190.37378,5907.973518,18268.69849,52178.30195,107944.966
Uruguay,URY,2003,31802.83901,33899.1266,5959.695633,18012.98431,51786.11347,109031.4079
Uruguay,URY,2004,31468.58003,31329.70377,5977.906784,17822.37025,51245.01813,108609.0634
Uruguay,URY,2005,31094.38203,28953.78414,5752.955466,17850.78933,50499.41025,106821.869
Uruguay,URY,2006,30673.4531,26797.39947,5737.54388,17834.76297,49453.48903,104662.9777
Uruguay,URY,2007,31226.30753,26859.21944,5859.066416,18115.12039,49725.83486,106788.2995
Uruguay,URY,2008,30665.47637,25606.38786,5863.301614,18062.5687,48461.42795,103157.3945
Uruguay,URY,2009,30432.90265,24085.95964,5718.890989,18192.18389,47916.04296,100757.573
Uruguay,URY,2010,30643.66061,24709.0979,5684.457981,18272.43049,47707.24826,100702.7956
Uruguay,URY,2011,31018.38956,24371.91357,5585.645461,18472.73923,47331.85908,102671.4206
Uruguay,URY,2012,31018.4043,23146.94529,5557.772894,18507.67599,47108.17822,102289.5385
Uruguay,URY,2013,30853.89815,22187.86333,5573.949196,18441.006,46724.6144,100817.1998
Uruguay,URY,2014,30585.29221,20384.33091,5456.933773,18314.469,46320.38678,99500.97335
Uruguay,URY,2015,30686.77147,19715.58666,5379.884775,18270.57085,46408.14861,99617.77402
Uruguay,URY,2016,30658.25548,19471.03851,5368.781304,18146.46858,46177.83143,99206.33199
Uruguay,URY,2017,30745.0277,19065.59155,5321.786274,18051.06891,46309.82152,99403.01465
Uruguay,URY,2018,30779.02713,18497.06661,5314.360022,17998.84256,46264.57113,99290.37182
Uruguay,URY,2019,30883.95732,17993.53887,5287.081452,17938.1209,46322.35951,99406.93828
Uzbekistan,UZB,1990,36875.05053,102050.9133,9643.410222,19034.73648,61877.31194,119010.4626
Uzbekistan,UZB,1991,36728.16338,99658.3832,9659.66207,19332.06122,64252.08644,124390.2584
Uzbekistan,UZB,1992,37007.73125,98503.64318,9788.052711,19804.87332,67604.88237,133213.5304
Uzbekistan,UZB,1993,37812.62903,97568.1729,10047.27228,20768.28051,72973.11433,145836.992
Uzbekistan,UZB,1994,38364.86054,96579.73592,10235.97469,21688.97959,77433.96096,155587.214
Uzbekistan,UZB,1995,38653.40491,96257.48493,10392.15793,22465.51701,80377.32981,160036.1514
Uzbekistan,UZB,1996,38711.79142,94570.63551,10482.28136,23289.05354,83041.47069,164297.2581
Uzbekistan,UZB,1997,37931.87118,92064.56025,10545.91494,23337.31987,82410.85691,166040.4601
Uzbekistan,UZB,1998,37343.13611,89581.92989,10656.87464,23425.19797,82663.0054,169836.2698
Uzbekistan,UZB,1999,36634.57578,86884.54237,10602.87281,23393.1934,83027.91223,172372.8163
Uzbekistan,UZB,2000,36631.56321,84648.51312,10464.16339,23865.98413,86115.58159,182143.6759
Uzbekistan,UZB,2001,36194.0263,82347.35241,10235.09653,23639.73744,85976.47926,189345.2888
Uzbekistan,UZB,2002,36027.97533,80838.0118,10036.34641,23485.22498,86145.92277,198616.4866
Uzbekistan,UZB,2003,35888.91372,80073.13125,9804.483824,23245.42038,85723.84383,207543.7205
Uzbekistan,UZB,2004,35835.90689,78928.57116,9683.962973,23216.92996,85545.87319,212560.804
Uzbekistan,UZB,2005,36241.7725,77492.20843,9698.508349,23593.18798,86754.38371,220270.1033
Uzbekistan,UZB,2006,35275.90379,75608.57064,9562.559065,22908.30318,82630.41337,214833.8519
Uzbekistan,UZB,2007,34759.27944,73141.79553,9510.324688,22686.23186,79941.76743,212076.1026
Uzbekistan,UZB,2008,34032.06597,70294.63116,9359.516872,22035.57989,76529.28551,216090.1159
Uzbekistan,UZB,2009,33116.03743,66952.96407,9220.236308,21407.3211,72961.54068,213705.438
Uzbekistan,UZB,2010,32519.8225,63671.2882,9254.36588,20999.70015,70448.55503,214732.0982
Uzbekistan,UZB,2011,32374.5742,60374.57724,9309.208708,20935.62411,70346.37586,217182.9618
Uzbekistan,UZB,2012,32220.60087,57362.44094,9286.968298,20959.16579,70193.32192,217196.5343
Uzbekistan,UZB,2013,31759.91673,54586.86892,9197.841298,20756.75777,69363.63476,212311.4628
Uzbekistan,UZB,2014,31401.74862,52222.29371,8967.888218,20549.1395,69563.00776,206843.2986
Uzbekistan,UZB,2015,31132.21654,50070.57929,8788.604803,20456.37031,69552.70569,204316.0141
Uzbekistan,UZB,2016,30869.88264,47655.58225,8653.243149,20555.01233,69217.03647,202025.5453
Uzbekistan,UZB,2017,30465.95169,45018.36208,8465.441233,20512.01951,69090.50536,197979.7867
Uzbekistan,UZB,2018,30158.65077,43007.82417,8255.165214,20485.64085,69276.32442,193364.5576
Uzbekistan,UZB,2019,29875.56248,41341.68936,8082.97501,20578.34753,68891.46134,188317.9391
Vanuatu,VUT,1990,40885.80413,74500.83845,9788.187164,32118.71639,97603.99638,170997.1268
Vanuatu,VUT,1991,40584.64822,72608.65028,9655.449337,32233.53548,97593.29747,171260.626
Vanuatu,VUT,1992,40486.66093,71361.24771,9639.117711,32427.87115,97867.62839,171917.1581
Vanuatu,VUT,1993,40365.63306,70401.62916,9628.144351,32547.03204,97834.53828,172315.1419
Vanuatu,VUT,1994,39929.18144,69437.35759,9382.956271,32258.57352,97106.60239,171963.4104
Vanuatu,VUT,1995,39748.3946,68679.55901,9326.936854,32183.11368,96705.49038,172036.2281
Vanuatu,VUT,1996,39620.89739,68455.89413,9293.994778,32036.09166,96083.37547,171843.2004
Vanuatu,VUT,1997,43129.90258,72434.37277,13085.10945,35571.74071,98628.84135,174001.6924
Vanuatu,VUT,1998,39370.9407,68013.03732,9297.717889,31925.32091,95429.40523,171200.4288
Vanuatu,VUT,1999,40825.4872,69793.10902,10839.56027,33349.47726,96351.60842,171961.7426
Vanuatu,VUT,2000,39218.3159,68154.06387,9265.453899,31794.89419,94998.67082,170348.7884
Vanuatu,VUT,2001,39219.31734,68321.92093,9314.092466,31769.29209,94775.90601,169811.1625
Vanuatu,VUT,2002,39183.704,68608.13245,9250.949132,31651.43155,94281.91834,169343.2816
Vanuatu,VUT,2003,39124.7059,68460.12068,9234.640256,31538.66826,93785.24944,168713.5577
Vanuatu,VUT,2004,39158.25173,68547.17561,9285.114652,31448.45286,93282.34823,168048.6209
Vanuatu,VUT,2005,39114.23939,68235.75896,9211.4294,31314.18404,92877.97192,167644.0691
Vanuatu,VUT,2006,38896.3355,66800.30356,9148.700204,31171.03434,92360.02032,166852.3407
Vanuatu,VUT,2007,38702.49423,65215.16404,9091.145098,31106.25297,91898.77999,166251.4945
Vanuatu,VUT,2008,38538.04029,63519.83353,9036.563473,31072.93691,91677.50118,165680.9453
Vanuatu,VUT,2009,38420.13876,61877.55065,8984.483047,31060.62943,91586.60237,165267.5348
Vanuatu,VUT,2010,38076.91795,59717.29717,8890.87661,30869.45956,90936.04773,164167.2688
Vanuatu,VUT,2011,37935.17878,57796.15108,8815.425601,30860.90148,90911.73158,163703.8596
Vanuatu,VUT,2012,37613.82898,55722.18474,8719.636114,30703.09741,90298.65376,162795.0954
Vanuatu,VUT,2013,37352.48619,53806.03104,8632.556923,30597.8928,89955.06582,162098.1019
Vanuatu,VUT,2014,37399.2273,52661.38428,8847.496896,30744.17782,89788.05944,161592.8583
Vanuatu,VUT,2015,37230.36802,51502.85775,8764.044685,30657.52228,89489.16913,160962.027
Vanuatu,VUT,2016,36907.50036,50204.26355,8490.995056,30410.20885,89176.91725,160351.2032
Vanuatu,VUT,2017,36787.94383,49038.77914,8459.621846,30405.04811,89259.32189,160438.5261
Vanuatu,VUT,2018,36673.92825,47982.45,8390.364365,30367.97578,89224.05252,160274.7648
Vanuatu,VUT,2019,36574.47894,47067.88521,8308.057503,30307.03287,89207.14819,160195.3197
Venezuela,VEN,1990,28631.16367,64981.32595,8283.920497,20227.66571,54881.94388,107989.2164
Venezuela,VEN,1991,27053.00201,52083.9065,7948.153965,20493.82725,55331.72048,107574.4578
Venezuela,VEN,1992,27304.80353,52059.44785,8004.979136,20903.29849,55086.00168,106794.8728
Venezuela,VEN,1993,27616.62626,53289.41891,7929.395595,21278.86508,54333.36284,106704.2923
Venezuela,VEN,1994,28472.32009,56788.34775,7893.983756,21910.49982,54563.13672,108966.1271
Venezuela,VEN,1995,28007.88903,56400.74267,7832.05818,21467.01646,53737.16264,106913.412
Venezuela,VEN,1996,27188.9488,54087.33364,7740.966485,21027.83892,52423.20347,102480.531
Venezuela,VEN,1997,26200.87311,50868.81508,7510.388037,20489.21294,50582.15935,98914.15586
Venezuela,VEN,1998,26300.44507,49710.44439,7455.606968,20801.94746,50829.94805,99438.02379
Venezuela,VEN,1999,33900.75835,55155.05127,15754.03146,29070.33993,55957.48415,104065.1111
Venezuela,VEN,2000,26302.48402,43827.47966,7327.648915,22101.98074,49676.03585,98440.65183
Venezuela,VEN,2001,26666.85818,44396.14568,7417.927428,22448.89821,49520.13368,98826.64067
Venezuela,VEN,2002,26617.99291,44338.03579,7316.228946,21924.92841,50274.29731,100699.0933
Venezuela,VEN,2003,27775.03003,50483.06313,7498.373343,22288.47366,51135.2616,101943.6678
Venezuela,VEN,2004,26333.84657,43235.25589,7195.395261,21471.64751,48809.50452,98269.64888
Venezuela,VEN,2005,25745.78724,39242.6651,7057.517854,20815.82788,48752.71774,97901.57307
Venezuela,VEN,2006,25903.94283,36432.2982,7044.56015,20848.80721,49964.2223,99318.93639
Venezuela,VEN,2007,26371.93768,36217.82644,7104.152132,21149.28317,50513.59323,99807.79628
Venezuela,VEN,2008,26896.16895,36318.54233,7138.009077,21504.8091,51096.68627,100490.5603
Venezuela,VEN,2009,27074.89425,37218.64152,7142.917626,21552.40916,50399.92093,99168.3332
Venezuela,VEN,2010,26794.84327,37450.38687,7078.898459,21693.06231,47490.3731,94727.92805
Venezuela,VEN,2011,26900.50258,36707.20503,6957.944968,21844.70787,47206.89917,94207.38161
Venezuela,VEN,2012,27453.54548,36513.22836,6976.168357,22401.868,47790.68266,94188.03105
Venezuela,VEN,2013,27458.56065,35807.04876,6948.130133,22626.49431,46734.20387,92200.22627
Venezuela,VEN,2014,27579.4274,34502.10008,6841.543389,22907.4435,46157.98541,92526.33396
Venezuela,VEN,2015,27643.77694,32674.60436,6760.20005,23029.72185,46098.15579,92441.16399
Venezuela,VEN,2016,27930.50653,32183.20192,6778.449445,22628.78639,47145.89314,93398.61944
Venezuela,VEN,2017,28620.20472,32148.74606,6799.85998,22734.82208,47725.35639,93976.40148
Venezuela,VEN,2018,29095.68487,31633.28246,6772.207849,22857.23869,48034.83781,94540.98681
Venezuela,VEN,2019,29602.62406,31030.78714,6733.97087,22446.20795,49876.20595,98175.43339
Vietnam,VNM,1990,32935.39102,83325.52101,9053.772754,18781.6977,62483.2403,136784.9109
Vietnam,VNM,1991,32070.15889,79284.65842,8923.654708,18681.76325,62036.72462,135523.3953
Vietnam,VNM,1992,31109.37777,75161.54432,8725.531792,18479.37778,61470.55218,134006.075
Vietnam,VNM,1993,30215.39094,71245.27691,8565.627524,18322.74012,60900.40413,132580.617
Vietnam,VNM,1994,29386.69326,67837.06681,8407.158126,18151.18184,60285.53236,131168.4092
Vietnam,VNM,1995,28597.11789,64774.56669,8233.655863,17942.96924,59654.71421,129944.0026
Vietnam,VNM,1996,27955.65557,62132.7988,8137.38666,17816.91807,59021.67521,128886.0018
Vietnam,VNM,1997,27507.93868,59881.41151,8183.930325,17824.4577,58393.81411,127863.5711
Vietnam,VNM,1998,26730.76919,57570.27897,7788.757337,17395.38411,57418.17736,126537.5085
Vietnam,VNM,1999,26275.91439,55507.55745,7614.996088,17262.81384,56628.76328,125449.4126
Vietnam,VNM,2000,25885.08501,53567.24426,7445.698865,17168.88996,55972.19457,124454.1987
Vietnam,VNM,2001,25755.11902,51631.29296,7304.052322,17234.43148,55211.69624,123596.1338
Vietnam,VNM,2002,25687.98779,49882.42079,7162.26743,17297.7977,54461.38029,122900.9032
Vietnam,VNM,2003,25733.9768,48316.48474,7059.656064,17415.1695,53800.78358,122600.9639
Vietnam,VNM,2004,25809.72978,46727.40722,6960.266403,17515.07277,53165.0479,122536.8547
Vietnam,VNM,2005,25893.18204,45092.97635,6863.534158,17596.37874,52460.28807,122695.5971
Vietnam,VNM,2006,25961.06949,43433.89147,6762.043658,17603.05895,51912.56541,122882.4297
Vietnam,VNM,2007,26110.8643,41841.3519,6629.158192,17684.89227,51604.74233,123269.7315
Vietnam,VNM,2008,26257.23264,40272.50032,6501.73863,17762.17378,51307.37877,123646.8721
Vietnam,VNM,2009,26330.42645,38692.58188,6375.403033,17762.3207,50940.61437,123918.1536
Vietnam,VNM,2010,26325.26501,36966.44488,6258.153332,17728.08302,50430.73016,124045.0711
Vietnam,VNM,2011,26374.39772,35281.71637,6174.364762,17721.38119,50294.12075,124214.7371
Vietnam,VNM,2012,26378.67299,33545.6904,6089.08328,17677.48564,50162.14295,124327.6661
Vietnam,VNM,2013,26418.44951,32024.68667,6035.50091,17657.84497,50127.88164,124350.3187
Vietnam,VNM,2014,26434.63628,30595.96459,5961.110509,17603.52415,50135.13502,124159.6637
Vietnam,VNM,2015,26442.43804,29250.3073,5902.20806,17552.91903,50060.31163,123832.3152
Vietnam,VNM,2016,26513.58489,28005.80826,5857.808307,17515.77696,50248.03366,123401.1567
Vietnam,VNM,2017,26587.12155,26778.7617,5809.398885,17468.5115,50422.77668,122859.2071
Vietnam,VNM,2018,26669.74614,25600.42018,5741.550904,17419.54913,50550.75145,122226.2797
Vietnam,VNM,2019,26782.93988,24614.50626,5685.928304,17375.9323,50656.84146,121328.0727
Wales,,1990,35390.14904,18231.55533,5894.081649,17053.34085,54425.43878,117193.5722
Wales,,1991,35202.68367,17103.3009,5894.435517,17286.09239,53196.65638,116977.6408
Wales,,1992,35011.15491,15919.02183,5731.524146,17343.25886,52197.65678,117002.3118
Wales,,1993,35124.43544,15111.5459,5701.327725,17513.06322,51768.0907,117539.8559
Wales,,1994,34756.69231,14589.48183,5603.869191,17644.24001,50493.19572,115500.0739
Wales,,1995,34728.83637,14253.77531,5502.538746,17852.82474,49493.93439,115261.5047
Wales,,1996,34384.35076,14128.20761,5362.884832,17834.00495,48272.12265,113915.3288
Wales,,1997,34129.83291,13972.08267,5378.535345,17799.49952,47049.55173,112905.283
Wales,,1998,33963.71735,13597.87521,5446.718685,17793.76773,46087.26791,112347.8868
Wales,,1999,33934.83868,13039.14511,5440.218244,17807.92677,45481.01494,112679.1663
Wales,,2000,33389.53549,12375.39143,5456.623665,17788.45274,44208.11847,110296.7128
Wales,,2001,32906.3509,11844.99486,5325.974726,17766.38529,43260.69903,107989.0881
Wales,,2002,32707.70847,11576.99618,5269.090753,17648.82767,42886.33971,107151.3236
Wales,,2003,32539.63232,11681.7084,5267.963744,17630.41662,42382.36452,106248.1723
Wales,,2004,32138.77534,11733.63114,5236.665463,17464.65663,41767.1866,104323.6575
Wales,,2005,31860.82431,11686.35465,5230.640193,17390.32012,41358.73535,102549.3294
Wales,,2006,31555.56968,11605.52712,5311.80794,17493.26013,40889.6647,99917.0359
Wales,,2007,31389.5747,11612.03489,5309.158894,17479.19941,40560.12789,98471.80123
Wales,,2008,31202.71845,11260.60491,5244.114317,17330.59962,40278.43864,97427.83364
Wales,,2009,30920.4806,10990.75317,5151.105691,17231.99435,39707.25797,95928.6399
Wales,,2010,30683.90936,10650.66935,5129.508167,17193.05344,38996.82408,94813.29016
Wales,,2011,30554.0796,10363.08813,5060.358358,17187.93626,38447.23696,94087.18954
Wales,,2012,30635.0782,10156.88138,4995.065281,17118.66575,38323.04262,94234.89531
Wales,,2013,30746.24382,9796.590788,4996.962056,16887.20724,38696.8641,93881.20149
Wales,,2014,30543.06317,9533.429397,4896.020135,16669.61022,38423.74402,92213.11394
Wales,,2015,30766.04352,9402.429969,4875.503164,16851.85649,38455.39808,91577.18162
Wales,,2016,30803.43635,9230.930116,4944.198529,16960.25283,38361.31957,90304.13575
Wales,,2017,30933.23091,9152.460658,4995.751793,16957.66548,38299.93518,89160.19054
Wales,,2018,31253.47911,8993.620326,5044.564345,16932.31115,38258.68255,89500.82099
Wales,,2019,31533.66158,8834.058328,5033.009473,16904.62248,38185.33898,90040.7875
Western Pacific Region (WHO),,1990,34053.1072,98458.52087,9634.866187,18231.90496,58333.95125,134745.5138
Western Pacific Region (WHO),,1991,33555.26955,95419.54072,9563.170713,18084.47543,57529.2745,133380.6534
Western Pacific Region (WHO),,1992,32879.33423,91680.71537,9397.366634,17896.24705,56687.47333,132022.5619
Western Pacific Region (WHO),,1993,32225.59719,88214.26226,9266.122762,17770.43654,55898.53755,130616.2199
Western Pacific Region (WHO),,1994,31678.12839,84945.85565,9365.945116,17942.87233,54576.1321,128342.7511
Western Pacific Region (WHO),,1995,31145.04613,81568.88434,9396.679705,18078.34339,53454.51073,126421.4135
Western Pacific Region (WHO),,1996,30543.98192,78202.33364,9271.395265,17989.21166,52483.26382,124529.1968
Western Pacific Region (WHO),,1997,29893.45002,74605.51315,9085.40809,17814.93366,51300.64572,122367.5837
Western Pacific Region (WHO),,1998,29454.13834,70906.34132,8953.663573,17819.39073,50442.73882,120680.8423
Western Pacific Region (WHO),,1999,29085.13439,67068.65871,8699.512376,17677.90583,49846.01013,120403.6785
Western Pacific Region (WHO),,2000,28836.63774,63300.60432,8463.467702,17597.27604,49568.10522,120729.6068
Western Pacific Region (WHO),,2001,28435.79616,59265.2458,8201.434854,17336.73439,48830.06565,120031.2322
Western Pacific Region (WHO),,2002,28113.49306,55403.82593,7797.617724,16959.49131,48793.70787,119373.1522
Western Pacific Region (WHO),,2003,27915.89476,51611.00153,7447.62533,16688.81895,48640.9928,119013.5263
Western Pacific Region (WHO),,2004,27913.78518,48626.44245,7283.328455,16582.12166,48263.4362,118970.1401
Western Pacific Region (WHO),,2005,27662.95943,45841.26756,7107.355984,16344.59588,47181.28625,117592.1809
Western Pacific Region (WHO),,2006,27183.6823,43341.94667,6936.873546,16052.67373,45814.17303,113556.5088
Western Pacific Region (WHO),,2007,26884.93841,40974.23495,6802.740887,15864.26517,44822.01947,110858.2512
Western Pacific Region (WHO),,2008,27077.53788,39383.33319,7101.280771,16072.69456,44358.70363,110004.8855
Western Pacific Region (WHO),,2009,26849.58415,37314.42154,6976.908102,15804.4695,43527.58621,109602.7896
Western Pacific Region (WHO),,2010,26867.73985,35162.22162,6869.145509,15783.54219,43125.80378,109569.0585
Western Pacific Region (WHO),,2011,26826.07916,33661.68509,6698.416398,15613.44975,42954.41686,108471.758
Western Pacific Region (WHO),,2012,26686.80184,32413.8364,6562.239135,15399.52069,42568.43436,106156.1188
Western Pacific Region (WHO),,2013,26621.62356,30731.93044,6499.593182,15327.04894,41854.6215,104672.186
Western Pacific Region (WHO),,2014,26579.92862,28861.9059,6314.67575,15270.43291,41185.32663,103499.9771
Western Pacific Region (WHO),,2015,26620.71369,28207.94512,6192.597648,15170.88533,40657.00874,102252.4696
Western Pacific Region (WHO),,2016,26805.59034,27299.93147,6125.838928,15155.75218,40337.70506,101718.4844
Western Pacific Region (WHO),,2017,26868.05909,25164.09861,6043.136712,15156.0973,39886.3136,100603.9394
Western Pacific Region (WHO),,2018,26943.85349,23130.80069,5917.536391,15136.23912,39543.32602,99700.03811
Western Pacific Region (WHO),,2019,27142.78822,21698.89631,5824.089589,15110.98394,39350.97242,98922.38484
World,OWID_WRL,1990,48477.60542,170928.2247,14129.33036,23701.54406,65188.33297,132473.8461
World,OWID_WRL,1991,47980.4262,167505.5869,14252.00713,23831.20134,64937.20944,131669.5874
World,OWID_WRL,1992,47224.71409,163574.82,13852.14412,23825.74675,64834.23105,130873.2464
World,OWID_WRL,1993,46720.75431,160344.8,13648.466,24006.48996,65052.02275,130658.2674
World,OWID_WRL,1994,46774.73617,159059.7014,13792.62326,24850.93516,65038.62231,129456.7053
World,OWID_WRL,1995,45658.24091,155597.006,13116.2273,24401.36122,64234.5058,128139.8346
World,OWID_WRL,1996,44971.55223,152927.4644,12919.22214,24350.34189,63420.17374,126632.6716
World,OWID_WRL,1997,44397.24441,149916.6101,12801.40139,24356.25164,62722.9768,125656.1905
World,OWID_WRL,1998,43899.29196,147005.6212,12738.00213,24445.45748,61815.07819,124735.2755
World,OWID_WRL,1999,43503.39234,143858.7949,12587.37145,24667.10596,61055.10402,124140.5517
World,OWID_WRL,2000,42931.9961,140060.6663,12381.3874,24634.19201,60486.76144,123494.1587
World,OWID_WRL,2001,42304.94821,136400.6366,12214.84127,24406.90363,59738.81465,122751.1852
World,OWID_WRL,2002,41753.11805,133034.9783,11831.18622,24195.27287,59353.5831,122323.1607
World,OWID_WRL,2003,41158.42027,129499.3855,11580.66712,23942.96573,58746.03013,121238.8689
World,OWID_WRL,2004,40707.17128,126132.2799,11746.34999,23918.98098,57707.86821,119335.7613
World,OWID_WRL,2005,40058.68881,122211.9773,11598.69616,23545.37961,56915.29214,118545.0625
World,OWID_WRL,2006,39228.63201,118187.2184,11312.16816,23107.41986,55703.27013,116518.4686
World,OWID_WRL,2007,38506.14151,114019.3691,11119.36106,22732.22455,54833.35718,114916.7572
World,OWID_WRL,2008,38101.45797,110285.0994,11148.1878,22614.99104,54345.75829,114310.5663
World,OWID_WRL,2009,37230.08273,106274.3044,10813.87519,22043.86191,53339.35622,112631.3371
World,OWID_WRL,2010,36874.49424,102852.6465,10901.78428,21960.68039,52964.30975,111613.5174
World,OWID_WRL,2011,36114.47952,98900.15727,10470.3602,21458.43378,52361.41117,110443.5597
World,OWID_WRL,2012,35546.18438,95276.96361,10298.291,21143.30913,51844.74189,109275.7364
World,OWID_WRL,2013,35028.69455,92048.29513,10022.6501,20892.20517,51085.40817,108691.8725
World,OWID_WRL,2014,34535.63759,88477.93804,9826.347801,20657.51061,50591.68955,107880.2838
World,OWID_WRL,2015,34185.2068,85129.39836,9686.742347,20447.16328,50602.42537,107179.6157
World,OWID_WRL,2016,33764.5768,80903.97787,9525.625356,20340.60366,50256.60499,106454.7223
World,OWID_WRL,2017,33349.11237,77004.5306,9366.481338,20236.51232,49711.67274,105560.3646
World,OWID_WRL,2018,33028.2477,73720.48853,9206.160921,20112.23934,49332.87251,105211.0965
World,OWID_WRL,2019,32801.70178,71052.46158,9065.673003,20016.11648,49080.45543,104606.0982
World Bank High Income,,1990,31073.81597,24479.80456,6327.79661,19108.25932,50711.37613,110706.1938
World Bank High Income,,1991,30952.7342,23299.12413,6239.741984,19165.0679,50169.01111,109315.5413
World Bank High Income,,1992,30719.27856,22047.88621,6144.52836,19123.06612,49450.48452,107723.9083
World Bank High Income,,1993,30671.05729,20955.77418,6073.37877,19148.02548,49002.68031,107078.2732
World Bank High Income,,1994,30548.62158,20098.88299,6001.999518,19175.53257,48393.0749,105691.8317
World Bank High Income,,1995,30486.41512,19157.29734,5927.05067,19154.38602,48006.08333,104968.1503
World Bank High Income,,1996,30153.09246,18449.53016,5835.098243,18888.66781,47167.75288,103468.8115
World Bank High Income,,1997,29847.15199,17806.65388,5755.454027,18592.18843,46165.58065,102079.2385
World Bank High Income,,1998,29764.91235,17300.29069,5686.932815,18445.65115,45484.01788,101454.0933
World Bank High Income,,1999,29737.00516,16834.47273,5621.181333,18375.243,44894.63844,100902.2374
World Bank High Income,,2000,29512.85586,16404.69681,5544.794602,18254.12744,44032.35124,99190.3245
World Bank High Income,,2001,29396.6151,15971.94693,5515.740833,18217.72902,43406.88545,97764.21401
World Bank High Income,,2002,29318.12815,15621.51304,5474.076808,18110.66191,42908.34624,96945.70903
World Bank High Income,,2003,29280.78147,15340.2095,5430.411428,18034.96469,42570.73762,96078.86204
World Bank High Income,,2004,29027.46484,14982.82322,5379.181476,17888.34083,41946.17164,94072.96253
World Bank High Income,,2005,29022.47011,14743.64711,5354.160446,17847.91156,41646.71734,93087.05048
World Bank High Income,,2006,28882.0555,14479.02134,5295.520003,17735.03933,41210.55245,91575.10963
World Bank High Income,,2007,28820.53211,14247.58065,5265.485973,17620.21797,40933.10094,90588.03025
World Bank High Income,,2008,28746.52328,13805.31843,5233.945047,17485.52006,40650.06147,89759.85786
World Bank High Income,,2009,28650.78206,13279.90323,5220.72535,17357.73911,40380.15878,88710.42442
World Bank High Income,,2010,28533.45187,12741.8042,5182.109442,17190.37581,39995.78982,87737.29143
World Bank High Income,,2011,28587.99449,12445.85355,5172.297722,17107.80304,39828.97065,87337.93873
World Bank High Income,,2012,28567.27891,12180.93251,5128.751824,16973.43033,39582.66735,86823.10206
World Bank High Income,,2013,28590.32405,11970.31108,5100.84861,16895.72667,39388.01638,86196.12789
World Bank High Income,,2014,28635.61539,11857.71611,5088.789226,16888.69132,39166.19425,85445.45495
World Bank High Income,,2015,28877.93047,11765.01476,5085.2963,16969.2312,39191.70394,85680.34586
World Bank High Income,,2016,29027.227,11610.22613,5082.236587,17069.03859,39172.63963,85316.80851
World Bank High Income,,2017,29178.31366,11256.26723,5090.352106,17139.75898,39049.40915,84647.22912
World Bank High Income,,2018,29465.49989,10948.77528,5108.137088,17185.40187,39035.41467,84870.99653
World Bank High Income,,2019,29757.89884,10733.56536,5141.094384,17263.5295,39034.53132,84966.23087
World Bank Low Income,,1990,104164.5891,374465.0005,21792.67286,39482.11751,98180.36302,170399.6547
World Bank Low Income,,1991,102342.9866,366974.4733,21088.86774,39340.5961,98093.78514,169901.7249
World Bank Low Income,,1992,100608.1188,358324.533,20535.31064,39698.00435,97864.08846,169060.5179
World Bank Low Income,,1993,99584.74265,351267.2231,20341.06106,40597.64838,98130.34903,168730.1346
World Bank Low Income,,1994,108010.7573,357905.9018,26031.13321,52476.30287,103486.4189,172011.6199
World Bank Low Income,,1995,98752.7278,339929.059,20293.53136,43121.88163,102161.9963,174427.5059
World Bank Low Income,,1996,97883.88262,334116.9975,20605.86596,44275.62581,100709.2272,170977.7617
World Bank Low Income,,1997,96232.69442,326066.6657,20432.31583,44633.71203,100472.5271,169948.9883
World Bank Low Income,,1998,94676.17277,318209.7243,20363.17328,45046.77109,100386.6997,169196.356
World Bank Low Income,,1999,93234.66021,310542.447,20442.53114,45681.87606,99793.11592,168010.741
World Bank Low Income,,2000,90672.84026,299153.4651,20060.30761,45366.18266,100334.1376,168354.5854
World Bank Low Income,,2001,87356.1907,288088.9496,19234.05324,43720.62544,98795.64985,166618.5359
World Bank Low Income,,2002,84914.33594,277540.6907,19018.59615,43310.12117,97472.06237,165078.0766
World Bank Low Income,,2003,81633.6163,265655.8447,18574.62665,42163.58858,94237.22837,159569.234
World Bank Low Income,,2004,78885.96305,254910.5892,18220.48207,41200.1595,92854.27374,157997.0053
World Bank Low Income,,2005,75995.20888,244740.3407,17747.88769,39880.51387,90893.05408,156098.275
World Bank Low Income,,2006,73052.09935,234849.217,17272.473,38342.66235,88987.13019,154407.7207
World Bank Low Income,,2007,70268.58279,225647.562,16898.12008,36815.35007,87031.15855,152724.7753
World Bank Low Income,,2008,67542.41287,216500.1356,16524.24976,35356.25927,85123.00773,151121.1761
World Bank Low Income,,2009,65150.23428,208307.3755,16151.85423,34213.11013,83424.55268,149688.7402
World Bank Low Income,,2010,65193.97322,202891.9046,17808.00772,35650.93634,84008.33377,150206.1113
World Bank Low Income,,2011,60542.53485,192638.1049,15251.01043,32011.54391,80450.59827,147161.4923
World Bank Low Income,,2012,58113.315,183426.4287,14884.87624,31031.84586,79181.49805,145847.1337
World Bank Low Income,,2013,56026.26666,175766.7095,14643.64611,30144.0063,77850.80766,144539.6058
World Bank Low Income,,2014,54226.62474,168665.3108,14453.81028,29571.66865,76851.71634,143162.3213
World Bank Low Income,,2015,52406.52933,161919.0859,14254.17747,28833.77863,75635.97909,142069.3144
World Bank Low Income,,2016,50729.22936,155905.8108,13991.20372,28146.84957,74483.55027,140718.2221
World Bank Low Income,,2017,48887.60257,148540.8201,13708.55156,27504.52889,73483.58837,139703.7382
World Bank Low Income,,2018,47119.81759,142197.4731,13238.58258,26646.43875,72753.76989,139468.8139
World Bank Low Income,,2019,45653.22503,136471.0277,12889.018,26081.80465,71930.17812,138581.3138
World Bank Lower Middle Income,,1990,61483.47312,218091.8707,18609.38695,27917.30437,78853.76885,159906.6612
World Bank Lower Middle Income,,1991,60904.42566,213661.9372,19159.74797,28333.212,79060.07746,160695.3606
World Bank Lower Middle Income,,1992,59385.90152,207753.5266,18407.26379,27973.15345,79021.83504,160770.0822
World Bank Lower Middle Income,,1993,58098.66784,202158.036,18051.60788,27883.54488,78539.89769,159867.6278
World Bank Lower Middle Income,,1994,56717.59721,197040.9486,17196.60671,27670.09865,78239.92672,157925.3719
World Bank Lower Middle Income,,1995,55656.16893,192880.4113,16722.15796,27612.0565,77781.49611,156290.8362
World Bank Lower Middle Income,,1996,54574.99226,187801.1115,16275.64863,27544.44433,77839.73719,155105.1158
World Bank Lower Middle Income,,1997,53919.93451,182893.8288,16108.59336,27798.88343,78615.95602,156203.8444
World Bank Lower Middle Income,,1998,53101.80187,178521.4273,16003.32633,27894.34664,77725.67666,155605.2928
World Bank Lower Middle Income,,1999,52050.39363,173767.5775,15545.80074,27970.90427,76085.3447,153194.5398
World Bank Lower Middle Income,,2000,51116.37479,169012.7129,15340.29153,27884.08402,75255.73544,152437.3388
World Bank Lower Middle Income,,2001,50195.18922,164438.028,15181.67448,27614.56211,74445.74076,152342.1082
World Bank Lower Middle Income,,2002,49123.30039,160308.2269,14471.46787,27213.67803,73574.65592,151554.6065
World Bank Lower Middle Income,,2003,48002.4739,156173.6507,13977.46211,26725.49282,72509.87283,148793.0113
World Bank Lower Middle Income,,2004,47449.80003,152360.1756,14408.22394,26998.40306,70830.4412,144658.9651
World Bank Lower Middle Income,,2005,46334.82309,147234.4796,14179.04729,26390.17873,69904.68737,144454.2668
World Bank Lower Middle Income,,2006,45275.73666,142127.7073,13654.34734,25926.09327,69172.32073,144467.8149
World Bank Lower Middle Income,,2007,44283.86069,136989.007,13257.4903,25504.02647,68772.56911,143514.9178
World Bank Lower Middle Income,,2008,43704.88133,132643.3689,13254.3083,25486.52629,68337.32248,143197.9278
World Bank Lower Middle Income,,2009,42221.96104,127681.7842,12647.62858,24614.91907,66816.4732,138281.8347
World Bank Lower Middle Income,,2010,41302.18493,123158.1729,12365.20622,24254.33582,66421.79735,134966.3801
World Bank Lower Middle Income,,2011,40514.04909,118813.0682,12164.18324,23957.85354,65967.45691,133780.3357
World Bank Lower Middle Income,,2012,39728.53652,114765.9783,11939.88014,23614.19299,65374.57873,133008.8421
World Bank Lower Middle Income,,2013,38903.31529,111321.1678,11460.70538,23204.86691,64207.00544,133732.2223
World Bank Lower Middle Income,,2014,37932.6344,107001.984,11132.93279,22628.88286,63517.35115,132668.725
World Bank Lower Middle Income,,2015,37353.47483,103129.9616,10968.63542,22286.0605,64365.12091,131197.7113
World Bank Lower Middle Income,,2016,36458.84209,97466.89703,10717.28005,22053.71541,63725.38893,129633.7588
World Bank Lower Middle Income,,2017,35780.865,93123.16468,10503.1683,21880.16578,62918.09348,129080.2329
World Bank Lower Middle Income,,2018,35243.88156,89213.32389,10382.54344,21729.49949,62291.33511,129171.3853
World Bank Lower Middle Income,,2019,34732.99186,85897.4276,10228.71435,21556.51357,61672.93367,127971.2833
World Bank Upper Middle Income,,1990,36086.49628,99905.74004,9866.245182,20320.25531,62336.65009,137166.3649
World Bank Upper Middle Income,,1991,35444.24798,96214.82006,9618.248073,20211.27555,61807.86653,135998.7842
World Bank Upper Middle Income,,1992,35041.53252,92544.23791,9475.837925,20387.70937,61947.81872,135567.3817
World Bank Upper Middle Income,,1993,34882.96328,89433.95004,9336.894925,20685.87581,62999.84024,136188.4067
World Bank Upper Middle Income,,1994,34699.71119,86609.26364,9381.15902,21195.56951,62934.62735,135123.0924
World Bank Upper Middle Income,,1995,34131.05369,83685.80836,9383.167396,21353.19118,61505.52842,132882.2647
World Bank Upper Middle Income,,1996,33410.3234,80601.92302,9248.750692,21144.93963,60015.59402,131142.4042
World Bank Upper Middle Income,,1997,32711.69425,77389.31578,9101.739241,20902.67981,58443.23017,129119.727
World Bank Upper Middle Income,,1998,32275.24387,74031.90146,8991.899924,20930.15618,57341.94002,127400.9859
World Bank Upper Middle Income,,1999,32305.51005,70785.63778,9021.921504,21231.91166,57154.7042,127544.7806
World Bank Upper Middle Income,,2000,32061.98371,67170.41689,8682.493489,21217.24459,56927.2445,127659.0814
World Bank Upper Middle Income,,2001,31751.80513,63699.66425,8476.681089,21063.30039,56150.63264,127025.6011
World Bank Upper Middle Income,,2002,31618.45767,60393.92927,8170.07982,20914.33122,56217.57675,126976.4341
World Bank Upper Middle Income,,2003,31590.67094,57587.85146,8035.446936,20854.21725,55958.78165,126676.8563
World Bank Upper Middle Income,,2004,31376.40323,54695.83806,7835.136447,20651.77069,55084.01622,125822.471
World Bank Upper Middle Income,,2005,31148.7027,52106.48173,7647.135586,20419.65593,54135.35629,124658.9246
World Bank Upper Middle Income,,2006,30473.82835,49602.98505,7505.133429,19961.87178,52112.79285,120596.1142
World Bank Upper Middle Income,,2007,29977.66886,46877.01175,7459.104296,19631.11616,50570.05916,117715.7383
World Bank Upper Middle Income,,2008,29916.79158,44649.35047,7549.98165,19560.49422,49936.76781,116920.0226
World Bank Upper Middle Income,,2009,29503.30119,42206.40779,7416.261653,19119.95534,48777.3972,116274.3675
World Bank Upper Middle Income,,2010,29373.25922,39770.61336,7321.587782,18956.96723,48183.78028,116210.9367
World Bank Upper Middle Income,,2011,29008.29333,37970.0595,7191.266992,18575.0672,47364.74391,114294.5181
World Bank Upper Middle Income,,2012,28716.18434,36540.46328,7051.010738,18244.30867,46695.99228,112081.7905
World Bank Upper Middle Income,,2013,28533.19114,34710.66553,6949.806487,18113.63877,45858.26724,110636.2388
World Bank Upper Middle Income,,2014,28528.33131,32929.99968,6844.433945,18124.66443,45316.12619,109827.3543
World Bank Upper Middle Income,,2015,28414.63569,31346.53415,6649.92317,17954.6275,44772.77778,108583.1111
World Bank Upper Middle Income,,2016,28490.86213,29697.5642,6582.088786,17934.58156,44437.83825,107839.2789
World Bank Upper Middle Income,,2017,28382.60218,27378.93733,6471.371547,17861.79702,43747.28499,106514.8573
World Bank Upper Middle Income,,2018,28315.40955,25432.99023,6285.412238,17773.81486,43229.54641,105366.1286
World Bank Upper Middle Income,,2019,28425.90545,24065.25106,6176.729915,17719.37603,42983.52798,104491.7701
Yemen,YEM,1990,81397.26853,277421.5625,15862.25692,28475.19536,82613.80186,154582.7714
Yemen,YEM,1991,78523.9076,268551.9629,15518.94521,28118.7854,81692.77262,153596.0127
Yemen,YEM,1992,75994.16356,260729.7982,15230.76273,27892.99963,80975.70526,152795.2962
Yemen,YEM,1993,73622.97319,253748.4125,14934.73147,27499.2641,80232.14034,152043.9594
Yemen,YEM,1994,71954.1097,247372.6321,15033.53629,28011.48639,79641.23335,151282.0502
Yemen,YEM,1995,69022.34374,238851.2605,14362.08842,26838.64513,78453.39084,150301.0359
Yemen,YEM,1996,67054.98115,231918.6744,14219.51047,26572.3703,77536.14689,149424.5787
Yemen,YEM,1997,64960.01692,224787.5216,13795.24099,26067.46325,76430.29509,148508.1081
Yemen,YEM,1998,62977.33782,216783.5834,13558.53452,25803.69588,75355.7135,147523.5068
Yemen,YEM,1999,60791.50524,207893.3346,13207.92963,25310.40516,74150.19614,146429.287
Yemen,YEM,2000,58800.02751,199007.4997,12929.81827,24963.19431,73285.80071,145329.7914
Yemen,YEM,2001,56831.1326,189604.3483,12685.38002,24618.37368,72161.73453,144251.7011
Yemen,YEM,2002,54999.80128,180712.4872,12445.91284,24269.09599,71080.06563,143333.4504
Yemen,YEM,2003,53337.73242,172377.2234,12239.6395,24027.16359,70100.39989,142480.1914
Yemen,YEM,2004,51547.46546,163897.7491,11994.65814,23680.72609,68987.80438,141513.0617
Yemen,YEM,2005,49652.59011,155058.7928,11767.31881,23370.13145,67964.02266,140533.9623
Yemen,YEM,2006,47960.43486,147512.4852,11530.59313,23076.66964,67101.22427,139598.913
Yemen,YEM,2007,46570.71006,141309.6433,11392.24812,22926.944,66372.78884,138807.1472
Yemen,YEM,2008,45192.83798,135805.6821,11227.83496,22657.79431,65551.29081,137981.6579
Yemen,YEM,2009,43743.84048,130005.9158,11047.34172,22458.30393,64700.81123,137143.0486
Yemen,YEM,2010,42133.59514,123373.9137,10874.61676,22307.59505,63801.93492,136231.8881
Yemen,YEM,2011,41138.90429,118478.5487,10933.73443,22609.39867,63463.40473,135670.7652
Yemen,YEM,2012,40109.76674,113468.4323,11018.1237,22900.74608,63141.28044,135040.5744
Yemen,YEM,2013,38200.36574,107595.2106,10551.03982,22027.95665,62456.35813,134157.5736
Yemen,YEM,2014,37430.05302,102953.6219,10704.03248,22660.99421,62328.3303,133751.7754
Yemen,YEM,2015,37603.07358,100733.6061,11316.56827,24049.63352,62640.13272,133725.9706
Yemen,YEM,2016,38793.54775,100577.998,12403.37635,26485.56535,63652.08304,134174.4729
Yemen,YEM,2017,38852.74584,100889.5157,12720.0579,26884.74449,64390.73515,134762.6435
Yemen,YEM,2018,39248.35986,108930.9207,11260.73627,24591.37892,73635.47288,156952.1156
Yemen,YEM,2019,36899.94265,95612.77033,12079.80633,25872.84327,65215.85731,135499.7509
Zambia,ZMB,1990,104045.1848,356890.8322,21143.40385,45473.30484,105289.8834,180336.9264
Zambia,ZMB,1991,107399.391,359201.7318,21467.33798,50357.7517,111222.8557,183824.4261
Zambia,ZMB,1992,110131.9363,357199.9262,21814.03852,55671.97401,117332.0864,186439.7249
Zambia,ZMB,1993,111194.867,347533.9159,21702.09565,60878.59735,123440.3131,188579.5124
Zambia,ZMB,1994,113172.7575,341716.8385,21931.9598,66275.68085,130092.5976,191016.9957
Zambia,ZMB,1995,115047.7431,336563.4396,22178.7323,71341.46209,136649.1525,193683.2174
Zambia,ZMB,1996,115992.16,329128.0402,22377.74314,75720.74456,141769.6844,195548.9493
Zambia,ZMB,1997,115865.6559,319831.1381,22473.63106,79021.12252,145221.4861,196506.2489
Zambia,ZMB,1998,115381.025,310882.5677,22595.40909,81655.77469,147932.1507,197089.9798
Zambia,ZMB,1999,114641.0241,303352.9489,22730.80406,83489.40923,149284.7938,196898.633
Zambia,ZMB,2000,112645.7661,292240.1629,22745.89687,84477.48687,149914.6201,196061.4639
Zambia,ZMB,2001,112935.6275,294641.5858,23094.73846,84758.74702,149529.624,194619.2524
Zambia,ZMB,2002,107203.1981,270470.2969,22639.02306,83754.49692,147528.9455,191512.467
Zambia,ZMB,2003,103325.4988,259525.9914,22487.36047,81091.78101,144363.1628,188635.8305
Zambia,ZMB,2004,98446.10698,247756.0385,22243.43645,76873.98811,138888.3899,184525.7526
Zambia,ZMB,2005,93753.11581,235942.5233,22171.98321,72887.20999,133348.7574,180591.8827
Zambia,ZMB,2006,88677.74121,223521.7697,21949.83074,68233.59479,128242.6964,177324.8226
Zambia,ZMB,2007,82142.52155,211296.6184,21612.22606,60779.17117,119935.8083,172762.5452
Zambia,ZMB,2008,74830.11406,196140.0113,20766.07627,53156.31773,111100.6172,168171.6767
Zambia,ZMB,2009,69031.22411,179114.1307,19447.06704,49300.76247,105513.3493,164810.9791
Zambia,ZMB,2010,65267.08772,164929.6414,18707.63783,47731.20017,103674.689,163481.7093
Zambia,ZMB,2011,61789.10727,153811.1032,18038.79973,45537.66676,101563.4187,161552.9079
Zambia,ZMB,2012,58237.53992,144188.8405,17251.22682,42817.57598,98473.34683,158761.3842
Zambia,ZMB,2013,55274.1243,135501.2304,16727.37955,40779.20944,95703.59578,156114.5915
Zambia,ZMB,2014,52980.15223,128096.8426,16737.89964,39226.57638,93791.31516,154046.4557
Zambia,ZMB,2015,51082.25872,123488.911,16097.98676,37816.31,92277.69401,152380.9631
Zambia,ZMB,2016,49182.75215,118706.2606,15145.70503,36578.53062,91011.54611,150635.2174
Zambia,ZMB,2017,47579.85158,113736.0726,14617.88175,35658.81316,90148.92448,149546.869
Zambia,ZMB,2018,45583.68786,108237.3051,13859.68714,34276.66572,88540.9896,148257.4403
Zambia,ZMB,2019,43852.96484,103645.9348,13341.50987,32953.7136,86666.95428,146827.0165
Zimbabwe,ZWE,1990,49527.37107,134934.2395,11414.80369,33122.65894,81500.24747,147348.0961
Zimbabwe,ZWE,1991,51361.70592,136894.1663,10897.08072,37336.44461,83203.15445,147218.4516
Zimbabwe,ZWE,1992,54586.12669,141345.4686,10449.07882,42967.50095,87709.92581,149191.3811
Zimbabwe,ZWE,1993,58591.068,146130.4712,10148.0217,49776.51639,93136.71982,150266.4707
Zimbabwe,ZWE,1994,62739.31566,148237.9382,10084.28482,57314.44761,99106.82195,151209.8516
Zimbabwe,ZWE,1995,67566.64676,151079.644,10237.17824,65220.24349,107175.2418,154471.8182
Zimbabwe,ZWE,1996,72338.80712,155218.4703,10628.3063,72352.30478,114495.9717,156163.9657
Zimbabwe,ZWE,1997,75659.59326,153269.668,10565.9771,78538.01177,121465.9834,157371.9368
Zimbabwe,ZWE,1998,80189.2932,154367.5816,11301.94931,85271.01426,129894.6404,161742.5151
Zimbabwe,ZWE,1999,84029.8855,155289.441,12084.04954,90775.45624,136764.3151,165769.2962
Zimbabwe,ZWE,2000,87615.98205,156673.9779,13096.7511,95437.34843,144024.6218,170172.8266
Zimbabwe,ZWE,2001,89355.90346,156816.4764,13841.33513,97476.70473,147434.1886,171343.3717
Zimbabwe,ZWE,2002,91167.82108,158047.7325,14812.92247,99230.0877,150988.8441,173741.7199
Zimbabwe,ZWE,2003,92070.27621,158391.445,15752.20376,99752.24786,153270.0943,175892.3444
Zimbabwe,ZWE,2004,92308.30729,159730.3434,16640.70568,98837.80117,154807.6687,178605.6926
Zimbabwe,ZWE,2005,90986.36922,160724.8858,17408.84477,95658.96515,152640.4092,178699.8383
Zimbabwe,ZWE,2006,88883.22568,160775.9042,17859.62608,91454.60535,149951.9032,179390.4753
Zimbabwe,ZWE,2007,85884.03726,158569.3236,17857.45811,86449.06311,146751.4426,180491.8516
Zimbabwe,ZWE,2008,83957.23824,163106.6843,17763.00385,81487.4842,143763.7576,183116.6525
Zimbabwe,ZWE,2009,79852.66232,161792.505,17149.85934,74611.47271,138506.6448,183898.2894
Zimbabwe,ZWE,2010,72611.40727,148023.6259,16616.57663,65760.74191,130178.9226,181778.3508
Zimbabwe,ZWE,2011,66469.9094,140314.1333,15797.81517,57544.66013,121481.7831,177462.7808
Zimbabwe,ZWE,2012,61655.22442,130696.9858,15421.31865,51939.81809,115691.7572,173802.3125
Zimbabwe,ZWE,2013,58350.00977,124182.3265,15108.89051,48142.7582,111692.0209,170778.8882
Zimbabwe,ZWE,2014,56218.73494,119216.8424,14947.3857,45834.58939,109753.3505,169074.1105
Zimbabwe,ZWE,2015,54386.73561,114430.975,14567.28019,44148.98664,108389.934,167355.9014
Zimbabwe,ZWE,2016,52510.38984,109688.2481,14594.37456,42246.9445,106684.767,165251.1889
Zimbabwe,ZWE,2017,50866.49342,106639.2282,14732.06442,40322.17789,104680.2144,163283.2626
Zimbabwe,ZWE,2018,48833.30976,103318.2316,13909.09357,38247.09427,102345.3541,161098.7529
Zimbabwe,ZWE,2019,47938.10301,102192.2074,13439.61241,37400.95287,101076.5394,159603.7008