Country,Code,Year,DALYs (Disability-Adjusted Life Years) - All causes 
Afghanistan,AFG,1990,86375.17279
Afghanistan,AFG,1991,83381.06766
Afghanistan,AFG,1992,79890.54669
Afghanistan,AFG,1993,80292.51939
Afghanistan,AFG,1994,83334.92713
Afghanistan,AFG,1995,82236.12511
Afghanistan,AFG,1996,81310.23246
Afghanistan,AFG,1997,82392.73211
Afghanistan,AFG,1998,86656.28938
Afghanistan,AFG,1999,82624.93928
Afghanistan,AFG,2000,82453.65192
Afghanistan,AFG,2001,81231.56553
Afghanistan,AFG,2002,78088.27083
Afghanistan,AFG,2003,75103.76218
Afghanistan,AFG,2004,73137.36198
Afghanistan,AFG,2005,71629.72292
Afghanistan,AFG,2006,70807.14785
Afghanistan,AFG,2007,69128.74145
Afghanistan,AFG,2008,66997.47659
Afghanistan,AFG,2009,64894.09183
Afghanistan,AFG,2010,63174.68647
Afghanistan,AFG,2011,61540.15437
Afghanistan,AFG,2012,60391.33562
Afghanistan,AFG,2013,59000.28465
Afghanistan,AFG,2014,59104.70582
Afghanistan,AFG,2015,59166.96151
Afghanistan,AFG,2016,58734.64839
Afghanistan,AFG,2017,56378.68616
Afghanistan,AFG,2018,57072.04666
Afghanistan,AFG,2019,55424.6543
African Region (WHO),,1990,81293.91886
African Region (WHO),,1991,81083.68658
African Region (WHO),,1992,81211.09293
African Region (WHO),,1993,81499.83914
African Region (WHO),,1994,87390.81738
African Region (WHO),,1995,82430.31714
African Region (WHO),,1996,83171.22887
African Region (WHO),,1997,83498.74793
African Region (WHO),,1998,83616.40403
African Region (WHO),,1999,83622.81751
African Region (WHO),,2000,83190.95426
African Region (WHO),,2001,81804.94369
African Region (WHO),,2002,80819.82124
African Region (WHO),,2003,79647.90697
African Region (WHO),,2004,77920.91405
African Region (WHO),,2005,75863.70699
African Region (WHO),,2006,73577.57024
African Region (WHO),,2007,71032.90677
African Region (WHO),,2008,68595.9921
African Region (WHO),,2009,66411.82758
African Region (WHO),,2010,64253.61703
African Region (WHO),,2011,62232.38541
African Region (WHO),,2012,60309.10987
African Region (WHO),,2013,58643.16851
African Region (WHO),,2014,57292.67662
African Region (WHO),,2015,55797.63253
African Region (WHO),,2016,54387.66195
African Region (WHO),,2017,52988.47789
African Region (WHO),,2018,51464.45539
African Region (WHO),,2019,50162.52453
Albania,ALB,1990,32964.6075
Albania,ALB,1991,33162.63461
Albania,ALB,1992,32292.11627
Albania,ALB,1993,31441.54266
Albania,ALB,1994,30390.97593
Albania,ALB,1995,30182.7444
Albania,ALB,1996,30116.7334
Albania,ALB,1997,33109.65389
Albania,ALB,1998,29309.00079
Albania,ALB,1999,29370.87099
Albania,ALB,2000,28848.19232
Albania,ALB,2001,27648.08278
Albania,ALB,2002,27530.32617
Albania,ALB,2003,27736.05854
Albania,ALB,2004,27398.03996
Albania,ALB,2005,26713.87811
Albania,ALB,2006,25758.58487
Albania,ALB,2007,24893.50872
Albania,ALB,2008,24697.82159
Albania,ALB,2009,24045.61425
Albania,ALB,2010,23714.97631
Albania,ALB,2011,23656.72797
Albania,ALB,2012,23478.62111
Albania,ALB,2013,23331.12249
Albania,ALB,2014,23344.08538
Albania,ALB,2015,23340.38682
Albania,ALB,2016,23202.79138
Albania,ALB,2017,23066.61995
Albania,ALB,2018,22890.58417
Albania,ALB,2019,22815.37776
Algeria,DZA,1990,44481.52658
Algeria,DZA,1991,43197.6394
Algeria,DZA,1992,42388.76825
Algeria,DZA,1993,41685.73999
Algeria,DZA,1994,41385.53964
Algeria,DZA,1995,40746.07689
Algeria,DZA,1996,39536.09525
Algeria,DZA,1997,39515.3055
Algeria,DZA,1998,38457.14776
Algeria,DZA,1999,37351.23301
Algeria,DZA,2000,36846.78599
Algeria,DZA,2001,36030.55203
Algeria,DZA,2002,35203.20056
Algeria,DZA,2003,34712.37507
Algeria,DZA,2004,33567.11965
Algeria,DZA,2005,32839.02237
Algeria,DZA,2006,32196.06709
Algeria,DZA,2007,31628.07498
Algeria,DZA,2008,31037.11065
Algeria,DZA,2009,30552.55294
Algeria,DZA,2010,30010.91196
Algeria,DZA,2011,29644.56043
Algeria,DZA,2012,29213.7927
Algeria,DZA,2013,28876.59202
Algeria,DZA,2014,28651.75599
Algeria,DZA,2015,28369.16035
Algeria,DZA,2016,27924.89411
Algeria,DZA,2017,27533.20695
Algeria,DZA,2018,27329.15246
Algeria,DZA,2019,27001.2051
American Samoa,ASM,1990,35230.48669
American Samoa,ASM,1991,35185.26717
American Samoa,ASM,1992,35106.28699
American Samoa,ASM,1993,34934.24048
American Samoa,ASM,1994,34905.92017
American Samoa,ASM,1995,34847.63778
American Samoa,ASM,1996,34782.71982
American Samoa,ASM,1997,34743.69989
American Samoa,ASM,1998,34693.84775
American Samoa,ASM,1999,34590.96817
American Samoa,ASM,2000,34493.81485
American Samoa,ASM,2001,34406.55069
American Samoa,ASM,2002,34317.75551
American Samoa,ASM,2003,34791.81408
American Samoa,ASM,2004,33971.41795
American Samoa,ASM,2005,33765.57509
American Samoa,ASM,2006,33648.11365
American Samoa,ASM,2007,33431.22052
American Samoa,ASM,2008,33231.12564
American Samoa,ASM,2009,36541.0032
American Samoa,ASM,2010,32954.56639
American Samoa,ASM,2011,32913.72258
American Samoa,ASM,2012,32893.9179
American Samoa,ASM,2013,33146.76797
American Samoa,ASM,2014,32910.25568
American Samoa,ASM,2015,32926.37536
American Samoa,ASM,2016,32958.90451
American Samoa,ASM,2017,32904.9099
American Samoa,ASM,2018,32810.45202
American Samoa,ASM,2019,32712.12681
Andorra,AND,1990,22259.04447
Andorra,AND,1991,22087.76411
Andorra,AND,1992,22039.40043
Andorra,AND,1993,21831.50525
Andorra,AND,1994,21718.98076
Andorra,AND,1995,21464.06381
Andorra,AND,1996,21278.76264
Andorra,AND,1997,21012.91657
Andorra,AND,1998,20812.78367
Andorra,AND,1999,20588.15026
Andorra,AND,2000,20467.25097
Andorra,AND,2001,20310.51931
Andorra,AND,2002,20114.64922
Andorra,AND,2003,20013.62857
Andorra,AND,2004,19986.43521
Andorra,AND,2005,19900.29159
Andorra,AND,2006,19820.47629
Andorra,AND,2007,19715.22468
Andorra,AND,2008,19579.226
Andorra,AND,2009,19535.46089
Andorra,AND,2010,19424.83791
Andorra,AND,2011,19356.41269
Andorra,AND,2012,19295.68462
Andorra,AND,2013,19252.76015
Andorra,AND,2014,19183.46976
Andorra,AND,2015,19082.58923
Andorra,AND,2016,19100.10133
Andorra,AND,2017,19090.05829
Andorra,AND,2018,19046.79797
Andorra,AND,2019,18988.5558
Angola,AGO,1990,98087.43885
Angola,AGO,1991,95738.35828
Angola,AGO,1992,95521.55658
Angola,AGO,1993,100371.3148
Angola,AGO,1994,95577.07426
Angola,AGO,1995,92588.18632
Angola,AGO,1996,90757.35677
Angola,AGO,1997,90618.19468
Angola,AGO,1998,94063.11374
Angola,AGO,1999,89538.21127
Angola,AGO,2000,86555.91823
Angola,AGO,2001,84280.31377
Angola,AGO,2002,80793.28433
Angola,AGO,2003,78688.03075
Angola,AGO,2004,77092.04126
Angola,AGO,2005,74411.50627
Angola,AGO,2006,72377.44503
Angola,AGO,2007,69245.51139
Angola,AGO,2008,66682.03252
Angola,AGO,2009,64448.53402
Angola,AGO,2010,62311.88001
Angola,AGO,2011,60501.70598
Angola,AGO,2012,58814.45768
Angola,AGO,2013,56949.87165
Angola,AGO,2014,54709.58121
Angola,AGO,2015,53346.14212
Angola,AGO,2016,52420.92344
Angola,AGO,2017,51424.75201
Angola,AGO,2018,50373.88142
Angola,AGO,2019,49198.56115
Antigua and Barbuda,ATG,1990,29131.30112
Antigua and Barbuda,ATG,1991,29065.08869
Antigua and Barbuda,ATG,1992,29144.25512
Antigua and Barbuda,ATG,1993,29938.84977
Antigua and Barbuda,ATG,1994,30016.83652
Antigua and Barbuda,ATG,1995,30208.55936
Antigua and Barbuda,ATG,1996,29359.05247
Antigua and Barbuda,ATG,1997,30188.60905
Antigua and Barbuda,ATG,1998,28637.40375
Antigua and Barbuda,ATG,1999,28465.99973
Antigua and Barbuda,ATG,2000,28191.6601
Antigua and Barbuda,ATG,2001,27830.18409
Antigua and Barbuda,ATG,2002,27445.40442
Antigua and Barbuda,ATG,2003,27098.84906
Antigua and Barbuda,ATG,2004,26933.42692
Antigua and Barbuda,ATG,2005,26657.80621
Antigua and Barbuda,ATG,2006,26589.42317
Antigua and Barbuda,ATG,2007,27273.95046
Antigua and Barbuda,ATG,2008,27082.49695
Antigua and Barbuda,ATG,2009,26360.16838
Antigua and Barbuda,ATG,2010,26269.30134
Antigua and Barbuda,ATG,2011,26215.14343
Antigua and Barbuda,ATG,2012,26116.04619
Antigua and Barbuda,ATG,2013,26000.61353
Antigua and Barbuda,ATG,2014,26164.82077
Antigua and Barbuda,ATG,2015,26132.48946
Antigua and Barbuda,ATG,2016,26056.51299
Antigua and Barbuda,ATG,2017,25986.21173
Antigua and Barbuda,ATG,2018,25810.80765
Antigua and Barbuda,ATG,2019,25727.92306
Argentina,ARG,1990,32649.42878
Argentina,ARG,1991,32300.89873
Argentina,ARG,1992,32152.17455
Argentina,ARG,1993,31700.03423
Argentina,ARG,1994,31216.34413
Argentina,ARG,1995,31050.33076
Argentina,ARG,1996,30977.96004
Argentina,ARG,1997,30715.08243
Argentina,ARG,1998,30548.5631
Argentina,ARG,1999,30195.96373
Argentina,ARG,2000,29537.08085
Argentina,ARG,2001,29368.06034
Argentina,ARG,2002,29436.984
Argentina,ARG,2003,29125.97124
Argentina,ARG,2004,28320.94711
Argentina,ARG,2005,27770.23539
Argentina,ARG,2006,27587.22994
Argentina,ARG,2007,27706.20831
Argentina,ARG,2008,27278.04821
Argentina,ARG,2009,27041.15851
Argentina,ARG,2010,26830.54276
Argentina,ARG,2011,26656.47173
Argentina,ARG,2012,26449.57754
Argentina,ARG,2013,26282.3113
Argentina,ARG,2014,25972.85423
Argentina,ARG,2015,25819.42523
Argentina,ARG,2016,26079.38614
Argentina,ARG,2017,26006.41555
Argentina,ARG,2018,25773.74254
Argentina,ARG,2019,25646.36305
Armenia,ARM,1990,36862.84721
Armenia,ARM,1991,37092.45724
Armenia,ARM,1992,38785.87335
Armenia,ARM,1993,39620.19722
Armenia,ARM,1994,38607.44825
Armenia,ARM,1995,37239.99508
Armenia,ARM,1996,36413.30529
Armenia,ARM,1997,35010.68955
Armenia,ARM,1998,34098.1264
Armenia,ARM,1999,33444.91642
Armenia,ARM,2000,32526.78174
Armenia,ARM,2001,32206.63997
Armenia,ARM,2002,31659.52564
Armenia,ARM,2003,31367.89373
Armenia,ARM,2004,30897.07842
Armenia,ARM,2005,30693.90374
Armenia,ARM,2006,30566.49282
Armenia,ARM,2007,29816.65275
Armenia,ARM,2008,29731.90076
Armenia,ARM,2009,29397.05021
Armenia,ARM,2010,28916.08686
Armenia,ARM,2011,28411.95757
Armenia,ARM,2012,27722.48644
Armenia,ARM,2013,26920.30752
Armenia,ARM,2014,26667.78825
Armenia,ARM,2015,26747.43325
Armenia,ARM,2016,26609.62253
Armenia,ARM,2017,26087.03115
Armenia,ARM,2018,25930.91598
Armenia,ARM,2019,25752.81277
Australia,AUS,1990,26008.85951
Australia,AUS,1991,25401.57739
Australia,AUS,1992,25125.71974
Australia,AUS,1993,24686.06568
Australia,AUS,1994,24564.32948
Australia,AUS,1995,24253.8154
Australia,AUS,1996,24087.23796
Australia,AUS,1997,23770.24686
Australia,AUS,1998,23467.78648
Australia,AUS,1999,23180.85561
Australia,AUS,2000,22814.90615
Australia,AUS,2001,22418.30449
Australia,AUS,2002,22164.59764
Australia,AUS,2003,21854.56611
Australia,AUS,2004,21544.96825
Australia,AUS,2005,21262.73688
Australia,AUS,2006,21024.33902
Australia,AUS,2007,20923.68449
Australia,AUS,2008,20797.99023
Australia,AUS,2009,20643.86983
Australia,AUS,2010,20403.86574
Australia,AUS,2011,20201.38711
Australia,AUS,2012,19895.18145
Australia,AUS,2013,19744.49927
Australia,AUS,2014,19684.70447
Australia,AUS,2015,19666.82429
Australia,AUS,2016,19542.27877
Australia,AUS,2017,19564.37779
Australia,AUS,2018,19622.72696
Australia,AUS,2019,19607.61345
Austria,AUT,1990,26628.74795
Austria,AUT,1991,26442.15119
Austria,AUT,1992,26195.43395
Austria,AUT,1993,25903.66284
Austria,AUT,1994,25531.0918
Austria,AUT,1995,25081.06681
Austria,AUT,1996,24704.9673
Austria,AUT,1997,24183.63018
Austria,AUT,1998,23848.68649
Austria,AUT,1999,23534.14658
Austria,AUT,2000,23188.71631
Austria,AUT,2001,22769.75059
Austria,AUT,2002,22542.81567
Austria,AUT,2003,22433.91558
Austria,AUT,2004,22069.54668
Austria,AUT,2005,21794.6048
Austria,AUT,2006,21369.12369
Austria,AUT,2007,21131.1881
Austria,AUT,2008,20887.39868
Austria,AUT,2009,20827.8879
Austria,AUT,2010,20609.1911
Austria,AUT,2011,20358.53366
Austria,AUT,2012,20149.86601
Austria,AUT,2013,19959.14246
Austria,AUT,2014,19774.81291
Austria,AUT,2015,19699.88894
Austria,AUT,2016,19512.38393
Austria,AUT,2017,19323.08977
Austria,AUT,2018,19194.66075
Austria,AUT,2019,19104.09015
Azerbaijan,AZE,1990,45927.77889
Azerbaijan,AZE,1991,46794.0285
Azerbaijan,AZE,1992,50725.62409
Azerbaijan,AZE,1993,50936.81034
Azerbaijan,AZE,1994,51904.51891
Azerbaijan,AZE,1995,49588.84931
Azerbaijan,AZE,1996,48098.88216
Azerbaijan,AZE,1997,47269.16043
Azerbaijan,AZE,1998,46759.00168
Azerbaijan,AZE,1999,46186.30237
Azerbaijan,AZE,2000,45458.43244
Azerbaijan,AZE,2001,44238.24665
Azerbaijan,AZE,2002,43923.33429
Azerbaijan,AZE,2003,44025.07551
Azerbaijan,AZE,2004,43795.00867
Azerbaijan,AZE,2005,43530.64345
Azerbaijan,AZE,2006,42559.27141
Azerbaijan,AZE,2007,41366.05162
Azerbaijan,AZE,2008,40719.79855
Azerbaijan,AZE,2009,39991.33769
Azerbaijan,AZE,2010,39453.44752
Azerbaijan,AZE,2011,38875.20261
Azerbaijan,AZE,2012,38316.85027
Azerbaijan,AZE,2013,37823.80913
Azerbaijan,AZE,2014,37515.67306
Azerbaijan,AZE,2015,37066.85844
Azerbaijan,AZE,2016,36733.94076
Azerbaijan,AZE,2017,36377.99052
Azerbaijan,AZE,2018,35439.36649
Azerbaijan,AZE,2019,34842.40047
Bahamas,BHS,1990,35136.4708
Bahamas,BHS,1991,34921.21702
Bahamas,BHS,1992,35058.77361
Bahamas,BHS,1993,35595.16035
Bahamas,BHS,1994,36001.65858
Bahamas,BHS,1995,35613.04388
Bahamas,BHS,1996,36227.39479
Bahamas,BHS,1997,35019.92651
Bahamas,BHS,1998,34415.58144
Bahamas,BHS,1999,35467.02168
Bahamas,BHS,2000,34650.35668
Bahamas,BHS,2001,34536.45355
Bahamas,BHS,2002,33434.35837
Bahamas,BHS,2003,32580.21801
Bahamas,BHS,2004,32554.02677
Bahamas,BHS,2005,31461.65349
Bahamas,BHS,2006,31807.45678
Bahamas,BHS,2007,30941.4171
Bahamas,BHS,2008,31020.46224
Bahamas,BHS,2009,31307.70574
Bahamas,BHS,2010,31269.15192
Bahamas,BHS,2011,31360.67686
Bahamas,BHS,2012,31337.55654
Bahamas,BHS,2013,31040.88863
Bahamas,BHS,2014,30936.39134
Bahamas,BHS,2015,31363.41352
Bahamas,BHS,2016,30740.07337
Bahamas,BHS,2017,30605.69358
Bahamas,BHS,2018,30451.17344
Bahamas,BHS,2019,31350.04611
Bahrain,BHR,1990,38255.42111
Bahrain,BHR,1991,38267.4374
Bahrain,BHR,1992,37771.35826
Bahrain,BHR,1993,36894.39194
Bahrain,BHR,1994,36249.42601
Bahrain,BHR,1995,35803.84542
Bahrain,BHR,1996,35519.76216
Bahrain,BHR,1997,35020.17994
Bahrain,BHR,1998,34741.78955
Bahrain,BHR,1999,34433.04702
Bahrain,BHR,2000,33436.14483
Bahrain,BHR,2001,30297.95423
Bahrain,BHR,2002,31435.76895
Bahrain,BHR,2003,32508.5292
Bahrain,BHR,2004,32263.2076
Bahrain,BHR,2005,31699.95303
Bahrain,BHR,2006,31165.11065
Bahrain,BHR,2007,29932.1321
Bahrain,BHR,2008,29146.60865
Bahrain,BHR,2009,28284.28237
Bahrain,BHR,2010,27556.71176
Bahrain,BHR,2011,27119.14892
Bahrain,BHR,2012,26680.24823
Bahrain,BHR,2013,25965.768
Bahrain,BHR,2014,25304.19833
Bahrain,BHR,2015,24962.13874
Bahrain,BHR,2016,24814.53021
Bahrain,BHR,2017,24869.43331
Bahrain,BHR,2018,24548.59574
Bahrain,BHR,2019,24433.9466
Bangladesh,BGD,1990,67634.75153
Bangladesh,BGD,1991,71771.48024
Bangladesh,BGD,1992,62319.35893
Bangladesh,BGD,1993,60263.94907
Bangladesh,BGD,1994,58343.54394
Bangladesh,BGD,1995,57156.33219
Bangladesh,BGD,1996,55132.40572
Bangladesh,BGD,1997,53344.95462
Bangladesh,BGD,1998,51695.52495
Bangladesh,BGD,1999,50243.23482
Bangladesh,BGD,2000,49291.08462
Bangladesh,BGD,2001,48059.44919
Bangladesh,BGD,2002,47179.81542
Bangladesh,BGD,2003,46358.76556
Bangladesh,BGD,2004,45287.68353
Bangladesh,BGD,2005,44452.83208
Bangladesh,BGD,2006,43583.0307
Bangladesh,BGD,2007,42599.50242
Bangladesh,BGD,2008,40995.76854
Bangladesh,BGD,2009,39717.20541
Bangladesh,BGD,2010,38728.62525
Bangladesh,BGD,2011,36895.83818
Bangladesh,BGD,2012,35238.24798
Bangladesh,BGD,2013,34238.36571
Bangladesh,BGD,2014,33592.96358
Bangladesh,BGD,2015,32683.77513
Bangladesh,BGD,2016,32034.02532
Bangladesh,BGD,2017,31697.31379
Bangladesh,BGD,2018,31044.59434
Bangladesh,BGD,2019,30475.25863
Barbados,BRB,1990,29653.40289
Barbados,BRB,1991,29192.33668
Barbados,BRB,1992,29499.07487
Barbados,BRB,1993,29479.19693
Barbados,BRB,1994,29610.05069
Barbados,BRB,1995,29539.3393
Barbados,BRB,1996,29252.64754
Barbados,BRB,1997,29086.15583
Barbados,BRB,1998,28731.78258
Barbados,BRB,1999,28319.95374
Barbados,BRB,2000,28359.65051
Barbados,BRB,2001,27603.17257
Barbados,BRB,2002,27738.28508
Barbados,BRB,2003,27976.39915
Barbados,BRB,2004,27884.78156
Barbados,BRB,2005,27428.07584
Barbados,BRB,2006,27180.50061
Barbados,BRB,2007,26947.4074
Barbados,BRB,2008,26652.90593
Barbados,BRB,2009,26337.07745
Barbados,BRB,2010,26256.74301
Barbados,BRB,2011,26158.27358
Barbados,BRB,2012,25802.48678
Barbados,BRB,2013,25773.779
Barbados,BRB,2014,25783.36008
Barbados,BRB,2015,25752.33748
Barbados,BRB,2016,25717.35862
Barbados,BRB,2017,25721.61793
Barbados,BRB,2018,25794.0893
Barbados,BRB,2019,26073.51283
Belarus,BLR,1990,34195.08368
Belarus,BLR,1991,35014.4651
Belarus,BLR,1992,35886.64694
Belarus,BLR,1993,37760.43859
Belarus,BLR,1994,38087.43157
Belarus,BLR,1995,38934.72025
Belarus,BLR,1996,38516.78233
Belarus,BLR,1997,38880.80317
Belarus,BLR,1998,39411.60714
Belarus,BLR,1999,39917.85505
Belarus,BLR,2000,38198.50224
Belarus,BLR,2001,39030.4385
Belarus,BLR,2002,40018.28173
Belarus,BLR,2003,38881.30613
Belarus,BLR,2004,38019.30149
Belarus,BLR,2005,38246.30607
Belarus,BLR,2006,36959.91114
Belarus,BLR,2007,35273.23648
Belarus,BLR,2008,34870.81257
Belarus,BLR,2009,34646.40757
Belarus,BLR,2010,34599.41866
Belarus,BLR,2011,34648.24358
Belarus,BLR,2012,31469.50044
Belarus,BLR,2013,30653.47678
Belarus,BLR,2014,29959.08281
Belarus,BLR,2015,29032.53972
Belarus,BLR,2016,28635.82351
Belarus,BLR,2017,28567.3621
Belarus,BLR,2018,28419.08274
Belarus,BLR,2019,28374.75902
Belgium,BEL,1990,26249.81621
Belgium,BEL,1991,26007.64384
Belgium,BEL,1992,25836.3016
Belgium,BEL,1993,25695.25653
Belgium,BEL,1994,25420.71645
Belgium,BEL,1995,25072.11249
Belgium,BEL,1996,24651.94697
Belgium,BEL,1997,24405.12596
Belgium,BEL,1998,24224.66413
Belgium,BEL,1999,24066.48404
Belgium,BEL,2000,23915.7508
Belgium,BEL,2001,23654.83361
Belgium,BEL,2002,23460.16263
Belgium,BEL,2003,23219.12164
Belgium,BEL,2004,22816.27537
Belgium,BEL,2005,22606.96528
Belgium,BEL,2006,22307.70164
Belgium,BEL,2007,22215.69755
Belgium,BEL,2008,22065.62346
Belgium,BEL,2009,21884.32159
Belgium,BEL,2010,21711.41194
Belgium,BEL,2011,21515.33344
Belgium,BEL,2012,21347.07958
Belgium,BEL,2013,21060.20133
Belgium,BEL,2014,20667.08899
Belgium,BEL,2015,20545.93654
Belgium,BEL,2016,20380.66926
Belgium,BEL,2017,20336.15303
Belgium,BEL,2018,20267.70347
Belgium,BEL,2019,20170.42075
Belize,BLZ,1990,33342.19776
Belize,BLZ,1991,33270.67406
Belize,BLZ,1992,32429.57917
Belize,BLZ,1993,32463.92611
Belize,BLZ,1994,32746.51632
Belize,BLZ,1995,32994.59086
Belize,BLZ,1996,33802.73914
Belize,BLZ,1997,34879.97466
Belize,BLZ,1998,36120.75521
Belize,BLZ,1999,36502.27955
Belize,BLZ,2000,37072.10837
Belize,BLZ,2001,36274.83435
Belize,BLZ,2002,34969.49613
Belize,BLZ,2003,34256.83895
Belize,BLZ,2004,33882.31681
Belize,BLZ,2005,33244.81499
Belize,BLZ,2006,32843.94669
Belize,BLZ,2007,32091.29678
Belize,BLZ,2008,31451.83843
Belize,BLZ,2009,31393.51721
Belize,BLZ,2010,31502.54227
Belize,BLZ,2011,31158.80392
Belize,BLZ,2012,30574.16739
Belize,BLZ,2013,30398.44849
Belize,BLZ,2014,30466.67105
Belize,BLZ,2015,30580.07441
Belize,BLZ,2016,30425.99499
Belize,BLZ,2017,30263.65067
Belize,BLZ,2018,30262.42376
Belize,BLZ,2019,30125.57566
Benin,BEN,1990,76403.94144
Benin,BEN,1991,75620.35384
Benin,BEN,1992,74338.70224
Benin,BEN,1993,73357.46754
Benin,BEN,1994,73072.22505
Benin,BEN,1995,72604.36365
Benin,BEN,1996,72599.56113
Benin,BEN,1997,71933.88263
Benin,BEN,1998,71566.35589
Benin,BEN,1999,70994.20507
Benin,BEN,2000,70789.61666
Benin,BEN,2001,70191.94718
Benin,BEN,2002,69253.13056
Benin,BEN,2003,68528.7625
Benin,BEN,2004,67543.70451
Benin,BEN,2005,66532.47941
Benin,BEN,2006,65619.61409
Benin,BEN,2007,64573.58053
Benin,BEN,2008,62855.2915
Benin,BEN,2009,61272.25879
Benin,BEN,2010,60274.68266
Benin,BEN,2011,59430.04384
Benin,BEN,2012,58568.03081
Benin,BEN,2013,57737.9442
Benin,BEN,2014,56921.2304
Benin,BEN,2015,56049.19473
Benin,BEN,2016,55080.48227
Benin,BEN,2017,54055.2094
Benin,BEN,2018,52629.63989
Benin,BEN,2019,51242.96483
Bermuda,BMU,1990,29262.31932
Bermuda,BMU,1991,28362.29478
Bermuda,BMU,1992,27673.84628
Bermuda,BMU,1993,27446.52342
Bermuda,BMU,1994,26812.09894
Bermuda,BMU,1995,25672.174
Bermuda,BMU,1996,25572.64598
Bermuda,BMU,1997,24439.75139
Bermuda,BMU,1998,23774.06943
Bermuda,BMU,1999,23400.68244
Bermuda,BMU,2000,23867.94223
Bermuda,BMU,2001,22535.29909
Bermuda,BMU,2002,22154.85179
Bermuda,BMU,2003,22070.75601
Bermuda,BMU,2004,21392.85615
Bermuda,BMU,2005,21113.68688
Bermuda,BMU,2006,20961.63384
Bermuda,BMU,2007,20650.04697
Bermuda,BMU,2008,20436.9129
Bermuda,BMU,2009,20206.93265
Bermuda,BMU,2010,19997.5549
Bermuda,BMU,2011,19811.247
Bermuda,BMU,2012,19693.15155
Bermuda,BMU,2013,19626.40496
Bermuda,BMU,2014,19604.32772
Bermuda,BMU,2015,19520.63603
Bermuda,BMU,2016,19421.42621
Bermuda,BMU,2017,19387.95099
Bermuda,BMU,2018,19337.7994
Bermuda,BMU,2019,19273.88714
Bhutan,BTN,1990,65028.47794
Bhutan,BTN,1991,64766.64885
Bhutan,BTN,1992,62808.63413
Bhutan,BTN,1993,60354.60858
Bhutan,BTN,1994,58601.29163
Bhutan,BTN,1995,56193.38444
Bhutan,BTN,1996,54054.10602
Bhutan,BTN,1997,52579.4454
Bhutan,BTN,1998,51106.04381
Bhutan,BTN,1999,49588.09314
Bhutan,BTN,2000,50199.59276
Bhutan,BTN,2001,47092.6095
Bhutan,BTN,2002,45748.96302
Bhutan,BTN,2003,44618.46376
Bhutan,BTN,2004,43524.59462
Bhutan,BTN,2005,42489.53339
Bhutan,BTN,2006,41425.23251
Bhutan,BTN,2007,40300.02946
Bhutan,BTN,2008,39307.75432
Bhutan,BTN,2009,38584.27339
Bhutan,BTN,2010,37533.92244
Bhutan,BTN,2011,36805.81613
Bhutan,BTN,2012,36234.84998
Bhutan,BTN,2013,35757.12494
Bhutan,BTN,2014,35285.79123
Bhutan,BTN,2015,34820.18555
Bhutan,BTN,2016,34365.79356
Bhutan,BTN,2017,33935.29209
Bhutan,BTN,2018,33469.70605
Bhutan,BTN,2019,33001.23766
Bolivia,BOL,1990,59309.77769
Bolivia,BOL,1991,58261.45303
Bolivia,BOL,1992,57050.54477
Bolivia,BOL,1993,55670.77987
Bolivia,BOL,1994,53994.8402
Bolivia,BOL,1995,52790.32315
Bolivia,BOL,1996,51444.42578
Bolivia,BOL,1997,50360.01475
Bolivia,BOL,1998,49090.24753
Bolivia,BOL,1999,47834.71559
Bolivia,BOL,2000,46606.83279
Bolivia,BOL,2001,45180.75648
Bolivia,BOL,2002,44179.36614
Bolivia,BOL,2003,43054.45365
Bolivia,BOL,2004,41975.20073
Bolivia,BOL,2005,41081.53683
Bolivia,BOL,2006,40290.19141
Bolivia,BOL,2007,39677.35782
Bolivia,BOL,2008,39057.94988
Bolivia,BOL,2009,38356.43516
Bolivia,BOL,2010,37775.17283
Bolivia,BOL,2011,37249.48473
Bolivia,BOL,2012,36684.43691
Bolivia,BOL,2013,36262.63682
Bolivia,BOL,2014,35782.94258
Bolivia,BOL,2015,35286.51619
Bolivia,BOL,2016,34831.78655
Bolivia,BOL,2017,34476.72145
Bolivia,BOL,2018,34002.3493
Bolivia,BOL,2019,33595.28784
Bosnia and Herzegovina,BIH,1990,30373.99293
Bosnia and Herzegovina,BIH,1991,31444.10525
Bosnia and Herzegovina,BIH,1992,41550.11769
Bosnia and Herzegovina,BIH,1993,39399.04767
Bosnia and Herzegovina,BIH,1994,35789.82715
Bosnia and Herzegovina,BIH,1995,46254.88735
Bosnia and Herzegovina,BIH,1996,29908.25478
Bosnia and Herzegovina,BIH,1997,28952.27008
Bosnia and Herzegovina,BIH,1998,27421.48254
Bosnia and Herzegovina,BIH,1999,26732.1034
Bosnia and Herzegovina,BIH,2000,26678.87334
Bosnia and Herzegovina,BIH,2001,26648.2855
Bosnia and Herzegovina,BIH,2002,26861.49061
Bosnia and Herzegovina,BIH,2003,26408.28675
Bosnia and Herzegovina,BIH,2004,26095.91128
Bosnia and Herzegovina,BIH,2005,26369.56437
Bosnia and Herzegovina,BIH,2006,25950.17848
Bosnia and Herzegovina,BIH,2007,26320.39792
Bosnia and Herzegovina,BIH,2008,25384.08807
Bosnia and Herzegovina,BIH,2009,25055.79064
Bosnia and Herzegovina,BIH,2010,24716.90928
Bosnia and Herzegovina,BIH,2011,24490.19775
Bosnia and Herzegovina,BIH,2012,24203.30562
Bosnia and Herzegovina,BIH,2013,24289.30907
Bosnia and Herzegovina,BIH,2014,24258.08684
Bosnia and Herzegovina,BIH,2015,24576.36685
Bosnia and Herzegovina,BIH,2016,24374.32585
Bosnia and Herzegovina,BIH,2017,24142.99304
Bosnia and Herzegovina,BIH,2018,24079.49671
Bosnia and Herzegovina,BIH,2019,23989.10754
Botswana,BWA,1990,58330.86659
Botswana,BWA,1991,61411.68864
Botswana,BWA,1992,65958.85035
Botswana,BWA,1993,71863.74766
Botswana,BWA,1994,78687.89512
Botswana,BWA,1995,86148.97659
Botswana,BWA,1996,93414.57531
Botswana,BWA,1997,100365.6136
Botswana,BWA,1998,107143.1804
Botswana,BWA,1999,112944.9887
Botswana,BWA,2000,117980.4619
Botswana,BWA,2001,121176.6261
Botswana,BWA,2002,121694.2052
Botswana,BWA,2003,117618.8479
Botswana,BWA,2004,108206.4046
Botswana,BWA,2005,97214.0034
Botswana,BWA,2006,90995.19424
Botswana,BWA,2007,83477.1175
Botswana,BWA,2008,79007.90656
Botswana,BWA,2009,74268.58417
Botswana,BWA,2010,71333.68313
Botswana,BWA,2011,68944.74497
Botswana,BWA,2012,66324.65727
Botswana,BWA,2013,63949.40232
Botswana,BWA,2014,62069.85646
Botswana,BWA,2015,60579.96234
Botswana,BWA,2016,58938.77874
Botswana,BWA,2017,58175.6959
Botswana,BWA,2018,57265.2759
Botswana,BWA,2019,56114.69207
Brazil,BRA,1990,45962.1512
Brazil,BRA,1991,44620.25364
Brazil,BRA,1992,43648.8384
Brazil,BRA,1993,43268.11664
Brazil,BRA,1994,42456.26053
Brazil,BRA,1995,41727.33752
Brazil,BRA,1996,41005.87325
Brazil,BRA,1997,40014.80501
Brazil,BRA,1998,39427.12248
Brazil,BRA,1999,38776.74607
Brazil,BRA,2000,38131.24099
Brazil,BRA,2001,37583.18449
Brazil,BRA,2002,37126.15634
Brazil,BRA,2003,36664.31361
Brazil,BRA,2004,36173.62531
Brazil,BRA,2005,35395.80761
Brazil,BRA,2006,34895.73086
Brazil,BRA,2007,34368.23469
Brazil,BRA,2008,33913.99171
Brazil,BRA,2009,33487.77921
Brazil,BRA,2010,33067.23036
Brazil,BRA,2011,32726.91599
Brazil,BRA,2012,32177.95308
Brazil,BRA,2013,31776.73344
Brazil,BRA,2014,31271.42851
Brazil,BRA,2015,30873.99199
Brazil,BRA,2016,30776.75589
Brazil,BRA,2017,30229.88328
Brazil,BRA,2018,29798.10991
Brazil,BRA,2019,29427.38934
Brunei,BRN,1990,37591.09847
Brunei,BRN,1991,36885.37319
Brunei,BRN,1992,36173.18358
Brunei,BRN,1993,35453.25922
Brunei,BRN,1994,34232.76795
Brunei,BRN,1995,33385.9146
Brunei,BRN,1996,32463.54215
Brunei,BRN,1997,32394.1695
Brunei,BRN,1998,32078.12339
Brunei,BRN,1999,31736.45333
Brunei,BRN,2000,31404.48486
Brunei,BRN,2001,30749.42288
Brunei,BRN,2002,30575.1605
Brunei,BRN,2003,30710.20879
Brunei,BRN,2004,30573.96997
Brunei,BRN,2005,30431.60933
Brunei,BRN,2006,30070.41863
Brunei,BRN,2007,29460.37136
Brunei,BRN,2008,28820.38018
Brunei,BRN,2009,28742.79348
Brunei,BRN,2010,28726.97909
Brunei,BRN,2011,28674.99829
Brunei,BRN,2012,28636.06505
Brunei,BRN,2013,28769.1479
Brunei,BRN,2014,28699.527
Brunei,BRN,2015,28627.63943
Brunei,BRN,2016,28432.82197
Brunei,BRN,2017,28245.36867
Brunei,BRN,2018,28069.00737
Brunei,BRN,2019,27814.22082
Bulgaria,BGR,1990,36376.24895
Bulgaria,BGR,1991,36223.39817
Bulgaria,BGR,1992,36744.05903
Bulgaria,BGR,1993,37283.21787
Bulgaria,BGR,1994,38235.27462
Bulgaria,BGR,1995,37850.96147
Bulgaria,BGR,1996,38050.01881
Bulgaria,BGR,1997,38865.0538
Bulgaria,BGR,1998,37558.54805
Bulgaria,BGR,1999,36399.87233
Bulgaria,BGR,2000,35911.49789
Bulgaria,BGR,2001,35360.66419
Bulgaria,BGR,2002,34735.93895
Bulgaria,BGR,2003,34170.08353
Bulgaria,BGR,2004,33869.72688
Bulgaria,BGR,2005,33613.46001
Bulgaria,BGR,2006,33398.71451
Bulgaria,BGR,2007,32751.82219
Bulgaria,BGR,2008,32161.2914
Bulgaria,BGR,2009,31750.57408
Bulgaria,BGR,2010,31350.29425
Bulgaria,BGR,2011,30732.12639
Bulgaria,BGR,2012,30072.57227
Bulgaria,BGR,2013,29578.0969
Bulgaria,BGR,2014,29972.58829
Bulgaria,BGR,2015,29587.31491
Bulgaria,BGR,2016,29440.41768
Bulgaria,BGR,2017,29377.90936
Bulgaria,BGR,2018,29455.80174
Bulgaria,BGR,2019,29375.14593
Burkina Faso,BFA,1990,93405.79385
Burkina Faso,BFA,1991,93517.95604
Burkina Faso,BFA,1992,93776.07395
Burkina Faso,BFA,1993,93599.20162
Burkina Faso,BFA,1994,93395.43445
Burkina Faso,BFA,1995,93039.41075
Burkina Faso,BFA,1996,95593.84433
Burkina Faso,BFA,1997,92794.79413
Burkina Faso,BFA,1998,89818.59886
Burkina Faso,BFA,1999,88248.87018
Burkina Faso,BFA,2000,86915.19494
Burkina Faso,BFA,2001,85511.61476
Burkina Faso,BFA,2002,83607.56938
Burkina Faso,BFA,2003,81593.03404
Burkina Faso,BFA,2004,79461.49612
Burkina Faso,BFA,2005,77369.96612
Burkina Faso,BFA,2006,75287.16123
Burkina Faso,BFA,2007,73748.99266
Burkina Faso,BFA,2008,71787.68727
Burkina Faso,BFA,2009,70466.06859
Burkina Faso,BFA,2010,69369.48288
Burkina Faso,BFA,2011,68272.76089
Burkina Faso,BFA,2012,67348.61866
Burkina Faso,BFA,2013,66301.89283
Burkina Faso,BFA,2014,64867.90519
Burkina Faso,BFA,2015,63545.20655
Burkina Faso,BFA,2016,62365.87599
Burkina Faso,BFA,2017,61058.19193
Burkina Faso,BFA,2018,59831.21737
Burkina Faso,BFA,2019,58768.86084
Burundi,BDI,1990,100716.5514
Burundi,BDI,1991,104446.0286
Burundi,BDI,1992,107544.3272
Burundi,BDI,1993,105904.8769
Burundi,BDI,1994,120430.7408
Burundi,BDI,1995,124989.4047
Burundi,BDI,1996,126954.5398
Burundi,BDI,1997,126174.6808
Burundi,BDI,1998,122032.2238
Burundi,BDI,1999,119870.0291
Burundi,BDI,2000,118171.8168
Burundi,BDI,2001,113227.0534
Burundi,BDI,2002,108561.6739
Burundi,BDI,2003,104237.2009
Burundi,BDI,2004,99064.90982
Burundi,BDI,2005,94895.90371
Burundi,BDI,2006,80314.27129
Burundi,BDI,2007,76180.583
Burundi,BDI,2008,72604.66043
Burundi,BDI,2009,70000.04067
Burundi,BDI,2010,67813.47467
Burundi,BDI,2011,65471.69389
Burundi,BDI,2012,63029.37732
Burundi,BDI,2013,61243.90105
Burundi,BDI,2014,59875.88725
Burundi,BDI,2015,58870.03144
Burundi,BDI,2016,56969.62503
Burundi,BDI,2017,55226.51994
Burundi,BDI,2018,53987.68717
Burundi,BDI,2019,52840.86001
Cambodia,KHM,1990,69949.67633
Cambodia,KHM,1991,68806.49593
Cambodia,KHM,1992,67632.38607
Cambodia,KHM,1993,67096.05489
Cambodia,KHM,1994,67293.65371
Cambodia,KHM,1995,66590.21036
Cambodia,KHM,1996,66090.00174
Cambodia,KHM,1997,65187.03796
Cambodia,KHM,1998,64436.55317
Cambodia,KHM,1999,63080.78165
Cambodia,KHM,2000,62054.63362
Cambodia,KHM,2001,60387.06408
Cambodia,KHM,2002,58631.46337
Cambodia,KHM,2003,56770.4388
Cambodia,KHM,2004,54859.90291
Cambodia,KHM,2005,52804.13103
Cambodia,KHM,2006,50774.15586
Cambodia,KHM,2007,48958.4214
Cambodia,KHM,2008,47139.70201
Cambodia,KHM,2009,45731.81539
Cambodia,KHM,2010,44660.85724
Cambodia,KHM,2011,43393.16417
Cambodia,KHM,2012,42217.75052
Cambodia,KHM,2013,41342.75216
Cambodia,KHM,2014,40522.54861
Cambodia,KHM,2015,39846.9724
Cambodia,KHM,2016,39208.75761
Cambodia,KHM,2017,38604.68472
Cambodia,KHM,2018,38027.90048
Cambodia,KHM,2019,37509.04565
Cameroon,CMR,1990,68929.65204
Cameroon,CMR,1991,69481.7375
Cameroon,CMR,1992,70568.05383
Cameroon,CMR,1993,71637.18175
Cameroon,CMR,1994,72296.72079
Cameroon,CMR,1995,73505.33487
Cameroon,CMR,1996,74680.31787
Cameroon,CMR,1997,76180.61551
Cameroon,CMR,1998,77749.43356
Cameroon,CMR,1999,78779.13006
Cameroon,CMR,2000,79860.97597
Cameroon,CMR,2001,80371.49703
Cameroon,CMR,2002,80567.90374
Cameroon,CMR,2003,80376.06016
Cameroon,CMR,2004,79357.2236
Cameroon,CMR,2005,77986.33922
Cameroon,CMR,2006,76593.37078
Cameroon,CMR,2007,74923.56686
Cameroon,CMR,2008,72827.80471
Cameroon,CMR,2009,70859.98299
Cameroon,CMR,2010,69232.8344
Cameroon,CMR,2011,67800.60563
Cameroon,CMR,2012,66033.78102
Cameroon,CMR,2013,64866.10644
Cameroon,CMR,2014,63914.61703
Cameroon,CMR,2015,62261.64474
Cameroon,CMR,2016,59839.34983
Cameroon,CMR,2017,57413.29094
Cameroon,CMR,2018,55421.00772
Cameroon,CMR,2019,53559.01369
Canada,CAN,1990,24247.51281
Canada,CAN,1991,23945.82203
Canada,CAN,1992,23714.16274
Canada,CAN,1993,23642.44167
Canada,CAN,1994,23450.77986
Canada,CAN,1995,23278.24575
Canada,CAN,1996,22934.06773
Canada,CAN,1997,22589.90985
Canada,CAN,1998,22315.4402
Canada,CAN,1999,22045.2871
Canada,CAN,2000,21747.44434
Canada,CAN,2001,21524.02815
Canada,CAN,2002,21343.27434
Canada,CAN,2003,21177.78425
Canada,CAN,2004,20944.64608
Canada,CAN,2005,20810.9752
Canada,CAN,2006,20561.00028
Canada,CAN,2007,20460.27968
Canada,CAN,2008,20312.80067
Canada,CAN,2009,20108.18133
Canada,CAN,2010,19913.86525
Canada,CAN,2011,19691.02778
Canada,CAN,2012,19613.58192
Canada,CAN,2013,19536.03609
Canada,CAN,2014,19506.10983
Canada,CAN,2015,19461.48023
Canada,CAN,2016,19590.99709
Canada,CAN,2017,19636.53605
Canada,CAN,2018,19705.53406
Canada,CAN,2019,19683.7221
Cape Verde,CPV,1990,40267.274
Cape Verde,CPV,1991,40489.98358
Cape Verde,CPV,1992,40314.13189
Cape Verde,CPV,1993,40272.99709
Cape Verde,CPV,1994,40521.3173
Cape Verde,CPV,1995,42927.82657
Cape Verde,CPV,1996,40418.24748
Cape Verde,CPV,1997,40533.00151
Cape Verde,CPV,1998,40007.86716
Cape Verde,CPV,1999,40103.1328
Cape Verde,CPV,2000,39019.49936
Cape Verde,CPV,2001,38388.90979
Cape Verde,CPV,2002,37864.27604
Cape Verde,CPV,2003,37190.14293
Cape Verde,CPV,2004,36503.56347
Cape Verde,CPV,2005,35719.79931
Cape Verde,CPV,2006,34078.32634
Cape Verde,CPV,2007,33635.91076
Cape Verde,CPV,2008,32254.33811
Cape Verde,CPV,2009,31789.70636
Cape Verde,CPV,2010,31134.31455
Cape Verde,CPV,2011,30663.24199
Cape Verde,CPV,2012,30463.42715
Cape Verde,CPV,2013,29969.30487
Cape Verde,CPV,2014,29604.88086
Cape Verde,CPV,2015,29594.87703
Cape Verde,CPV,2016,29305.36792
Cape Verde,CPV,2017,29091.51345
Cape Verde,CPV,2018,30340.8828
Cape Verde,CPV,2019,29930.66307
Central African Republic,CAF,1990,105411.0985
Central African Republic,CAF,1991,107501.8673
Central African Republic,CAF,1992,110091.0937
Central African Republic,CAF,1993,113578.109
Central African Republic,CAF,1994,116986.7045
Central African Republic,CAF,1995,119977.2319
Central African Republic,CAF,1996,122521.0432
Central African Republic,CAF,1997,124090.1454
Central African Republic,CAF,1998,124274.4757
Central African Republic,CAF,1999,124505.9412
Central African Republic,CAF,2000,124500.1821
Central African Republic,CAF,2001,123767.4936
Central African Republic,CAF,2002,122560.9662
Central African Republic,CAF,2003,121047.4797
Central African Republic,CAF,2004,119633.09
Central African Republic,CAF,2005,117910.2871
Central African Republic,CAF,2006,116208.8708
Central African Republic,CAF,2007,113836.9804
Central African Republic,CAF,2008,110226.2509
Central African Republic,CAF,2009,107565.8109
Central African Republic,CAF,2010,105643.3192
Central African Republic,CAF,2011,103854.428
Central African Republic,CAF,2012,102419.6242
Central African Republic,CAF,2013,108107.8494
Central African Republic,CAF,2014,107943.9938
Central African Republic,CAF,2015,98919.66132
Central African Republic,CAF,2016,96132.78208
Central African Republic,CAF,2017,95552.5483
Central African Republic,CAF,2018,91169.53897
Central African Republic,CAF,2019,88071.47403
Chad,TCD,1990,84780.32469
Chad,TCD,1991,84428.58088
Chad,TCD,1992,84598.25877
Chad,TCD,1993,83833.2494
Chad,TCD,1994,84280.7249
Chad,TCD,1995,84336.62857
Chad,TCD,1996,85240.66678
Chad,TCD,1997,86290.57393
Chad,TCD,1998,87000.00799
Chad,TCD,1999,86952.19176
Chad,TCD,2000,87733.54596
Chad,TCD,2001,86734.42286
Chad,TCD,2002,86261.59793
Chad,TCD,2003,85541.46379
Chad,TCD,2004,84245.14267
Chad,TCD,2005,82378.71771
Chad,TCD,2006,81924.16153
Chad,TCD,2007,78971.74017
Chad,TCD,2008,77582.38002
Chad,TCD,2009,75304.49956
Chad,TCD,2010,73682.30219
Chad,TCD,2011,72595.04263
Chad,TCD,2012,71173.56004
Chad,TCD,2013,69816.11697
Chad,TCD,2014,68330.85408
Chad,TCD,2015,66922.07582
Chad,TCD,2016,65515.68467
Chad,TCD,2017,64726.84123
Chad,TCD,2018,63632.40409
Chad,TCD,2019,62291.51164
Chile,CHL,1990,30822.23509
Chile,CHL,1991,29639.53065
Chile,CHL,1992,28734.90113
Chile,CHL,1993,28375.62686
Chile,CHL,1994,27959.8981
Chile,CHL,1995,27859.59008
Chile,CHL,1996,27536.46026
Chile,CHL,1997,26894.64721
Chile,CHL,1998,26610.01172
Chile,CHL,1999,26231.39893
Chile,CHL,2000,25608.1118
Chile,CHL,2001,25550.09644
Chile,CHL,2002,25022.49189
Chile,CHL,2003,24921.24579
Chile,CHL,2004,24807.04887
Chile,CHL,2005,24375.53128
Chile,CHL,2006,23977.37059
Chile,CHL,2007,23714.45903
Chile,CHL,2008,23306.83307
Chile,CHL,2009,23357.07111
Chile,CHL,2010,23287.63304
Chile,CHL,2011,22838.46412
Chile,CHL,2012,22576.75896
Chile,CHL,2013,22403.62538
Chile,CHL,2014,22268.86934
Chile,CHL,2015,22123.1546
Chile,CHL,2016,21766.4258
Chile,CHL,2017,21682.02063
Chile,CHL,2018,21570.83787
Chile,CHL,2019,21476.11441
China,CHN,1990,41104.8601
China,CHN,1991,40551.56001
China,CHN,1992,39829.42663
China,CHN,1993,39095.7503
China,CHN,1994,38415.0491
China,CHN,1995,37580.06594
China,CHN,1996,36737.9434
China,CHN,1997,35836.49316
China,CHN,1998,35074.60119
China,CHN,1999,34463.00809
China,CHN,2000,33910.99716
China,CHN,2001,32987.50719
China,CHN,2002,32168.63157
China,CHN,2003,31380.48151
China,CHN,2004,30893.72808
China,CHN,2005,30015.42765
China,CHN,2006,28751.85746
China,CHN,2007,27800.57777
China,CHN,2008,27581.45155
China,CHN,2009,26813.15284
China,CHN,2010,26356.69805
China,CHN,2011,25683.30328
China,CHN,2012,24959.30953
China,CHN,2013,24361.11396
China,CHN,2014,23902.59988
China,CHN,2015,23418.00099
China,CHN,2016,23101.29923
China,CHN,2017,22783.52419
China,CHN,2018,22501.90026
China,CHN,2019,22270.51284
Colombia,COL,1990,36200.45765
Colombia,COL,1991,36965.48683
Colombia,COL,1992,36723.39047
Colombia,COL,1993,35817.5353
Colombia,COL,1994,35235.51618
Colombia,COL,1995,34438.95295
Colombia,COL,1996,34068.77017
Colombia,COL,1997,33065.91968
Colombia,COL,1998,32485.04926
Colombia,COL,1999,32331.33185
Colombia,COL,2000,32116.49351
Colombia,COL,2001,31864.60604
Colombia,COL,2002,33211.50948
Colombia,COL,2003,30327.68709
Colombia,COL,2004,29624.78774
Colombia,COL,2005,28413.81899
Colombia,COL,2006,28033.50103
Colombia,COL,2007,27199.92657
Colombia,COL,2008,26803.96527
Colombia,COL,2009,26812.89274
Colombia,COL,2010,26282.7755
Colombia,COL,2011,25325.47826
Colombia,COL,2012,24927.08908
Colombia,COL,2013,24528.9149
Colombia,COL,2014,24056.44989
Colombia,COL,2015,23942.88253
Colombia,COL,2016,23652.36935
Colombia,COL,2017,23546.28724
Colombia,COL,2018,23330.23024
Colombia,COL,2019,23181.14376
Comoros,COM,1990,68453.20123
Comoros,COM,1991,67602.87121
Comoros,COM,1992,66679.13671
Comoros,COM,1993,65774.57316
Comoros,COM,1994,65133.92736
Comoros,COM,1995,64354.4456
Comoros,COM,1996,65985.05289
Comoros,COM,1997,63491.70491
Comoros,COM,1998,63045.96431
Comoros,COM,1999,60494.01894
Comoros,COM,2000,60078.18873
Comoros,COM,2001,57825.97205
Comoros,COM,2002,56978.93821
Comoros,COM,2003,54914.14909
Comoros,COM,2004,53664.728
Comoros,COM,2005,52773.38125
Comoros,COM,2006,51870.60986
Comoros,COM,2007,51400.81157
Comoros,COM,2008,49602.94026
Comoros,COM,2009,50390.19659
Comoros,COM,2010,47909.88784
Comoros,COM,2011,48264.35575
Comoros,COM,2012,46750.38077
Comoros,COM,2013,45762.88038
Comoros,COM,2014,44597.27222
Comoros,COM,2015,43804.51438
Comoros,COM,2016,43063.26911
Comoros,COM,2017,42337.36184
Comoros,COM,2018,41610.24681
Comoros,COM,2019,40956.01799
Congo,COG,1990,82440.58415
Congo,COG,1991,83433.30538
Congo,COG,1992,84067.01084
Congo,COG,1993,86612.79549
Congo,COG,1994,87281.30212
Congo,COG,1995,88172.8863
Congo,COG,1996,89081.50586
Congo,COG,1997,109730.5127
Congo,COG,1998,95924.5382
Congo,COG,1999,88955.45672
Congo,COG,2000,85910.10105
Congo,COG,2001,82435.73945
Congo,COG,2002,79968.86493
Congo,COG,2003,77931.38157
Congo,COG,2004,75204.81351
Congo,COG,2005,72317.66362
Congo,COG,2006,69627.11316
Congo,COG,2007,67458.38944
Congo,COG,2008,64817.79202
Congo,COG,2009,62302.35428
Congo,COG,2010,60506.02991
Congo,COG,2011,58464.15549
Congo,COG,2012,57514.17799
Congo,COG,2013,56034.30598
Congo,COG,2014,54803.50639
Congo,COG,2015,53085.92322
Congo,COG,2016,51346.02403
Congo,COG,2017,50184.46235
Congo,COG,2018,49206.01043
Congo,COG,2019,48173.75703
Cook Islands,COK,1990,38192.79463
Cook Islands,COK,1991,35729.41654
Cook Islands,COK,1992,34971.94892
Cook Islands,COK,1993,34222.78193
Cook Islands,COK,1994,33647.06325
Cook Islands,COK,1995,33138.62991
Cook Islands,COK,1996,32659.33742
Cook Islands,COK,1997,35919.51861
Cook Islands,COK,1998,31860.97961
Cook Islands,COK,1999,31481.6237
Cook Islands,COK,2000,31065.08612
Cook Islands,COK,2001,30500.00946
Cook Islands,COK,2002,30108.96934
Cook Islands,COK,2003,29717.30859
Cook Islands,COK,2004,29383.33718
Cook Islands,COK,2005,29014.78925
Cook Islands,COK,2006,28552.00511
Cook Islands,COK,2007,28191.38459
Cook Islands,COK,2008,27767.8045
Cook Islands,COK,2009,27482.75573
Cook Islands,COK,2010,27441.12743
Cook Islands,COK,2011,27438.41832
Cook Islands,COK,2012,27355.73018
Cook Islands,COK,2013,27259.69052
Cook Islands,COK,2014,27177.46471
Cook Islands,COK,2015,27155.56985
Cook Islands,COK,2016,27172.2524
Cook Islands,COK,2017,27102.28375
Cook Islands,COK,2018,27020.85281
Cook Islands,COK,2019,26941.05076
Costa Rica,CRI,1990,25815.64528
Costa Rica,CRI,1991,25759.04242
Costa Rica,CRI,1992,25715.56992
Costa Rica,CRI,1993,25405.84434
Costa Rica,CRI,1994,25778.62124
Costa Rica,CRI,1995,26073.05658
Costa Rica,CRI,1996,25300.6298
Costa Rica,CRI,1997,25329.00733
Costa Rica,CRI,1998,24994.09648
Costa Rica,CRI,1999,25009.55834
Costa Rica,CRI,2000,24197.89449
Costa Rica,CRI,2001,24209.19499
Costa Rica,CRI,2002,23714.16799
Costa Rica,CRI,2003,23567.37128
Costa Rica,CRI,2004,23419.88064
Costa Rica,CRI,2005,22540.44763
Costa Rica,CRI,2006,22971.23424
Costa Rica,CRI,2007,21809.11706
Costa Rica,CRI,2008,21877.56061
Costa Rica,CRI,2009,21583.4871
Costa Rica,CRI,2010,22717.00733
Costa Rica,CRI,2011,22092.51317
Costa Rica,CRI,2012,21946.73142
Costa Rica,CRI,2013,21817.3984
Costa Rica,CRI,2014,21732.98851
Costa Rica,CRI,2015,21995.2068
Costa Rica,CRI,2016,22505.21782
Costa Rica,CRI,2017,22394.06584
Costa Rica,CRI,2018,22176.02677
Costa Rica,CRI,2019,22017.40154
Cote d'Ivoire,CIV,1990,77150.22793
Cote d'Ivoire,CIV,1991,78953.53419
Cote d'Ivoire,CIV,1992,81326.42784
Cote d'Ivoire,CIV,1993,84091.94012
Cote d'Ivoire,CIV,1994,87014.36032
Cote d'Ivoire,CIV,1995,89804.22256
Cote d'Ivoire,CIV,1996,91190.2579
Cote d'Ivoire,CIV,1997,92011.60846
Cote d'Ivoire,CIV,1998,92565.51163
Cote d'Ivoire,CIV,1999,92536.69523
Cote d'Ivoire,CIV,2000,91863.09242
Cote d'Ivoire,CIV,2001,90668.34992
Cote d'Ivoire,CIV,2002,89653.47194
Cote d'Ivoire,CIV,2003,88291.1387
Cote d'Ivoire,CIV,2004,86387.93464
Cote d'Ivoire,CIV,2005,83593.23904
Cote d'Ivoire,CIV,2006,80343.83118
Cote d'Ivoire,CIV,2007,77377.10008
Cote d'Ivoire,CIV,2008,74258.7421
Cote d'Ivoire,CIV,2009,72141.66478
Cote d'Ivoire,CIV,2010,70783.29626
Cote d'Ivoire,CIV,2011,69457.87645
Cote d'Ivoire,CIV,2012,66517.51347
Cote d'Ivoire,CIV,2013,64718.49834
Cote d'Ivoire,CIV,2014,62641.31144
Cote d'Ivoire,CIV,2015,60180.5881
Cote d'Ivoire,CIV,2016,57765.0659
Cote d'Ivoire,CIV,2017,55574.89532
Cote d'Ivoire,CIV,2018,53557.00948
Cote d'Ivoire,CIV,2019,51848.47533
Croatia,HRV,1990,31507.08131
Croatia,HRV,1991,32368.39893
Croatia,HRV,1992,31623.98987
Croatia,HRV,1993,31227.7298
Croatia,HRV,1994,30072.22008
Croatia,HRV,1995,30685.28577
Croatia,HRV,1996,29622.42993
Croatia,HRV,1997,29536.74184
Croatia,HRV,1998,28892.66726
Croatia,HRV,1999,28399.23361
Croatia,HRV,2000,27557.46618
Croatia,HRV,2001,27130.38245
Croatia,HRV,2002,26905.14673
Croatia,HRV,2003,26837.65619
Croatia,HRV,2004,26078.2735
Croatia,HRV,2005,26074.3598
Croatia,HRV,2006,25501.49203
Croatia,HRV,2007,25565.10033
Croatia,HRV,2008,25486.84682
Croatia,HRV,2009,24719.20316
Croatia,HRV,2010,24194.81151
Croatia,HRV,2011,23763.54348
Croatia,HRV,2012,23426.67455
Croatia,HRV,2013,22846.76367
Croatia,HRV,2014,22718.87366
Croatia,HRV,2015,22962.47799
Croatia,HRV,2016,22174.40151
Croatia,HRV,2017,22030.48494
Croatia,HRV,2018,21922.61337
Croatia,HRV,2019,21885.57749
Cuba,CUB,1990,28170.8502
Cuba,CUB,1991,27891.1396
Cuba,CUB,1992,27783.1783
Cuba,CUB,1993,27788.74363
Cuba,CUB,1994,27740.43235
Cuba,CUB,1995,27344.23288
Cuba,CUB,1996,26563.12469
Cuba,CUB,1997,26084.9018
Cuba,CUB,1998,25855.54305
Cuba,CUB,1999,25454.28696
Cuba,CUB,2000,24886.67151
Cuba,CUB,2001,24547.31006
Cuba,CUB,2002,23726.74501
Cuba,CUB,2003,23697.68457
Cuba,CUB,2004,23580.55777
Cuba,CUB,2005,23688.97209
Cuba,CUB,2006,22847.70585
Cuba,CUB,2007,22725.303
Cuba,CUB,2008,22679.1122
Cuba,CUB,2009,22643.22755
Cuba,CUB,2010,22616.18963
Cuba,CUB,2011,22050.39457
Cuba,CUB,2012,22331.97605
Cuba,CUB,2013,22344.54621
Cuba,CUB,2014,22377.90889
Cuba,CUB,2015,22736.18782
Cuba,CUB,2016,22620.73944
Cuba,CUB,2017,22876.50956
Cuba,CUB,2018,22808.43296
Cuba,CUB,2019,22456.19827
Cyprus,CYP,1990,28027.08219
Cyprus,CYP,1991,28168.91006
Cyprus,CYP,1992,28247.84182
Cyprus,CYP,1993,28087.60897
Cyprus,CYP,1994,27647.42342
Cyprus,CYP,1995,27207.22641
Cyprus,CYP,1996,26688.56359
Cyprus,CYP,1997,26282.78753
Cyprus,CYP,1998,26162.88971
Cyprus,CYP,1999,25518.2629
Cyprus,CYP,2000,24939.08702
Cyprus,CYP,2001,24355.63422
Cyprus,CYP,2002,23960.56505
Cyprus,CYP,2003,23479.73121
Cyprus,CYP,2004,23212.28184
Cyprus,CYP,2005,23141.31296
Cyprus,CYP,2006,22730.01884
Cyprus,CYP,2007,22454.87131
Cyprus,CYP,2008,21940.6604
Cyprus,CYP,2009,21469.47032
Cyprus,CYP,2010,21012.04041
Cyprus,CYP,2011,20661.64203
Cyprus,CYP,2012,20311.98565
Cyprus,CYP,2013,20108.83039
Cyprus,CYP,2014,20032.94677
Cyprus,CYP,2015,19949.42612
Cyprus,CYP,2016,19751.87327
Cyprus,CYP,2017,19589.29932
Cyprus,CYP,2018,19687.78206
Cyprus,CYP,2019,19742.95802
Czechia,CZE,1990,32911.11219
Czechia,CZE,1991,31992.00121
Czechia,CZE,1992,31354.23515
Czechia,CZE,1993,30344.90081
Czechia,CZE,1994,29931.80563
Czechia,CZE,1995,29610.4961
Czechia,CZE,1996,28504.87692
Czechia,CZE,1997,28264.83398
Czechia,CZE,1998,27240.54052
Czechia,CZE,1999,26760.09275
Czechia,CZE,2000,26458.14692
Czechia,CZE,2001,26054.09701
Czechia,CZE,2002,25798.53129
Czechia,CZE,2003,25929.98906
Czechia,CZE,2004,25226.77403
Czechia,CZE,2005,24862.00233
Czechia,CZE,2006,24183.74182
Czechia,CZE,2007,23895.13839
Czechia,CZE,2008,23669.64321
Czechia,CZE,2009,23325.18806
Czechia,CZE,2010,23054.42457
Czechia,CZE,2011,22807.91673
Czechia,CZE,2012,22508.42291
Czechia,CZE,2013,22219.76276
Czechia,CZE,2014,21773.33071
Czechia,CZE,2015,21703.3103
Czechia,CZE,2016,21607.4406
Czechia,CZE,2017,21518.6562
Czechia,CZE,2018,21422.89675
Czechia,CZE,2019,21153.28557
Democratic Republic of Congo,COD,1990,83323.4604
Democratic Republic of Congo,COD,1991,83534.47421
Democratic Republic of Congo,COD,1992,83579.15549
Democratic Republic of Congo,COD,1993,84212.14257
Democratic Republic of Congo,COD,1994,84807.08059
Democratic Republic of Congo,COD,1995,84848.65536
Democratic Republic of Congo,COD,1996,90220.15957
Democratic Republic of Congo,COD,1997,86664.90494
Democratic Republic of Congo,COD,1998,85784.01584
Democratic Republic of Congo,COD,1999,84961.68889
Democratic Republic of Congo,COD,2000,83639.73774
Democratic Republic of Congo,COD,2001,82609.62712
Democratic Republic of Congo,COD,2002,82098.44763
Democratic Republic of Congo,COD,2003,80679.08405
Democratic Republic of Congo,COD,2004,78468.76705
Democratic Republic of Congo,COD,2005,76324.95659
Democratic Republic of Congo,COD,2006,74640.68438
Democratic Republic of Congo,COD,2007,73064.94557
Democratic Republic of Congo,COD,2008,71799.4676
Democratic Republic of Congo,COD,2009,70163.14025
Democratic Republic of Congo,COD,2010,67626.26767
Democratic Republic of Congo,COD,2011,65691.84599
Democratic Republic of Congo,COD,2012,63729.20251
Democratic Republic of Congo,COD,2013,61311.53159
Democratic Republic of Congo,COD,2014,58836.45924
Democratic Republic of Congo,COD,2015,56520.17005
Democratic Republic of Congo,COD,2016,54665.83859
Democratic Republic of Congo,COD,2017,53162.10457
Democratic Republic of Congo,COD,2018,51196.73894
Democratic Republic of Congo,COD,2019,50113.58995
Denmark,DNK,1990,27554.41649
Denmark,DNK,1991,27252.55467
Denmark,DNK,1992,27074.39308
Denmark,DNK,1993,26889.4191
Denmark,DNK,1994,26958.86167
Denmark,DNK,1995,26736.92114
Denmark,DNK,1996,26306.79559
Denmark,DNK,1997,25781.88412
Denmark,DNK,1998,25260.24828
Denmark,DNK,1999,25224.11204
Denmark,DNK,2000,24614.08862
Denmark,DNK,2001,24386.84105
Denmark,DNK,2002,24193.3048
Denmark,DNK,2003,23862.95842
Denmark,DNK,2004,23473.4299
Denmark,DNK,2005,23023.31833
Denmark,DNK,2006,22762.16877
Denmark,DNK,2007,22608.1734
Denmark,DNK,2008,22276.08292
Denmark,DNK,2009,21915.56237
Denmark,DNK,2010,21546.80317
Denmark,DNK,2011,21087.69215
Denmark,DNK,2012,20736.44664
Denmark,DNK,2013,20457.68623
Denmark,DNK,2014,20209.06478
Denmark,DNK,2015,20002.48202
Denmark,DNK,2016,19973.84875
Denmark,DNK,2017,19947.68846
Denmark,DNK,2018,19926.41094
Denmark,DNK,2019,19929.46555
Djibouti,DJI,1990,60570.11323
Djibouti,DJI,1991,63547.9844
Djibouti,DJI,1992,67511.45657
Djibouti,DJI,1993,63634.1176
Djibouti,DJI,1994,64890.04945
Djibouti,DJI,1995,63086.70966
Djibouti,DJI,1996,62639.42757
Djibouti,DJI,1997,62716.11187
Djibouti,DJI,1998,63050.64762
Djibouti,DJI,1999,62898.20531
Djibouti,DJI,2000,62629.4528
Djibouti,DJI,2001,62351.26993
Djibouti,DJI,2002,61945.16123
Djibouti,DJI,2003,61232.17482
Djibouti,DJI,2004,60980.66055
Djibouti,DJI,2005,59780.87099
Djibouti,DJI,2006,59596.03063
Djibouti,DJI,2007,57334.16174
Djibouti,DJI,2008,56092.03914
Djibouti,DJI,2009,54970.65722
Djibouti,DJI,2010,53927.09566
Djibouti,DJI,2011,52787.32316
Djibouti,DJI,2012,51652.70065
Djibouti,DJI,2013,50630.07566
Djibouti,DJI,2014,49564.17186
Djibouti,DJI,2015,48509.6079
Djibouti,DJI,2016,47212.14491
Djibouti,DJI,2017,46145.88705
Djibouti,DJI,2018,45098.29423
Djibouti,DJI,2019,44605.00918
Dominica,DMA,1990,34382.79272
Dominica,DMA,1991,34365.69636
Dominica,DMA,1992,33814.42606
Dominica,DMA,1993,33641.35364
Dominica,DMA,1994,33536.43328
Dominica,DMA,1995,33501.97732
Dominica,DMA,1996,33241.54605
Dominica,DMA,1997,32822.73264
Dominica,DMA,1998,33434.17354
Dominica,DMA,1999,32972.15007
Dominica,DMA,2000,33030.51613
Dominica,DMA,2001,32777.40492
Dominica,DMA,2002,32763.32039
Dominica,DMA,2003,32959.5271
Dominica,DMA,2004,32742.15565
Dominica,DMA,2005,32336.64469
Dominica,DMA,2006,32331.60277
Dominica,DMA,2007,32669.79722
Dominica,DMA,2008,32215.89053
Dominica,DMA,2009,32337.41216
Dominica,DMA,2010,32796.17974
Dominica,DMA,2011,32794.64382
Dominica,DMA,2012,32911.84524
Dominica,DMA,2013,33128.07049
Dominica,DMA,2014,33312.80176
Dominica,DMA,2015,34499.09339
Dominica,DMA,2016,33195.67463
Dominica,DMA,2017,35135.95641
Dominica,DMA,2018,33269.09927
Dominica,DMA,2019,33264.6194
Dominican Republic,DOM,1990,37620.29841
Dominican Republic,DOM,1991,36871.86874
Dominican Republic,DOM,1992,36014.15597
Dominican Republic,DOM,1993,35727.42471
Dominican Republic,DOM,1994,35119.9172
Dominican Republic,DOM,1995,34849.19603
Dominican Republic,DOM,1996,34885.45765
Dominican Republic,DOM,1997,34818.55119
Dominican Republic,DOM,1998,34890.63288
Dominican Republic,DOM,1999,34347.09677
Dominican Republic,DOM,2000,33899.95721
Dominican Republic,DOM,2001,33577.65407
Dominican Republic,DOM,2002,33205.40406
Dominican Republic,DOM,2003,33528.58116
Dominican Republic,DOM,2004,34663.42735
Dominican Republic,DOM,2005,34385.4023
Dominican Republic,DOM,2006,34111.09375
Dominican Republic,DOM,2007,33710.04685
Dominican Republic,DOM,2008,32761.31109
Dominican Republic,DOM,2009,32414.72594
Dominican Republic,DOM,2010,32155.4991
Dominican Republic,DOM,2011,32346.63822
Dominican Republic,DOM,2012,33183.31347
Dominican Republic,DOM,2013,33972.20192
Dominican Republic,DOM,2014,33959.60856
Dominican Republic,DOM,2015,34117.43336
Dominican Republic,DOM,2016,33933.91904
Dominican Republic,DOM,2017,33286.32249
Dominican Republic,DOM,2018,32663.80642
Dominican Republic,DOM,2019,32135.65892
East Asia & Pacific (WB),,1990,41242.51688
East Asia & Pacific (WB),,1991,40609.36572
East Asia & Pacific (WB),,1992,39869.53022
East Asia & Pacific (WB),,1993,39166.49338
East Asia & Pacific (WB),,1994,38515.30614
East Asia & Pacific (WB),,1995,38059.53148
East Asia & Pacific (WB),,1996,37298.76649
East Asia & Pacific (WB),,1997,36492.56049
East Asia & Pacific (WB),,1998,35884.02762
East Asia & Pacific (WB),,1999,35373.84465
East Asia & Pacific (WB),,2000,34714.52437
East Asia & Pacific (WB),,2001,33953.81763
East Asia & Pacific (WB),,2002,33300.60666
East Asia & Pacific (WB),,2003,32505.8448
East Asia & Pacific (WB),,2004,32504.65932
East Asia & Pacific (WB),,2005,31295.08665
East Asia & Pacific (WB),,2006,30339.23452
East Asia & Pacific (WB),,2007,29522.82122
East Asia & Pacific (WB),,2008,29580.19629
East Asia & Pacific (WB),,2009,28553.7956
East Asia & Pacific (WB),,2010,28081.45228
East Asia & Pacific (WB),,2011,27500.90629
East Asia & Pacific (WB),,2012,26841.12161
East Asia & Pacific (WB),,2013,26333.65268
East Asia & Pacific (WB),,2014,25898.83133
East Asia & Pacific (WB),,2015,25451.6492
East Asia & Pacific (WB),,2016,25086.86903
East Asia & Pacific (WB),,2017,24834.83787
East Asia & Pacific (WB),,2018,24547.03185
East Asia & Pacific (WB),,2019,24305.41407
Eastern Mediterranean Region (WHO),,1990,55793.56338
Eastern Mediterranean Region (WHO),,1991,54590.42109
Eastern Mediterranean Region (WHO),,1992,54016.86818
Eastern Mediterranean Region (WHO),,1993,53737.0826
Eastern Mediterranean Region (WHO),,1994,53540.51134
Eastern Mediterranean Region (WHO),,1995,53117.49926
Eastern Mediterranean Region (WHO),,1996,52481.29747
Eastern Mediterranean Region (WHO),,1997,52125.30652
Eastern Mediterranean Region (WHO),,1998,51542.21885
Eastern Mediterranean Region (WHO),,1999,50657.95633
Eastern Mediterranean Region (WHO),,2000,49813.04863
Eastern Mediterranean Region (WHO),,2001,49252.20335
Eastern Mediterranean Region (WHO),,2002,48734.40352
Eastern Mediterranean Region (WHO),,2003,48634.45275
Eastern Mediterranean Region (WHO),,2004,47679.32535
Eastern Mediterranean Region (WHO),,2005,47578.93809
Eastern Mediterranean Region (WHO),,2006,46344.67005
Eastern Mediterranean Region (WHO),,2007,45522.69374
Eastern Mediterranean Region (WHO),,2008,44653.59398
Eastern Mediterranean Region (WHO),,2009,44003.56173
Eastern Mediterranean Region (WHO),,2010,43549.05341
Eastern Mediterranean Region (WHO),,2011,43074.82391
Eastern Mediterranean Region (WHO),,2012,42846.7803
Eastern Mediterranean Region (WHO),,2013,42348.33532
Eastern Mediterranean Region (WHO),,2014,42341.97913
Eastern Mediterranean Region (WHO),,2015,41920.08185
Eastern Mediterranean Region (WHO),,2016,41520.08301
Eastern Mediterranean Region (WHO),,2017,40736.3343
Eastern Mediterranean Region (WHO),,2018,39758.50849
Eastern Mediterranean Region (WHO),,2019,38947.34419
Ecuador,ECU,1990,35695.18244
Ecuador,ECU,1991,36193.98419
Ecuador,ECU,1992,35325.15554
Ecuador,ECU,1993,34642.14107
Ecuador,ECU,1994,33630.26563
Ecuador,ECU,1995,33055.83808
Ecuador,ECU,1996,33169.02851
Ecuador,ECU,1997,32261.48009
Ecuador,ECU,1998,32409.70839
Ecuador,ECU,1999,32127.85644
Ecuador,ECU,2000,31701.90204
Ecuador,ECU,2001,30951.13982
Ecuador,ECU,2002,31854.40748
Ecuador,ECU,2003,31993.72272
Ecuador,ECU,2004,31874.99159
Ecuador,ECU,2005,32104.66914
Ecuador,ECU,2006,32024.08941
Ecuador,ECU,2007,31798.41215
Ecuador,ECU,2008,31589.4083
Ecuador,ECU,2009,31015.36063
Ecuador,ECU,2010,30638.72835
Ecuador,ECU,2011,29567.85361
Ecuador,ECU,2012,29215.36643
Ecuador,ECU,2013,28599.53373
Ecuador,ECU,2014,28002.36749
Ecuador,ECU,2015,27514.32452
Ecuador,ECU,2016,27504.57104
Ecuador,ECU,2017,27175.01073
Ecuador,ECU,2018,26881.15743
Ecuador,ECU,2019,26668.92059
Egypt,EGY,1990,52930.80915
Egypt,EGY,1991,51292.52237
Egypt,EGY,1992,49591.25973
Egypt,EGY,1993,48829.03565
Egypt,EGY,1994,47937.7188
Egypt,EGY,1995,46331.39876
Egypt,EGY,1996,44783.61383
Egypt,EGY,1997,43920.76436
Egypt,EGY,1998,42900.71267
Egypt,EGY,1999,42031.62006
Egypt,EGY,2000,40472.62317
Egypt,EGY,2001,40648.02278
Egypt,EGY,2002,40630.60707
Egypt,EGY,2003,40804.36353
Egypt,EGY,2004,40214.79703
Egypt,EGY,2005,39426.49416
Egypt,EGY,2006,39000.25995
Egypt,EGY,2007,38263.67602
Egypt,EGY,2008,38020.94608
Egypt,EGY,2009,37985.10247
Egypt,EGY,2010,37540.07866
Egypt,EGY,2011,37119.35087
Egypt,EGY,2012,36911.46492
Egypt,EGY,2013,36094.66993
Egypt,EGY,2014,35652.08272
Egypt,EGY,2015,36371.0402
Egypt,EGY,2016,35686.11426
Egypt,EGY,2017,35034.98482
Egypt,EGY,2018,34565.40458
Egypt,EGY,2019,34081.0265
El Salvador,SLV,1990,42386.25167
El Salvador,SLV,1991,41713.9301
El Salvador,SLV,1992,39915.44552
El Salvador,SLV,1993,39496.65204
El Salvador,SLV,1994,39144.34542
El Salvador,SLV,1995,37880.07267
El Salvador,SLV,1996,36750.56891
El Salvador,SLV,1997,36599.16784
El Salvador,SLV,1998,37458.43882
El Salvador,SLV,1999,35102.68721
El Salvador,SLV,2000,34519.14764
El Salvador,SLV,2001,34656.79134
El Salvador,SLV,2002,32519.63982
El Salvador,SLV,2003,32936.12748
El Salvador,SLV,2004,33083.41868
El Salvador,SLV,2005,33055.76365
El Salvador,SLV,2006,32772.66737
El Salvador,SLV,2007,32114.95876
El Salvador,SLV,2008,31322.55909
El Salvador,SLV,2009,32120.79141
El Salvador,SLV,2010,30461.94865
El Salvador,SLV,2011,30517.79537
El Salvador,SLV,2012,32023.44473
El Salvador,SLV,2013,32053.9414
El Salvador,SLV,2014,32965.40983
El Salvador,SLV,2015,33083.07741
El Salvador,SLV,2016,29733.68767
El Salvador,SLV,2017,29350.81886
El Salvador,SLV,2018,29041.49464
El Salvador,SLV,2019,28726.69505
England,,1990,26853.78436
England,,1991,26508.79449
England,,1992,26085.56525
England,,1993,25920.65548
England,,1994,25554.5491
England,,1995,25419.30117
England,,1996,25177.02826
England,,1997,24897.10382
England,,1998,24717.3331
England,,1999,24532.80985
England,,2000,24129.01567
England,,2001,23782.35558
England,,2002,23571.97567
England,,2003,23371.57883
England,,2004,22910.39513
England,,2005,22625.47768
England,,2006,22413.02514
England,,2007,22148.42387
England,,2008,21914.7991
England,,2009,21546.95667
England,,2010,21229.2683
England,,2011,20954.60736
England,,2012,20789.36344
England,,2013,20737.32315
England,,2014,20648.24118
England,,2015,20672.06189
England,,2016,20654.4529
England,,2017,20600.04394
England,,2018,20682.46799
England,,2019,20709.49625
Equatorial Guinea,GNQ,1990,94162.7504
Equatorial Guinea,GNQ,1991,93299.04236
Equatorial Guinea,GNQ,1992,91935.92028
Equatorial Guinea,GNQ,1993,90943.33276
Equatorial Guinea,GNQ,1994,90109.3582
Equatorial Guinea,GNQ,1995,89111.35812
Equatorial Guinea,GNQ,1996,87313.32313
Equatorial Guinea,GNQ,1997,81477.10032
Equatorial Guinea,GNQ,1998,77701.80024
Equatorial Guinea,GNQ,1999,74312.11762
Equatorial Guinea,GNQ,2000,71042.29875
Equatorial Guinea,GNQ,2001,67044.69082
Equatorial Guinea,GNQ,2002,63955.30651
Equatorial Guinea,GNQ,2003,62566.47437
Equatorial Guinea,GNQ,2004,61167.10542
Equatorial Guinea,GNQ,2005,60593.04731
Equatorial Guinea,GNQ,2006,58252.39014
Equatorial Guinea,GNQ,2007,56867.51181
Equatorial Guinea,GNQ,2008,55542.5505
Equatorial Guinea,GNQ,2009,53788.99183
Equatorial Guinea,GNQ,2010,53644.96993
Equatorial Guinea,GNQ,2011,54664.60563
Equatorial Guinea,GNQ,2012,54008.7739
Equatorial Guinea,GNQ,2013,51410.15097
Equatorial Guinea,GNQ,2014,50077.21042
Equatorial Guinea,GNQ,2015,50573.81843
Equatorial Guinea,GNQ,2016,50055.94239
Equatorial Guinea,GNQ,2017,48420.13388
Equatorial Guinea,GNQ,2018,47723.53246
Equatorial Guinea,GNQ,2019,47329.69853
Eritrea,ERI,1990,115120.3664
Eritrea,ERI,1991,113872.2652
Eritrea,ERI,1992,88546.73221
Eritrea,ERI,1993,85819.53536
Eritrea,ERI,1994,84055.81445
Eritrea,ERI,1995,83743.6889
Eritrea,ERI,1996,82456.2398
Eritrea,ERI,1997,80817.68116
Eritrea,ERI,1998,80799.96995
Eritrea,ERI,1999,106884.1021
Eritrea,ERI,2000,79584.00565
Eritrea,ERI,2001,75153.99078
Eritrea,ERI,2002,73258.81537
Eritrea,ERI,2003,72042.42893
Eritrea,ERI,2004,70903.01214
Eritrea,ERI,2005,69821.72743
Eritrea,ERI,2006,68127.67775
Eritrea,ERI,2007,66576.18552
Eritrea,ERI,2008,65546.76196
Eritrea,ERI,2009,64079.39897
Eritrea,ERI,2010,62912.59508
Eritrea,ERI,2011,61658.41896
Eritrea,ERI,2012,60288.40283
Eritrea,ERI,2013,59036.70233
Eritrea,ERI,2014,57732.12682
Eritrea,ERI,2015,56468.71021
Eritrea,ERI,2016,55323.86247
Eritrea,ERI,2017,54112.58325
Eritrea,ERI,2018,52954.98824
Eritrea,ERI,2019,51873.04416
Estonia,EST,1990,36754.42276
Estonia,EST,1991,37620.67361
Estonia,EST,1992,37730.2607
Estonia,EST,1993,39861.85019
Estonia,EST,1994,43195.72881
Estonia,EST,1995,40551.87557
Estonia,EST,1996,36543.48623
Estonia,EST,1997,35975.17878
Estonia,EST,1998,36611.13507
Estonia,EST,1999,35044.28952
Estonia,EST,2000,34419.4414
Estonia,EST,2001,34876.39854
Estonia,EST,2002,33575.68912
Estonia,EST,2003,32349.60258
Estonia,EST,2004,31507.36719
Estonia,EST,2005,30659.74083
Estonia,EST,2006,30197.19377
Estonia,EST,2007,30043.12186
Estonia,EST,2008,28210.76757
Estonia,EST,2009,27002.66516
Estonia,EST,2010,25470.23425
Estonia,EST,2011,25415.84468
Estonia,EST,2012,25105.71666
Estonia,EST,2013,24068.91243
Estonia,EST,2014,24026.79254
Estonia,EST,2015,23338.38184
Estonia,EST,2016,23379.36553
Estonia,EST,2017,23321.21471
Estonia,EST,2018,23210.11445
Estonia,EST,2019,23061.01407
Eswatini,SWZ,1990,57324.22984
Eswatini,SWZ,1991,56955.69089
Eswatini,SWZ,1992,56984.92302
Eswatini,SWZ,1993,57478.9144
Eswatini,SWZ,1994,59981.17483
Eswatini,SWZ,1995,64313.77214
Eswatini,SWZ,1996,70664.14137
Eswatini,SWZ,1997,76391.17057
Eswatini,SWZ,1998,84670.58215
Eswatini,SWZ,1999,93333.75752
Eswatini,SWZ,2000,103464.5543
Eswatini,SWZ,2001,112897.7241
Eswatini,SWZ,2002,120027.9715
Eswatini,SWZ,2003,126483.2862
Eswatini,SWZ,2004,131127.5808
Eswatini,SWZ,2005,130755.5878
Eswatini,SWZ,2006,126063.0609
Eswatini,SWZ,2007,121930.5932
Eswatini,SWZ,2008,118342.5406
Eswatini,SWZ,2009,114232.7728
Eswatini,SWZ,2010,106690.4616
Eswatini,SWZ,2011,98774.52179
Eswatini,SWZ,2012,94190.64856
Eswatini,SWZ,2013,89182.48552
Eswatini,SWZ,2014,83794.53803
Eswatini,SWZ,2015,78986.08387
Eswatini,SWZ,2016,74939.20994
Eswatini,SWZ,2017,71759.66929
Eswatini,SWZ,2018,69353.21313
Eswatini,SWZ,2019,67878.67514
Ethiopia,ETH,1990,107283.2668
Ethiopia,ETH,1991,102162.9925
Ethiopia,ETH,1992,100404.1011
Ethiopia,ETH,1993,99084.12654
Ethiopia,ETH,1994,98170.0294
Ethiopia,ETH,1995,97185.79793
Ethiopia,ETH,1996,95218.17872
Ethiopia,ETH,1997,93312.77187
Ethiopia,ETH,1998,91492.19221
Ethiopia,ETH,1999,92732.7536
Ethiopia,ETH,2000,91348.66131
Ethiopia,ETH,2001,83895.89644
Ethiopia,ETH,2002,80792.69367
Ethiopia,ETH,2003,78052.66876
Ethiopia,ETH,2004,74958.30132
Ethiopia,ETH,2005,71546.76018
Ethiopia,ETH,2006,68154.32943
Ethiopia,ETH,2007,64350.77871
Ethiopia,ETH,2008,60823.98024
Ethiopia,ETH,2009,57870.02596
Ethiopia,ETH,2010,54961.35963
Ethiopia,ETH,2011,52436.59331
Ethiopia,ETH,2012,50364.46962
Ethiopia,ETH,2013,48614.92802
Ethiopia,ETH,2014,47041.11641
Ethiopia,ETH,2015,45645.58595
Ethiopia,ETH,2016,44442.22451
Ethiopia,ETH,2017,43145.65456
Ethiopia,ETH,2018,42065.47859
Ethiopia,ETH,2019,40990.33178
Europe & Central Asia (WB),,1990,33714.41168
Europe & Central Asia (WB),,1991,33717.66558
Europe & Central Asia (WB),,1992,34139.11458
Europe & Central Asia (WB),,1993,35108.22168
Europe & Central Asia (WB),,1994,35464.91127
Europe & Central Asia (WB),,1995,35066.19625
Europe & Central Asia (WB),,1996,34040.90489
Europe & Central Asia (WB),,1997,33088.89799
Europe & Central Asia (WB),,1998,32458.11136
Europe & Central Asia (WB),,1999,32733.37002
Europe & Central Asia (WB),,2000,32297.37509
Europe & Central Asia (WB),,2001,31880.79085
Europe & Central Asia (WB),,2002,31627.79848
Europe & Central Asia (WB),,2003,31355.51306
Europe & Central Asia (WB),,2004,30767.78167
Europe & Central Asia (WB),,2005,30649.64225
Europe & Central Asia (WB),,2006,29616.65367
Europe & Central Asia (WB),,2007,28950.79431
Europe & Central Asia (WB),,2008,28488.66753
Europe & Central Asia (WB),,2009,27667.50355
Europe & Central Asia (WB),,2010,27229.4334
Europe & Central Asia (WB),,2011,26510.49724
Europe & Central Asia (WB),,2012,26128.73999
Europe & Central Asia (WB),,2013,25719.67598
Europe & Central Asia (WB),,2014,25482.53706
Europe & Central Asia (WB),,2015,25448.85055
Europe & Central Asia (WB),,2016,25066.87598
Europe & Central Asia (WB),,2017,24630.94557
Europe & Central Asia (WB),,2018,24549.75656
Europe & Central Asia (WB),,2019,24445.80123
European Region (WHO),,1990,33656.62637
European Region (WHO),,1991,33655.7633
European Region (WHO),,1992,34073.18755
European Region (WHO),,1993,35028.88939
European Region (WHO),,1994,35377.79581
European Region (WHO),,1995,34976.97982
European Region (WHO),,1996,33955.18614
European Region (WHO),,1997,33005.02812
European Region (WHO),,1998,32375.78903
European Region (WHO),,1999,32644.63345
European Region (WHO),,2000,32211.29035
European Region (WHO),,2001,31798.60035
European Region (WHO),,2002,31550.85964
European Region (WHO),,2003,31273.3538
European Region (WHO),,2004,30685.24099
European Region (WHO),,2005,30562.06444
European Region (WHO),,2006,29539.86278
European Region (WHO),,2007,28875.21149
European Region (WHO),,2008,28416.24172
European Region (WHO),,2009,27599.45231
European Region (WHO),,2010,27156.54546
European Region (WHO),,2011,26441.50464
European Region (WHO),,2012,26060.99751
European Region (WHO),,2013,25652.234
European Region (WHO),,2014,25428.49543
European Region (WHO),,2015,25381.26879
European Region (WHO),,2016,25002.08356
European Region (WHO),,2017,24568.17204
European Region (WHO),,2018,24486.69742
European Region (WHO),,2019,24382.02373
Fiji,FJI,1990,44592.09911
Fiji,FJI,1991,44691.12209
Fiji,FJI,1992,44523.02269
Fiji,FJI,1993,45105.58691
Fiji,FJI,1994,45184.66575
Fiji,FJI,1995,45390.62657
Fiji,FJI,1996,45827.79019
Fiji,FJI,1997,46016.06712
Fiji,FJI,1998,44887.47704
Fiji,FJI,1999,46270.01768
Fiji,FJI,2000,46687.71656
Fiji,FJI,2001,45539.37554
Fiji,FJI,2002,44618.55964
Fiji,FJI,2003,44765.92206
Fiji,FJI,2004,43478.17478
Fiji,FJI,2005,43244.81738
Fiji,FJI,2006,43202.14913
Fiji,FJI,2007,43198.48069
Fiji,FJI,2008,43072.84228
Fiji,FJI,2009,42086.89616
Fiji,FJI,2010,41788.95025
Fiji,FJI,2011,41649.74603
Fiji,FJI,2012,41607.13355
Fiji,FJI,2013,41281.93561
Fiji,FJI,2014,41111.74557
Fiji,FJI,2015,41007.95082
Fiji,FJI,2016,41219.0501
Fiji,FJI,2017,40755.19745
Fiji,FJI,2018,40597.49959
Fiji,FJI,2019,40378.81682
Finland,FIN,1990,27337.68299
Finland,FIN,1991,26865.65779
Finland,FIN,1992,26408.07444
Finland,FIN,1993,25880.59075
Finland,FIN,1994,25260.44817
Finland,FIN,1995,25037.01515
Finland,FIN,1996,24741.3775
Finland,FIN,1997,24580.65818
Finland,FIN,1998,24330.05223
Finland,FIN,1999,24110.07222
Finland,FIN,2000,23862.31689
Finland,FIN,2001,23449.85155
Finland,FIN,2002,23191.58197
Finland,FIN,2003,22988.58926
Finland,FIN,2004,22869.58563
Finland,FIN,2005,22569.19667
Finland,FIN,2006,22222.12936
Finland,FIN,2007,22115.82017
Finland,FIN,2008,21824.79436
Finland,FIN,2009,21567.42816
Finland,FIN,2010,21285.20056
Finland,FIN,2011,20927.69444
Finland,FIN,2012,20648.27096
Finland,FIN,2013,20292.20313
Finland,FIN,2014,19999.19263
Finland,FIN,2015,19658.28329
Finland,FIN,2016,19620.49629
Finland,FIN,2017,19626.17179
Finland,FIN,2018,19585.96154
Finland,FIN,2019,19569.46817
France,FRA,1990,25192.05738
France,FRA,1991,24999.89738
France,FRA,1992,24678.65582
France,FRA,1993,24424.0562
France,FRA,1994,24051.84113
France,FRA,1995,23737.80219
France,FRA,1996,23436.99192
France,FRA,1997,23028.6123
France,FRA,1998,22965.68878
France,FRA,1999,22775.7259
France,FRA,2000,22521.42475
France,FRA,2001,22363.31679
France,FRA,2002,22124.29321
France,FRA,2003,21877.4725
France,FRA,2004,21297.10653
France,FRA,2005,21042.58405
France,FRA,2006,20770.72641
France,FRA,2007,20506.23587
France,FRA,2008,20350.0605
France,FRA,2009,20217.15362
France,FRA,2010,20021.07246
France,FRA,2011,19771.70193
France,FRA,2012,19551.25532
France,FRA,2013,19315.08809
France,FRA,2014,19050.39571
France,FRA,2015,19089.66955
France,FRA,2016,18814.4081
France,FRA,2017,18760.96242
France,FRA,2018,18721.02567
France,FRA,2019,18781.50812
G20,,1990,44527.79751
G20,,1991,44031.40947
G20,,1992,43602.55069
G20,,1993,43157.36817
G20,,1994,42590.72858
G20,,1995,41829.18054
G20,,1996,40992.8313
G20,,1997,40467.56722
G20,,1998,39989.65901
G20,,1999,39598.85747
G20,,2000,39069.75663
G20,,2001,38465.82987
G20,,2002,37843.99226
G20,,2003,37198.53561
G20,,2004,36784.96452
G20,,2005,36086.97914
G20,,2006,35229.0239
G20,,2007,34473.1476
G20,,2008,34035.01092
G20,,2009,33202.05281
G20,,2010,32645.27836
G20,,2011,32010.19374
G20,,2012,31287.64727
G20,,2013,30664.76498
G20,,2014,30013.72264
G20,,2015,29488.65223
G20,,2016,28836.84933
G20,,2017,28426.43586
G20,,2018,28241.26324
G20,,2019,27964.35066
Gabon,GAB,1990,62365.34252
Gabon,GAB,1991,61878.3074
Gabon,GAB,1992,61143.39841
Gabon,GAB,1993,61401.49959
Gabon,GAB,1994,61802.2587
Gabon,GAB,1995,62129.61129
Gabon,GAB,1996,63143.96054
Gabon,GAB,1997,62575.41935
Gabon,GAB,1998,62855.63031
Gabon,GAB,1999,63548.48625
Gabon,GAB,2000,64227.3761
Gabon,GAB,2001,64379.03709
Gabon,GAB,2002,63633.09257
Gabon,GAB,2003,63429.21901
Gabon,GAB,2004,62403.4486
Gabon,GAB,2005,59857.60211
Gabon,GAB,2006,58366.77645
Gabon,GAB,2007,57344.71972
Gabon,GAB,2008,56859.69801
Gabon,GAB,2009,55442.86884
Gabon,GAB,2010,53937.16551
Gabon,GAB,2011,52834.21584
Gabon,GAB,2012,50827.96727
Gabon,GAB,2013,48848.33017
Gabon,GAB,2014,47424.141
Gabon,GAB,2015,46502.43394
Gabon,GAB,2016,45622.35738
Gabon,GAB,2017,44625.07272
Gabon,GAB,2018,43669.1833
Gabon,GAB,2019,42831.0199
Gambia,GMB,1990,63152.74127
Gambia,GMB,1991,62687.66315
Gambia,GMB,1992,62829.05136
Gambia,GMB,1993,61759.73547
Gambia,GMB,1994,61581.55759
Gambia,GMB,1995,61267.12596
Gambia,GMB,1996,61059.54683
Gambia,GMB,1997,61881.58807
Gambia,GMB,1998,60742.12264
Gambia,GMB,1999,60671.08258
Gambia,GMB,2000,60180.87637
Gambia,GMB,2001,59724.69497
Gambia,GMB,2002,59387.83102
Gambia,GMB,2003,58918.30307
Gambia,GMB,2004,58296.01695
Gambia,GMB,2005,57612.79554
Gambia,GMB,2006,56742.60196
Gambia,GMB,2007,56158.40546
Gambia,GMB,2008,55152.42123
Gambia,GMB,2009,54172.29031
Gambia,GMB,2010,53018.94081
Gambia,GMB,2011,51801.77897
Gambia,GMB,2012,50840.08274
Gambia,GMB,2013,50146.50448
Gambia,GMB,2014,49500.39611
Gambia,GMB,2015,48622.47933
Gambia,GMB,2016,47776.83686
Gambia,GMB,2017,46900.06944
Gambia,GMB,2018,45986.86907
Gambia,GMB,2019,45003.1465
Georgia,GEO,1990,39478.79734
Georgia,GEO,1991,39650.61142
Georgia,GEO,1992,40748.64754
Georgia,GEO,1993,41260.0403
Georgia,GEO,1994,38860.0042
Georgia,GEO,1995,36728.27769
Georgia,GEO,1996,35067.60248
Georgia,GEO,1997,35061.81414
Georgia,GEO,1998,35413.9603
Georgia,GEO,1999,35166.4245
Georgia,GEO,2000,35025.77485
Georgia,GEO,2001,34855.39599
Georgia,GEO,2002,35447.96359
Georgia,GEO,2003,34867.91099
Georgia,GEO,2004,34653.17457
Georgia,GEO,2005,34023.82889
Georgia,GEO,2006,33224.94202
Georgia,GEO,2007,32479.27271
Georgia,GEO,2008,33512.05792
Georgia,GEO,2009,32857.35675
Georgia,GEO,2010,32424.37101
Georgia,GEO,2011,31839.05561
Georgia,GEO,2012,31384.90357
Georgia,GEO,2013,30608.92322
Georgia,GEO,2014,30165.43558
Georgia,GEO,2015,29938.00338
Georgia,GEO,2016,30144.33492
Georgia,GEO,2017,30023.03899
Georgia,GEO,2018,29877.51392
Georgia,GEO,2019,29683.15362
Germany,DEU,1990,26732.41939
Germany,DEU,1991,26500.17856
Germany,DEU,1992,26045.71244
Germany,DEU,1993,25804.22397
Germany,DEU,1994,25461.20649
Germany,DEU,1995,25099.19835
Germany,DEU,1996,24728.41653
Germany,DEU,1997,24259.99952
Germany,DEU,1998,23815.04002
Germany,DEU,1999,23470.49007
Germany,DEU,2000,23137.66337
Germany,DEU,2001,22814.82763
Germany,DEU,2002,22676.03161
Germany,DEU,2003,22516.72719
Germany,DEU,2004,22063.43966
Germany,DEU,2005,21747.46493
Germany,DEU,2006,21463.56171
Germany,DEU,2007,21289.69795
Germany,DEU,2008,21141.5625
Germany,DEU,2009,21007.7595
Germany,DEU,2010,20819.45521
Germany,DEU,2011,20643.50947
Germany,DEU,2012,20467.07592
Germany,DEU,2013,20436.08017
Germany,DEU,2014,20234.96922
Germany,DEU,2015,20351.34807
Germany,DEU,2016,20295.3093
Germany,DEU,2017,20152.53742
Germany,DEU,2018,20099.15988
Germany,DEU,2019,20075.12087
Ghana,GHA,1990,65403.59076
Ghana,GHA,1991,64671.88869
Ghana,GHA,1992,64200.03886
Ghana,GHA,1993,63507.63982
Ghana,GHA,1994,63989.91332
Ghana,GHA,1995,63252.54694
Ghana,GHA,1996,63277.94303
Ghana,GHA,1997,64038.00202
Ghana,GHA,1998,63422.8651
Ghana,GHA,1999,63481.72491
Ghana,GHA,2000,63569.57044
Ghana,GHA,2001,63813.70219
Ghana,GHA,2002,63646.87534
Ghana,GHA,2003,63290.82055
Ghana,GHA,2004,62780.85566
Ghana,GHA,2005,62204.93377
Ghana,GHA,2006,61533.6568
Ghana,GHA,2007,60739.69719
Ghana,GHA,2008,59592.35054
Ghana,GHA,2009,58495.99449
Ghana,GHA,2010,57274.76445
Ghana,GHA,2011,55630.42995
Ghana,GHA,2012,54077.97525
Ghana,GHA,2013,52929.39076
Ghana,GHA,2014,51901.15864
Ghana,GHA,2015,51084.93951
Ghana,GHA,2016,50030.6339
Ghana,GHA,2017,48932.66477
Ghana,GHA,2018,47288.62948
Ghana,GHA,2019,45965.32006
Greece,GRC,1990,24431.97175
Greece,GRC,1991,24253.37298
Greece,GRC,1992,24111.08898
Greece,GRC,1993,23883.44157
Greece,GRC,1994,23757.60794
Greece,GRC,1995,23655.65553
Greece,GRC,1996,23484.10227
Greece,GRC,1997,23270.54566
Greece,GRC,1998,23197.1939
Greece,GRC,1999,23148.50359
Greece,GRC,2000,22863.31359
Greece,GRC,2001,22550.16973
Greece,GRC,2002,22319.51491
Greece,GRC,2003,22106.83277
Greece,GRC,2004,21998.92565
Greece,GRC,2005,21827.2779
Greece,GRC,2006,21500.12762
Greece,GRC,2007,21572.33922
Greece,GRC,2008,21174.34633
Greece,GRC,2009,21084.98927
Greece,GRC,2010,20874.29515
Greece,GRC,2011,20728.71954
Greece,GRC,2012,20569.64361
Greece,GRC,2013,20244.71866
Greece,GRC,2014,20067.82899
Greece,GRC,2015,20313.3014
Greece,GRC,2016,20240.28644
Greece,GRC,2017,20006.91722
Greece,GRC,2018,20156.87692
Greece,GRC,2019,20200.89533
Greenland,GRL,1990,48775.71371
Greenland,GRL,1991,48203.70436
Greenland,GRL,1992,47645.18222
Greenland,GRL,1993,48732.5153
Greenland,GRL,1994,48454.26433
Greenland,GRL,1995,48076.17984
Greenland,GRL,1996,47286.63651
Greenland,GRL,1997,46494.30489
Greenland,GRL,1998,45387.11935
Greenland,GRL,1999,44721.47141
Greenland,GRL,2000,43843.22534
Greenland,GRL,2001,42968.51589
Greenland,GRL,2002,42198.3726
Greenland,GRL,2003,40966.39602
Greenland,GRL,2004,39049.1888
Greenland,GRL,2005,38488.47915
Greenland,GRL,2006,37888.39553
Greenland,GRL,2007,37344.56574
Greenland,GRL,2008,36747.88216
Greenland,GRL,2009,36154.19066
Greenland,GRL,2010,35556.28289
Greenland,GRL,2011,34985.02012
Greenland,GRL,2012,34332.31808
Greenland,GRL,2013,33878.01986
Greenland,GRL,2014,33370.79937
Greenland,GRL,2015,32869.7975
Greenland,GRL,2016,32549.78151
Greenland,GRL,2017,32305.80073
Greenland,GRL,2018,32055.60686
Greenland,GRL,2019,31773.73127
Grenada,GRD,1990,38042.06632
Grenada,GRD,1991,37076.36447
Grenada,GRD,1992,36892.44839
Grenada,GRD,1993,36494.47347
Grenada,GRD,1994,35782.93964
Grenada,GRD,1995,34930.90329
Grenada,GRD,1996,34109.69973
Grenada,GRD,1997,33363.33013
Grenada,GRD,1998,32813.6995
Grenada,GRD,1999,32800.34253
Grenada,GRD,2000,32614.48661
Grenada,GRD,2001,32443.25698
Grenada,GRD,2002,32410.89655
Grenada,GRD,2003,32285.83983
Grenada,GRD,2004,33139.54682
Grenada,GRD,2005,31934.62584
Grenada,GRD,2006,31643.07997
Grenada,GRD,2007,31545.59292
Grenada,GRD,2008,31663.291
Grenada,GRD,2009,31674.49144
Grenada,GRD,2010,31746.12004
Grenada,GRD,2011,31612.85823
Grenada,GRD,2012,30887.62038
Grenada,GRD,2013,30979.35094
Grenada,GRD,2014,31108.1777
Grenada,GRD,2015,31048.2217
Grenada,GRD,2016,31273.06053
Grenada,GRD,2017,31016.62334
Grenada,GRD,2018,30781.46378
Grenada,GRD,2019,30549.99338
Guam,GUM,1990,29548.16494
Guam,GUM,1991,29614.361
Guam,GUM,1992,29389.78052
Guam,GUM,1993,29086.39581
Guam,GUM,1994,28699.21606
Guam,GUM,1995,27932.452
Guam,GUM,1996,27371.27451
Guam,GUM,1997,33291.83446
Guam,GUM,1998,26983.64188
Guam,GUM,1999,26886.23018
Guam,GUM,2000,26901.52881
Guam,GUM,2001,26846.01443
Guam,GUM,2002,26845.76752
Guam,GUM,2003,26604.54208
Guam,GUM,2004,26270.02442
Guam,GUM,2005,25757.22035
Guam,GUM,2006,25792.81479
Guam,GUM,2007,25881.44238
Guam,GUM,2008,26009.13327
Guam,GUM,2009,26146.86285
Guam,GUM,2010,26243.56624
Guam,GUM,2011,26000.8719
Guam,GUM,2012,26168.74523
Guam,GUM,2013,26529.43285
Guam,GUM,2014,26708.38307
Guam,GUM,2015,26880.64076
Guam,GUM,2016,26894.4371
Guam,GUM,2017,26902.17344
Guam,GUM,2018,26937.58385
Guam,GUM,2019,27042.89505
Guatemala,GTM,1990,60188.15954
Guatemala,GTM,1991,60306.97929
Guatemala,GTM,1992,59688.68563
Guatemala,GTM,1993,58302.58714
Guatemala,GTM,1994,56764.23838
Guatemala,GTM,1995,52824.71645
Guatemala,GTM,1996,50266.53081
Guatemala,GTM,1997,50085.11018
Guatemala,GTM,1998,49646.68753
Guatemala,GTM,1999,47413.74764
Guatemala,GTM,2000,46451.72826
Guatemala,GTM,2001,45409.12487
Guatemala,GTM,2002,44122.00678
Guatemala,GTM,2003,43272.61361
Guatemala,GTM,2004,42612.35825
Guatemala,GTM,2005,42575.46314
Guatemala,GTM,2006,41469.72907
Guatemala,GTM,2007,40219.61605
Guatemala,GTM,2008,39456.5135
Guatemala,GTM,2009,39361.791
Guatemala,GTM,2010,38520.64559
Guatemala,GTM,2011,37646.34859
Guatemala,GTM,2012,36794.56053
Guatemala,GTM,2013,36238.73269
Guatemala,GTM,2014,35724.92982
Guatemala,GTM,2015,35356.87139
Guatemala,GTM,2016,35004.55054
Guatemala,GTM,2017,34362.61735
Guatemala,GTM,2018,34178.87856
Guatemala,GTM,2019,33837.4793
Guinea,GIN,1990,88486.15147
Guinea,GIN,1991,86824.46814
Guinea,GIN,1992,86401.4927
Guinea,GIN,1993,84956.19652
Guinea,GIN,1994,83974.02101
Guinea,GIN,1995,83615.3848
Guinea,GIN,1996,82400.4444
Guinea,GIN,1997,80945.30714
Guinea,GIN,1998,80799.79911
Guinea,GIN,1999,81095.36403
Guinea,GIN,2000,81532.7803
Guinea,GIN,2001,79962.21369
Guinea,GIN,2002,78276.51651
Guinea,GIN,2003,76967.39971
Guinea,GIN,2004,75998.3329
Guinea,GIN,2005,74881.2129
Guinea,GIN,2006,73981.16977
Guinea,GIN,2007,73072.75015
Guinea,GIN,2008,71844.30738
Guinea,GIN,2009,70918.41196
Guinea,GIN,2010,69635.83729
Guinea,GIN,2011,68574.21811
Guinea,GIN,2012,67730.56684
Guinea,GIN,2013,67087.78951
Guinea,GIN,2014,68473.83849
Guinea,GIN,2015,66737.15709
Guinea,GIN,2016,64627.62896
Guinea,GIN,2017,62807.74195
Guinea,GIN,2018,60991.29298
Guinea,GIN,2019,59164.52595
Guinea-Bissau,GNB,1990,100675.4395
Guinea-Bissau,GNB,1991,99070.19999
Guinea-Bissau,GNB,1992,97771.8145
Guinea-Bissau,GNB,1993,96554.54198
Guinea-Bissau,GNB,1994,96250.31249
Guinea-Bissau,GNB,1995,94499.4348
Guinea-Bissau,GNB,1996,97377.28769
Guinea-Bissau,GNB,1997,95533.4419
Guinea-Bissau,GNB,1998,96331.32839
Guinea-Bissau,GNB,1999,95819.25456
Guinea-Bissau,GNB,2000,90358.85426
Guinea-Bissau,GNB,2001,89081.40535
Guinea-Bissau,GNB,2002,87926.96919
Guinea-Bissau,GNB,2003,86711.63992
Guinea-Bissau,GNB,2004,85680.89006
Guinea-Bissau,GNB,2005,85381.6278
Guinea-Bissau,GNB,2006,82469.64237
Guinea-Bissau,GNB,2007,80189.8642
Guinea-Bissau,GNB,2008,78436.71706
Guinea-Bissau,GNB,2009,76038.75385
Guinea-Bissau,GNB,2010,73824.76577
Guinea-Bissau,GNB,2011,71680.57534
Guinea-Bissau,GNB,2012,69985.14173
Guinea-Bissau,GNB,2013,68425.55919
Guinea-Bissau,GNB,2014,67390.15308
Guinea-Bissau,GNB,2015,65903.24703
Guinea-Bissau,GNB,2016,64209.49218
Guinea-Bissau,GNB,2017,62659.36135
Guinea-Bissau,GNB,2018,61223.69463
Guinea-Bissau,GNB,2019,59462.12064
Guyana,GUY,1990,56384.45557
Guyana,GUY,1991,54746.25877
Guyana,GUY,1992,53131.13694
Guyana,GUY,1993,54076.23278
Guyana,GUY,1994,53473.84686
Guyana,GUY,1995,54175.1116
Guyana,GUY,1996,54371.11925
Guyana,GUY,1997,53360.7827
Guyana,GUY,1998,52923.0104
Guyana,GUY,1999,51426.29795
Guyana,GUY,2000,51746.58032
Guyana,GUY,2001,51753.94695
Guyana,GUY,2002,52012.80912
Guyana,GUY,2003,51496.99393
Guyana,GUY,2004,51140.81343
Guyana,GUY,2005,50817.06101
Guyana,GUY,2006,49313.27772
Guyana,GUY,2007,48665.66297
Guyana,GUY,2008,48471.87338
Guyana,GUY,2009,47100.01639
Guyana,GUY,2010,47268.59867
Guyana,GUY,2011,47238.95134
Guyana,GUY,2012,47357.57729
Guyana,GUY,2013,46675.18766
Guyana,GUY,2014,46617.90802
Guyana,GUY,2015,45704.74691
Guyana,GUY,2016,45040.88137
Guyana,GUY,2017,44465.43752
Guyana,GUY,2018,44069.84552
Guyana,GUY,2019,43661.12645
Haiti,HTI,1990,79947.08794
Haiti,HTI,1991,79663.28441
Haiti,HTI,1992,78747.25473
Haiti,HTI,1993,80057.8852
Haiti,HTI,1994,79134.24789
Haiti,HTI,1995,77368.29454
Haiti,HTI,1996,76219.75149
Haiti,HTI,1997,75101.24049
Haiti,HTI,1998,73591.95859
Haiti,HTI,1999,72109.3173
Haiti,HTI,2000,70835.08467
Haiti,HTI,2001,69698.78748
Haiti,HTI,2002,68512.88055
Haiti,HTI,2003,67614.87726
Haiti,HTI,2004,70211.62308
Haiti,HTI,2005,65776.72116
Haiti,HTI,2006,64439.08176
Haiti,HTI,2007,63085.64719
Haiti,HTI,2008,62267.84
Haiti,HTI,2009,60848.12768
Haiti,HTI,2010,184708.156
Haiti,HTI,2011,63919.75068
Haiti,HTI,2012,59745.39226
Haiti,HTI,2013,59138.55914
Haiti,HTI,2014,58270.05238
Haiti,HTI,2015,57570.36056
Haiti,HTI,2016,56961.34073
Haiti,HTI,2017,55027.52848
Haiti,HTI,2018,54085.55937
Haiti,HTI,2019,53293.49992
Honduras,HND,1990,42138.70411
Honduras,HND,1991,41201.97645
Honduras,HND,1992,41208.52751
Honduras,HND,1993,40917.75923
Honduras,HND,1994,39922.31915
Honduras,HND,1995,40367.57944
Honduras,HND,1996,40070.89481
Honduras,HND,1997,39586.48767
Honduras,HND,1998,53681.07058
Honduras,HND,1999,38834.3846
Honduras,HND,2000,38311.59983
Honduras,HND,2001,37917.30189
Honduras,HND,2002,37488.93218
Honduras,HND,2003,37239.85006
Honduras,HND,2004,36748.23641
Honduras,HND,2005,36274.32501
Honduras,HND,2006,35899.88848
Honduras,HND,2007,35587.36898
Honduras,HND,2008,35319.0354
Honduras,HND,2009,35090.07572
Honduras,HND,2010,35243.58735
Honduras,HND,2011,35198.09752
Honduras,HND,2012,38367.24603
Honduras,HND,2013,37596.17655
Honduras,HND,2014,37122.51628
Honduras,HND,2015,37036.49882
Honduras,HND,2016,33652.97254
Honduras,HND,2017,33276.85087
Honduras,HND,2018,32932.57344
Honduras,HND,2019,32697.69377
Hungary,HUN,1990,37657.38344
Hungary,HUN,1991,37601.42418
Hungary,HUN,1992,38201.85583
Hungary,HUN,1993,37994.83504
Hungary,HUN,1994,37130.07469
Hungary,HUN,1995,36272.56635
Hungary,HUN,1996,34690.04451
Hungary,HUN,1997,34110.96439
Hungary,HUN,1998,34147.12786
Hungary,HUN,1999,33715.93892
Hungary,HUN,2000,32329.61119
Hungary,HUN,2001,31270.1807
Hungary,HUN,2002,30926.24853
Hungary,HUN,2003,30727.63194
Hungary,HUN,2004,30090.77444
Hungary,HUN,2005,30024.48836
Hungary,HUN,2006,29296.96247
Hungary,HUN,2007,29107.03566
Hungary,HUN,2008,28186.22172
Hungary,HUN,2009,27814.71073
Hungary,HUN,2010,27154.63533
Hungary,HUN,2011,26617.52518
Hungary,HUN,2012,26155.76971
Hungary,HUN,2013,25467.05214
Hungary,HUN,2014,25266.41077
Hungary,HUN,2015,25366.02001
Hungary,HUN,2016,24770.67475
Hungary,HUN,2017,24744.07445
Hungary,HUN,2018,24785.16783
Hungary,HUN,2019,24500.10688
Iceland,ISL,1990,23361.40855
Iceland,ISL,1991,23130.60329
Iceland,ISL,1992,22808.14734
Iceland,ISL,1993,22541.49305
Iceland,ISL,1994,22384.69075
Iceland,ISL,1995,22736.47616
Iceland,ISL,1996,22045.40292
Iceland,ISL,1997,21757.12745
Iceland,ISL,1998,21447.54155
Iceland,ISL,1999,21134.21421
Iceland,ISL,2000,20734.41254
Iceland,ISL,2001,20416.59979
Iceland,ISL,2002,20140.42962
Iceland,ISL,2003,19820.68453
Iceland,ISL,2004,19583.3831
Iceland,ISL,2005,19373.87995
Iceland,ISL,2006,19242.1667
Iceland,ISL,2007,19031.56763
Iceland,ISL,2008,18772.738
Iceland,ISL,2009,18587.09313
Iceland,ISL,2010,18398.53286
Iceland,ISL,2011,18222.27752
Iceland,ISL,2012,18128.28131
Iceland,ISL,2013,17946.78793
Iceland,ISL,2014,17615.92061
Iceland,ISL,2015,17581.83192
Iceland,ISL,2016,17541.11338
Iceland,ISL,2017,17533.33516
Iceland,ISL,2018,17446.11529
Iceland,ISL,2019,17420.69203
India,IND,1990,66331.85816
India,IND,1991,65830.7425
India,IND,1992,65195.09105
India,IND,1993,63540.49211
India,IND,1994,61770.56055
India,IND,1995,60328.04516
India,IND,1996,59392.8439
India,IND,1997,59647.16085
India,IND,1998,58990.24766
India,IND,1999,57725.99254
India,IND,2000,56700.43189
India,IND,2001,55810.21812
India,IND,2002,54426.48513
India,IND,2003,52742.32949
India,IND,2004,51078.22127
India,IND,2005,50537.78309
India,IND,2006,49940.44296
India,IND,2007,49223.79792
India,IND,2008,48542.65727
India,IND,2009,46831.44309
India,IND,2010,45779.15678
India,IND,2011,45108.598
India,IND,2012,44068.44057
India,IND,2013,43223.26241
India,IND,2014,41814.77997
India,IND,2015,40978.03857
India,IND,2016,39614.92372
India,IND,2017,38790.54894
India,IND,2018,38497.58267
India,IND,2019,37843.32885
Indonesia,IDN,1990,52319.46527
Indonesia,IDN,1991,51150.80281
Indonesia,IDN,1992,50088.76115
Indonesia,IDN,1993,49063.3535
Indonesia,IDN,1994,48088.13117
Indonesia,IDN,1995,47149.50897
Indonesia,IDN,1996,46262.00278
Indonesia,IDN,1997,45598.25552
Indonesia,IDN,1998,45147.97955
Indonesia,IDN,1999,44641.11236
Indonesia,IDN,2000,43971.7127
Indonesia,IDN,2001,43419.61603
Indonesia,IDN,2002,42855.58668
Indonesia,IDN,2003,42297.10516
Indonesia,IDN,2004,45789.78912
Indonesia,IDN,2005,41125.07436
Indonesia,IDN,2006,40732.0841
Indonesia,IDN,2007,40025.43936
Indonesia,IDN,2008,39468.72942
Indonesia,IDN,2009,38974.26391
Indonesia,IDN,2010,38374.33408
Indonesia,IDN,2011,37756.18154
Indonesia,IDN,2012,37256.5883
Indonesia,IDN,2013,36829.33945
Indonesia,IDN,2014,36359.13238
Indonesia,IDN,2015,35940.27832
Indonesia,IDN,2016,35378.28756
Indonesia,IDN,2017,34985.7088
Indonesia,IDN,2018,34562.58713
Indonesia,IDN,2019,33996.77927
Iran,IRN,1990,46800.51644
Iran,IRN,1991,42254.44973
Iran,IRN,1992,41509.87472
Iran,IRN,1993,40647.39294
Iran,IRN,1994,39731.9351
Iran,IRN,1995,38985.88075
Iran,IRN,1996,38266.85918
Iran,IRN,1997,37866.42948
Iran,IRN,1998,36984.79934
Iran,IRN,1999,36388.5221
Iran,IRN,2000,35755.38965
Iran,IRN,2001,35228.12628
Iran,IRN,2002,34565.47143
Iran,IRN,2003,36060.78367
Iran,IRN,2004,33346.41437
Iran,IRN,2005,32678.54809
Iran,IRN,2006,31990.67022
Iran,IRN,2007,31311.71725
Iran,IRN,2008,30710.3722
Iran,IRN,2009,30169.98044
Iran,IRN,2010,29654.99538
Iran,IRN,2011,29140.36651
Iran,IRN,2012,28722.04123
Iran,IRN,2013,28335.68657
Iran,IRN,2014,27779.19929
Iran,IRN,2015,27153.25794
Iran,IRN,2016,26260.39742
Iran,IRN,2017,25820.28424
Iran,IRN,2018,25418.34564
Iran,IRN,2019,25029.06767
Iraq,IRQ,1990,46691.34098
Iraq,IRQ,1991,45864.71387
Iraq,IRQ,1992,45585.71607
Iraq,IRQ,1993,45523.02368
Iraq,IRQ,1994,45487.19285
Iraq,IRQ,1995,45307.80217
Iraq,IRQ,1996,44801.57706
Iraq,IRQ,1997,44355.28192
Iraq,IRQ,1998,43435.06635
Iraq,IRQ,1999,42503.28162
Iraq,IRQ,2000,41658.66239
Iraq,IRQ,2001,40746.80347
Iraq,IRQ,2002,40097.51365
Iraq,IRQ,2003,42778.95392
Iraq,IRQ,2004,42390.55311
Iraq,IRQ,2005,43466.65343
Iraq,IRQ,2006,45922.31503
Iraq,IRQ,2007,45099.9861
Iraq,IRQ,2008,40045.49227
Iraq,IRQ,2009,38246.89834
Iraq,IRQ,2010,37094.86596
Iraq,IRQ,2011,36196.40195
Iraq,IRQ,2012,35642.05097
Iraq,IRQ,2013,36682.34649
Iraq,IRQ,2014,38968.33757
Iraq,IRQ,2015,37242.89582
Iraq,IRQ,2016,36921.25448
Iraq,IRQ,2017,35819.89115
Iraq,IRQ,2018,31816.63486
Iraq,IRQ,2019,31557.92647
Ireland,IRL,1990,27513.25684
Ireland,IRL,1991,27164.46539
Ireland,IRL,1992,26824.30847
Ireland,IRL,1993,26683.58798
Ireland,IRL,1994,26351.00588
Ireland,IRL,1995,26448.10699
Ireland,IRL,1996,26148.20736
Ireland,IRL,1997,25956.70358
Ireland,IRL,1998,25720.07733
Ireland,IRL,1999,25591.87306
Ireland,IRL,2000,25152.38668
Ireland,IRL,2001,24513.02514
Ireland,IRL,2002,23942.10571
Ireland,IRL,2003,23388.35517
Ireland,IRL,2004,22971.2622
Ireland,IRL,2005,22480.78461
Ireland,IRL,2006,22176.4184
Ireland,IRL,2007,21808.28171
Ireland,IRL,2008,21615.40531
Ireland,IRL,2009,21409.10527
Ireland,IRL,2010,20791.10404
Ireland,IRL,2011,20708.59892
Ireland,IRL,2012,20424.59014
Ireland,IRL,2013,20152.8398
Ireland,IRL,2014,19866.95233
Ireland,IRL,2015,19676.95142
Ireland,IRL,2016,19491.13388
Ireland,IRL,2017,19486.76193
Ireland,IRL,2018,19467.49426
Ireland,IRL,2019,19401.41795
Israel,ISR,1990,24211.65586
Israel,ISR,1991,24253.6814
Israel,ISR,1992,24359.02324
Israel,ISR,1993,23857.31334
Israel,ISR,1994,23674.76086
Israel,ISR,1995,23439.81638
Israel,ISR,1996,23283.28215
Israel,ISR,1997,22950.32346
Israel,ISR,1998,22621.03236
Israel,ISR,1999,22265.63944
Israel,ISR,2000,22122.29489
Israel,ISR,2001,22119.9212
Israel,ISR,2002,22519.81566
Israel,ISR,2003,21613.85187
Israel,ISR,2004,21137.36003
Israel,ISR,2005,20590.64041
Israel,ISR,2006,20595.21386
Israel,ISR,2007,20076.39471
Israel,ISR,2008,20050.62118
Israel,ISR,2009,19685.74208
Israel,ISR,2010,18953.94872
Israel,ISR,2011,18787.56483
Israel,ISR,2012,18529.97845
Israel,ISR,2013,18274.36224
Israel,ISR,2014,19294.48539
Israel,ISR,2015,18039.9975
Israel,ISR,2016,17890.58887
Israel,ISR,2017,17813.52624
Israel,ISR,2018,17865.62098
Israel,ISR,2019,17799.58394
Italy,ITA,1990,25436.77953
Italy,ITA,1991,25360.07596
Italy,ITA,1992,25042.11038
Italy,ITA,1993,24678.26018
Italy,ITA,1994,24394.46268
Italy,ITA,1995,24055.14209
Italy,ITA,1996,23681.33173
Italy,ITA,1997,23208.2274
Italy,ITA,1998,22897.00934
Italy,ITA,1999,22456.3017
Italy,ITA,2000,22012.0933
Italy,ITA,2001,21667.8107
Italy,ITA,2002,21362.42656
Italy,ITA,2003,21144.09823
Italy,ITA,2004,20647.52394
Italy,ITA,2005,20350.12577
Italy,ITA,2006,20059.03009
Italy,ITA,2007,19842.13618
Italy,ITA,2008,19636.20881
Italy,ITA,2009,19451.69716
Italy,ITA,2010,19142.38969
Italy,ITA,2011,18974.02064
Italy,ITA,2012,18802.12747
Italy,ITA,2013,18554.11974
Italy,ITA,2014,18325.05434
Italy,ITA,2015,18344.38037
Italy,ITA,2016,18151.14457
Italy,ITA,2017,18107.96707
Italy,ITA,2018,18152.27559
Italy,ITA,2019,18185.864
Jamaica,JAM,1990,28251.63687
Jamaica,JAM,1991,27280.65144
Jamaica,JAM,1992,27673.15851
Jamaica,JAM,1993,27992.19712
Jamaica,JAM,1994,28216.13162
Jamaica,JAM,1995,28340.13058
Jamaica,JAM,1996,28558.34879
Jamaica,JAM,1997,28950.33972
Jamaica,JAM,1998,29192.06925
Jamaica,JAM,1999,29703.7523
Jamaica,JAM,2000,29406.66533
Jamaica,JAM,2001,29267.74459
Jamaica,JAM,2002,28144.77578
Jamaica,JAM,2003,27099.03922
Jamaica,JAM,2004,26443.53779
Jamaica,JAM,2005,25664.87409
Jamaica,JAM,2006,25630.19425
Jamaica,JAM,2007,26952.87023
Jamaica,JAM,2008,28307.06333
Jamaica,JAM,2009,29070.21492
Jamaica,JAM,2010,26913.95739
Jamaica,JAM,2011,27578.32109
Jamaica,JAM,2012,26171.44682
Jamaica,JAM,2013,25935.6866
Jamaica,JAM,2014,26897.24454
Jamaica,JAM,2015,26945.50435
Jamaica,JAM,2016,26891.58339
Jamaica,JAM,2017,26814.10653
Jamaica,JAM,2018,26734.36923
Jamaica,JAM,2019,26815.95596
Japan,JPN,1990,20928.0555
Japan,JPN,1991,20720.27491
Japan,JPN,1992,20580.36432
Japan,JPN,1993,20381.79951
Japan,JPN,1994,20073.22257
Japan,JPN,1995,20027.9831
Japan,JPN,1996,19587.29538
Japan,JPN,1997,19357.85559
Japan,JPN,1998,19372.40369
Japan,JPN,1999,19255.84203
Japan,JPN,2000,18897.98227
Japan,JPN,2001,18607.83015
Japan,JPN,2002,18361.34745
Japan,JPN,2003,18240.01117
Japan,JPN,2004,18068.91918
Japan,JPN,2005,17990.32489
Japan,JPN,2006,17763.68087
Japan,JPN,2007,17572.75226
Japan,JPN,2008,17413.87163
Japan,JPN,2009,17248.30858
Japan,JPN,2010,17156.54638
Japan,JPN,2011,17262.04586
Japan,JPN,2012,16866.47873
Japan,JPN,2013,16668.13557
Japan,JPN,2014,16492.1078
Japan,JPN,2015,16288.76609
Japan,JPN,2016,16191.79476
Japan,JPN,2017,16028.13505
Japan,JPN,2018,15975.52587
Japan,JPN,2019,15885.70791
Jordan,JOR,1990,35033.32106
Jordan,JOR,1991,34647.31132
Jordan,JOR,1992,34067.01049
Jordan,JOR,1993,34199.88152
Jordan,JOR,1994,33941.0499
Jordan,JOR,1995,33799.58173
Jordan,JOR,1996,33696.4233
Jordan,JOR,1997,33223.69038
Jordan,JOR,1998,32771.93557
Jordan,JOR,1999,32275.44133
Jordan,JOR,2000,31681.76567
Jordan,JOR,2001,31364.23805
Jordan,JOR,2002,30789.56237
Jordan,JOR,2003,30026.96064
Jordan,JOR,2004,29529.62838
Jordan,JOR,2005,29147.38415
Jordan,JOR,2006,28457.06948
Jordan,JOR,2007,27278.77546
Jordan,JOR,2008,26286.25608
Jordan,JOR,2009,25572.32598
Jordan,JOR,2010,25134.74613
Jordan,JOR,2011,24773.9792
Jordan,JOR,2012,24306.81367
Jordan,JOR,2013,23873.83508
Jordan,JOR,2014,23754.21015
Jordan,JOR,2015,23636.21238
Jordan,JOR,2016,23751.16617
Jordan,JOR,2017,23708.71216
Jordan,JOR,2018,24079.1523
Jordan,JOR,2019,23563.91405
Kazakhstan,KAZ,1990,41214.03251
Kazakhstan,KAZ,1991,42198.88962
Kazakhstan,KAZ,1992,43930.66461
Kazakhstan,KAZ,1993,46212.7393
Kazakhstan,KAZ,1994,48118.5993
Kazakhstan,KAZ,1995,50094.3553
Kazakhstan,KAZ,1996,50460.83245
Kazakhstan,KAZ,1997,49933.29735
Kazakhstan,KAZ,1998,48913.81284
Kazakhstan,KAZ,1999,48147.02164
Kazakhstan,KAZ,2000,48473.33173
Kazakhstan,KAZ,2001,48421.71306
Kazakhstan,KAZ,2002,48339.21921
Kazakhstan,KAZ,2003,48581.93048
Kazakhstan,KAZ,2004,48493.17263
Kazakhstan,KAZ,2005,48455.58788
Kazakhstan,KAZ,2006,47900.41537
Kazakhstan,KAZ,2007,46672.18595
Kazakhstan,KAZ,2008,44360.57911
Kazakhstan,KAZ,2009,42234.33564
Kazakhstan,KAZ,2010,41414.20164
Kazakhstan,KAZ,2011,40275.85959
Kazakhstan,KAZ,2012,39179.08727
Kazakhstan,KAZ,2013,37482.28745
Kazakhstan,KAZ,2014,36023.19394
Kazakhstan,KAZ,2015,34951.3673
Kazakhstan,KAZ,2016,34046.25386
Kazakhstan,KAZ,2017,33157.13813
Kazakhstan,KAZ,2018,32863.01883
Kazakhstan,KAZ,2019,32474.93757
Kenya,KEN,1990,57748.43982
Kenya,KEN,1991,60086.04045
Kenya,KEN,1992,63029.52921
Kenya,KEN,1993,66027.3808
Kenya,KEN,1994,69087.64358
Kenya,KEN,1995,71461.3492
Kenya,KEN,1996,73732.55956
Kenya,KEN,1997,75916.22781
Kenya,KEN,1998,77342.44819
Kenya,KEN,1999,77895.76554
Kenya,KEN,2000,77946.83902
Kenya,KEN,2001,77529.49122
Kenya,KEN,2002,77055.32227
Kenya,KEN,2003,76316.0532
Kenya,KEN,2004,74599.45398
Kenya,KEN,2005,72082.23758
Kenya,KEN,2006,69041.61591
Kenya,KEN,2007,65846.51989
Kenya,KEN,2008,63297.0132
Kenya,KEN,2009,60531.67154
Kenya,KEN,2010,58216.78199
Kenya,KEN,2011,56170.2598
Kenya,KEN,2012,54392.45691
Kenya,KEN,2013,52998.87904
Kenya,KEN,2014,51579.85082
Kenya,KEN,2015,49936.05243
Kenya,KEN,2016,48283.05357
Kenya,KEN,2017,46966.33478
Kenya,KEN,2018,45886.99562
Kenya,KEN,2019,44993.49683
Kiribati,KIR,1990,80625.06323
Kiribati,KIR,1991,80493.81241
Kiribati,KIR,1992,80083.05428
Kiribati,KIR,1993,79601.06163
Kiribati,KIR,1994,78571.35356
Kiribati,KIR,1995,77782.85725
Kiribati,KIR,1996,76618.65161
Kiribati,KIR,1997,76001.37592
Kiribati,KIR,1998,75184.04223
Kiribati,KIR,1999,74580.95624
Kiribati,KIR,2000,73746.8542
Kiribati,KIR,2001,72871.23651
Kiribati,KIR,2002,71962.07106
Kiribati,KIR,2003,71073.7585
Kiribati,KIR,2004,70266.4234
Kiribati,KIR,2005,69395.9634
Kiribati,KIR,2006,68636.32105
Kiribati,KIR,2007,67842.66766
Kiribati,KIR,2008,67143.95946
Kiribati,KIR,2009,66463.52428
Kiribati,KIR,2010,65755.80263
Kiribati,KIR,2011,65099.77713
Kiribati,KIR,2012,64459.41623
Kiribati,KIR,2013,63757.33701
Kiribati,KIR,2014,63151.01966
Kiribati,KIR,2015,62500.06895
Kiribati,KIR,2016,61881.77346
Kiribati,KIR,2017,61222.88195
Kiribati,KIR,2018,64324.72983
Kiribati,KIR,2019,60019.93341
Kuwait,KWT,1990,29671.09268
Kuwait,KWT,1991,32760.43292
Kuwait,KWT,1992,23129.72644
Kuwait,KWT,1993,22849.10853
Kuwait,KWT,1994,23947.73785
Kuwait,KWT,1995,23974.54071
Kuwait,KWT,1996,23178.13921
Kuwait,KWT,1997,24389.15005
Kuwait,KWT,1998,23466.10392
Kuwait,KWT,1999,24321.22143
Kuwait,KWT,2000,24071.12603
Kuwait,KWT,2001,22612.02604
Kuwait,KWT,2002,23417.10979
Kuwait,KWT,2003,23125.54377
Kuwait,KWT,2004,23168.9048
Kuwait,KWT,2005,23179.19455
Kuwait,KWT,2006,23118.25781
Kuwait,KWT,2007,22840.03368
Kuwait,KWT,2008,23727.20073
Kuwait,KWT,2009,23213.64495
Kuwait,KWT,2010,21600.80372
Kuwait,KWT,2011,20719.71327
Kuwait,KWT,2012,20627.12558
Kuwait,KWT,2013,20314.56613
Kuwait,KWT,2014,20180.68125
Kuwait,KWT,2015,20359.88687
Kuwait,KWT,2016,20125.03932
Kuwait,KWT,2017,20121.94094
Kuwait,KWT,2018,20108.2087
Kuwait,KWT,2019,20179.81412
Kyrgyzstan,KGZ,1990,43631.56283
Kyrgyzstan,KGZ,1991,43547.81552
Kyrgyzstan,KGZ,1992,43611.48283
Kyrgyzstan,KGZ,1993,44789.78883
Kyrgyzstan,KGZ,1994,46480.22791
Kyrgyzstan,KGZ,1995,46190.05098
Kyrgyzstan,KGZ,1996,44684.57114
Kyrgyzstan,KGZ,1997,43620.34477
Kyrgyzstan,KGZ,1998,42811.05089
Kyrgyzstan,KGZ,1999,41902.1965
Kyrgyzstan,KGZ,2000,42447.96662
Kyrgyzstan,KGZ,2001,42213.91182
Kyrgyzstan,KGZ,2002,42394.12579
Kyrgyzstan,KGZ,2003,42583.13677
Kyrgyzstan,KGZ,2004,41854.56779
Kyrgyzstan,KGZ,2005,41830.78608
Kyrgyzstan,KGZ,2006,42114.32747
Kyrgyzstan,KGZ,2007,41166.35156
Kyrgyzstan,KGZ,2008,39531.12495
Kyrgyzstan,KGZ,2009,37576.96549
Kyrgyzstan,KGZ,2010,36861.19922
Kyrgyzstan,KGZ,2011,35486.75776
Kyrgyzstan,KGZ,2012,34575.73892
Kyrgyzstan,KGZ,2013,33730.25434
Kyrgyzstan,KGZ,2014,32994.70189
Kyrgyzstan,KGZ,2015,32376.61014
Kyrgyzstan,KGZ,2016,30883.7497
Kyrgyzstan,KGZ,2017,30376.03493
Kyrgyzstan,KGZ,2018,29942.47113
Kyrgyzstan,KGZ,2019,29725.43798
Laos,LAO,1990,84057.85062
Laos,LAO,1991,81742.6273
Laos,LAO,1992,80185.59988
Laos,LAO,1993,78696.50253
Laos,LAO,1994,77399.9159
Laos,LAO,1995,75346.18706
Laos,LAO,1996,73747.20737
Laos,LAO,1997,71963.94767
Laos,LAO,1998,70341.80907
Laos,LAO,1999,68587.23841
Laos,LAO,2000,67020.62834
Laos,LAO,2001,65285.86609
Laos,LAO,2002,63206.92704
Laos,LAO,2003,61417.31072
Laos,LAO,2004,59574.96475
Laos,LAO,2005,57873.50551
Laos,LAO,2006,56285.4401
Laos,LAO,2007,54451.88151
Laos,LAO,2008,52770.72999
Laos,LAO,2009,51048.36851
Laos,LAO,2010,49299.31604
Laos,LAO,2011,47658.82421
Laos,LAO,2012,46175.36259
Laos,LAO,2013,45012.94537
Laos,LAO,2014,43640.73855
Laos,LAO,2015,42638.44132
Laos,LAO,2016,41706.64771
Laos,LAO,2017,40876.90482
Laos,LAO,2018,40232.43615
Laos,LAO,2019,39468.53175
Latin America & Caribbean (WB),,1990,40794.39952
Latin America & Caribbean (WB),,1991,40053.58923
Latin America & Caribbean (WB),,1992,39318.68017
Latin America & Caribbean (WB),,1993,38841.35829
Latin America & Caribbean (WB),,1994,38171.0013
Latin America & Caribbean (WB),,1995,37559.20606
Latin America & Caribbean (WB),,1996,36901.22692
Latin America & Caribbean (WB),,1997,36157.61475
Latin America & Caribbean (WB),,1998,35933.84291
Latin America & Caribbean (WB),,1999,35408.89169
Latin America & Caribbean (WB),,2000,34468.53573
Latin America & Caribbean (WB),,2001,33997.48055
Latin America & Caribbean (WB),,2002,33732.10685
Latin America & Caribbean (WB),,2003,33273.04572
Latin America & Caribbean (WB),,2004,32779.38149
Latin America & Caribbean (WB),,2005,32185.67454
Latin America & Caribbean (WB),,2006,31745.93921
Latin America & Caribbean (WB),,2007,31347.06235
Latin America & Caribbean (WB),,2008,31109.12027
Latin America & Caribbean (WB),,2009,30976.04042
Latin America & Caribbean (WB),,2010,32845.99362
Latin America & Caribbean (WB),,2011,30272.45252
Latin America & Caribbean (WB),,2012,29903.47814
Latin America & Caribbean (WB),,2013,29676.77962
Latin America & Caribbean (WB),,2014,29317.62253
Latin America & Caribbean (WB),,2015,29052.58908
Latin America & Caribbean (WB),,2016,28922.6642
Latin America & Caribbean (WB),,2017,28730.60551
Latin America & Caribbean (WB),,2018,28416.92637
Latin America & Caribbean (WB),,2019,28144.17661
Latvia,LVA,1990,37388.32374
Latvia,LVA,1991,38206.30187
Latvia,LVA,1992,39516.57714
Latvia,LVA,1993,43113.70987
Latvia,LVA,1994,45775.63664
Latvia,LVA,1995,43582.30171
Latvia,LVA,1996,38871.06692
Latvia,LVA,1997,37474.1738
Latvia,LVA,1998,38207.34221
Latvia,LVA,1999,36517.57178
Latvia,LVA,2000,35524.27386
Latvia,LVA,2001,36346.27396
Latvia,LVA,2002,35562.92437
Latvia,LVA,2003,34595.92827
Latvia,LVA,2004,33935.40778
Latvia,LVA,2005,34463.36692
Latvia,LVA,2006,35221.68653
Latvia,LVA,2007,34308.67347
Latvia,LVA,2008,32163.38167
Latvia,LVA,2009,30767.15405
Latvia,LVA,2010,30070.29635
Latvia,LVA,2011,29007.67529
Latvia,LVA,2012,28416.41196
Latvia,LVA,2013,28437.66863
Latvia,LVA,2014,27695.53988
Latvia,LVA,2015,27075.96941
Latvia,LVA,2016,26184.67523
Latvia,LVA,2017,26142.38807
Latvia,LVA,2018,26076.89954
Latvia,LVA,2019,26015.56752
Lebanon,LBN,1990,39492.17087
Lebanon,LBN,1991,35205.79409
Lebanon,LBN,1992,34719.07981
Lebanon,LBN,1993,34046.13161
Lebanon,LBN,1994,33272.40117
Lebanon,LBN,1995,32418.08562
Lebanon,LBN,1996,31896.36963
Lebanon,LBN,1997,31017.64078
Lebanon,LBN,1998,30339.22819
Lebanon,LBN,1999,29724.23207
Lebanon,LBN,2000,29226.68148
Lebanon,LBN,2001,28719.48056
Lebanon,LBN,2002,28385.14487
Lebanon,LBN,2003,28205.33576
Lebanon,LBN,2004,27977.7545
Lebanon,LBN,2005,27910.0572
Lebanon,LBN,2006,28965.5345
Lebanon,LBN,2007,27816.15995
Lebanon,LBN,2008,27942.28276
Lebanon,LBN,2009,27622.6304
Lebanon,LBN,2010,27493.46935
Lebanon,LBN,2011,27227.15911
Lebanon,LBN,2012,27030.70119
Lebanon,LBN,2013,27069.76846
Lebanon,LBN,2014,27247.17488
Lebanon,LBN,2015,27096.21727
Lebanon,LBN,2016,26897.97736
Lebanon,LBN,2017,26779.00399
Lebanon,LBN,2018,27145.20157
Lebanon,LBN,2019,25862.40257
Lesotho,LSO,1990,61274.94281
Lesotho,LSO,1991,61669.43744
Lesotho,LSO,1992,62935.79138
Lesotho,LSO,1993,64847.62651
Lesotho,LSO,1994,67832.54963
Lesotho,LSO,1995,71263.91313
Lesotho,LSO,1996,75521.3954
Lesotho,LSO,1997,80947.64328
Lesotho,LSO,1998,88202.73636
Lesotho,LSO,1999,95251.98588
Lesotho,LSO,2000,102821.1094
Lesotho,LSO,2001,108304.9074
Lesotho,LSO,2002,114317.3974
Lesotho,LSO,2003,120390.4672
Lesotho,LSO,2004,125285.2413
Lesotho,LSO,2005,127141.3978
Lesotho,LSO,2006,125538.0263
Lesotho,LSO,2007,120341.9173
Lesotho,LSO,2008,114045.3786
Lesotho,LSO,2009,109177.7364
Lesotho,LSO,2010,106036.5161
Lesotho,LSO,2011,105630.9619
Lesotho,LSO,2012,107095.0385
Lesotho,LSO,2013,107674.084
Lesotho,LSO,2014,107574.9596
Lesotho,LSO,2015,105156.8467
Lesotho,LSO,2016,99957.85677
Lesotho,LSO,2017,95106.00974
Lesotho,LSO,2018,92347.27529
Lesotho,LSO,2019,90771.63821
Liberia,LBR,1990,110283.2194
Liberia,LBR,1991,93310.89632
Liberia,LBR,1992,92755.26328
Liberia,LBR,1993,100333.6518
Liberia,LBR,1994,104052.5826
Liberia,LBR,1995,95905.21452
Liberia,LBR,1996,96343.70785
Liberia,LBR,1997,87319.87455
Liberia,LBR,1998,85725.45601
Liberia,LBR,1999,83133.8867
Liberia,LBR,2000,80469.57287
Liberia,LBR,2001,78712.34747
Liberia,LBR,2002,80228.64908
Liberia,LBR,2003,79713.03876
Liberia,LBR,2004,70132.26796
Liberia,LBR,2005,67209.82227
Liberia,LBR,2006,64621.78143
Liberia,LBR,2007,62668.1462
Liberia,LBR,2008,61410.76008
Liberia,LBR,2009,59953.65887
Liberia,LBR,2010,58554.29179
Liberia,LBR,2011,57747.2164
Liberia,LBR,2012,56828.29933
Liberia,LBR,2013,55594.24741
Liberia,LBR,2014,64219.25997
Liberia,LBR,2015,57446.06976
Liberia,LBR,2016,52716.50509
Liberia,LBR,2017,51155.76532
Liberia,LBR,2018,49736.09554
Liberia,LBR,2019,48514.98926
Libya,LBY,1990,34762.83644
Libya,LBY,1991,34026.11473
Libya,LBY,1992,33463.7119
Libya,LBY,1993,32568.74103
Libya,LBY,1994,31944.10356
Libya,LBY,1995,31302.50545
Libya,LBY,1996,33732.39743
Libya,LBY,1997,30439.21225
Libya,LBY,1998,30280.09942
Libya,LBY,1999,30068.47899
Libya,LBY,2000,29922.21157
Libya,LBY,2001,29559.95122
Libya,LBY,2002,29422.79911
Libya,LBY,2003,28739.81367
Libya,LBY,2004,27711.54893
Libya,LBY,2005,27171.36602
Libya,LBY,2006,26968.10546
Libya,LBY,2007,27841.1099
Libya,LBY,2008,28018.70209
Libya,LBY,2009,28240.34719
Libya,LBY,2010,27668.05093
Libya,LBY,2011,33732.206
Libya,LBY,2012,27276.90244
Libya,LBY,2013,26972.08569
Libya,LBY,2014,31414.86874
Libya,LBY,2015,30680.5506
Libya,LBY,2016,31380.92847
Libya,LBY,2017,28758.71691
Libya,LBY,2018,28606.80317
Libya,LBY,2019,28096.63893
Lithuania,LTU,1990,34307.26977
Lithuania,LTU,1991,35972.26766
Lithuania,LTU,1992,36232.66056
Lithuania,LTU,1993,38724.44897
Lithuania,LTU,1994,39597.59894
Lithuania,LTU,1995,38539.11817
Lithuania,LTU,1996,36151.88549
Lithuania,LTU,1997,34388.58641
Lithuania,LTU,1998,33916.22134
Lithuania,LTU,1999,33128.99
Lithuania,LTU,2000,32575.74379
Lithuania,LTU,2001,33414.61961
Lithuania,LTU,2002,32862.94802
Lithuania,LTU,2003,32792.42204
Lithuania,LTU,2004,32793.26156
Lithuania,LTU,2005,34046.86845
Lithuania,LTU,2006,34616.3121
Lithuania,LTU,2007,35187.37587
Lithuania,LTU,2008,33650.7895
Lithuania,LTU,2009,30954.23117
Lithuania,LTU,2010,30459.20415
Lithuania,LTU,2011,29678.52387
Lithuania,LTU,2012,29137.77289
Lithuania,LTU,2013,29025.66396
Lithuania,LTU,2014,28167.42911
Lithuania,LTU,2015,28025.00855
Lithuania,LTU,2016,27541.83103
Lithuania,LTU,2017,25978.43823
Lithuania,LTU,2018,25831.66601
Lithuania,LTU,2019,25648.26418
Luxembourg,LUX,1990,27569.51049
Luxembourg,LUX,1991,27290.41471
Luxembourg,LUX,1992,26832.86943
Luxembourg,LUX,1993,26553.62764
Luxembourg,LUX,1994,26040.14579
Luxembourg,LUX,1995,25627.72511
Luxembourg,LUX,1996,25318.1694
Luxembourg,LUX,1997,24786.16919
Luxembourg,LUX,1998,24375.38594
Luxembourg,LUX,1999,23995.25594
Luxembourg,LUX,2000,23725.67217
Luxembourg,LUX,2001,23237.06712
Luxembourg,LUX,2002,22947.89423
Luxembourg,LUX,2003,22517.95004
Luxembourg,LUX,2004,22145.93974
Luxembourg,LUX,2005,21748.25511
Luxembourg,LUX,2006,21445.00391
Luxembourg,LUX,2007,20990.26382
Luxembourg,LUX,2008,20591.39258
Luxembourg,LUX,2009,20363.47464
Luxembourg,LUX,2010,20132.08675
Luxembourg,LUX,2011,19914.37153
Luxembourg,LUX,2012,19676.933
Luxembourg,LUX,2013,19471.86357
Luxembourg,LUX,2014,19257.63249
Luxembourg,LUX,2015,19049.37937
Luxembourg,LUX,2016,18761.98629
Luxembourg,LUX,2017,18701.80534
Luxembourg,LUX,2018,18653.95031
Luxembourg,LUX,2019,18634.22495
Madagascar,MDG,1990,76439.8283
Madagascar,MDG,1991,75394.09471
Madagascar,MDG,1992,74311.50558
Madagascar,MDG,1993,74230.44591
Madagascar,MDG,1994,72119.37571
Madagascar,MDG,1995,70114.77464
Madagascar,MDG,1996,69246.38182
Madagascar,MDG,1997,68456.85768
Madagascar,MDG,1998,67579.15681
Madagascar,MDG,1999,66176.67242
Madagascar,MDG,2000,64853.61401
Madagascar,MDG,2001,63579.64848
Madagascar,MDG,2002,63268.2717
Madagascar,MDG,2003,62426.76084
Madagascar,MDG,2004,61494.27769
Madagascar,MDG,2005,60040.77953
Madagascar,MDG,2006,58852.72296
Madagascar,MDG,2007,57758.49693
Madagascar,MDG,2008,56950.78912
Madagascar,MDG,2009,56322.56689
Madagascar,MDG,2010,55588.40693
Madagascar,MDG,2011,54651.80795
Madagascar,MDG,2012,53778.51207
Madagascar,MDG,2013,52932.40728
Madagascar,MDG,2014,52090.39377
Madagascar,MDG,2015,51197.35079
Madagascar,MDG,2016,50336.56611
Madagascar,MDG,2017,49532.03274
Madagascar,MDG,2018,48737.64894
Madagascar,MDG,2019,47777.9943
Malawi,MWI,1990,97882.41903
Malawi,MWI,1991,99871.75546
Malawi,MWI,1992,102367.3788
Malawi,MWI,1993,107117.2123
Malawi,MWI,1994,111968.4625
Malawi,MWI,1995,113576.1908
Malawi,MWI,1996,113979.326
Malawi,MWI,1997,114548.0508
Malawi,MWI,1998,115263.6562
Malawi,MWI,1999,114929.6252
Malawi,MWI,2000,113194.4085
Malawi,MWI,2001,111499.9823
Malawi,MWI,2002,109321.0509
Malawi,MWI,2003,106545.3722
Malawi,MWI,2004,103871.9386
Malawi,MWI,2005,99897.52616
Malawi,MWI,2006,94775.84701
Malawi,MWI,2007,88888.28161
Malawi,MWI,2008,82651.62143
Malawi,MWI,2009,77209.60844
Malawi,MWI,2010,72839.91581
Malawi,MWI,2011,68592.03809
Malawi,MWI,2012,64107.39452
Malawi,MWI,2013,60556.38343
Malawi,MWI,2014,58166.79856
Malawi,MWI,2015,56611.5551
Malawi,MWI,2016,55184.53889
Malawi,MWI,2017,53182.39792
Malawi,MWI,2018,51357.91411
Malawi,MWI,2019,49931.0196
Malaysia,MYS,1990,32953.90555
Malaysia,MYS,1991,32380.29245
Malaysia,MYS,1992,31954.93703
Malaysia,MYS,1993,31911.41268
Malaysia,MYS,1994,32083.82941
Malaysia,MYS,1995,32649.17565
Malaysia,MYS,1996,31873.39615
Malaysia,MYS,1997,31414.28033
Malaysia,MYS,1998,30672.23495
Malaysia,MYS,1999,31989.63633
Malaysia,MYS,2000,30290.09515
Malaysia,MYS,2001,29645.82786
Malaysia,MYS,2002,29401.90446
Malaysia,MYS,2003,29353.74819
Malaysia,MYS,2004,28784.20848
Malaysia,MYS,2005,28322.14016
Malaysia,MYS,2006,27896.75803
Malaysia,MYS,2007,27654.3317
Malaysia,MYS,2008,27897.15188
Malaysia,MYS,2009,28153.27737
Malaysia,MYS,2010,27659.92459
Malaysia,MYS,2011,27435.89749
Malaysia,MYS,2012,27298.7165
Malaysia,MYS,2013,26583.41205
Malaysia,MYS,2014,27023.12225
Malaysia,MYS,2015,27144.82101
Malaysia,MYS,2016,27013.92091
Malaysia,MYS,2017,26907.99113
Malaysia,MYS,2018,26685.71911
Malaysia,MYS,2019,26886.7832
Maldives,MDV,1990,47986.44624
Maldives,MDV,1991,46615.00575
Maldives,MDV,1992,45153.59588
Maldives,MDV,1993,43470.05484
Maldives,MDV,1994,41619.38785
Maldives,MDV,1995,40306.37347
Maldives,MDV,1996,39214.61638
Maldives,MDV,1997,37838.5626
Maldives,MDV,1998,36033.71
Maldives,MDV,1999,34800.00338
Maldives,MDV,2000,33510.83067
Maldives,MDV,2001,32399.84198
Maldives,MDV,2002,30685.82214
Maldives,MDV,2003,29329.43988
Maldives,MDV,2004,30557.53637
Maldives,MDV,2005,27103.43782
Maldives,MDV,2006,26281.40363
Maldives,MDV,2007,25528.61876
Maldives,MDV,2008,24951.27199
Maldives,MDV,2009,24520.45252
Maldives,MDV,2010,24140.35649
Maldives,MDV,2011,23815.28678
Maldives,MDV,2012,23436.84725
Maldives,MDV,2013,23161.7812
Maldives,MDV,2014,22926.93523
Maldives,MDV,2015,22720.88773
Maldives,MDV,2016,22689.8946
Maldives,MDV,2017,22550.13393
Maldives,MDV,2018,22348.27948
Maldives,MDV,2019,22219.51681
Mali,MLI,1990,97329.66129
Mali,MLI,1991,95861.42263
Mali,MLI,1992,94842.25347
Mali,MLI,1993,93486.29966
Mali,MLI,1994,92700.03773
Mali,MLI,1995,91182.59462
Mali,MLI,1996,90150.36463
Mali,MLI,1997,92344.33919
Mali,MLI,1998,92647.95218
Mali,MLI,1999,86193.50418
Mali,MLI,2000,84920.2251
Mali,MLI,2001,83042.40742
Mali,MLI,2002,81417.14716
Mali,MLI,2003,79365.63483
Mali,MLI,2004,77036.687
Mali,MLI,2005,75429.78366
Mali,MLI,2006,74027.23365
Mali,MLI,2007,72405.15341
Mali,MLI,2008,70926.65034
Mali,MLI,2009,69556.42981
Mali,MLI,2010,68324.32208
Mali,MLI,2011,67141.0557
Mali,MLI,2012,66363.12919
Mali,MLI,2013,66201.1089
Mali,MLI,2014,65080.21055
Mali,MLI,2015,64096.96801
Mali,MLI,2016,62662.0612
Mali,MLI,2017,61475.29751
Mali,MLI,2018,60443.44516
Mali,MLI,2019,58879.55242
Malta,MLT,1990,24977.88488
Malta,MLT,1991,24674.98737
Malta,MLT,1992,24462.18095
Malta,MLT,1993,24060.40112
Malta,MLT,1994,23653.18534
Malta,MLT,1995,23482.88968
Malta,MLT,1996,23255.09079
Malta,MLT,1997,23009.59269
Malta,MLT,1998,22660.09895
Malta,MLT,1999,22481.87264
Malta,MLT,2000,22225.15022
Malta,MLT,2001,21965.62185
Malta,MLT,2002,21878.83272
Malta,MLT,2003,21702.87452
Malta,MLT,2004,21460.79509
Malta,MLT,2005,21129.03594
Malta,MLT,2006,20923.68574
Malta,MLT,2007,20818.77573
Malta,MLT,2008,20680.87297
Malta,MLT,2009,20431.91934
Malta,MLT,2010,20216.48853
Malta,MLT,2011,20110.47155
Malta,MLT,2012,19950.5751
Malta,MLT,2013,19750.37365
Malta,MLT,2014,19560.39972
Malta,MLT,2015,19315.41515
Malta,MLT,2016,19302.14457
Malta,MLT,2017,19201.75203
Malta,MLT,2018,19072.33317
Malta,MLT,2019,18983.44031
Marshall Islands,MHL,1990,53412.42666
Marshall Islands,MHL,1991,53686.28878
Marshall Islands,MHL,1992,54002.25523
Marshall Islands,MHL,1993,53775.09262
Marshall Islands,MHL,1994,51928.18186
Marshall Islands,MHL,1995,52222.31011
Marshall Islands,MHL,1996,52410.59373
Marshall Islands,MHL,1997,52833.31845
Marshall Islands,MHL,1998,53077.0123
Marshall Islands,MHL,1999,53329.8271
Marshall Islands,MHL,2000,54280.42921
Marshall Islands,MHL,2001,53514.20257
Marshall Islands,MHL,2002,53455.59688
Marshall Islands,MHL,2003,53365.70045
Marshall Islands,MHL,2004,53216.71053
Marshall Islands,MHL,2005,53029.88721
Marshall Islands,MHL,2006,52877.36243
Marshall Islands,MHL,2007,52358.48088
Marshall Islands,MHL,2008,51844.95422
Marshall Islands,MHL,2009,51307.98778
Marshall Islands,MHL,2010,50744.33201
Marshall Islands,MHL,2011,50195.45049
Marshall Islands,MHL,2012,49637.43853
Marshall Islands,MHL,2013,49105.04044
Marshall Islands,MHL,2014,48652.05236
Marshall Islands,MHL,2015,48279.97205
Marshall Islands,MHL,2016,47936.11591
Marshall Islands,MHL,2017,47569.88607
Marshall Islands,MHL,2018,47233.37091
Marshall Islands,MHL,2019,46899.61137
Mauritania,MRT,1990,64658.20866
Mauritania,MRT,1991,63347.40996
Mauritania,MRT,1992,62327.59087
Mauritania,MRT,1993,61257.22646
Mauritania,MRT,1994,60579.44352
Mauritania,MRT,1995,59238.30274
Mauritania,MRT,1996,58164.42524
Mauritania,MRT,1997,56919.26446
Mauritania,MRT,1998,55806.88705
Mauritania,MRT,1999,54484.29136
Mauritania,MRT,2000,53309.74353
Mauritania,MRT,2001,52176.68636
Mauritania,MRT,2002,50975.86856
Mauritania,MRT,2003,49884.26859
Mauritania,MRT,2004,48775.8529
Mauritania,MRT,2005,47924.91192
Mauritania,MRT,2006,46369.72123
Mauritania,MRT,2007,45276.85911
Mauritania,MRT,2008,44155.86723
Mauritania,MRT,2009,43310.47165
Mauritania,MRT,2010,42536.93633
Mauritania,MRT,2011,41881.231
Mauritania,MRT,2012,41201.03659
Mauritania,MRT,2013,40577.90213
Mauritania,MRT,2014,39875.47696
Mauritania,MRT,2015,39277.9221
Mauritania,MRT,2016,38541.16353
Mauritania,MRT,2017,37909.95162
Mauritania,MRT,2018,37279.4814
Mauritania,MRT,2019,36603.9545
Mauritius,MUS,1990,36322.29861
Mauritius,MUS,1991,35183.46097
Mauritius,MUS,1992,35200.93423
Mauritius,MUS,1993,35401.95434
Mauritius,MUS,1994,35092.40067
Mauritius,MUS,1995,34752.0283
Mauritius,MUS,1996,34719.76717
Mauritius,MUS,1997,34769.13338
Mauritius,MUS,1998,33559.79533
Mauritius,MUS,1999,33360.3874
Mauritius,MUS,2000,32560.56343
Mauritius,MUS,2001,32015.69287
Mauritius,MUS,2002,32005.38789
Mauritius,MUS,2003,31646.57358
Mauritius,MUS,2004,31221.60296
Mauritius,MUS,2005,31221.09476
Mauritius,MUS,2006,31010.21759
Mauritius,MUS,2007,30584.662
Mauritius,MUS,2008,30599.86144
Mauritius,MUS,2009,30447.0665
Mauritius,MUS,2010,29894.97931
Mauritius,MUS,2011,29442.95994
Mauritius,MUS,2012,29226.29165
Mauritius,MUS,2013,28750.66763
Mauritius,MUS,2014,28913.29566
Mauritius,MUS,2015,28704.34501
Mauritius,MUS,2016,28533.1921
Mauritius,MUS,2017,28416.85512
Mauritius,MUS,2018,28271.86126
Mauritius,MUS,2019,28087.46541
Mexico,MEX,1990,37352.90136
Mexico,MEX,1991,36358.28575
Mexico,MEX,1992,35598.10452
Mexico,MEX,1993,34959.63837
Mexico,MEX,1994,34250.38447
Mexico,MEX,1995,33736.91914
Mexico,MEX,1996,33100.04454
Mexico,MEX,1997,32648.71157
Mexico,MEX,1998,32213.36772
Mexico,MEX,1999,31447.75014
Mexico,MEX,2000,30657.00542
Mexico,MEX,2001,30098.59919
Mexico,MEX,2002,29932.84464
Mexico,MEX,2003,29756.46414
Mexico,MEX,2004,29206.44858
Mexico,MEX,2005,29191.58943
Mexico,MEX,2006,28754.94121
Mexico,MEX,2007,28478.13625
Mexico,MEX,2008,28876.05527
Mexico,MEX,2009,29090.64543
Mexico,MEX,2010,28655.60811
Mexico,MEX,2011,28296.80269
Mexico,MEX,2012,28073.72677
Mexico,MEX,2013,28269.26535
Mexico,MEX,2014,28087.13789
Mexico,MEX,2015,27903.88898
Mexico,MEX,2016,28013.45214
Mexico,MEX,2017,28524.92059
Mexico,MEX,2018,28332.9308
Mexico,MEX,2019,28055.23452
Micronesia (country),FSM,1990,57637.58911
Micronesia (country),FSM,1991,57228.85433
Micronesia (country),FSM,1992,56792.9077
Micronesia (country),FSM,1993,56295.52637
Micronesia (country),FSM,1994,55938.74623
Micronesia (country),FSM,1995,55281.16715
Micronesia (country),FSM,1996,54849.03172
Micronesia (country),FSM,1997,54347.11521
Micronesia (country),FSM,1998,53817.37359
Micronesia (country),FSM,1999,53282.08217
Micronesia (country),FSM,2000,53823.87044
Micronesia (country),FSM,2001,52129.52179
Micronesia (country),FSM,2002,54081.09094
Micronesia (country),FSM,2003,51021.79708
Micronesia (country),FSM,2004,50889.43641
Micronesia (country),FSM,2005,50603.18008
Micronesia (country),FSM,2006,50383.54443
Micronesia (country),FSM,2007,50167.62274
Micronesia (country),FSM,2008,50051.30325
Micronesia (country),FSM,2009,49921.37504
Micronesia (country),FSM,2010,49754.50444
Micronesia (country),FSM,2011,49543.92138
Micronesia (country),FSM,2012,49339.78787
Micronesia (country),FSM,2013,49286.66366
Micronesia (country),FSM,2014,49376.24821
Micronesia (country),FSM,2015,49762.63815
Micronesia (country),FSM,2016,49564.65485
Micronesia (country),FSM,2017,49564.0665
Micronesia (country),FSM,2018,49610.9488
Micronesia (country),FSM,2019,49646.90981
Middle East & North Africa (WB),,1990,46708.67538
Middle East & North Africa (WB),,1991,44880.7821
Middle East & North Africa (WB),,1992,44053.06554
Middle East & North Africa (WB),,1993,43382.90757
Middle East & North Africa (WB),,1994,42727.44608
Middle East & North Africa (WB),,1995,41906.79454
Middle East & North Africa (WB),,1996,41040.46713
Middle East & North Africa (WB),,1997,40472.37743
Middle East & North Africa (WB),,1998,39652.81624
Middle East & North Africa (WB),,1999,38915.85913
Middle East & North Africa (WB),,2000,38050.30369
Middle East & North Africa (WB),,2001,37548.70633
Middle East & North Africa (WB),,2002,37089.29734
Middle East & North Africa (WB),,2003,37331.7368
Middle East & North Africa (WB),,2004,36263.96182
Middle East & North Africa (WB),,2005,35682.33875
Middle East & North Africa (WB),,2006,35453.65974
Middle East & North Africa (WB),,2007,34856.65962
Middle East & North Africa (WB),,2008,34124.04339
Middle East & North Africa (WB),,2009,33592.04833
Middle East & North Africa (WB),,2010,32956.74862
Middle East & North Africa (WB),,2011,32798.04514
Middle East & North Africa (WB),,2012,33000.14029
Middle East & North Africa (WB),,2013,32539.73017
Middle East & North Africa (WB),,2014,32712.29175
Middle East & North Africa (WB),,2015,32330.13289
Middle East & North Africa (WB),,2016,31984.88542
Middle East & North Africa (WB),,2017,31239.57755
Middle East & North Africa (WB),,2018,30364.39464
Middle East & North Africa (WB),,2019,29769.40708
Moldova,MDA,1990,40769.6541
Moldova,MDA,1991,41976.006
Moldova,MDA,1992,41708.26259
Moldova,MDA,1993,41471.95759
Moldova,MDA,1994,44588.00547
Moldova,MDA,1995,45313.79206
Moldova,MDA,1996,43358.49996
Moldova,MDA,1997,40601.58771
Moldova,MDA,1998,39179.69235
Moldova,MDA,1999,39180.91784
Moldova,MDA,2000,38918.94746
Moldova,MDA,2001,38183.36101
Moldova,MDA,2002,38111.50751
Moldova,MDA,2003,37999.97925
Moldova,MDA,2004,37388.2173
Moldova,MDA,2005,38227.61713
Moldova,MDA,2006,37268.29121
Moldova,MDA,2007,36792.35728
Moldova,MDA,2008,36147.40527
Moldova,MDA,2009,35862.33117
Moldova,MDA,2010,36010.56051
Moldova,MDA,2011,33037.81309
Moldova,MDA,2012,32581.04342
Moldova,MDA,2013,31511.7254
Moldova,MDA,2014,31976.5267
Moldova,MDA,2015,32214.0606
Moldova,MDA,2016,31224.02958
Moldova,MDA,2017,29581.1966
Moldova,MDA,2018,29031.53222
Moldova,MDA,2019,28613.78773
Monaco,MCO,1990,23504.93753
Monaco,MCO,1991,23302.08809
Monaco,MCO,1992,23132.03068
Monaco,MCO,1993,22992.59597
Monaco,MCO,1994,22879.46972
Monaco,MCO,1995,22765.78721
Monaco,MCO,1996,22687.52719
Monaco,MCO,1997,22598.27757
Monaco,MCO,1998,22522.09304
Monaco,MCO,1999,22449.95348
Monaco,MCO,2000,22380.4158
Monaco,MCO,2001,22325.03596
Monaco,MCO,2002,22272.67331
Monaco,MCO,2003,22237.90783
Monaco,MCO,2004,22205.94013
Monaco,MCO,2005,22181.11159
Monaco,MCO,2006,22145.29075
Monaco,MCO,2007,22069.39834
Monaco,MCO,2008,22007.83155
Monaco,MCO,2009,21992.68412
Monaco,MCO,2010,21976.78904
Monaco,MCO,2011,21927.96985
Monaco,MCO,2012,21874.36567
Monaco,MCO,2013,21805.55026
Monaco,MCO,2014,21696.73536
Monaco,MCO,2015,21573.74186
Monaco,MCO,2016,21462.31782
Monaco,MCO,2017,21356.26519
Monaco,MCO,2018,21250.29167
Monaco,MCO,2019,21141.12629
Mongolia,MNG,1990,60661.86766
Mongolia,MNG,1991,60581.86695
Mongolia,MNG,1992,61505.25509
Mongolia,MNG,1993,62368.8835
Mongolia,MNG,1994,62833.5326
Mongolia,MNG,1995,63289.70764
Mongolia,MNG,1996,63408.92525
Mongolia,MNG,1997,62441.70615
Mongolia,MNG,1998,61252.19756
Mongolia,MNG,1999,60310.54226
Mongolia,MNG,2000,59644.36177
Mongolia,MNG,2001,58795.09155
Mongolia,MNG,2002,57430.97671
Mongolia,MNG,2003,56226.46148
Mongolia,MNG,2004,54896.99524
Mongolia,MNG,2005,53614.48015
Mongolia,MNG,2006,52134.44816
Mongolia,MNG,2007,50555.77473
Mongolia,MNG,2008,49244.01778
Mongolia,MNG,2009,48486.40212
Mongolia,MNG,2010,47613.1991
Mongolia,MNG,2011,46429.74598
Mongolia,MNG,2012,45126.59586
Mongolia,MNG,2013,43769.54142
Mongolia,MNG,2014,42428.11282
Mongolia,MNG,2015,41235.91954
Mongolia,MNG,2016,40834.31995
Mongolia,MNG,2017,40609.37368
Mongolia,MNG,2018,40228.42037
Mongolia,MNG,2019,40025.48073
Montenegro,MNE,1990,28001.26987
Montenegro,MNE,1991,27520.27069
Montenegro,MNE,1992,27451.47201
Montenegro,MNE,1993,27735.66857
Montenegro,MNE,1994,28173.82512
Montenegro,MNE,1995,28276.68262
Montenegro,MNE,1996,28469.21943
Montenegro,MNE,1997,28854.08222
Montenegro,MNE,1998,29055.55595
Montenegro,MNE,1999,29321.85691
Montenegro,MNE,2000,29209.20099
Montenegro,MNE,2001,28977.31302
Montenegro,MNE,2002,28660.77334
Montenegro,MNE,2003,28710.93252
Montenegro,MNE,2004,28613.29611
Montenegro,MNE,2005,28567.87482
Montenegro,MNE,2006,28442.43983
Montenegro,MNE,2007,28040.43293
Montenegro,MNE,2008,27659.51239
Montenegro,MNE,2009,27327.73892
Montenegro,MNE,2010,26821.78893
Montenegro,MNE,2011,26416.47841
Montenegro,MNE,2012,26069.15203
Montenegro,MNE,2013,26075.84974
Montenegro,MNE,2014,25986.39157
Montenegro,MNE,2015,25758.9798
Montenegro,MNE,2016,25680.42139
Montenegro,MNE,2017,25613.13209
Montenegro,MNE,2018,25352.98922
Montenegro,MNE,2019,25060.84624
Morocco,MAR,1990,46661.56029
Morocco,MAR,1991,45866.7514
Morocco,MAR,1992,45951.20202
Morocco,MAR,1993,45521.9964
Morocco,MAR,1994,44543.92417
Morocco,MAR,1995,44053.47277
Morocco,MAR,1996,43064.83408
Morocco,MAR,1997,42483.0341
Morocco,MAR,1998,41689.62871
Morocco,MAR,1999,41211.33376
Morocco,MAR,2000,40058.69648
Morocco,MAR,2001,39236.71705
Morocco,MAR,2002,38577.81225
Morocco,MAR,2003,38253.8688
Morocco,MAR,2004,37758.84645
Morocco,MAR,2005,37114.41082
Morocco,MAR,2006,36572.39033
Morocco,MAR,2007,36065.31428
Morocco,MAR,2008,35634.44363
Morocco,MAR,2009,35091.54234
Morocco,MAR,2010,34564.39152
Morocco,MAR,2011,33960.18789
Morocco,MAR,2012,33528.85251
Morocco,MAR,2013,33543.78544
Morocco,MAR,2014,33094.36284
Morocco,MAR,2015,32659.86643
Morocco,MAR,2016,32220.16674
Morocco,MAR,2017,31819.64764
Morocco,MAR,2018,31379.09274
Morocco,MAR,2019,30930.22818
Mozambique,MOZ,1990,93511.33138
Mozambique,MOZ,1991,92827.0718
Mozambique,MOZ,1992,90773.196
Mozambique,MOZ,1993,87752.14897
Mozambique,MOZ,1994,85941.04911
Mozambique,MOZ,1995,86334.48722
Mozambique,MOZ,1996,86909.72982
Mozambique,MOZ,1997,87428.73827
Mozambique,MOZ,1998,87619.46034
Mozambique,MOZ,1999,88112.97245
Mozambique,MOZ,2000,88713.12225
Mozambique,MOZ,2001,88177.56203
Mozambique,MOZ,2002,88331.12496
Mozambique,MOZ,2003,88240.03189
Mozambique,MOZ,2004,88190.7048
Mozambique,MOZ,2005,88096.34549
Mozambique,MOZ,2006,87082.9525
Mozambique,MOZ,2007,85247.77585
Mozambique,MOZ,2008,83294.00543
Mozambique,MOZ,2009,82682.28121
Mozambique,MOZ,2010,82545.41649
Mozambique,MOZ,2011,82254.28622
Mozambique,MOZ,2012,82156.99299
Mozambique,MOZ,2013,80853.06199
Mozambique,MOZ,2014,77894.57225
Mozambique,MOZ,2015,74986.72693
Mozambique,MOZ,2016,72487.83049
Mozambique,MOZ,2017,70413.80926
Mozambique,MOZ,2018,68801.19119
Mozambique,MOZ,2019,67259.91207
Myanmar,MMR,1990,76742.77165
Myanmar,MMR,1991,76011.92073
Myanmar,MMR,1992,75158.16453
Myanmar,MMR,1993,73942.38482
Myanmar,MMR,1994,72909.71057
Myanmar,MMR,1995,71875.68343
Myanmar,MMR,1996,70636.96277
Myanmar,MMR,1997,69525.81008
Myanmar,MMR,1998,68342.87101
Myanmar,MMR,1999,67112.50842
Myanmar,MMR,2000,65902.07516
Myanmar,MMR,2001,64586.19334
Myanmar,MMR,2002,63254.19023
Myanmar,MMR,2003,61793.04806
Myanmar,MMR,2004,60399.47828
Myanmar,MMR,2005,58665.90032
Myanmar,MMR,2006,57022.90372
Myanmar,MMR,2007,55170.89646
Myanmar,MMR,2008,68749.21752
Myanmar,MMR,2009,51687.83233
Myanmar,MMR,2010,49825.15602
Myanmar,MMR,2011,48248.09883
Myanmar,MMR,2012,46656.49465
Myanmar,MMR,2013,45183.55656
Myanmar,MMR,2014,43771.80225
Myanmar,MMR,2015,42744.31891
Myanmar,MMR,2016,41601.05275
Myanmar,MMR,2017,41492.43281
Myanmar,MMR,2018,39628.02337
Myanmar,MMR,2019,38863.36266
Namibia,NAM,1990,56047.10032
Namibia,NAM,1991,55857.49801
Namibia,NAM,1992,56060.6548
Namibia,NAM,1993,56911.05974
Namibia,NAM,1994,59424.69971
Namibia,NAM,1995,61290.43489
Namibia,NAM,1996,64501.3659
Namibia,NAM,1997,68193.00076
Namibia,NAM,1998,72592.34068
Namibia,NAM,1999,76836.27123
Namibia,NAM,2000,81370.62292
Namibia,NAM,2001,84301.16451
Namibia,NAM,2002,86920.52162
Namibia,NAM,2003,88422.71055
Namibia,NAM,2004,87238.15293
Namibia,NAM,2005,83083.85074
Namibia,NAM,2006,77076.08339
Namibia,NAM,2007,70079.93184
Namibia,NAM,2008,64775.72523
Namibia,NAM,2009,62241.70576
Namibia,NAM,2010,59870.65685
Namibia,NAM,2011,57276.56667
Namibia,NAM,2012,54477.8064
Namibia,NAM,2013,53432.35273
Namibia,NAM,2014,53402.77048
Namibia,NAM,2015,53017.68049
Namibia,NAM,2016,52300.95407
Namibia,NAM,2017,51332.91078
Namibia,NAM,2018,49671.75635
Namibia,NAM,2019,48465.53854
Nauru,NRU,1990,55702.22912
Nauru,NRU,1991,56076.4247
Nauru,NRU,1992,56595.26469
Nauru,NRU,1993,57114.98387
Nauru,NRU,1994,58063.13837
Nauru,NRU,1995,59411.18578
Nauru,NRU,1996,60792.50557
Nauru,NRU,1997,62202.82472
Nauru,NRU,1998,63278.06228
Nauru,NRU,1999,64218.04307
Nauru,NRU,2000,64863.09297
Nauru,NRU,2001,65718.51146
Nauru,NRU,2002,66086.63486
Nauru,NRU,2003,66212.13236
Nauru,NRU,2004,66229.27428
Nauru,NRU,2005,65976.06305
Nauru,NRU,2006,65454.11139
Nauru,NRU,2007,65045.3696
Nauru,NRU,2008,64107.35171
Nauru,NRU,2009,63209.58168
Nauru,NRU,2010,61755.58253
Nauru,NRU,2011,60274.09483
Nauru,NRU,2012,59120.82582
Nauru,NRU,2013,57666.99527
Nauru,NRU,2014,56107.95888
Nauru,NRU,2015,54942.15066
Nauru,NRU,2016,53941.26411
Nauru,NRU,2017,53089.57238
Nauru,NRU,2018,52444.12366
Nauru,NRU,2019,51916.58924
Nepal,NPL,1990,70023.96369
Nepal,NPL,1991,68395.72179
Nepal,NPL,1992,65780.82244
Nepal,NPL,1993,64145.00986
Nepal,NPL,1994,61719.5519
Nepal,NPL,1995,59925.41876
Nepal,NPL,1996,57966.11869
Nepal,NPL,1997,55839.6585
Nepal,NPL,1998,54150.66695
Nepal,NPL,1999,52280.94735
Nepal,NPL,2000,50636.57118
Nepal,NPL,2001,48980.65275
Nepal,NPL,2002,48674.05179
Nepal,NPL,2003,46619.2964
Nepal,NPL,2004,45965.38863
Nepal,NPL,2005,44816.81919
Nepal,NPL,2006,43934.61438
Nepal,NPL,2007,43197.34767
Nepal,NPL,2008,42473.88134
Nepal,NPL,2009,41787.89648
Nepal,NPL,2010,41038.54339
Nepal,NPL,2011,40487.42479
Nepal,NPL,2012,39818.28049
Nepal,NPL,2013,39239.99194
Nepal,NPL,2014,38655.00776
Nepal,NPL,2015,39843.07666
Nepal,NPL,2016,37590.08619
Nepal,NPL,2017,37069.07266
Nepal,NPL,2018,36501.43645
Nepal,NPL,2019,35952.93896
Netherlands,NLD,1990,24087.68027
Netherlands,NLD,1991,23890.32636
Netherlands,NLD,1992,23763.96275
Netherlands,NLD,1993,23802.65834
Netherlands,NLD,1994,23474.79073
Netherlands,NLD,1995,23308.06959
Netherlands,NLD,1996,23222.07012
Netherlands,NLD,1997,22881.15276
Netherlands,NLD,1998,22752.39279
Netherlands,NLD,1999,22736.15514
Netherlands,NLD,2000,22575.92117
Netherlands,NLD,2001,22378.99281
Netherlands,NLD,2002,22158.4615
Netherlands,NLD,2003,21830.36235
Netherlands,NLD,2004,21309.74886
Netherlands,NLD,2005,20935.4398
Netherlands,NLD,2006,20536.53419
Netherlands,NLD,2007,20150.78756
Netherlands,NLD,2008,19916.17861
Netherlands,NLD,2009,19678.62472
Netherlands,NLD,2010,19490.74243
Netherlands,NLD,2011,19333.94493
Netherlands,NLD,2012,19277.29864
Netherlands,NLD,2013,19118.55153
Netherlands,NLD,2014,19003.4975
Netherlands,NLD,2015,18916.69997
Netherlands,NLD,2016,18927.56203
Netherlands,NLD,2017,18870.64093
Netherlands,NLD,2018,18881.20925
Netherlands,NLD,2019,18887.72066
New Zealand,NZL,1990,28550.58681
New Zealand,NZL,1991,27975.07314
New Zealand,NZL,1992,27622.2082
New Zealand,NZL,1993,27363.83767
New Zealand,NZL,1994,26809.50514
New Zealand,NZL,1995,26606.35534
New Zealand,NZL,1996,26270.66541
New Zealand,NZL,1997,25777.01688
New Zealand,NZL,1998,25041.57833
New Zealand,NZL,1999,24814.5813
New Zealand,NZL,2000,24400.98946
New Zealand,NZL,2001,24095.3057
New Zealand,NZL,2002,23823.4698
New Zealand,NZL,2003,23433.55947
New Zealand,NZL,2004,23125.14574
New Zealand,NZL,2005,22665.18186
New Zealand,NZL,2006,22378.77494
New Zealand,NZL,2007,22221.56225
New Zealand,NZL,2008,22016.60891
New Zealand,NZL,2009,21734.08122
New Zealand,NZL,2010,21459.36276
New Zealand,NZL,2011,21480.51118
New Zealand,NZL,2012,21122.24548
New Zealand,NZL,2013,20890.82469
New Zealand,NZL,2014,20907.27596
New Zealand,NZL,2015,20694.73419
New Zealand,NZL,2016,20526.85249
New Zealand,NZL,2017,20531.99585
New Zealand,NZL,2018,20668.9836
New Zealand,NZL,2019,20681.59552
Nicaragua,NIC,1990,36977.00889
Nicaragua,NIC,1991,37330.39988
Nicaragua,NIC,1992,36558.60251
Nicaragua,NIC,1993,35965.35328
Nicaragua,NIC,1994,35002.75096
Nicaragua,NIC,1995,36190.64811
Nicaragua,NIC,1996,35796.3697
Nicaragua,NIC,1997,34104.6563
Nicaragua,NIC,1998,37848.44727
Nicaragua,NIC,1999,32411.72898
Nicaragua,NIC,2000,31456.56357
Nicaragua,NIC,2001,31208.21579
Nicaragua,NIC,2002,31161.68753
Nicaragua,NIC,2003,30971.92669
Nicaragua,NIC,2004,30745.82138
Nicaragua,NIC,2005,30873.11733
Nicaragua,NIC,2006,29582.40159
Nicaragua,NIC,2007,29946.14608
Nicaragua,NIC,2008,29754.80714
Nicaragua,NIC,2009,29445.64144
Nicaragua,NIC,2010,28989.07969
Nicaragua,NIC,2011,28986.00882
Nicaragua,NIC,2012,28851.93378
Nicaragua,NIC,2013,28737.86832
Nicaragua,NIC,2014,28677.48357
Nicaragua,NIC,2015,27964.68431
Nicaragua,NIC,2016,28180.14029
Nicaragua,NIC,2017,27726.0593
Nicaragua,NIC,2018,27428.6648
Nicaragua,NIC,2019,27092.01364
Niger,NER,1990,106064.271
Niger,NER,1991,106383.0807
Niger,NER,1992,104261.8313
Niger,NER,1993,103418.5283
Niger,NER,1994,101172.1924
Niger,NER,1995,102067.0353
Niger,NER,1996,97073.7826
Niger,NER,1997,95046.40689
Niger,NER,1998,93024.99578
Niger,NER,1999,91529.41071
Niger,NER,2000,90197.72299
Niger,NER,2001,88459.46363
Niger,NER,2002,85209.18155
Niger,NER,2003,83388.36882
Niger,NER,2004,79104.97925
Niger,NER,2005,76960.55922
Niger,NER,2006,73551.56664
Niger,NER,2007,71714.23226
Niger,NER,2008,68421.80767
Niger,NER,2009,66993.30362
Niger,NER,2010,66002.15088
Niger,NER,2011,65184.51761
Niger,NER,2012,64463.53986
Niger,NER,2013,63342.56478
Niger,NER,2014,62256.06214
Niger,NER,2015,61462.73285
Niger,NER,2016,60312.96538
Niger,NER,2017,59135.93114
Niger,NER,2018,57891.29967
Niger,NER,2019,56580.16176
Nigeria,NGA,1990,83225.66486
Nigeria,NGA,1991,83782.38222
Nigeria,NGA,1992,83103.23124
Nigeria,NGA,1993,82991.48811
Nigeria,NGA,1994,82969.93968
Nigeria,NGA,1995,83026.20555
Nigeria,NGA,1996,83770.21803
Nigeria,NGA,1997,82829.74789
Nigeria,NGA,1998,82842.8678
Nigeria,NGA,1999,82873.98232
Nigeria,NGA,2000,82601.22985
Nigeria,NGA,2001,81850.24949
Nigeria,NGA,2002,80780.64052
Nigeria,NGA,2003,79278.81041
Nigeria,NGA,2004,77540.37825
Nigeria,NGA,2005,75379.05805
Nigeria,NGA,2006,73330.45298
Nigeria,NGA,2007,71176.36865
Nigeria,NGA,2008,69242.36994
Nigeria,NGA,2009,67483.04821
Nigeria,NGA,2010,65739.92256
Nigeria,NGA,2011,64174.37632
Nigeria,NGA,2012,62740.7921
Nigeria,NGA,2013,61468.4541
Nigeria,NGA,2014,60410.35231
Nigeria,NGA,2015,59034.54117
Nigeria,NGA,2016,57477.91172
Nigeria,NGA,2017,56018.07814
Nigeria,NGA,2018,54681.247
Nigeria,NGA,2019,53229.6023
Niue,NIU,1990,40083.73622
Niue,NIU,1991,40390.30136
Niue,NIU,1992,40949.3437
Niue,NIU,1993,40977.55845
Niue,NIU,1994,41040.96883
Niue,NIU,1995,41253.04079
Niue,NIU,1996,41407.03835
Niue,NIU,1997,41429.23676
Niue,NIU,1998,41034.03969
Niue,NIU,1999,42228.42744
Niue,NIU,2000,40601.63194
Niue,NIU,2001,40437.13677
Niue,NIU,2002,40230.74218
Niue,NIU,2003,40059.41148
Niue,NIU,2004,43775.3477
Niue,NIU,2005,39534.2964
Niue,NIU,2006,39300.45495
Niue,NIU,2007,38905.05624
Niue,NIU,2008,38625.70566
Niue,NIU,2009,37881.89816
Niue,NIU,2010,37368.51346
Niue,NIU,2011,37155.9849
Niue,NIU,2012,36870.34053
Niue,NIU,2013,36647.75814
Niue,NIU,2014,36459.38534
Niue,NIU,2015,36295.81201
Niue,NIU,2016,36202.3429
Niue,NIU,2017,36075.43795
Niue,NIU,2018,35963.32145
Niue,NIU,2019,35837.8772
North America (WB),,1990,28856.20303
North America (WB),,1991,28585.28396
North America (WB),,1992,28266.41069
North America (WB),,1993,28316.33938
North America (WB),,1994,28168.45161
North America (WB),,1995,27965.77973
North America (WB),,1996,27476.39123
North America (WB),,1997,26997.08535
North America (WB),,1998,26779.55078
North America (WB),,1999,26724.35464
North America (WB),,2000,26597.81222
North America (WB),,2001,26594.52719
North America (WB),,2002,26457.62945
North America (WB),,2003,26294.73467
North America (WB),,2004,25966.32737
North America (WB),,2005,25950.24643
North America (WB),,2006,25715.45238
North America (WB),,2007,25507.56378
North America (WB),,2008,25324.81044
North America (WB),,2009,25105.49424
North America (WB),,2010,24827.6554
North America (WB),,2011,24778.90554
North America (WB),,2012,24702.41414
North America (WB),,2013,24688.41709
North America (WB),,2014,24749.00024
North America (WB),,2015,24929.44663
North America (WB),,2016,25212.66932
North America (WB),,2017,25211.24534
North America (WB),,2018,25278.65897
North America (WB),,2019,25407.6155
North Korea,PRK,1990,42501.61249
North Korea,PRK,1991,41778.98465
North Korea,PRK,1992,41111.73719
North Korea,PRK,1993,40635.17197
North Korea,PRK,1994,40094.3033
North Korea,PRK,1995,57431.88307
North Korea,PRK,1996,56181.42436
North Korea,PRK,1997,56280.31081
North Korea,PRK,1998,56384.19627
North Korea,PRK,1999,56488.26187
North Korea,PRK,2000,51516.41625
North Korea,PRK,2001,50979.44869
North Korea,PRK,2002,50472.17598
North Korea,PRK,2003,37084.29753
North Korea,PRK,2004,36653.95368
North Korea,PRK,2005,36221.87377
North Korea,PRK,2006,35800.54998
North Korea,PRK,2007,35455.92122
North Korea,PRK,2008,34845.87043
North Korea,PRK,2009,34364.07707
North Korea,PRK,2010,33891.46432
North Korea,PRK,2011,33390.96422
North Korea,PRK,2012,32869.92523
North Korea,PRK,2013,32304.73135
North Korea,PRK,2014,31753.75219
North Korea,PRK,2015,31252.67357
North Korea,PRK,2016,30857.46728
North Korea,PRK,2017,30322.76586
North Korea,PRK,2018,29904.23805
North Korea,PRK,2019,29442.03611
North Macedonia,MKD,1990,36043.20857
North Macedonia,MKD,1991,35323.31829
North Macedonia,MKD,1992,36128.55316
North Macedonia,MKD,1993,36164.26166
North Macedonia,MKD,1994,35439.03862
North Macedonia,MKD,1995,35011.50477
North Macedonia,MKD,1996,34280.14812
North Macedonia,MKD,1997,33599.05721
North Macedonia,MKD,1998,33774.95066
North Macedonia,MKD,1999,33467.49921
North Macedonia,MKD,2000,33247.58929
North Macedonia,MKD,2001,33430.22986
North Macedonia,MKD,2002,33199.42913
North Macedonia,MKD,2003,33101.0464
North Macedonia,MKD,2004,32109.20703
North Macedonia,MKD,2005,31486.58479
North Macedonia,MKD,2006,31760.9257
North Macedonia,MKD,2007,31577.98107
North Macedonia,MKD,2008,30693.56329
North Macedonia,MKD,2009,30540.14911
North Macedonia,MKD,2010,29615.08557
North Macedonia,MKD,2011,28957.09565
North Macedonia,MKD,2012,29070.6201
North Macedonia,MKD,2013,28623.21642
North Macedonia,MKD,2014,28604.91792
North Macedonia,MKD,2015,28509.46787
North Macedonia,MKD,2016,28769.31762
North Macedonia,MKD,2017,28158.74414
North Macedonia,MKD,2018,27922.56736
North Macedonia,MKD,2019,27739.45868
Northern Ireland,,1990,28403.79754
Northern Ireland,,1991,27913.27061
Northern Ireland,,1992,27279.32498
Northern Ireland,,1993,27176.57078
Northern Ireland,,1994,26757.75034
Northern Ireland,,1995,26267.73851
Northern Ireland,,1996,25539.4199
Northern Ireland,,1997,25284.16358
Northern Ireland,,1998,25281.54954
Northern Ireland,,1999,25183.4446
Northern Ireland,,2000,24505.94793
Northern Ireland,,2001,23930.12312
Northern Ireland,,2002,23797.1966
Northern Ireland,,2003,23417.97195
Northern Ireland,,2004,23315.66912
Northern Ireland,,2005,23177.56504
Northern Ireland,,2006,23156.23961
Northern Ireland,,2007,23023.74134
Northern Ireland,,2008,22796.89706
Northern Ireland,,2009,22532.59353
Northern Ireland,,2010,22331.43289
Northern Ireland,,2011,21826.8372
Northern Ireland,,2012,21647.4771
Northern Ireland,,2013,21497.07938
Northern Ireland,,2014,21315.22252
Northern Ireland,,2015,21355.73979
Northern Ireland,,2016,21204.79752
Northern Ireland,,2017,21150.24272
Northern Ireland,,2018,21315.58097
Northern Ireland,,2019,21299.42571
Northern Mariana Islands,MNP,1990,34617.85393
Northern Mariana Islands,MNP,1991,34235.20375
Northern Mariana Islands,MNP,1992,33809.71761
Northern Mariana Islands,MNP,1993,33431.74023
Northern Mariana Islands,MNP,1994,33132.24991
Northern Mariana Islands,MNP,1995,32932.52209
Northern Mariana Islands,MNP,1996,32821.65764
Northern Mariana Islands,MNP,1997,32828.72571
Northern Mariana Islands,MNP,1998,32820.48182
Northern Mariana Islands,MNP,1999,32455.35168
Northern Mariana Islands,MNP,2000,32056.28382
Northern Mariana Islands,MNP,2001,31875.5533
Northern Mariana Islands,MNP,2002,31742.24788
Northern Mariana Islands,MNP,2003,31741.26199
Northern Mariana Islands,MNP,2004,32074.58288
Northern Mariana Islands,MNP,2005,31947.90384
Northern Mariana Islands,MNP,2006,31730.47108
Northern Mariana Islands,MNP,2007,31680.42281
Northern Mariana Islands,MNP,2008,31486.08107
Northern Mariana Islands,MNP,2009,31532.14803
Northern Mariana Islands,MNP,2010,31386.86202
Northern Mariana Islands,MNP,2011,31430.82781
Northern Mariana Islands,MNP,2012,31438.41164
Northern Mariana Islands,MNP,2013,31502.89135
Northern Mariana Islands,MNP,2014,31530.88685
Northern Mariana Islands,MNP,2015,31648.31433
Northern Mariana Islands,MNP,2016,31564.3324
Northern Mariana Islands,MNP,2017,31307.41259
Northern Mariana Islands,MNP,2018,31261.44696
Northern Mariana Islands,MNP,2019,30720.39616
Norway,NOR,1990,25439.0049
Norway,NOR,1991,24952.88718
Norway,NOR,1992,24684.81643
Norway,NOR,1993,24357.31588
Norway,NOR,1994,24035.86501
Norway,NOR,1995,23638.43151
Norway,NOR,1996,23336.59582
Norway,NOR,1997,23115.28781
Norway,NOR,1998,22993.34211
Norway,NOR,1999,22806.58972
Norway,NOR,2000,22574.44877
Norway,NOR,2001,22281.61663
Norway,NOR,2002,22031.44999
Norway,NOR,2003,21606.54309
Norway,NOR,2004,21226.86576
Norway,NOR,2005,20903.11641
Norway,NOR,2006,20695.18544
Norway,NOR,2007,20530.90458
Norway,NOR,2008,20354.6729
Norway,NOR,2009,20196.52922
Norway,NOR,2010,19928.6613
Norway,NOR,2011,19915.47064
Norway,NOR,2012,19455.71463
Norway,NOR,2013,19228.55736
Norway,NOR,2014,18884.0885
Norway,NOR,2015,18611.2714
Norway,NOR,2016,18532.69813
Norway,NOR,2017,18336.51814
Norway,NOR,2018,18382.5694
Norway,NOR,2019,18460.99409
OECD Countries,,1990,29571.11549
OECD Countries,,1991,29173.98283
OECD Countries,,1992,28728.90918
OECD Countries,,1993,28400.14696
OECD Countries,,1994,28064.56344
OECD Countries,,1995,27720.047
OECD Countries,,1996,27153.03565
OECD Countries,,1997,26630.12406
OECD Countries,,1998,26291.66124
OECD Countries,,1999,26058.33729
OECD Countries,,2000,25481.73057
OECD Countries,,2001,25144.21264
OECD Countries,,2002,24836.52711
OECD Countries,,2003,24559.61028
OECD Countries,,2004,24118.60564
OECD Countries,,2005,23879.33109
OECD Countries,,2006,23539.03187
OECD Countries,,2007,23280.61768
OECD Countries,,2008,23075.29272
OECD Countries,,2009,22885.48908
OECD Countries,,2010,22615.22922
OECD Countries,,2011,22448.78297
OECD Countries,,2012,22244.22147
OECD Countries,,2013,22114.97852
OECD Countries,,2014,21982.66101
OECD Countries,,2015,21958.66772
OECD Countries,,2016,21948.68732
OECD Countries,,2017,21907.15435
OECD Countries,,2018,21888.22706
OECD Countries,,2019,21851.25304
Oman,OMN,1990,43984.53476
Oman,OMN,1991,43376.80615
Oman,OMN,1992,42468.84414
Oman,OMN,1993,41859.46568
Oman,OMN,1994,41311.81684
Oman,OMN,1995,40735.21171
Oman,OMN,1996,40191.5506
Oman,OMN,1997,39614.37656
Oman,OMN,1998,39067.80807
Oman,OMN,1999,38520.33932
Oman,OMN,2000,37983.46017
Oman,OMN,2001,37042.62246
Oman,OMN,2002,36735.63562
Oman,OMN,2003,36205.36052
Oman,OMN,2004,35339.94291
Oman,OMN,2005,35217.19854
Oman,OMN,2006,35623.63915
Oman,OMN,2007,36091.45764
Oman,OMN,2008,35876.46206
Oman,OMN,2009,35342.08337
Oman,OMN,2010,34936.07377
Oman,OMN,2011,34112.09208
Oman,OMN,2012,32839.65796
Oman,OMN,2013,32213.68021
Oman,OMN,2014,31799.75068
Oman,OMN,2015,31736.35535
Oman,OMN,2016,31569.31672
Oman,OMN,2017,30940.86589
Oman,OMN,2018,29561.74924
Oman,OMN,2019,28844.69232
Pakistan,PAK,1990,61521.05929
Pakistan,PAK,1991,61529.97427
Pakistan,PAK,1992,61765.04619
Pakistan,PAK,1993,62041.54715
Pakistan,PAK,1994,62425.75394
Pakistan,PAK,1995,62890.78272
Pakistan,PAK,1996,62537.4182
Pakistan,PAK,1997,62390.42156
Pakistan,PAK,1998,61711.47693
Pakistan,PAK,1999,61211.02028
Pakistan,PAK,2000,60595.8335
Pakistan,PAK,2001,60036.67691
Pakistan,PAK,2002,59613.47438
Pakistan,PAK,2003,59106.20678
Pakistan,PAK,2004,58414.22918
Pakistan,PAK,2005,60242.0107
Pakistan,PAK,2006,56900.37609
Pakistan,PAK,2007,55869.03859
Pakistan,PAK,2008,55250.14425
Pakistan,PAK,2009,54621.85572
Pakistan,PAK,2010,54305.72917
Pakistan,PAK,2011,53417.03607
Pakistan,PAK,2012,52914.86934
Pakistan,PAK,2013,52488.31746
Pakistan,PAK,2014,52080.66755
Pakistan,PAK,2015,51451.08846
Pakistan,PAK,2016,50920.04935
Pakistan,PAK,2017,50290.0279
Pakistan,PAK,2018,49006.22599
Pakistan,PAK,2019,48022.12397
Palau,PLW,1990,47698.50433
Palau,PLW,1991,46955.044
Palau,PLW,1992,46318.53475
Palau,PLW,1993,45971.89075
Palau,PLW,1994,45433.08123
Palau,PLW,1995,45100.52638
Palau,PLW,1996,45189.70631
Palau,PLW,1997,44691.56789
Palau,PLW,1998,44562.49249
Palau,PLW,1999,44555.9955
Palau,PLW,2000,44236.97875
Palau,PLW,2001,43942.30432
Palau,PLW,2002,43621.14885
Palau,PLW,2003,43286.64225
Palau,PLW,2004,43292.17136
Palau,PLW,2005,43367.89835
Palau,PLW,2006,43244.07123
Palau,PLW,2007,43107.75899
Palau,PLW,2008,43045.53693
Palau,PLW,2009,43056.31395
Palau,PLW,2010,42980.05019
Palau,PLW,2011,42949.87482
Palau,PLW,2012,42816.02588
Palau,PLW,2013,42798.23088
Palau,PLW,2014,42603.63964
Palau,PLW,2015,42353.07334
Palau,PLW,2016,42171.69366
Palau,PLW,2017,42023.53255
Palau,PLW,2018,41908.07694
Palau,PLW,2019,41793.17606
Palestine,PSE,1990,40593.13173
Palestine,PSE,1991,39930.29536
Palestine,PSE,1992,39315.49014
Palestine,PSE,1993,38374.68324
Palestine,PSE,1994,37153.92078
Palestine,PSE,1995,36329.14486
Palestine,PSE,1996,35772.91375
Palestine,PSE,1997,35245.70259
Palestine,PSE,1998,34753.80472
Palestine,PSE,1999,34368.54514
Palestine,PSE,2000,38195.82278
Palestine,PSE,2001,39631.59562
Palestine,PSE,2002,41404.15463
Palestine,PSE,2003,38906.2963
Palestine,PSE,2004,39213.02606
Palestine,PSE,2005,36444.61638
Palestine,PSE,2006,39932.00372
Palestine,PSE,2007,35722.09064
Palestine,PSE,2008,40788.14447
Palestine,PSE,2009,39774.47658
Palestine,PSE,2010,31448.94113
Palestine,PSE,2011,31252.59323
Palestine,PSE,2012,31177.75018
Palestine,PSE,2013,29368.68868
Palestine,PSE,2014,29619.5776
Palestine,PSE,2015,29714.30845
Palestine,PSE,2016,29369.19599
Palestine,PSE,2017,28991.50095
Palestine,PSE,2018,29031.75825
Palestine,PSE,2019,28659.66641
Panama,PAN,1990,28016.42902
Panama,PAN,1991,27736.34243
Panama,PAN,1992,27711.25174
Panama,PAN,1993,27946.16838
Panama,PAN,1994,27560.28546
Panama,PAN,1995,27632.78157
Panama,PAN,1996,27107.08603
Panama,PAN,1997,27408.32459
Panama,PAN,1998,27159.28866
Panama,PAN,1999,26687.31129
Panama,PAN,2000,25899.79253
Panama,PAN,2001,25663.29346
Panama,PAN,2002,25544.99184
Panama,PAN,2003,25565.968
Panama,PAN,2004,25273.84748
Panama,PAN,2005,25229.27949
Panama,PAN,2006,25334.04012
Panama,PAN,2007,25121.02312
Panama,PAN,2008,25350.57381
Panama,PAN,2009,25390.52424
Panama,PAN,2010,25176.60028
Panama,PAN,2011,25054.57941
Panama,PAN,2012,25106.43252
Panama,PAN,2013,24893.89491
Panama,PAN,2014,24657.16118
Panama,PAN,2015,24158.63236
Panama,PAN,2016,23824.00998
Panama,PAN,2017,23607.26993
Panama,PAN,2018,23418.52603
Panama,PAN,2019,23240.9945
Papua New Guinea,PNG,1990,56214.94071
Papua New Guinea,PNG,1991,56697.07275
Papua New Guinea,PNG,1992,56149.4874
Papua New Guinea,PNG,1993,55702.62543
Papua New Guinea,PNG,1994,55212.60504
Papua New Guinea,PNG,1995,54837.2971
Papua New Guinea,PNG,1996,54413.67345
Papua New Guinea,PNG,1997,54110.0261
Papua New Guinea,PNG,1998,56851.68605
Papua New Guinea,PNG,1999,54444.11417
Papua New Guinea,PNG,2000,54709.93131
Papua New Guinea,PNG,2001,55250.9461
Papua New Guinea,PNG,2002,55879.19175
Papua New Guinea,PNG,2003,56361.3382
Papua New Guinea,PNG,2004,56870.51362
Papua New Guinea,PNG,2005,57070.57031
Papua New Guinea,PNG,2006,57042.24145
Papua New Guinea,PNG,2007,56756.01709
Papua New Guinea,PNG,2008,56230.99009
Papua New Guinea,PNG,2009,56059.28039
Papua New Guinea,PNG,2010,55532.27981
Papua New Guinea,PNG,2011,55017.00294
Papua New Guinea,PNG,2012,54604.49024
Papua New Guinea,PNG,2013,53593.77956
Papua New Guinea,PNG,2014,52788.05835
Papua New Guinea,PNG,2015,52243.38075
Papua New Guinea,PNG,2016,51826.48202
Papua New Guinea,PNG,2017,51384.84241
Papua New Guinea,PNG,2018,51001.26397
Papua New Guinea,PNG,2019,50368.20377
Paraguay,PRY,1990,29715.26301
Paraguay,PRY,1991,28926.62904
Paraguay,PRY,1992,29484.26487
Paraguay,PRY,1993,29704.98408
Paraguay,PRY,1994,29747.53314
Paraguay,PRY,1995,30044.52357
Paraguay,PRY,1996,30221.80656
Paraguay,PRY,1997,29619.53959
Paraguay,PRY,1998,29452.29814
Paraguay,PRY,1999,29481.44044
Paraguay,PRY,2000,29423.49236
Paraguay,PRY,2001,28993.0446
Paraguay,PRY,2002,28893.85407
Paraguay,PRY,2003,29208.09354
Paraguay,PRY,2004,30004.22247
Paraguay,PRY,2005,29249.32044
Paraguay,PRY,2006,29138.4255
Paraguay,PRY,2007,28617.56033
Paraguay,PRY,2008,28512.86951
Paraguay,PRY,2009,28724.10494
Paraguay,PRY,2010,28537.28951
Paraguay,PRY,2011,28190.11306
Paraguay,PRY,2012,27864.8236
Paraguay,PRY,2013,27947.45728
Paraguay,PRY,2014,27489.14954
Paraguay,PRY,2015,27221.16587
Paraguay,PRY,2016,27553.56316
Paraguay,PRY,2017,27369.22708
Paraguay,PRY,2018,27115.81939
Paraguay,PRY,2019,26960.06403
Peru,PER,1990,42906.29961
Peru,PER,1991,43555.43885
Peru,PER,1992,41330.39989
Peru,PER,1993,39946.8897
Peru,PER,1994,38505.92637
Peru,PER,1995,37655.01827
Peru,PER,1996,35929.49397
Peru,PER,1997,34982.91508
Peru,PER,1998,34042.9921
Peru,PER,1999,32386.16327
Peru,PER,2000,31817.23023
Peru,PER,2001,30437.02663
Peru,PER,2002,29635.84836
Peru,PER,2003,29250.70529
Peru,PER,2004,28281.15777
Peru,PER,2005,27641.25869
Peru,PER,2006,26855.76869
Peru,PER,2007,26006.04494
Peru,PER,2008,25651.41548
Peru,PER,2009,26627.44502
Peru,PER,2010,26499.6832
Peru,PER,2011,25879.46757
Peru,PER,2012,25363.80515
Peru,PER,2013,24849.34783
Peru,PER,2014,24260.5658
Peru,PER,2015,23681.81966
Peru,PER,2016,23461.31793
Peru,PER,2017,23102.4752
Peru,PER,2018,22832.38139
Peru,PER,2019,22589.26188
Philippines,PHL,1990,43149.40089
Philippines,PHL,1991,42137.21295
Philippines,PHL,1992,40959.93128
Philippines,PHL,1993,40536.10614
Philippines,PHL,1994,39960.87169
Philippines,PHL,1995,39483.61755
Philippines,PHL,1996,39060.23182
Philippines,PHL,1997,38489.41994
Philippines,PHL,1998,38302.81955
Philippines,PHL,1999,37705.03783
Philippines,PHL,2000,37885.01325
Philippines,PHL,2001,37879.61115
Philippines,PHL,2002,37824.39901
Philippines,PHL,2003,37432.43912
Philippines,PHL,2004,37271.14492
Philippines,PHL,2005,37214.24661
Philippines,PHL,2006,37385.60082
Philippines,PHL,2007,36810.604
Philippines,PHL,2008,36869.26167
Philippines,PHL,2009,36839.50445
Philippines,PHL,2010,36390.98205
Philippines,PHL,2011,36226.05175
Philippines,PHL,2012,35986.03494
Philippines,PHL,2013,36300.91283
Philippines,PHL,2014,35418.66337
Philippines,PHL,2015,35510.18087
Philippines,PHL,2016,35265.92076
Philippines,PHL,2017,35017.87875
Philippines,PHL,2018,34278.84028
Philippines,PHL,2019,33798.13334
Poland,POL,1990,34667.869
Poland,POL,1991,35160.35624
Poland,POL,1992,34284.04339
Poland,POL,1993,33030.72781
Poland,POL,1994,33125.81048
Poland,POL,1995,32677.43594
Poland,POL,1996,31730.92042
Poland,POL,1997,31108.4783
Poland,POL,1998,30376.42577
Poland,POL,1999,30118.49786
Poland,POL,2000,28878.75195
Poland,POL,2001,28227.57345
Poland,POL,2002,27676.54374
Poland,POL,2003,27206.04524
Poland,POL,2004,27050.07764
Poland,POL,2005,26798.43961
Poland,POL,2006,26601.99902
Poland,POL,2007,26453.28824
Poland,POL,2008,26094.59426
Poland,POL,2009,25646.64368
Poland,POL,2010,24918.14373
Poland,POL,2011,24531.27041
Poland,POL,2012,24340.93409
Poland,POL,2013,23885.13509
Poland,POL,2014,23266.01996
Poland,POL,2015,23244.37939
Poland,POL,2016,22970.9895
Poland,POL,2017,22853.52548
Poland,POL,2018,22814.95025
Poland,POL,2019,22749.21055
Portugal,PRT,1990,30064.16235
Portugal,PRT,1991,30055.49593
Portugal,PRT,1992,29457.89627
Portugal,PRT,1993,29070.19913
Portugal,PRT,1994,28219.31034
Portugal,PRT,1995,28094.17792
Portugal,PRT,1996,27926.62294
Portugal,PRT,1997,27427.03182
Portugal,PRT,1998,26973.39335
Portugal,PRT,1999,26548.82119
Portugal,PRT,2000,25961.95257
Portugal,PRT,2001,25469.04458
Portugal,PRT,2002,25046.43504
Portugal,PRT,2003,24523.78599
Portugal,PRT,2004,23785.88172
Portugal,PRT,2005,23369.25092
Portugal,PRT,2006,22813.88993
Portugal,PRT,2007,22534.18001
Portugal,PRT,2008,22185.53927
Portugal,PRT,2009,21910.92577
Portugal,PRT,2010,21508.31759
Portugal,PRT,2011,21184.30657
Portugal,PRT,2012,20833.24166
Portugal,PRT,2013,20443.98911
Portugal,PRT,2014,20082.85657
Portugal,PRT,2015,19839.01798
Portugal,PRT,2016,19796.36741
Portugal,PRT,2017,19705.64649
Portugal,PRT,2018,19685.27213
Portugal,PRT,2019,19673.92068
Puerto Rico,PRI,1990,29940.73981
Puerto Rico,PRI,1991,30032.56507
Puerto Rico,PRI,1992,30376.30125
Puerto Rico,PRI,1993,30578.94194
Puerto Rico,PRI,1994,30331.52179
Puerto Rico,PRI,1995,30789.09718
Puerto Rico,PRI,1996,29971.24846
Puerto Rico,PRI,1997,28519.40026
Puerto Rico,PRI,1998,28482.7492
Puerto Rico,PRI,1999,27347.53794
Puerto Rico,PRI,2000,26849.37767
Puerto Rico,PRI,2001,26899.79736
Puerto Rico,PRI,2002,25853.02125
Puerto Rico,PRI,2003,25470.06624
Puerto Rico,PRI,2004,25298.83581
Puerto Rico,PRI,2005,25225.705
Puerto Rico,PRI,2006,24708.08979
Puerto Rico,PRI,2007,24453.9128
Puerto Rico,PRI,2008,24239.26228
Puerto Rico,PRI,2009,24318.62099
Puerto Rico,PRI,2010,23574.88456
Puerto Rico,PRI,2011,24032.26197
Puerto Rico,PRI,2012,23208.1303
Puerto Rico,PRI,2013,22896.38458
Puerto Rico,PRI,2014,22297.96234
Puerto Rico,PRI,2015,21655.0107
Puerto Rico,PRI,2016,22036.3617
Puerto Rico,PRI,2017,25073.22503
Puerto Rico,PRI,2018,22214.50952
Puerto Rico,PRI,2019,22140.80346
Qatar,QAT,1990,37203.23075
Qatar,QAT,1991,37533.77148
Qatar,QAT,1992,37634.1962
Qatar,QAT,1993,37443.83728
Qatar,QAT,1994,34909.07894
Qatar,QAT,1995,33505.51076
Qatar,QAT,1996,35668.73473
Qatar,QAT,1997,36762.31673
Qatar,QAT,1998,36646.03238
Qatar,QAT,1999,35878.57886
Qatar,QAT,2000,34484.37075
Qatar,QAT,2001,33860.54667
Qatar,QAT,2002,33937.21228
Qatar,QAT,2003,33368.76847
Qatar,QAT,2004,32337.83224
Qatar,QAT,2005,32166.66085
Qatar,QAT,2006,32545.98127
Qatar,QAT,2007,32539.69262
Qatar,QAT,2008,31786.29317
Qatar,QAT,2009,31142.70897
Qatar,QAT,2010,30116.9299
Qatar,QAT,2011,29186.0124
Qatar,QAT,2012,28477.88036
Qatar,QAT,2013,27862.29228
Qatar,QAT,2014,27549.78866
Qatar,QAT,2015,27287.29182
Qatar,QAT,2016,26844.68027
Qatar,QAT,2017,26411.99649
Qatar,QAT,2018,25952.31559
Qatar,QAT,2019,25631.99428
Region of the Americas (WHO),,1990,36796.38373
Region of the Americas (WHO),,1991,36236.57962
Region of the Americas (WHO),,1992,35625.09275
Region of the Americas (WHO),,1993,35351.42551
Region of the Americas (WHO),,1994,34901.50562
Region of the Americas (WHO),,1995,34455.99719
Region of the Americas (WHO),,1996,33852.17707
Region of the Americas (WHO),,1997,33207.76027
Region of the Americas (WHO),,1998,32972.1443
Region of the Americas (WHO),,1999,32632.69391
Region of the Americas (WHO),,2000,31989.73465
Region of the Americas (WHO),,2001,31683.02577
Region of the Americas (WHO),,2002,31441.52357
Region of the Americas (WHO),,2003,31052.45193
Region of the Americas (WHO),,2004,30585.39794
Region of the Americas (WHO),,2005,30188.96134
Region of the Americas (WHO),,2006,29797.06448
Region of the Americas (WHO),,2007,29449.49875
Region of the Americas (WHO),,2008,29233.99209
Region of the Americas (WHO),,2009,29061.54397
Region of the Americas (WHO),,2010,30237.21257
Region of the Americas (WHO),,2011,28509.26513
Region of the Americas (WHO),,2012,28241.40692
Region of the Americas (WHO),,2013,28078.32119
Region of the Americas (WHO),,2014,27862.40383
Region of the Americas (WHO),,2015,27744.09374
Region of the Americas (WHO),,2016,27742.78589
Region of the Americas (WHO),,2017,27598.93608
Region of the Americas (WHO),,2018,27448.11866
Region of the Americas (WHO),,2019,27320.3514
Romania,ROU,1990,37582.79298
Romania,ROU,1991,36481.48121
Romania,ROU,1992,37216.30688
Romania,ROU,1993,37445.59258
Romania,ROU,1994,37737.27558
Romania,ROU,1995,37830.01195
Romania,ROU,1996,38629.91416
Romania,ROU,1997,38349.84962
Romania,ROU,1998,36767.26415
Romania,ROU,1999,34990.33496
Romania,ROU,2000,34072.39268
Romania,ROU,2001,34013.69593
Romania,ROU,2002,33781.60876
Romania,ROU,2003,33192.71951
Romania,ROU,2004,32274.02345
Romania,ROU,2005,31568.83692
Romania,ROU,2006,30654.93607
Romania,ROU,2007,29683.85319
Romania,ROU,2008,29532.46065
Romania,ROU,2009,29278.31223
Romania,ROU,2010,28811.23463
Romania,ROU,2011,27539.5203
Romania,ROU,2012,27374.96723
Romania,ROU,2013,26502.45386
Romania,ROU,2014,26840.77218
Romania,ROU,2015,26475.44508
Romania,ROU,2016,26314.64416
Romania,ROU,2017,26269.4085
Romania,ROU,2018,26147.23087
Romania,ROU,2019,26043.5863
Russia,RUS,1990,38239.79355
Russia,RUS,1991,38749.64905
Russia,RUS,1992,41025.37377
Russia,RUS,1993,46640.75784
Russia,RUS,1994,49751.98615
Russia,RUS,1995,48137.43823
Russia,RUS,1996,45339.02671
Russia,RUS,1997,42966.64733
Russia,RUS,1998,42414.61272
Russia,RUS,1999,45196.4992
Russia,RUS,2000,46479.01241
Russia,RUS,2001,46563.08322
Russia,RUS,2002,46883.17741
Russia,RUS,2003,47269.26909
Russia,RUS,2004,46331.20569
Russia,RUS,2005,47368.24237
Russia,RUS,2006,44104.12787
Russia,RUS,2007,41921.6295
Russia,RUS,2008,41260.94497
Russia,RUS,2009,39270.4677
Russia,RUS,2010,38850.51939
Russia,RUS,2011,36618.81555
Russia,RUS,2012,35815.63433
Russia,RUS,2013,34876.9589
Russia,RUS,2014,34686.47924
Russia,RUS,2015,33558.89303
Russia,RUS,2016,32624.65188
Russia,RUS,2017,31087.94924
Russia,RUS,2018,31105.98818
Russia,RUS,2019,31110.3869
Rwanda,RWA,1990,95641.65435
Rwanda,RWA,1991,95886.83837
Rwanda,RWA,1992,102820.3392
Rwanda,RWA,1993,112692.9025
Rwanda,RWA,1994,693367.4928
Rwanda,RWA,1995,112158.437
Rwanda,RWA,1996,103315.894
Rwanda,RWA,1997,107109.8773
Rwanda,RWA,1998,103949.2358
Rwanda,RWA,1999,98981.73896
Rwanda,RWA,2000,94742.38167
Rwanda,RWA,2001,91368.83899
Rwanda,RWA,2002,85196.34618
Rwanda,RWA,2003,80448.34647
Rwanda,RWA,2004,74837.08891
Rwanda,RWA,2005,68936.30897
Rwanda,RWA,2006,63357.03595
Rwanda,RWA,2007,59435.59442
Rwanda,RWA,2008,56791.52398
Rwanda,RWA,2009,54527.20256
Rwanda,RWA,2010,51538.06319
Rwanda,RWA,2011,49569.9325
Rwanda,RWA,2012,48246.71437
Rwanda,RWA,2013,45740.51338
Rwanda,RWA,2014,44908.48808
Rwanda,RWA,2015,44415.19468
Rwanda,RWA,2016,43962.85443
Rwanda,RWA,2017,43030.49395
Rwanda,RWA,2018,42088.43228
Rwanda,RWA,2019,41234.81628
Saint Kitts and Nevis,KNA,1990,45692.75498
Saint Kitts and Nevis,KNA,1991,42628.39413
Saint Kitts and Nevis,KNA,1992,41867.79916
Saint Kitts and Nevis,KNA,1993,41173.99123
Saint Kitts and Nevis,KNA,1994,41111.89753
Saint Kitts and Nevis,KNA,1995,40857.6727
Saint Kitts and Nevis,KNA,1996,40090.86985
Saint Kitts and Nevis,KNA,1997,39290.64477
Saint Kitts and Nevis,KNA,1998,39194.86394
Saint Kitts and Nevis,KNA,1999,37609.79987
Saint Kitts and Nevis,KNA,2000,36667.25299
Saint Kitts and Nevis,KNA,2001,35895.11054
Saint Kitts and Nevis,KNA,2002,35203.39266
Saint Kitts and Nevis,KNA,2003,34481.45771
Saint Kitts and Nevis,KNA,2004,34102.79236
Saint Kitts and Nevis,KNA,2005,33656.869
Saint Kitts and Nevis,KNA,2006,33473.17105
Saint Kitts and Nevis,KNA,2007,33222.66112
Saint Kitts and Nevis,KNA,2008,33010.07181
Saint Kitts and Nevis,KNA,2009,32914.19729
Saint Kitts and Nevis,KNA,2010,32773.49553
Saint Kitts and Nevis,KNA,2011,32657.07019
Saint Kitts and Nevis,KNA,2012,32616.34734
Saint Kitts and Nevis,KNA,2013,32753.55067
Saint Kitts and Nevis,KNA,2014,32944.31283
Saint Kitts and Nevis,KNA,2015,33118.75722
Saint Kitts and Nevis,KNA,2016,33081.35552
Saint Kitts and Nevis,KNA,2017,32922.4889
Saint Kitts and Nevis,KNA,2018,32879.61437
Saint Kitts and Nevis,KNA,2019,32497.93677
Saint Lucia,LCA,1990,36904.07864
Saint Lucia,LCA,1991,36475.92885
Saint Lucia,LCA,1992,36353.65148
Saint Lucia,LCA,1993,35997.10189
Saint Lucia,LCA,1994,35428.44604
Saint Lucia,LCA,1995,34685.58943
Saint Lucia,LCA,1996,33904.3988
Saint Lucia,LCA,1997,33119.1963
Saint Lucia,LCA,1998,32474.27543
Saint Lucia,LCA,1999,31970.83157
Saint Lucia,LCA,2000,31506.1225
Saint Lucia,LCA,2001,31266.48233
Saint Lucia,LCA,2002,31096.17304
Saint Lucia,LCA,2003,30806.01889
Saint Lucia,LCA,2004,30524.83104
Saint Lucia,LCA,2005,30144.60995
Saint Lucia,LCA,2006,29618.69859
Saint Lucia,LCA,2007,29221.54192
Saint Lucia,LCA,2008,28891.96425
Saint Lucia,LCA,2009,28687.06904
Saint Lucia,LCA,2010,28765.52939
Saint Lucia,LCA,2011,28281.41227
Saint Lucia,LCA,2012,28303.09368
Saint Lucia,LCA,2013,28587.45036
Saint Lucia,LCA,2014,28559.11794
Saint Lucia,LCA,2015,28532.80982
Saint Lucia,LCA,2016,28910.58138
Saint Lucia,LCA,2017,28898.26443
Saint Lucia,LCA,2018,28857.12115
Saint Lucia,LCA,2019,28746.48182
Saint Vincent and the Grenadines,VCT,1990,37064.45492
Saint Vincent and the Grenadines,VCT,1991,36705.79068
Saint Vincent and the Grenadines,VCT,1992,36752.42546
Saint Vincent and the Grenadines,VCT,1993,36563.86449
Saint Vincent and the Grenadines,VCT,1994,36566.6072
Saint Vincent and the Grenadines,VCT,1995,36422.9716
Saint Vincent and the Grenadines,VCT,1996,36379.15656
Saint Vincent and the Grenadines,VCT,1997,35708.96975
Saint Vincent and the Grenadines,VCT,1998,35495.53642
Saint Vincent and the Grenadines,VCT,1999,35441.50816
Saint Vincent and the Grenadines,VCT,2000,35333.22246
Saint Vincent and the Grenadines,VCT,2001,34464.64853
Saint Vincent and the Grenadines,VCT,2002,34526.52367
Saint Vincent and the Grenadines,VCT,2003,33613.5125
Saint Vincent and the Grenadines,VCT,2004,33306.85366
Saint Vincent and the Grenadines,VCT,2005,32981.90022
Saint Vincent and the Grenadines,VCT,2006,32550.68463
Saint Vincent and the Grenadines,VCT,2007,32188.29895
Saint Vincent and the Grenadines,VCT,2008,32056.85055
Saint Vincent and the Grenadines,VCT,2009,32045.14665
Saint Vincent and the Grenadines,VCT,2010,31733.97351
Saint Vincent and the Grenadines,VCT,2011,31428.15722
Saint Vincent and the Grenadines,VCT,2012,31693.72729
Saint Vincent and the Grenadines,VCT,2013,32697.25215
Saint Vincent and the Grenadines,VCT,2014,32346.24406
Saint Vincent and the Grenadines,VCT,2015,32393.66033
Saint Vincent and the Grenadines,VCT,2016,32299.28339
Saint Vincent and the Grenadines,VCT,2017,32125.20754
Saint Vincent and the Grenadines,VCT,2018,31939.92174
Saint Vincent and the Grenadines,VCT,2019,31737.00832
Samoa,WSM,1990,42399.5447
Samoa,WSM,1991,42219.96464
Samoa,WSM,1992,41469.06842
Samoa,WSM,1993,41131.00357
Samoa,WSM,1994,40816.45286
Samoa,WSM,1995,40513.54361
Samoa,WSM,1996,40156.28454
Samoa,WSM,1997,39769.38842
Samoa,WSM,1998,39328.45555
Samoa,WSM,1999,39124.80444
Samoa,WSM,2000,38831.81232
Samoa,WSM,2001,38507.07745
Samoa,WSM,2002,38164.12781
Samoa,WSM,2003,37960.67639
Samoa,WSM,2004,37756.95614
Samoa,WSM,2005,37784.63963
Samoa,WSM,2006,37306.94796
Samoa,WSM,2007,37033.18964
Samoa,WSM,2008,36769.28524
Samoa,WSM,2009,41336.07065
Samoa,WSM,2010,36507.31543
Samoa,WSM,2011,36371.64882
Samoa,WSM,2012,36586.71757
Samoa,WSM,2013,36032.05087
Samoa,WSM,2014,35863.52169
Samoa,WSM,2015,35714.69311
Samoa,WSM,2016,35565.23048
Samoa,WSM,2017,35399.8214
Samoa,WSM,2018,35217.9753
Samoa,WSM,2019,35036.001
San Marino,SMR,1990,21528.37267
San Marino,SMR,1991,21317.24361
San Marino,SMR,1992,21121.57564
San Marino,SMR,1993,20910.56746
San Marino,SMR,1994,20807.63163
San Marino,SMR,1995,20547.25055
San Marino,SMR,1996,20316.33439
San Marino,SMR,1997,20103.68897
San Marino,SMR,1998,19943.0638
San Marino,SMR,1999,19764.45946
San Marino,SMR,2000,19685.3662
San Marino,SMR,2001,19579.08303
San Marino,SMR,2002,19485.02366
San Marino,SMR,2003,19448.0761
San Marino,SMR,2004,19482.6013
San Marino,SMR,2005,19492.36344
San Marino,SMR,2006,19454.61969
San Marino,SMR,2007,19385.39188
San Marino,SMR,2008,19315.43052
San Marino,SMR,2009,19281.52316
San Marino,SMR,2010,19247.89811
San Marino,SMR,2011,19226.67919
San Marino,SMR,2012,19224.57115
San Marino,SMR,2013,19225.68659
San Marino,SMR,2014,19233.05781
San Marino,SMR,2015,19235.91774
San Marino,SMR,2016,19252.72022
San Marino,SMR,2017,19247.84868
San Marino,SMR,2018,19212.38242
San Marino,SMR,2019,19158.856
Sao Tome and Principe,STP,1990,54076.36628
Sao Tome and Principe,STP,1991,53390.44052
Sao Tome and Principe,STP,1992,53211.00732
Sao Tome and Principe,STP,1993,52546.9504
Sao Tome and Principe,STP,1994,52623.29105
Sao Tome and Principe,STP,1995,52508.04256
Sao Tome and Principe,STP,1996,52466.15225
Sao Tome and Principe,STP,1997,52195.75862
Sao Tome and Principe,STP,1998,51823.0287
Sao Tome and Principe,STP,1999,50936.01909
Sao Tome and Principe,STP,2000,49679.17266
Sao Tome and Principe,STP,2001,48417.79435
Sao Tome and Principe,STP,2002,47322.1326
Sao Tome and Principe,STP,2003,46416.63275
Sao Tome and Principe,STP,2004,45485.00737
Sao Tome and Principe,STP,2005,45159.69994
Sao Tome and Principe,STP,2006,43689.91024
Sao Tome and Principe,STP,2007,42725.52833
Sao Tome and Principe,STP,2008,42043.68272
Sao Tome and Principe,STP,2009,40318.43844
Sao Tome and Principe,STP,2010,39392.7475
Sao Tome and Principe,STP,2011,38814.32573
Sao Tome and Principe,STP,2012,38799.82799
Sao Tome and Principe,STP,2013,38379.81037
Sao Tome and Principe,STP,2014,37631.41506
Sao Tome and Principe,STP,2015,37082.59942
Sao Tome and Principe,STP,2016,36575.71903
Sao Tome and Principe,STP,2017,36082.32668
Sao Tome and Principe,STP,2018,35553.52589
Sao Tome and Principe,STP,2019,35010.819
Saudi Arabia,SAU,1990,41796.80988
Saudi Arabia,SAU,1991,40862.46145
Saudi Arabia,SAU,1992,40088.05832
Saudi Arabia,SAU,1993,39466.7416
Saudi Arabia,SAU,1994,38937.56142
Saudi Arabia,SAU,1995,38463.50036
Saudi Arabia,SAU,1996,37934.9796
Saudi Arabia,SAU,1997,37599.37247
Saudi Arabia,SAU,1998,37041.64777
Saudi Arabia,SAU,1999,36632.52515
Saudi Arabia,SAU,2000,36223.61882
Saudi Arabia,SAU,2001,35767.91849
Saudi Arabia,SAU,2002,35375.59934
Saudi Arabia,SAU,2003,35089.6851
Saudi Arabia,SAU,2004,34672.03807
Saudi Arabia,SAU,2005,34468.58287
Saudi Arabia,SAU,2006,34349.20643
Saudi Arabia,SAU,2007,34138.38944
Saudi Arabia,SAU,2008,33885.04785
Saudi Arabia,SAU,2009,33467.89012
Saudi Arabia,SAU,2010,33043.1373
Saudi Arabia,SAU,2011,32391.93223
Saudi Arabia,SAU,2012,31762.63115
Saudi Arabia,SAU,2013,31218.86942
Saudi Arabia,SAU,2014,30728.48995
Saudi Arabia,SAU,2015,30683.13179
Saudi Arabia,SAU,2016,29843.79047
Saudi Arabia,SAU,2017,29337.92629
Saudi Arabia,SAU,2018,28962.71974
Saudi Arabia,SAU,2019,28647.81135
Scotland,,1990,29523.95331
Scotland,,1991,29156.66546
Scotland,,1992,28872.10851
Scotland,,1993,28840.75162
Scotland,,1994,28328.30921
Scotland,,1995,28091.27661
Scotland,,1996,27935.16315
Scotland,,1997,27441.17249
Scotland,,1998,27296.7936
Scotland,,1999,27186.84302
Scotland,,2000,26681.85243
Scotland,,2001,26371.67201
Scotland,,2002,26226.29139
Scotland,,2003,25938.93581
Scotland,,2004,25450.09858
Scotland,,2005,25116.81486
Scotland,,2006,25008.1258
Scotland,,2007,24917.49244
Scotland,,2008,24687.24849
Scotland,,2009,24255.19922
Scotland,,2010,23911.45143
Scotland,,2011,23668.20257
Scotland,,2012,23379.8576
Scotland,,2013,23159.23106
Scotland,,2014,22831.42435
Scotland,,2015,22851.64616
Scotland,,2016,23019.80369
Scotland,,2017,22974.40225
Scotland,,2018,23188.72868
Scotland,,2019,23117.85079
Senegal,SEN,1990,68258.60791
Senegal,SEN,1991,67317.99153
Senegal,SEN,1992,67076.809
Senegal,SEN,1993,66840.27301
Senegal,SEN,1994,66571.37336
Senegal,SEN,1995,66575.77116
Senegal,SEN,1996,65716.60691
Senegal,SEN,1997,65344.49244
Senegal,SEN,1998,64872.68752
Senegal,SEN,1999,63885.18783
Senegal,SEN,2000,62280.44403
Senegal,SEN,2001,60919.9919
Senegal,SEN,2002,60092.57677
Senegal,SEN,2003,57864.59576
Senegal,SEN,2004,56469.21458
Senegal,SEN,2005,55162.96669
Senegal,SEN,2006,53765.5755
Senegal,SEN,2007,52002.00495
Senegal,SEN,2008,50470.54893
Senegal,SEN,2009,49416.40868
Senegal,SEN,2010,48641.05022
Senegal,SEN,2011,47885.83798
Senegal,SEN,2012,47197.05186
Senegal,SEN,2013,46502.57216
Senegal,SEN,2014,45795.82071
Senegal,SEN,2015,45232.802
Senegal,SEN,2016,44545.67727
Senegal,SEN,2017,43932.6318
Senegal,SEN,2018,42673.9263
Senegal,SEN,2019,41707.50092
Serbia,SRB,1990,35203.84039
Serbia,SRB,1991,35656.92429
Serbia,SRB,1992,34204.69044
Serbia,SRB,1993,34384.94796
Serbia,SRB,1994,35151.37076
Serbia,SRB,1995,35110.56425
Serbia,SRB,1996,35267.81546
Serbia,SRB,1997,35880.05662
Serbia,SRB,1998,34910.72506
Serbia,SRB,1999,38691.51771
Serbia,SRB,2000,32997.80448
Serbia,SRB,2001,32238.19055
Serbia,SRB,2002,31780.37086
Serbia,SRB,2003,31792.30541
Serbia,SRB,2004,31505.90448
Serbia,SRB,2005,31260.85466
Serbia,SRB,2006,30473.57244
Serbia,SRB,2007,29624.13939
Serbia,SRB,2008,28950.32574
Serbia,SRB,2009,28665.49905
Serbia,SRB,2010,27921.05565
Serbia,SRB,2011,27485.63385
Serbia,SRB,2012,26585.17616
Serbia,SRB,2013,26650.14326
Serbia,SRB,2014,26543.43511
Serbia,SRB,2015,26366.63934
Serbia,SRB,2016,25743.46989
Serbia,SRB,2017,25572.39167
Serbia,SRB,2018,25510.58236
Serbia,SRB,2019,25412.65278
Seychelles,SYC,1990,34913.56272
Seychelles,SYC,1991,34529.89584
Seychelles,SYC,1992,34365.6806
Seychelles,SYC,1993,34603.0158
Seychelles,SYC,1994,34713.89913
Seychelles,SYC,1995,33977.67439
Seychelles,SYC,1996,33745.38996
Seychelles,SYC,1997,33540.7153
Seychelles,SYC,1998,32821.01032
Seychelles,SYC,1999,32425.05639
Seychelles,SYC,2000,31859.74662
Seychelles,SYC,2001,31694.7561
Seychelles,SYC,2002,32016.1184
Seychelles,SYC,2003,32343.00162
Seychelles,SYC,2004,32118.69734
Seychelles,SYC,2005,31637.58155
Seychelles,SYC,2006,31368.61904
Seychelles,SYC,2007,31145.65426
Seychelles,SYC,2008,30662.14536
Seychelles,SYC,2009,30406.17757
Seychelles,SYC,2010,30128.80344
Seychelles,SYC,2011,29907.71284
Seychelles,SYC,2012,29875.53405
Seychelles,SYC,2013,29773.1126
Seychelles,SYC,2014,29811.84121
Seychelles,SYC,2015,29998.45023
Seychelles,SYC,2016,30180.52256
Seychelles,SYC,2017,29972.27643
Seychelles,SYC,2018,29822.91856
Seychelles,SYC,2019,29732.69031
Sierra Leone,SLE,1990,94147.94723
Sierra Leone,SLE,1991,97065.99286
Sierra Leone,SLE,1992,94115.42157
Sierra Leone,SLE,1993,91968.88766
Sierra Leone,SLE,1994,94577.88788
Sierra Leone,SLE,1995,94749.757
Sierra Leone,SLE,1996,91102.8511
Sierra Leone,SLE,1997,92803.08577
Sierra Leone,SLE,1998,97721.59931
Sierra Leone,SLE,1999,95420.75336
Sierra Leone,SLE,2000,89126.17125
Sierra Leone,SLE,2001,86878.66245
Sierra Leone,SLE,2002,86438.17398
Sierra Leone,SLE,2003,85952.71351
Sierra Leone,SLE,2004,85471.21252
Sierra Leone,SLE,2005,84673.00677
Sierra Leone,SLE,2006,83501.20628
Sierra Leone,SLE,2007,82061.47263
Sierra Leone,SLE,2008,79926.21348
Sierra Leone,SLE,2009,77948.24242
Sierra Leone,SLE,2010,75592.85749
Sierra Leone,SLE,2011,73523.90844
Sierra Leone,SLE,2012,71385.01151
Sierra Leone,SLE,2013,68798.31079
Sierra Leone,SLE,2014,71482.88483
Sierra Leone,SLE,2015,67191.8787
Sierra Leone,SLE,2016,63553.5845
Sierra Leone,SLE,2017,62967.26798
Sierra Leone,SLE,2018,60300.32609
Sierra Leone,SLE,2019,58717.31375
Singapore,SGP,1990,25490.56473
Singapore,SGP,1991,24698.09245
Singapore,SGP,1992,24088.60027
Singapore,SGP,1993,23595.0554
Singapore,SGP,1994,23324.11301
Singapore,SGP,1995,23067.29856
Singapore,SGP,1996,22668.01752
Singapore,SGP,1997,22075.62891
Singapore,SGP,1998,21532.53814
Singapore,SGP,1999,20818.3708
Singapore,SGP,2000,20194.74442
Singapore,SGP,2001,19656.58001
Singapore,SGP,2002,19310.94165
Singapore,SGP,2003,18954.0532
Singapore,SGP,2004,18590.38081
Singapore,SGP,2005,18026.62525
Singapore,SGP,2006,17756.81292
Singapore,SGP,2007,17535.10279
Singapore,SGP,2008,17277.96205
Singapore,SGP,2009,16928.3945
Singapore,SGP,2010,16657.53338
Singapore,SGP,2011,16375.10383
Singapore,SGP,2012,16230.52472
Singapore,SGP,2013,15986.32472
Singapore,SGP,2014,15731.9071
Singapore,SGP,2015,15538.92029
Singapore,SGP,2016,15334.67772
Singapore,SGP,2017,15123.21514
Singapore,SGP,2018,15090.81993
Singapore,SGP,2019,15045.11352
Slovakia,SVK,1990,34035.80965
Slovakia,SVK,1991,33666.0404
Slovakia,SVK,1992,32923.66755
Slovakia,SVK,1993,31896.75999
Slovakia,SVK,1994,31047.88416
Slovakia,SVK,1995,30967.70428
Slovakia,SVK,1996,30107.42902
Slovakia,SVK,1997,30384.56554
Slovakia,SVK,1998,30375.94988
Slovakia,SVK,1999,29823.58062
Slovakia,SVK,2000,29140.76355
Slovakia,SVK,2001,28660.94342
Slovakia,SVK,2002,28417.27404
Slovakia,SVK,2003,28255.1098
Slovakia,SVK,2004,27633.01131
Slovakia,SVK,2005,27728.33976
Slovakia,SVK,2006,27315.77877
Slovakia,SVK,2007,27336.17218
Slovakia,SVK,2008,26824.22674
Slovakia,SVK,2009,26427.22694
Slovakia,SVK,2010,25685.7646
Slovakia,SVK,2011,25385.72511
Slovakia,SVK,2012,24947.66013
Slovakia,SVK,2013,24485.8397
Slovakia,SVK,2014,24220.49585
Slovakia,SVK,2015,24358.53087
Slovakia,SVK,2016,23728.90781
Slovakia,SVK,2017,23587.53645
Slovakia,SVK,2018,23456.99219
Slovakia,SVK,2019,23351.54758
Slovenia,SVN,1990,29157.48338
Slovenia,SVN,1991,28776.52561
Slovenia,SVN,1992,28258.84403
Slovenia,SVN,1993,27846.03289
Slovenia,SVN,1994,27519.97951
Slovenia,SVN,1995,27151.30948
Slovenia,SVN,1996,26931.62537
Slovenia,SVN,1997,26795.54495
Slovenia,SVN,1998,26597.58247
Slovenia,SVN,1999,26145.03545
Slovenia,SVN,2000,25540.94593
Slovenia,SVN,2001,25524.38042
Slovenia,SVN,2002,24827.48665
Slovenia,SVN,2003,24661.5864
Slovenia,SVN,2004,24124.14594
Slovenia,SVN,2005,23284.32038
Slovenia,SVN,2006,23037.25065
Slovenia,SVN,2007,22685.95976
Slovenia,SVN,2008,22043.64432
Slovenia,SVN,2009,21483.9948
Slovenia,SVN,2010,21142.98129
Slovenia,SVN,2011,20700.46957
Slovenia,SVN,2012,20497.53861
Slovenia,SVN,2013,20131.84869
Slovenia,SVN,2014,19309.89103
Slovenia,SVN,2015,19553.64048
Slovenia,SVN,2016,19364.88852
Slovenia,SVN,2017,19354.91219
Slovenia,SVN,2018,19267.72944
Slovenia,SVN,2019,19134.72787
Solomon Islands,SLB,1990,76079.72436
Solomon Islands,SLB,1991,76382.72777
Solomon Islands,SLB,1992,75278.67657
Solomon Islands,SLB,1993,74798.23222
Solomon Islands,SLB,1994,74156.15451
Solomon Islands,SLB,1995,73536.19543
Solomon Islands,SLB,1996,73078.72425
Solomon Islands,SLB,1997,72733.69347
Solomon Islands,SLB,1998,72417.20508
Solomon Islands,SLB,1999,72202.92706
Solomon Islands,SLB,2000,72257.96287
Solomon Islands,SLB,2001,72421.6772
Solomon Islands,SLB,2002,72664.02029
Solomon Islands,SLB,2003,72818.55581
Solomon Islands,SLB,2004,72977.28937
Solomon Islands,SLB,2005,72957.91663
Solomon Islands,SLB,2006,72765.26897
Solomon Islands,SLB,2007,73032.43211
Solomon Islands,SLB,2008,71961.08137
Solomon Islands,SLB,2009,71717.30725
Solomon Islands,SLB,2010,70860.45516
Solomon Islands,SLB,2011,69981.24664
Solomon Islands,SLB,2012,69165.83338
Solomon Islands,SLB,2013,68604.18495
Solomon Islands,SLB,2014,68223.51068
Solomon Islands,SLB,2015,67190.99693
Solomon Islands,SLB,2016,66483.32148
Solomon Islands,SLB,2017,65856.92602
Solomon Islands,SLB,2018,65259.88323
Solomon Islands,SLB,2019,64678.3177
Somalia,SOM,1990,103211.3682
Somalia,SOM,1991,106158.6398
Somalia,SOM,1992,100088.0974
Somalia,SOM,1993,94946.13364
Somalia,SOM,1994,95483.74019
Somalia,SOM,1995,94279.11499
Somalia,SOM,1996,94013.11277
Somalia,SOM,1997,95065.89478
Somalia,SOM,1998,92328.84184
Somalia,SOM,1999,91306.15584
Somalia,SOM,2000,90099.05577
Somalia,SOM,2001,88635.39769
Somalia,SOM,2002,87192.78581
Somalia,SOM,2003,85783.08353
Somalia,SOM,2004,85151.0587
Somalia,SOM,2005,82846.86432
Somalia,SOM,2006,81812.98855
Somalia,SOM,2007,81563.79592
Somalia,SOM,2008,80198.58904
Somalia,SOM,2009,79289.45763
Somalia,SOM,2010,82158.17538
Somalia,SOM,2011,80751.74136
Somalia,SOM,2012,76214.71415
Somalia,SOM,2013,74071.13321
Somalia,SOM,2014,72638.68185
Somalia,SOM,2015,71367.83885
Somalia,SOM,2016,70651.17627
Somalia,SOM,2017,70169.83639
Somalia,SOM,2018,68582.80331
Somalia,SOM,2019,66692.03561
South Africa,ZAF,1990,53698.06683
South Africa,ZAF,1991,53230.0883
South Africa,ZAF,1992,54544.19839
South Africa,ZAF,1993,52947.55592
South Africa,ZAF,1994,54591.3744
South Africa,ZAF,1995,55667.81881
South Africa,ZAF,1996,58201.68965
South Africa,ZAF,1997,64023.19858
South Africa,ZAF,1998,68245.39971
South Africa,ZAF,1999,70974.38883
South Africa,ZAF,2000,75846.51543
South Africa,ZAF,2001,78606.11266
South Africa,ZAF,2002,82184.82143
South Africa,ZAF,2003,85486.86653
South Africa,ZAF,2004,87229.11669
South Africa,ZAF,2005,87672.03701
South Africa,ZAF,2006,87056.96076
South Africa,ZAF,2007,83870.1911
South Africa,ZAF,2008,80246.96789
South Africa,ZAF,2009,75602.55852
South Africa,ZAF,2010,71162.98823
South Africa,ZAF,2011,66425.89598
South Africa,ZAF,2012,62330.50902
South Africa,ZAF,2013,59189.74298
South Africa,ZAF,2014,57746.70945
South Africa,ZAF,2015,56542.09815
South Africa,ZAF,2016,55397.53623
South Africa,ZAF,2017,54187.25067
South Africa,ZAF,2018,51493.90175
South Africa,ZAF,2019,49954.27811
South Asia (WB),,1990,65829.03377
South Asia (WB),,1991,65799.21117
South Asia (WB),,1992,64351.07862
South Asia (WB),,1993,62911.53972
South Asia (WB),,1994,61482.96454
South Asia (WB),,1995,60328.33907
South Asia (WB),,1996,59375.61132
South Asia (WB),,1997,59408.13746
South Asia (WB),,1998,58706.95816
South Asia (WB),,1999,57462.79255
South Asia (WB),,2000,56506.83957
South Asia (WB),,2001,55592.29839
South Asia (WB),,2002,54368.05272
South Asia (WB),,2003,52886.63255
South Asia (WB),,2004,51518.12341
South Asia (WB),,2005,51061.6932
South Asia (WB),,2006,50176.99493
South Asia (WB),,2007,49400.28207
South Asia (WB),,2008,48676.13282
South Asia (WB),,2009,47164.1392
South Asia (WB),,2010,46214.94592
South Asia (WB),,2011,45408.20102
South Asia (WB),,2012,44405.95772
South Asia (WB),,2013,43618.62592
South Asia (WB),,2014,42481.6899
South Asia (WB),,2015,41740.93095
South Asia (WB),,2016,40616.37898
South Asia (WB),,2017,39873.30073
South Asia (WB),,2018,39423.33549
South Asia (WB),,2019,38739.68391
South Korea,KOR,1990,32256.40979
South Korea,KOR,1991,31448.9496
South Korea,KOR,1992,30405.12063
South Korea,KOR,1993,29588.32753
South Korea,KOR,1994,28996.9501
South Korea,KOR,1995,28155.2249
South Korea,KOR,1996,27330.76561
South Korea,KOR,1997,26583.89786
South Korea,KOR,1998,26017.74484
South Korea,KOR,1999,25318.14622
South Korea,KOR,2000,24748.93699
South Korea,KOR,2001,24063.74811
South Korea,KOR,2002,23511.98806
South Korea,KOR,2003,22986.38255
South Korea,KOR,2004,22272.52224
South Korea,KOR,2005,21604.50006
South Korea,KOR,2006,20973.6716
South Korea,KOR,2007,20505.98994
South Korea,KOR,2008,20097.36039
South Korea,KOR,2009,19756.65308
South Korea,KOR,2010,19436.91264
South Korea,KOR,2011,19058.4466
South Korea,KOR,2012,18692.1141
South Korea,KOR,2013,18308.14976
South Korea,KOR,2014,17979.87652
South Korea,KOR,2015,17635.8301
South Korea,KOR,2016,17362.07254
South Korea,KOR,2017,17279.7288
South Korea,KOR,2018,17233.64536
South Korea,KOR,2019,17191.57441
South Sudan,SSD,1990,82506.4361
South Sudan,SSD,1991,81648.13174
South Sudan,SSD,1992,80797.54057
South Sudan,SSD,1993,79887.13084
South Sudan,SSD,1994,78900.0429
South Sudan,SSD,1995,77975.12927
South Sudan,SSD,1996,76903.26761
South Sudan,SSD,1997,81970.1551
South Sudan,SSD,1998,79163.13932
South Sudan,SSD,1999,76268.42335
South Sudan,SSD,2000,74229.36813
South Sudan,SSD,2001,72201.99291
South Sudan,SSD,2002,71140.85543
South Sudan,SSD,2003,70199.90597
South Sudan,SSD,2004,68685.77602
South Sudan,SSD,2005,67661.36232
South Sudan,SSD,2006,67791.41681
South Sudan,SSD,2007,66394.78619
South Sudan,SSD,2008,65189.18842
South Sudan,SSD,2009,65642.61467
South Sudan,SSD,2010,63590.27134
South Sudan,SSD,2011,63628.19066
South Sudan,SSD,2012,62559.25779
South Sudan,SSD,2013,63805.50311
South Sudan,SSD,2014,63986.26919
South Sudan,SSD,2015,63185.85165
South Sudan,SSD,2016,62604.27352
South Sudan,SSD,2017,60606.67372
South Sudan,SSD,2018,57890.70598
South Sudan,SSD,2019,55668.61052
South-East Asia Region (WHO),,1990,62866.26232
South-East Asia Region (WHO),,1991,62655.18619
South-East Asia Region (WHO),,1992,61204.13443
South-East Asia Region (WHO),,1993,59720.26328
South-East Asia Region (WHO),,1994,58235.51899
South-East Asia Region (WHO),,1995,57427.13784
South-East Asia Region (WHO),,1996,56417.0604
South-East Asia Region (WHO),,1997,56190.66154
South-East Asia Region (WHO),,1998,55463.47192
South-East Asia Region (WHO),,1999,54407.97518
South-East Asia Region (WHO),,2000,53399.63941
South-East Asia Region (WHO),,2001,52447.72101
South-East Asia Region (WHO),,2002,51286.22379
South-East Asia Region (WHO),,2003,49689.36831
South-East Asia Region (WHO),,2004,49029.5591
South-East Asia Region (WHO),,2005,47702.40123
South-East Asia Region (WHO),,2006,47035.29827
South-East Asia Region (WHO),,2007,46235.78521
South-East Asia Region (WHO),,2008,45930.87437
South-East Asia Region (WHO),,2009,44134.58981
South-East Asia Region (WHO),,2010,43195.78222
South-East Asia Region (WHO),,2011,42415.05824
South-East Asia Region (WHO),,2012,41422.28406
South-East Asia Region (WHO),,2013,40598.48256
South-East Asia Region (WHO),,2014,39443.03664
South-East Asia Region (WHO),,2015,38714.13758
South-East Asia Region (WHO),,2016,37579.03502
South-East Asia Region (WHO),,2017,36900.74573
South-East Asia Region (WHO),,2018,36517.3954
South-East Asia Region (WHO),,2019,35908.98112
Spain,ESP,1990,25244.17176
Spain,ESP,1991,24996.25785
Spain,ESP,1992,24565.44088
Spain,ESP,1993,24174.03027
Spain,ESP,1994,23826.00964
Spain,ESP,1995,23619.12773
Spain,ESP,1996,23353.25854
Spain,ESP,1997,22672.38917
Spain,ESP,1998,22336.27253
Spain,ESP,1999,22173.43354
Spain,ESP,2000,21750.67645
Spain,ESP,2001,21402.93117
Spain,ESP,2002,21208.09573
Spain,ESP,2003,21075.06332
Spain,ESP,2004,20737.59227
Spain,ESP,2005,20419.27928
Spain,ESP,2006,20044.91781
Spain,ESP,2007,19838.09604
Spain,ESP,2008,19573.29224
Spain,ESP,2009,19182.31951
Spain,ESP,2010,18873.35986
Spain,ESP,2011,18690.04238
Spain,ESP,2012,18505.74618
Spain,ESP,2013,18237.7967
Spain,ESP,2014,18128.46001
Spain,ESP,2015,18114.28493
Spain,ESP,2016,18000.70669
Spain,ESP,2017,17979.78115
Spain,ESP,2018,17988.26373
Spain,ESP,2019,18033.37636
Sri Lanka,LKA,1990,38461.89362
Sri Lanka,LKA,1991,37090.15358
Sri Lanka,LKA,1992,35901.03135
Sri Lanka,LKA,1993,33488.04064
Sri Lanka,LKA,1994,33517.11435
Sri Lanka,LKA,1995,35862.83328
Sri Lanka,LKA,1996,36026.83472
Sri Lanka,LKA,1997,36408.94526
Sri Lanka,LKA,1998,35082.17608
Sri Lanka,LKA,1999,34082.00439
Sri Lanka,LKA,2000,34293.02633
Sri Lanka,LKA,2001,32219.44001
Sri Lanka,LKA,2002,30650.90538
Sri Lanka,LKA,2003,30519.14645
Sri Lanka,LKA,2004,39710.05221
Sri Lanka,LKA,2005,30893.99561
Sri Lanka,LKA,2006,30229.97445
Sri Lanka,LKA,2007,29372.87148
Sri Lanka,LKA,2008,30927.95424
Sri Lanka,LKA,2009,30970.58755
Sri Lanka,LKA,2010,29668.9651
Sri Lanka,LKA,2011,27210.05094
Sri Lanka,LKA,2012,26705.18146
Sri Lanka,LKA,2013,26134.70095
Sri Lanka,LKA,2014,25994.3292
Sri Lanka,LKA,2015,25507.79372
Sri Lanka,LKA,2016,25309.03698
Sri Lanka,LKA,2017,25162.9877
Sri Lanka,LKA,2018,24691.33463
Sri Lanka,LKA,2019,24579.82879
Sub-Saharan Africa (WB),,1990,82856.24165
Sub-Saharan Africa (WB),,1991,82621.01264
Sub-Saharan Africa (WB),,1992,82623.91029
Sub-Saharan Africa (WB),,1993,82821.15533
Sub-Saharan Africa (WB),,1994,88582.07902
Sub-Saharan Africa (WB),,1995,83599.61545
Sub-Saharan Africa (WB),,1996,84336.09383
Sub-Saharan Africa (WB),,1997,84627.55833
Sub-Saharan Africa (WB),,1998,84721.41205
Sub-Saharan Africa (WB),,1999,84665.67195
Sub-Saharan Africa (WB),,2000,84204.20698
Sub-Saharan Africa (WB),,2001,82807.60504
Sub-Saharan Africa (WB),,2002,81849.0878
Sub-Saharan Africa (WB),,2003,80677.24113
Sub-Saharan Africa (WB),,2004,79015.82619
Sub-Saharan Africa (WB),,2005,76855.78969
Sub-Saharan Africa (WB),,2006,74579.29334
Sub-Saharan Africa (WB),,2007,72040.25398
Sub-Saharan Africa (WB),,2008,69594.39718
Sub-Saharan Africa (WB),,2009,67431.73694
Sub-Saharan Africa (WB),,2010,65341.34596
Sub-Saharan Africa (WB),,2011,63329.98503
Sub-Saharan Africa (WB),,2012,61323.45824
Sub-Saharan Africa (WB),,2013,59639.04524
Sub-Saharan Africa (WB),,2014,58259.6098
Sub-Saharan Africa (WB),,2015,56743.26046
Sub-Saharan Africa (WB),,2016,55321.04851
Sub-Saharan Africa (WB),,2017,53909.46745
Sub-Saharan Africa (WB),,2018,52350.34088
Sub-Saharan Africa (WB),,2019,51009.10277
Sudan,SDN,1990,71315.49592
Sudan,SDN,1991,69116.51211
Sudan,SDN,1992,67570.93787
Sudan,SDN,1993,66725.33781
Sudan,SDN,1994,64171.24405
Sudan,SDN,1995,63085.17336
Sudan,SDN,1996,62130.89855
Sudan,SDN,1997,61142.63337
Sudan,SDN,1998,60387.34224
Sudan,SDN,1999,57957.20901
Sudan,SDN,2000,56780.18632
Sudan,SDN,2001,55567.89735
Sudan,SDN,2002,55108.83116
Sudan,SDN,2003,54288.55351
Sudan,SDN,2004,53974.34379
Sudan,SDN,2005,50527.18777
Sudan,SDN,2006,49507.69412
Sudan,SDN,2007,48176.64969
Sudan,SDN,2008,46952.20046
Sudan,SDN,2009,46454.08188
Sudan,SDN,2010,45334.05244
Sudan,SDN,2011,44952.03806
Sudan,SDN,2012,43615.0148
Sudan,SDN,2013,43000.86644
Sudan,SDN,2014,42040.4846
Sudan,SDN,2015,41214.77154
Sudan,SDN,2016,40302.63821
Sudan,SDN,2017,39393.24932
Sudan,SDN,2018,38619.7094
Sudan,SDN,2019,37737.96208
Suriname,SUR,1990,41554.78216
Suriname,SUR,1991,41815.53949
Suriname,SUR,1992,42121.58468
Suriname,SUR,1993,43420.19822
Suriname,SUR,1994,41714.62176
Suriname,SUR,1995,38406.26032
Suriname,SUR,1996,37564.9731
Suriname,SUR,1997,37378.34062
Suriname,SUR,1998,38217.05794
Suriname,SUR,1999,39109.92677
Suriname,SUR,2000,39616.02221
Suriname,SUR,2001,39869.86598
Suriname,SUR,2002,39872.17906
Suriname,SUR,2003,39483.24516
Suriname,SUR,2004,38964.54471
Suriname,SUR,2005,38004.26746
Suriname,SUR,2006,37138.36817
Suriname,SUR,2007,36559.20688
Suriname,SUR,2008,36352.87234
Suriname,SUR,2009,35675.75027
Suriname,SUR,2010,35279.54996
Suriname,SUR,2011,34456.41939
Suriname,SUR,2012,33846.82918
Suriname,SUR,2013,33929.24665
Suriname,SUR,2014,34160.02108
Suriname,SUR,2015,34481.8982
Suriname,SUR,2016,34488.2906
Suriname,SUR,2017,34375.90137
Suriname,SUR,2018,34210.92301
Suriname,SUR,2019,33977.36334
Sweden,SWE,1990,23374.92508
Sweden,SWE,1991,23211.8239
Sweden,SWE,1992,22798.64987
Sweden,SWE,1993,22515.31007
Sweden,SWE,1994,22182.55111
Sweden,SWE,1995,21752.89409
Sweden,SWE,1996,21503.42137
Sweden,SWE,1997,21246.63735
Sweden,SWE,1998,21113.67376
Sweden,SWE,1999,20914.41162
Sweden,SWE,2000,20680.49132
Sweden,SWE,2001,20535.44005
Sweden,SWE,2002,20333.64305
Sweden,SWE,2003,20147.65474
Sweden,SWE,2004,20032.87814
Sweden,SWE,2005,19685.93038
Sweden,SWE,2006,19522.62763
Sweden,SWE,2007,19342.23055
Sweden,SWE,2008,19158.67238
Sweden,SWE,2009,19039.61763
Sweden,SWE,2010,18844.15038
Sweden,SWE,2011,18710.08693
Sweden,SWE,2012,18641.41132
Sweden,SWE,2013,18555.0767
Sweden,SWE,2014,18388.10486
Sweden,SWE,2015,18329.45841
Sweden,SWE,2016,18243.33793
Sweden,SWE,2017,18160.93852
Sweden,SWE,2018,18112.80976
Sweden,SWE,2019,18069.15699
Switzerland,CHE,1990,24919.06709
Switzerland,CHE,1991,24757.25736
Switzerland,CHE,1992,24419.9828
Switzerland,CHE,1993,23997.28607
Switzerland,CHE,1994,23676.54683
Switzerland,CHE,1995,23670.77814
Switzerland,CHE,1996,23103.08967
Switzerland,CHE,1997,22751.97343
Switzerland,CHE,1998,22410.22817
Switzerland,CHE,1999,22109.40862
Switzerland,CHE,2000,21917.00147
Switzerland,CHE,2001,21556.58538
Switzerland,CHE,2002,21198.29163
Switzerland,CHE,2003,20881.83341
Switzerland,CHE,2004,20513.03352
Switzerland,CHE,2005,20211.73228
Switzerland,CHE,2006,19967.94471
Switzerland,CHE,2007,19717.82974
Switzerland,CHE,2008,19501.53373
Switzerland,CHE,2009,19382.93806
Switzerland,CHE,2010,19107.87137
Switzerland,CHE,2011,18887.74225
Switzerland,CHE,2012,18745.91747
Switzerland,CHE,2013,18610.79165
Switzerland,CHE,2014,18404.4117
Switzerland,CHE,2015,18280.04064
Switzerland,CHE,2016,18099.62994
Switzerland,CHE,2017,18009.6313
Switzerland,CHE,2018,17869.21496
Switzerland,CHE,2019,17635.02731
Syria,SYR,1990,40871.53695
Syria,SYR,1991,40625.13369
Syria,SYR,1992,40730.35623
Syria,SYR,1993,39298.14655
Syria,SYR,1994,38653.09623
Syria,SYR,1995,38041.03758
Syria,SYR,1996,37166.28852
Syria,SYR,1997,36420.44214
Syria,SYR,1998,36085.25579
Syria,SYR,1999,34921.28533
Syria,SYR,2000,33458.60306
Syria,SYR,2001,31915.26094
Syria,SYR,2002,31217.05843
Syria,SYR,2003,29359.45883
Syria,SYR,2004,28800.46606
Syria,SYR,2005,28290.5113
Syria,SYR,2006,28305.60239
Syria,SYR,2007,28108.89204
Syria,SYR,2008,28519.83095
Syria,SYR,2009,28079.28963
Syria,SYR,2010,28136.82761
Syria,SYR,2011,32399.41307
Syria,SYR,2012,48855.34898
Syria,SYR,2013,47650.61607
Syria,SYR,2014,54322.30003
Syria,SYR,2015,49581.69901
Syria,SYR,2016,53168.84708
Syria,SYR,2017,43624.80788
Syria,SYR,2018,31980.72663
Syria,SYR,2019,30624.30842
Taiwan,TWN,1990,26911.85648
Taiwan,TWN,1991,26356.94841
Taiwan,TWN,1992,26139.64649
Taiwan,TWN,1993,25856.02413
Taiwan,TWN,1994,25755.10512
Taiwan,TWN,1995,25860.4976
Taiwan,TWN,1996,25800.66585
Taiwan,TWN,1997,25137.91142
Taiwan,TWN,1998,24747.22188
Taiwan,TWN,1999,24636.20554
Taiwan,TWN,2000,23935.42473
Taiwan,TWN,2001,23579.39439
Taiwan,TWN,2002,22942.08073
Taiwan,TWN,2003,22650.80744
Taiwan,TWN,2004,22656.32642
Taiwan,TWN,2005,22630.09842
Taiwan,TWN,2006,22060.68723
Taiwan,TWN,2007,21664.35221
Taiwan,TWN,2008,21396.61125
Taiwan,TWN,2009,21018.05598
Taiwan,TWN,2010,20594.72245
Taiwan,TWN,2011,20875.43169
Taiwan,TWN,2012,20558.71484
Taiwan,TWN,2013,20116.62724
Taiwan,TWN,2014,20167.43267
Taiwan,TWN,2015,19891.75189
Taiwan,TWN,2016,20007.35499
Taiwan,TWN,2017,19936.03642
Taiwan,TWN,2018,19899.19332
Taiwan,TWN,2019,19702.96736
Tajikistan,TJK,1990,45884.95283
Tajikistan,TJK,1991,45917.80287
Tajikistan,TJK,1992,53293.99507
Tajikistan,TJK,1993,65289.7246
Tajikistan,TJK,1994,50946.02943
Tajikistan,TJK,1995,50015.16963
Tajikistan,TJK,1996,51363.68283
Tajikistan,TJK,1997,47697.51336
Tajikistan,TJK,1998,47321.33635
Tajikistan,TJK,1999,45715.51815
Tajikistan,TJK,2000,44971.23084
Tajikistan,TJK,2001,44444.81109
Tajikistan,TJK,2002,43713.20194
Tajikistan,TJK,2003,42882.62189
Tajikistan,TJK,2004,42356.79657
Tajikistan,TJK,2005,42263.61776
Tajikistan,TJK,2006,41838.68819
Tajikistan,TJK,2007,41452.40597
Tajikistan,TJK,2008,40921.46976
Tajikistan,TJK,2009,40503.54605
Tajikistan,TJK,2010,40597.56889
Tajikistan,TJK,2011,40286.05108
Tajikistan,TJK,2012,39931.10185
Tajikistan,TJK,2013,39266.19156
Tajikistan,TJK,2014,39364.85259
Tajikistan,TJK,2015,39442.07967
Tajikistan,TJK,2016,39618.26412
Tajikistan,TJK,2017,39197.04223
Tajikistan,TJK,2018,37949.0767
Tajikistan,TJK,2019,37174.35549
Tanzania,TZA,1990,79273.44652
Tanzania,TZA,1991,80768.11465
Tanzania,TZA,1992,82640.62881
Tanzania,TZA,1993,83908.09105
Tanzania,TZA,1994,85360.81468
Tanzania,TZA,1995,86297.41388
Tanzania,TZA,1996,86873.97759
Tanzania,TZA,1997,87144.85827
Tanzania,TZA,1998,86908.36092
Tanzania,TZA,1999,85691.94857
Tanzania,TZA,2000,84057.21041
Tanzania,TZA,2001,81988.06919
Tanzania,TZA,2002,79893.86441
Tanzania,TZA,2003,77666.5458
Tanzania,TZA,2004,75650.09446
Tanzania,TZA,2005,73645.3694
Tanzania,TZA,2006,71091.81399
Tanzania,TZA,2007,67543.71045
Tanzania,TZA,2008,64439.48885
Tanzania,TZA,2009,62312.5205
Tanzania,TZA,2010,60240.86674
Tanzania,TZA,2011,58427.44276
Tanzania,TZA,2012,55966.88646
Tanzania,TZA,2013,53340.92703
Tanzania,TZA,2014,51386.27686
Tanzania,TZA,2015,50012.13569
Tanzania,TZA,2016,48911.25676
Tanzania,TZA,2017,47725.67801
Tanzania,TZA,2018,46146.56917
Tanzania,TZA,2019,44863.06925
Thailand,THA,1990,35657.20607
Thailand,THA,1991,35593.44962
Thailand,THA,1992,35416.76854
Thailand,THA,1993,35597.3552
Thailand,THA,1994,36122.25241
Thailand,THA,1995,36632.64243
Thailand,THA,1996,36935.10976
Thailand,THA,1997,35241.02759
Thailand,THA,1998,34862.82422
Thailand,THA,1999,35376.64692
Thailand,THA,2000,34685.08291
Thailand,THA,2001,33277.52408
Thailand,THA,2002,32867.08966
Thailand,THA,2003,32045.62403
Thailand,THA,2004,31646.8393
Thailand,THA,2005,29736.99761
Thailand,THA,2006,28545.66395
Thailand,THA,2007,27451.15021
Thailand,THA,2008,26749.61156
Thailand,THA,2009,26250.51204
Thailand,THA,2010,25954.04693
Thailand,THA,2011,25500.36132
Thailand,THA,2012,25137.29647
Thailand,THA,2013,24792.5116
Thailand,THA,2014,24683.68356
Thailand,THA,2015,24619.76448
Thailand,THA,2016,24782.36891
Thailand,THA,2017,24492.50996
Thailand,THA,2018,24384.92856
Thailand,THA,2019,24227.11791
Timor,TLS,1990,64240.96642
Timor,TLS,1991,64070.76333
Timor,TLS,1992,62385.13468
Timor,TLS,1993,61790.14207
Timor,TLS,1994,59963.23023
Timor,TLS,1995,59281.271
Timor,TLS,1996,55364.68481
Timor,TLS,1997,57421.64916
Timor,TLS,1998,56713.1945
Timor,TLS,1999,70877.71465
Timor,TLS,2000,52960.62482
Timor,TLS,2001,51640.43789
Timor,TLS,2002,50239.21472
Timor,TLS,2003,48590.14491
Timor,TLS,2004,46467.47042
Timor,TLS,2005,44739.32379
Timor,TLS,2006,42970.87506
Timor,TLS,2007,41410.46528
Timor,TLS,2008,40016.03623
Timor,TLS,2009,39211.93042
Timor,TLS,2010,38599.88846
Timor,TLS,2011,38065.87401
Timor,TLS,2012,37529.81009
Timor,TLS,2013,37189.78617
Timor,TLS,2014,37164.36901
Timor,TLS,2015,37078.7875
Timor,TLS,2016,37016.90531
Timor,TLS,2017,36827.37479
Timor,TLS,2018,36627.31108
Timor,TLS,2019,36370.8336
Togo,TGO,1990,69509.28626
Togo,TGO,1991,69339.85236
Togo,TGO,1992,69067.96069
Togo,TGO,1993,69505.9024
Togo,TGO,1994,70044.13657
Togo,TGO,1995,70448.94898
Togo,TGO,1996,71360.15928
Togo,TGO,1997,72756.46857
Togo,TGO,1998,73176.23712
Togo,TGO,1999,73213.92209
Togo,TGO,2000,73660.16573
Togo,TGO,2001,73921.15722
Togo,TGO,2002,73879.58875
Togo,TGO,2003,73485.77402
Togo,TGO,2004,72419.85287
Togo,TGO,2005,71859.71121
Togo,TGO,2006,69995.65498
Togo,TGO,2007,69277.39996
Togo,TGO,2008,68146.87885
Togo,TGO,2009,66307.87873
Togo,TGO,2010,64118.74276
Togo,TGO,2011,62045.9526
Togo,TGO,2012,60403.05593
Togo,TGO,2013,58963.85601
Togo,TGO,2014,57602.06496
Togo,TGO,2015,56107.5471
Togo,TGO,2016,54410.7772
Togo,TGO,2017,52630.44763
Togo,TGO,2018,50905.50494
Togo,TGO,2019,49443.65121
Tokelau,TKL,1990,41177.19587
Tokelau,TKL,1991,40825.44489
Tokelau,TKL,1992,40456.27911
Tokelau,TKL,1993,40074.85433
Tokelau,TKL,1994,39690.27751
Tokelau,TKL,1995,39308.43723
Tokelau,TKL,1996,38968.8598
Tokelau,TKL,1997,38674.10373
Tokelau,TKL,1998,38413.8677
Tokelau,TKL,1999,38161.79496
Tokelau,TKL,2000,37922.11756
Tokelau,TKL,2001,37677.72267
Tokelau,TKL,2002,37386.62802
Tokelau,TKL,2003,37051.81433
Tokelau,TKL,2004,36668.1246
Tokelau,TKL,2005,36233.94841
Tokelau,TKL,2006,35805.48479
Tokelau,TKL,2007,35391.64246
Tokelau,TKL,2008,35003.63902
Tokelau,TKL,2009,34678.87666
Tokelau,TKL,2010,34353.33544
Tokelau,TKL,2011,34026.08042
Tokelau,TKL,2012,33679.20365
Tokelau,TKL,2013,33303.68829
Tokelau,TKL,2014,33038.0044
Tokelau,TKL,2015,32785.07823
Tokelau,TKL,2016,32588.31757
Tokelau,TKL,2017,32389.1088
Tokelau,TKL,2018,32187.68579
Tokelau,TKL,2019,32004.81427
Tonga,TON,1990,34682.00307
Tonga,TON,1991,34297.24205
Tonga,TON,1992,33873.13472
Tonga,TON,1993,33893.54361
Tonga,TON,1994,33856.55458
Tonga,TON,1995,33496.6867
Tonga,TON,1996,33420.56611
Tonga,TON,1997,33618.51229
Tonga,TON,1998,34278.33774
Tonga,TON,1999,34866.30922
Tonga,TON,2000,34610.77054
Tonga,TON,2001,34152.21521
Tonga,TON,2002,34049.3336
Tonga,TON,2003,33961.49123
Tonga,TON,2004,33426.01005
Tonga,TON,2005,32416.02546
Tonga,TON,2006,32217.72487
Tonga,TON,2007,32201.38289
Tonga,TON,2008,32191.54303
Tonga,TON,2009,36520.72577
Tonga,TON,2010,31988.98279
Tonga,TON,2011,31826.13007
Tonga,TON,2012,31678.7815
Tonga,TON,2013,31552.41013
Tonga,TON,2014,31485.95573
Tonga,TON,2015,31308.66108
Tonga,TON,2016,31205.2571
Tonga,TON,2017,31074.18253
Tonga,TON,2018,30908.74041
Tonga,TON,2019,30738.65902
Trinidad and Tobago,TTO,1990,37604.40029
Trinidad and Tobago,TTO,1991,37109.60913
Trinidad and Tobago,TTO,1992,37330.73138
Trinidad and Tobago,TTO,1993,37977.96919
Trinidad and Tobago,TTO,1994,38291.70198
Trinidad and Tobago,TTO,1995,37228.95415
Trinidad and Tobago,TTO,1996,37762.69801
Trinidad and Tobago,TTO,1997,36554.8442
Trinidad and Tobago,TTO,1998,37159.82822
Trinidad and Tobago,TTO,1999,37408.02263
Trinidad and Tobago,TTO,2000,36358.41827
Trinidad and Tobago,TTO,2001,36179.07111
Trinidad and Tobago,TTO,2002,35146.5478
Trinidad and Tobago,TTO,2003,35181.91765
Trinidad and Tobago,TTO,2004,34389.12767
Trinidad and Tobago,TTO,2005,33870.47154
Trinidad and Tobago,TTO,2006,32934.09471
Trinidad and Tobago,TTO,2007,32587.41852
Trinidad and Tobago,TTO,2008,33139.09518
Trinidad and Tobago,TTO,2009,31929.16893
Trinidad and Tobago,TTO,2010,31113.68479
Trinidad and Tobago,TTO,2011,30085.70173
Trinidad and Tobago,TTO,2012,29238.23297
Trinidad and Tobago,TTO,2013,29340.35468
Trinidad and Tobago,TTO,2014,29310.15385
Trinidad and Tobago,TTO,2015,29218.00863
Trinidad and Tobago,TTO,2016,29321.89955
Trinidad and Tobago,TTO,2017,29299.83645
Trinidad and Tobago,TTO,2018,29255.6498
Trinidad and Tobago,TTO,2019,29209.25645
Tunisia,TUN,1990,34765.72777
Tunisia,TUN,1991,34480.23296
Tunisia,TUN,1992,33981.38552
Tunisia,TUN,1993,33556.47479
Tunisia,TUN,1994,32838.99855
Tunisia,TUN,1995,32660.56681
Tunisia,TUN,1996,31994.07413
Tunisia,TUN,1997,31492.58326
Tunisia,TUN,1998,30972.27058
Tunisia,TUN,1999,30431.75065
Tunisia,TUN,2000,30010.43375
Tunisia,TUN,2001,29599.73045
Tunisia,TUN,2002,29209.2012
Tunisia,TUN,2003,28921.3503
Tunisia,TUN,2004,28378.43867
Tunisia,TUN,2005,27957.84729
Tunisia,TUN,2006,27607.97474
Tunisia,TUN,2007,27276.90402
Tunisia,TUN,2008,26973.69553
Tunisia,TUN,2009,26763.67338
Tunisia,TUN,2010,26557.25173
Tunisia,TUN,2011,26459.38864
Tunisia,TUN,2012,25890.8072
Tunisia,TUN,2013,25641.67008
Tunisia,TUN,2014,25384.20751
Tunisia,TUN,2015,25158.2937
Tunisia,TUN,2016,24878.91624
Tunisia,TUN,2017,24654.9685
Tunisia,TUN,2018,24423.24637
Tunisia,TUN,2019,24122.72281
Turkey,TUR,1990,42389.60452
Turkey,TUR,1991,41212.34479
Turkey,TUR,1992,40436.12105
Turkey,TUR,1993,39280.49301
Turkey,TUR,1994,38768.68985
Turkey,TUR,1995,37792.43172
Turkey,TUR,1996,36526.69292
Turkey,TUR,1997,35427.38407
Turkey,TUR,1998,34305.66859
Turkey,TUR,1999,34483.44092
Turkey,TUR,2000,31403.83496
Turkey,TUR,2001,30562.23208
Turkey,TUR,2002,29823.90962
Turkey,TUR,2003,29056.77867
Turkey,TUR,2004,28201.08925
Turkey,TUR,2005,27404.09401
Turkey,TUR,2006,26841.4608
Turkey,TUR,2007,26441.77365
Turkey,TUR,2008,26225.70539
Turkey,TUR,2009,26461.95874
Turkey,TUR,2010,26459.46289
Turkey,TUR,2011,26134.93157
Turkey,TUR,2012,25820.383
Turkey,TUR,2013,25769.47057
Turkey,TUR,2014,25700.55611
Turkey,TUR,2015,25366.06188
Turkey,TUR,2016,25158.89655
Turkey,TUR,2017,24616.48042
Turkey,TUR,2018,24226.17214
Turkey,TUR,2019,23763.43506
Turkmenistan,TKM,1990,46881.53133
Turkmenistan,TKM,1991,47731.32947
Turkmenistan,TKM,1992,47396.89992
Turkmenistan,TKM,1993,49652.65665
Turkmenistan,TKM,1994,49966.55761
Turkmenistan,TKM,1995,49254.42326
Turkmenistan,TKM,1996,49989.66267
Turkmenistan,TKM,1997,49708.63723
Turkmenistan,TKM,1998,48759.49214
Turkmenistan,TKM,1999,47044.03976
Turkmenistan,TKM,2000,45140.70932
Turkmenistan,TKM,2001,44298.11299
Turkmenistan,TKM,2002,44401.06763
Turkmenistan,TKM,2003,44332.40906
Turkmenistan,TKM,2004,44863.0439
Turkmenistan,TKM,2005,45528.84354
Turkmenistan,TKM,2006,44689.69415
Turkmenistan,TKM,2007,43657.31926
Turkmenistan,TKM,2008,42187.028
Turkmenistan,TKM,2009,39389.58797
Turkmenistan,TKM,2010,38086.39906
Turkmenistan,TKM,2011,37661.11921
Turkmenistan,TKM,2012,37132.04946
Turkmenistan,TKM,2013,37040.74608
Turkmenistan,TKM,2014,36831.72551
Turkmenistan,TKM,2015,36471.82403
Turkmenistan,TKM,2016,35934.95761
Turkmenistan,TKM,2017,35394.9234
Turkmenistan,TKM,2018,35115.70751
Turkmenistan,TKM,2019,34674.28881
Tuvalu,TUV,1990,59673.93175
Tuvalu,TUV,1991,58183.45285
Tuvalu,TUV,1992,56851.05555
Tuvalu,TUV,1993,55682.05368
Tuvalu,TUV,1994,54083.44877
Tuvalu,TUV,1995,53395.11156
Tuvalu,TUV,1996,52732.01296
Tuvalu,TUV,1997,52149.01167
Tuvalu,TUV,1998,50998.42478
Tuvalu,TUV,1999,50089.12002
Tuvalu,TUV,2000,57017.05833
Tuvalu,TUV,2001,48157.13634
Tuvalu,TUV,2002,47284.33818
Tuvalu,TUV,2003,46631.4728
Tuvalu,TUV,2004,46050.73252
Tuvalu,TUV,2005,45561.78208
Tuvalu,TUV,2006,44991.83219
Tuvalu,TUV,2007,44606.38505
Tuvalu,TUV,2008,44147.73365
Tuvalu,TUV,2009,43739.00188
Tuvalu,TUV,2010,43416.05164
Tuvalu,TUV,2011,43046.49161
Tuvalu,TUV,2012,42721.8534
Tuvalu,TUV,2013,42367.46841
Tuvalu,TUV,2014,42046.07681
Tuvalu,TUV,2015,41687.93839
Tuvalu,TUV,2016,41397.27887
Tuvalu,TUV,2017,41107.24976
Tuvalu,TUV,2018,40798.33275
Tuvalu,TUV,2019,40479.86034
Uganda,UGA,1990,102836.4147
Uganda,UGA,1991,104495.0434
Uganda,UGA,1992,104906.6288
Uganda,UGA,1993,105452.2076
Uganda,UGA,1994,105162.6124
Uganda,UGA,1995,104720.271
Uganda,UGA,1996,104297.1323
Uganda,UGA,1997,103047.868
Uganda,UGA,1998,101751.9985
Uganda,UGA,1999,100037.5839
Uganda,UGA,2000,98171.09302
Uganda,UGA,2001,95215.63008
Uganda,UGA,2002,92519.7679
Uganda,UGA,2003,89701.22371
Uganda,UGA,2004,86815.43293
Uganda,UGA,2005,82093.88837
Uganda,UGA,2006,77085.54411
Uganda,UGA,2007,73673.32609
Uganda,UGA,2008,70341.73517
Uganda,UGA,2009,67412.09529
Uganda,UGA,2010,65086.43156
Uganda,UGA,2011,62187.52848
Uganda,UGA,2012,59246.96244
Uganda,UGA,2013,56555.75722
Uganda,UGA,2014,54585.83531
Uganda,UGA,2015,52892.95757
Uganda,UGA,2016,52600.04655
Uganda,UGA,2017,50117.65508
Uganda,UGA,2018,48361.3064
Uganda,UGA,2019,47042.35431
Ukraine,UKR,1990,35587.67465
Ukraine,UKR,1991,36844.67967
Ukraine,UKR,1992,38111.51052
Ukraine,UKR,1993,39311.44068
Ukraine,UKR,1994,40816.35749
Ukraine,UKR,1995,42862.74732
Ukraine,UKR,1996,42169.71573
Ukraine,UKR,1997,40879.76165
Ukraine,UKR,1998,39201.80789
Ukraine,UKR,1999,40004.59514
Ukraine,UKR,2000,40749.01116
Ukraine,UKR,2001,40102.24712
Ukraine,UKR,2002,40122.50239
Ukraine,UKR,2003,39699.9837
Ukraine,UKR,2004,40092.96814
Ukraine,UKR,2005,40323.15849
Ukraine,UKR,2006,39014.09205
Ukraine,UKR,2007,39723.27377
Ukraine,UKR,2008,39274.19916
Ukraine,UKR,2009,35709.6961
Ukraine,UKR,2010,34198.1479
Ukraine,UKR,2011,33008.65338
Ukraine,UKR,2012,32780.72183
Ukraine,UKR,2013,32353.96347
Ukraine,UKR,2014,32553.14371
Ukraine,UKR,2015,37456.90701
Ukraine,UKR,2016,36669.29582
Ukraine,UKR,2017,36269.53785
Ukraine,UKR,2018,36132.49242
Ukraine,UKR,2019,35852.16553
United Arab Emirates,ARE,1990,39585.88508
United Arab Emirates,ARE,1991,39385.14774
United Arab Emirates,ARE,1992,39270.00139
United Arab Emirates,ARE,1993,39143.236
United Arab Emirates,ARE,1994,39690.16093
United Arab Emirates,ARE,1995,39366.44198
United Arab Emirates,ARE,1996,39141.93675
United Arab Emirates,ARE,1997,39027.68609
United Arab Emirates,ARE,1998,38588.07606
United Arab Emirates,ARE,1999,38485.57786
United Arab Emirates,ARE,2000,38830.37585
United Arab Emirates,ARE,2001,38551.73706
United Arab Emirates,ARE,2002,38243.9336
United Arab Emirates,ARE,2003,38556.05563
United Arab Emirates,ARE,2004,39386.55086
United Arab Emirates,ARE,2005,38991.19096
United Arab Emirates,ARE,2006,38217.40902
United Arab Emirates,ARE,2007,36626.0542
United Arab Emirates,ARE,2008,35682.80438
United Arab Emirates,ARE,2009,35215.32889
United Arab Emirates,ARE,2010,34717.20791
United Arab Emirates,ARE,2011,34235.50421
United Arab Emirates,ARE,2012,33781.01091
United Arab Emirates,ARE,2013,32724.62824
United Arab Emirates,ARE,2014,30295.73974
United Arab Emirates,ARE,2015,30014.93557
United Arab Emirates,ARE,2016,29697.10457
United Arab Emirates,ARE,2017,29406.29727
United Arab Emirates,ARE,2018,29136.68809
United Arab Emirates,ARE,2019,28894.36015
United Kingdom,GBR,1990,27107.47856
United Kingdom,GBR,1991,26765.94697
United Kingdom,GBR,1992,26358.40012
United Kingdom,GBR,1993,26213.49778
United Kingdom,GBR,1994,25837.99762
United Kingdom,GBR,1995,25686.48707
United Kingdom,GBR,1996,25434.86548
United Kingdom,GBR,1997,25138.72547
United Kingdom,GBR,1998,24967.84218
United Kingdom,GBR,1999,24796.63076
United Kingdom,GBR,2000,24375.41919
United Kingdom,GBR,2001,24023.81344
United Kingdom,GBR,2002,23817.89492
United Kingdom,GBR,2003,23605.5204
United Kingdom,GBR,2004,23157.4123
United Kingdom,GBR,2005,22874.5043
United Kingdom,GBR,2006,22676.95678
United Kingdom,GBR,2007,22433.69401
United Kingdom,GBR,2008,22199.98126
United Kingdom,GBR,2009,21832.96238
United Kingdom,GBR,2010,21518.81052
United Kingdom,GBR,2011,21243.60473
United Kingdom,GBR,2012,21070.92896
United Kingdom,GBR,2013,21000.96031
United Kingdom,GBR,2014,20881.28456
United Kingdom,GBR,2015,20907.32062
United Kingdom,GBR,2016,20899.01281
United Kingdom,GBR,2017,20845.76172
United Kingdom,GBR,2018,20940.18278
United Kingdom,GBR,2019,20956.60589
United States,USA,1990,29357.01926
United States,USA,1991,29093.35622
United States,USA,1992,28767.74913
United States,USA,1993,28832.77729
United States,USA,1994,28691.94105
United States,USA,1995,28487.07104
United States,USA,1996,27981.22595
United States,USA,1997,27486.15119
United States,USA,1998,27273.42052
United States,USA,1999,27241.13598
United States,USA,2000,27132.50351
United States,USA,2001,27154.76361
United States,USA,2002,27023.56327
United States,USA,2003,26861.33612
United States,USA,2004,26523.14003
United States,USA,2005,26521.02639
United States,USA,2006,26289.37236
United States,USA,2007,26070.69132
United States,USA,2008,25886.81909
United States,USA,2009,25668.67178
United States,USA,2010,25383.76933
United States,USA,2011,25356.41045
United States,USA,2012,25281.31092
United States,USA,2013,25275.7943
United States,USA,2014,25346.70793
United States,USA,2015,25552.84617
United States,USA,2016,25854.39091
United States,USA,2017,25847.77488
United States,USA,2018,25914.98939
United States,USA,2019,26061.04051
United States Virgin Islands,VIR,1990,31804.85811
United States Virgin Islands,VIR,1991,31390.5414
United States Virgin Islands,VIR,1992,31124.55584
United States Virgin Islands,VIR,1993,31025.6209
United States Virgin Islands,VIR,1994,31154.50449
United States Virgin Islands,VIR,1995,31341.67388
United States Virgin Islands,VIR,1996,30906.92745
United States Virgin Islands,VIR,1997,30503.10586
United States Virgin Islands,VIR,1998,30252.49931
United States Virgin Islands,VIR,1999,30607.34644
United States Virgin Islands,VIR,2000,30485.53497
United States Virgin Islands,VIR,2001,30441.54844
United States Virgin Islands,VIR,2002,30089.26815
United States Virgin Islands,VIR,2003,29802.58102
United States Virgin Islands,VIR,2004,29654.71218
United States Virgin Islands,VIR,2005,29443.47482
United States Virgin Islands,VIR,2006,29479.07035
United States Virgin Islands,VIR,2007,29393.95934
United States Virgin Islands,VIR,2008,29311.65193
United States Virgin Islands,VIR,2009,29257.93859
United States Virgin Islands,VIR,2010,29258.19722
United States Virgin Islands,VIR,2011,29069.75903
United States Virgin Islands,VIR,2012,29024.98024
United States Virgin Islands,VIR,2013,28916.99349
United States Virgin Islands,VIR,2014,28826.53963
United States Virgin Islands,VIR,2015,28858.19337
United States Virgin Islands,VIR,2016,28484.88878
United States Virgin Islands,VIR,2017,28731.20689
United States Virgin Islands,VIR,2018,28330.3602
United States Virgin Islands,VIR,2019,28213.72412
Uruguay,URY,1990,31134.38032
Uruguay,URY,1991,30739.75887
Uruguay,URY,1992,30591.53094
Uruguay,URY,1993,30839.17067
Uruguay,URY,1994,30409.25177
Uruguay,URY,1995,30291.87784
Uruguay,URY,1996,29869.30833
Uruguay,URY,1997,29575.21802
Uruguay,URY,1998,29433.70504
Uruguay,URY,1999,28985.56452
Uruguay,URY,2000,28383.6813
Uruguay,URY,2001,28024.58799
Uruguay,URY,2002,28041.7503
Uruguay,URY,2003,28107.77253
Uruguay,URY,2004,27627.71093
Uruguay,URY,2005,27123.7255
Uruguay,URY,2006,26576.66895
Uruguay,URY,2007,26885.01705
Uruguay,URY,2008,26273.1717
Uruguay,URY,2009,25890.60635
Uruguay,URY,2010,25921.18293
Uruguay,URY,2011,26011.6632
Uruguay,URY,2012,25829.58985
Uruguay,URY,2013,25547.45791
Uruguay,URY,2014,25117.9057
Uruguay,URY,2015,25012.01397
Uruguay,URY,2016,24834.09614
Uruguay,URY,2017,24743.78516
Uruguay,URY,2018,24613.81967
Uruguay,URY,2019,24524.57395
Uzbekistan,UZB,1990,39462.39976
Uzbekistan,UZB,1991,40040.43221
Uzbekistan,UZB,1992,41202.3103
Uzbekistan,UZB,1993,43245.62409
Uzbekistan,UZB,1994,45025.87236
Uzbekistan,UZB,1995,46300.23375
Uzbekistan,UZB,1996,47285.61769
Uzbekistan,UZB,1997,47034.44838
Uzbekistan,UZB,1998,47089.43258
Uzbekistan,UZB,1999,46949.43572
Uzbekistan,UZB,2000,47970.92286
Uzbekistan,UZB,2001,48199.98169
Uzbekistan,UZB,2002,48747.16504
Uzbekistan,UZB,2003,49268.19411
Uzbekistan,UZB,2004,49774.2262
Uzbekistan,UZB,2005,50861.6546
Uzbekistan,UZB,2006,49366.76255
Uzbekistan,UZB,2007,48301.28458
Uzbekistan,UZB,2008,47493.31423
Uzbekistan,UZB,2009,46306.37342
Uzbekistan,UZB,2010,45746.49341
Uzbekistan,UZB,2011,45636.27995
Uzbekistan,UZB,2012,45378.17745
Uzbekistan,UZB,2013,44619.50259
Uzbekistan,UZB,2014,44040.78541
Uzbekistan,UZB,2015,43583.33073
Uzbekistan,UZB,2016,42772.13054
Uzbekistan,UZB,2017,41915.44688
Uzbekistan,UZB,2018,41087.05603
Uzbekistan,UZB,2019,40111.38104
Vanuatu,VUT,1990,52934.76909
Vanuatu,VUT,1991,52822.67469
Vanuatu,VUT,1992,52934.06032
Vanuatu,VUT,1993,52939.9752
Vanuatu,VUT,1994,52535.863
Vanuatu,VUT,1995,52422.88254
Vanuatu,VUT,1996,52269.58966
Vanuatu,VUT,1997,55539.49195
Vanuatu,VUT,1998,51946.37459
Vanuatu,VUT,1999,53255.71902
Vanuatu,VUT,2000,51626.69696
Vanuatu,VUT,2001,51506.70233
Vanuatu,VUT,2002,51375.21171
Vanuatu,VUT,2003,51202.91536
Vanuatu,VUT,2004,51087.58147
Vanuatu,VUT,2005,50921.66692
Vanuatu,VUT,2006,50554.9618
Vanuatu,VUT,2007,50234.53772
Vanuatu,VUT,2008,49933.72782
Vanuatu,VUT,2009,49692.55902
Vanuatu,VUT,2010,49194.23591
Vanuatu,VUT,2011,48961.60168
Vanuatu,VUT,2012,48535.01439
Vanuatu,VUT,2013,48179.7452
Vanuatu,VUT,2014,48102.2264
Vanuatu,VUT,2015,47835.326
Vanuatu,VUT,2016,47417.06725
Vanuatu,VUT,2017,47196.24412
Vanuatu,VUT,2018,46962.78647
Vanuatu,VUT,2019,46718.3751
Venezuela,VEN,1990,33698.18606
Venezuela,VEN,1991,32658.97956
Venezuela,VEN,1992,32886.30887
Venezuela,VEN,1993,33027.34082
Venezuela,VEN,1994,33888.51838
Venezuela,VEN,1995,33424.54133
Venezuela,VEN,1996,32415.85887
Venezuela,VEN,1997,31217.29753
Venezuela,VEN,1998,31286.01243
Venezuela,VEN,1999,38481.78372
Venezuela,VEN,2000,31060.56104
Venezuela,VEN,2001,31325.32669
Venezuela,VEN,2002,31132.01774
Venezuela,VEN,2003,31931.42652
Venezuela,VEN,2004,30079.08676
Venezuela,VEN,2005,29357.5764
Venezuela,VEN,2006,29491.57211
Venezuela,VEN,2007,29810.55153
Venezuela,VEN,2008,30144.00812
Venezuela,VEN,2009,30025.63988
Venezuela,VEN,2010,29281.45727
Venezuela,VEN,2011,29106.81038
Venezuela,VEN,2012,29435.20521
Venezuela,VEN,2013,29150.44046
Venezuela,VEN,2014,29027.63998
Venezuela,VEN,2015,28873.94255
Venezuela,VEN,2016,28910.77377
Venezuela,VEN,2017,29124.2864
Venezuela,VEN,2018,29106.58936
Venezuela,VEN,2019,29234.03202
Vietnam,VNM,1990,38586.65235
Vietnam,VNM,1991,37955.2298
Vietnam,VNM,1992,37224.49239
Vietnam,VNM,1993,36539.05284
Vietnam,VNM,1994,35859.44503
Vietnam,VNM,1995,35175.28831
Vietnam,VNM,1996,34569.3681
Vietnam,VNM,1997,34091.83284
Vietnam,VNM,1998,33244.96424
Vietnam,VNM,1999,32661.24315
Vietnam,VNM,2000,32101.73359
Vietnam,VNM,2001,31752.80109
Vietnam,VNM,2002,31435.14925
Vietnam,VNM,2003,31214.56038
Vietnam,VNM,2004,31010.4719
Vietnam,VNM,2005,30813.26315
Vietnam,VNM,2006,30571.01455
Vietnam,VNM,2007,30421.41685
Vietnam,VNM,2008,30271.09546
Vietnam,VNM,2009,30054.56373
Vietnam,VNM,2010,29775.81738
Vietnam,VNM,2011,29533.13392
Vietnam,VNM,2012,29256.7405
Vietnam,VNM,2013,29024.22765
Vietnam,VNM,2014,28769.72502
Vietnam,VNM,2015,28515.23751
Vietnam,VNM,2016,28284.7577
Vietnam,VNM,2017,28045.01626
Vietnam,VNM,2018,27795.21265
Vietnam,VNM,2019,27542.64116
Wales,,1990,26462.18757
Wales,,1991,26247.79069
Wales,,1992,25979.77105
Wales,,1993,25961.52178
Wales,,1994,25665.67299
Wales,,1995,25584.8487
Wales,,1996,25277.16932
Wales,,1997,25040.30029
Wales,,1998,24880.49259
Wales,,1999,24789.98052
Wales,,2000,24374.4038
Wales,,2001,23968.63335
Wales,,2002,23704.40344
Wales,,2003,23519.61817
Wales,,2004,23156.90249
Wales,,2005,22885.26946
Wales,,2006,22677.70565
Wales,,2007,22495.25075
Wales,,2008,22248.75227
Wales,,2009,21956.47814
Wales,,2010,21704.56561
Wales,,2011,21524.44353
Wales,,2012,21453.28427
Wales,,2013,21372.10459
Wales,,2014,21114.25359
Wales,,2015,21180.58885
Wales,,2016,21134.88923
Wales,,2017,21094.60625
Wales,,2018,21126.14074
Wales,,2019,21136.24547
Western Pacific Region (WHO),,1990,38966.46504
Western Pacific Region (WHO),,1991,38392.2733
Western Pacific Region (WHO),,1992,37675.88179
Western Pacific Region (WHO),,1993,36989.08019
Western Pacific Region (WHO),,1994,36346.28882
Western Pacific Region (WHO),,1995,35626.99116
Western Pacific Region (WHO),,1996,34831.63754
Western Pacific Region (WHO),,1997,34020.18356
Western Pacific Region (WHO),,1998,33370.76626
Western Pacific Region (WHO),,1999,32800.99382
Western Pacific Region (WHO),,2000,32255.70462
Western Pacific Region (WHO),,2001,31481.62318
Western Pacific Region (WHO),,2002,30799.78146
Western Pacific Region (WHO),,2003,30169.47004
Western Pacific Region (WHO),,2004,29748.84799
Western Pacific Region (WHO),,2005,29057.70697
Western Pacific Region (WHO),,2006,28090.11401
Western Pacific Region (WHO),,2007,27328.91575
Western Pacific Region (WHO),,2008,27122.69519
Western Pacific Region (WHO),,2009,26510.49523
Western Pacific Region (WHO),,2010,26107.866
Western Pacific Region (WHO),,2011,25597.74446
Western Pacific Region (WHO),,2012,24981.92339
Western Pacific Region (WHO),,2013,24514.97207
Western Pacific Region (WHO),,2014,24114.3613
Western Pacific Region (WHO),,2015,23716.65274
Western Pacific Region (WHO),,2016,23432.71236
Western Pacific Region (WHO),,2017,23189.77127
Western Pacific Region (WHO),,2018,22947.93596
Western Pacific Region (WHO),,2019,22756.49114
World,OWID_WRL,1990,50059.93183
World,OWID_WRL,1991,49742.3548
World,OWID_WRL,1992,49223.18194
World,OWID_WRL,1993,48962.73161
World,OWID_WRL,1994,49153.12592
World,OWID_WRL,1995,48176.98966
World,OWID_WRL,1996,47563.27594
World,OWID_WRL,1997,47081.41609
World,OWID_WRL,1998,46642.82537
World,OWID_WRL,1999,46298.2355
World,OWID_WRL,2000,45731.66449
World,OWID_WRL,2001,45071.63274
World,OWID_WRL,2002,44482.33135
World,OWID_WRL,2003,43794.47202
World,OWID_WRL,2004,43205.56068
World,OWID_WRL,2005,42434.67783
World,OWID_WRL,2006,41428.9543
World,OWID_WRL,2007,40536.89555
World,OWID_WRL,2008,39988.86489
World,OWID_WRL,2009,38976.33449
World,OWID_WRL,2010,38485.0319
World,OWID_WRL,2011,37550.49352
World,OWID_WRL,2012,36782.08484
World,OWID_WRL,2013,36104.74887
World,OWID_WRL,2014,35478.93214
World,OWID_WRL,2015,34923.50711
World,OWID_WRL,2016,34275.21358
World,OWID_WRL,2017,33740.442
World,OWID_WRL,2018,33289.73027
World,OWID_WRL,2019,32856.98025
World Bank High Income,,1990,27543.48892
World Bank High Income,,1991,27261.02941
World Bank High Income,,1992,26874.76375
World Bank High Income,,1993,26640.00245
World Bank High Income,,1994,26358.37357
World Bank High Income,,1995,26089.41737
World Bank High Income,,1996,25609.51566
World Bank High Income,,1997,25156.96266
World Bank High Income,,1998,24891.28607
World Bank High Income,,1999,24668.77983
World Bank High Income,,2000,24306.78384
World Bank High Income,,2001,24055.14703
World Bank High Income,,2002,23808.55709
World Bank High Income,,2003,23595.47427
World Bank High Income,,2004,23234.98731
World Bank High Income,,2005,23053.27113
World Bank High Income,,2006,22775.82185
World Bank High Income,,2007,22563.17776
World Bank High Income,,2008,22341.66411
World Bank High Income,,2009,22109.95066
World Bank High Income,,2010,21839.75622
World Bank High Income,,2011,21709.51527
World Bank High Income,,2012,21514.28171
World Bank High Income,,2013,21360.70058
World Bank High Income,,2014,21243.52336
World Bank High Income,,2015,21259.76201
World Bank High Income,,2016,21236.76889
World Bank High Income,,2017,21183.06452
World Bank High Income,,2018,21184.88765
World Bank High Income,,2019,21206.9297
World Bank Low Income,,1990,86324.54852
World Bank Low Income,,1991,85468.9117
World Bank Low Income,,1992,84744.3547
World Bank Low Income,,1993,84656.43852
World Bank Low Income,,1994,93107.85135
World Bank Low Income,,1995,86195.72872
World Bank Low Income,,1996,85922.82825
World Bank Low Income,,1997,85321.33005
World Bank Low Income,,1998,84809.72629
World Bank Low Income,,1999,84288.00284
World Bank Low Income,,2000,83083.30554
World Bank Low Income,,2001,80780.3865
World Bank Low Income,,2002,79248.39071
World Bank Low Income,,2003,76617.18583
World Bank Low Income,,2004,74757.4349
World Bank Low Income,,2005,72611.58748
World Bank Low Income,,2006,70374.7807
World Bank Low Income,,2007,68192.10583
World Bank Low Income,,2008,66065.13876
World Bank Low Income,,2009,64245.93278
World Bank Low Income,,2010,64838.04715
World Bank Low Income,,2011,60817.32642
World Bank Low Income,,2012,59067.53264
World Bank Low Income,,2013,57522.82351
World Bank Low Income,,2014,56273.19967
World Bank Low Income,,2015,54948.91171
World Bank Low Income,,2016,53682.33653
World Bank Low Income,,2017,52351.71853
World Bank Low Income,,2018,51070.9629
World Bank Low Income,,2019,49897.28307
World Bank Lower Middle Income,,1990,61774.10118
World Bank Lower Middle Income,,1991,61713.39293
World Bank Lower Middle Income,,1992,60822.48934
World Bank Lower Middle Income,,1993,60033.81569
World Bank Lower Middle Income,,1994,59113.65177
World Bank Lower Middle Income,,1995,58410.66418
World Bank Lower Middle Income,,1996,57732.9462
World Bank Lower Middle Income,,1997,57543.9175
World Bank Lower Middle Income,,1998,56982.98597
World Bank Lower Middle Income,,1999,56108.88407
World Bank Lower Middle Income,,2000,55406.8737
World Bank Lower Middle Income,,2001,54699.19829
World Bank Lower Middle Income,,2002,53805.62355
World Bank Lower Middle Income,,2003,52734.75357
World Bank Lower Middle Income,,2004,52051.45293
World Bank Lower Middle Income,,2005,51054.7786
World Bank Lower Middle Income,,2006,50134.87664
World Bank Lower Middle Income,,2007,49259.18797
World Bank Lower Middle Income,,2008,48758.05237
World Bank Lower Middle Income,,2009,47178.17764
World Bank Lower Middle Income,,2010,46239.21251
World Bank Lower Middle Income,,2011,45457.92879
World Bank Lower Middle Income,,2012,44667.06126
World Bank Lower Middle Income,,2013,43895.35997
World Bank Lower Middle Income,,2014,42937.69211
World Bank Lower Middle Income,,2015,42368.67346
World Bank Lower Middle Income,,2016,41405.16802
World Bank Lower Middle Income,,2017,40668.73322
World Bank Lower Middle Income,,2018,40068.13192
World Bank Lower Middle Income,,2019,39349.79502
World Bank Upper Middle Income,,1990,41087.86332
World Bank Upper Middle Income,,1991,40481.64874
World Bank Upper Middle Income,,1992,40165.80383
World Bank Upper Middle Income,,1993,40127.70935
World Bank Upper Middle Income,,1994,39918.5142
World Bank Upper Middle Income,,1995,39174.74419
World Bank Upper Middle Income,,1996,38281.64492
World Bank Upper Middle Income,,1997,37428.00606
World Bank Upper Middle Income,,1998,36791.78884
World Bank Upper Middle Income,,1999,36648.64268
World Bank Upper Middle Income,,2000,36146.66323
World Bank Upper Middle Income,,2001,35504.35461
World Bank Upper Middle Income,,2002,35059.58546
World Bank Upper Middle Income,,2003,34662.62772
World Bank Upper Middle Income,,2004,34061.02459
World Bank Upper Middle Income,,2005,33432.62756
World Bank Upper Middle Income,,2006,32303.08925
World Bank Upper Middle Income,,2007,31370.25713
World Bank Upper Middle Income,,2008,30915.4106
World Bank Upper Middle Income,,2009,30138.99322
World Bank Upper Middle Income,,2010,29630.4221
World Bank Upper Middle Income,,2011,28859.79866
World Bank Upper Middle Income,,2012,28148.90807
World Bank Upper Middle Income,,2013,27605.15814
World Bank Upper Middle Income,,2014,27274.40148
World Bank Upper Middle Income,,2015,26739.56859
World Bank Upper Middle Income,,2016,26379.49519
World Bank Upper Middle Income,,2017,25988.64275
World Bank Upper Middle Income,,2018,25622.61687
World Bank Upper Middle Income,,2019,25374.22974
Yemen,YEM,1990,67015.90376
Yemen,YEM,1991,65769.12758
Yemen,YEM,1992,64722.6976
Yemen,YEM,1993,63649.89485
Yemen,YEM,1994,63131.28356
Yemen,YEM,1995,61407.3625
Yemen,YEM,1996,60346.45167
Yemen,YEM,1997,59061.0688
Yemen,YEM,1998,57854.55229
Yemen,YEM,1999,56411.52706
Yemen,YEM,2000,55090.5995
Yemen,YEM,2001,53784.19048
Yemen,YEM,2002,52561.81062
Yemen,YEM,2003,51482.86179
Yemen,YEM,2004,50314.56017
Yemen,YEM,2005,49133.9694
Yemen,YEM,2006,48080.24702
Yemen,YEM,2007,47266.74643
Yemen,YEM,2008,46433.99166
Yemen,YEM,2009,45601.56177
Yemen,YEM,2010,44704.77531
Yemen,YEM,2011,44335.3617
Yemen,YEM,2012,43948.29899
Yemen,YEM,2013,42766.61199
Yemen,YEM,2014,42632.69451
Yemen,YEM,2015,43314.12288
Yemen,YEM,2016,44882.19788
Yemen,YEM,2017,45350.41299
Yemen,YEM,2018,47905.10368
Yemen,YEM,2019,44239.42328
Zambia,ZMB,1990,90310.81355
Zambia,ZMB,1991,94549.48073
Zambia,ZMB,1992,98665.9553
Zambia,ZMB,1993,101975.36
Zambia,ZMB,1994,105957.0727
Zambia,ZMB,1995,109835.2144
Zambia,ZMB,1996,112824.9888
Zambia,ZMB,1997,114714.4169
Zambia,ZMB,1998,116114.3549
Zambia,ZMB,1999,116928.8367
Zambia,ZMB,2000,116656.6757
Zambia,ZMB,2001,117137.6908
Zambia,ZMB,2002,113863.4884
Zambia,ZMB,2003,110651.5907
Zambia,ZMB,2004,105931.6318
Zambia,ZMB,2005,101321.9537
Zambia,ZMB,2006,96351.71369
Zambia,ZMB,2007,89061.61787
Zambia,ZMB,2008,81161.74173
Zambia,ZMB,2009,75821.34717
Zambia,ZMB,2010,73049.98209
Zambia,ZMB,2011,70177.9275
Zambia,ZMB,2012,66882.46983
Zambia,ZMB,2013,64150.61801
Zambia,ZMB,2014,62124.63642
Zambia,ZMB,2015,60439.74668
Zambia,ZMB,2016,58801.79479
Zambia,ZMB,2017,57512.55723
Zambia,ZMB,2018,55705.30348
Zambia,ZMB,2019,53934.56139
Zimbabwe,ZWE,1990,55804.06127
Zimbabwe,ZWE,1991,58436.03116
Zimbabwe,ZWE,1992,62761.58252
Zimbabwe,ZWE,1993,67959.09105
Zimbabwe,ZWE,1994,73502.46233
Zimbabwe,ZWE,1995,79973.89395
Zimbabwe,ZWE,1996,86054.63872
Zimbabwe,ZWE,1997,90952.65457
Zimbabwe,ZWE,1998,97129.01841
Zimbabwe,ZWE,1999,102385.0662
Zimbabwe,ZWE,2000,107261.7052
Zimbabwe,ZWE,2001,109635.8129
Zimbabwe,ZWE,2002,112014.1347
Zimbabwe,ZWE,2003,113242.1391
Zimbabwe,ZWE,2004,113479.2691
Zimbabwe,ZWE,2005,111406.3912
Zimbabwe,ZWE,2006,108431.3453
Zimbabwe,ZWE,2007,104511.2999
Zimbabwe,ZWE,2008,101294.4505
Zimbabwe,ZWE,2009,95878.42284
Zimbabwe,ZWE,2010,87458.31929
Zimbabwe,ZWE,2011,79822.55312
Zimbabwe,ZWE,2012,74246.76603
Zimbabwe,ZWE,2013,70374.04654
Zimbabwe,ZWE,2014,68034.2244
Zimbabwe,ZWE,2015,66169.39525
Zimbabwe,ZWE,2016,64174.95931
Zimbabwe,ZWE,2017,62297.14709
Zimbabwe,ZWE,2018,60084.51571
Zimbabwe,ZWE,2019,58969.11082