Country,Code,Year,Non-communicable diseases ,"Communicable, maternal, neonatal, and nutritional diseases ", Injuries 
Afghanistan,AFG,1990,4169945.971,6240337.78,1293079.022
Afghanistan,AFG,1991,4358689.632,6617505.665,1590438.172
Afghanistan,AFG,1992,4761240.743,7444205.968,1778976.161
Afghanistan,AFG,1993,5138670.965,8399924.521,1895010.447
Afghanistan,AFG,1994,5348115.287,9026603.358,2299921.101
Afghanistan,AFG,1995,5460818.282,9508882.325,2130982.079
Afghanistan,AFG,1996,5596590.57,9783573.619,2025356.424
Afghanistan,AFG,1997,5731278.808,9977149.411,2293760.111
Afghanistan,AFG,1998,5748172.782,10012032.95,3116895.301
Afghanistan,AFG,1999,5713575.005,9874910.405,2135070.893
Afghanistan,AFG,2000,5695785.393,9753355.988,2127069.678
Afghanistan,AFG,2001,5795426.377,9689193.696,2179727.098
Afghanistan,AFG,2002,5871595.707,9858324.982,1946983.653
Afghanistan,AFG,2003,6166298.793,9157600.443,1992263.521
Afghanistan,AFG,2004,6315336.432,8791000.56,2050765.021
Afghanistan,AFG,2005,6353575.078,8555405.223,2157481.765
Afghanistan,AFG,2006,6340825.632,8223377.945,2353206.39
Afghanistan,AFG,2007,6337948.287,7912950.314,2500614.3
Afghanistan,AFG,2008,6334855.522,7759400.776,2451785.556
Afghanistan,AFG,2009,6346743.243,7555498.657,2397829.506
Afghanistan,AFG,2010,6443903.939,7326163.846,2498918.485
Afghanistan,AFG,2011,6539124.122,7181018.856,2540038.633
Afghanistan,AFG,2012,6640268.931,7036448.024,2715550.231
Afghanistan,AFG,2013,6799914.37,6813189.194,2807904.861
Afghanistan,AFG,2014,6900348.398,6649335.874,3267937.779
Afghanistan,AFG,2015,6988545.276,6528888.621,3673696.619
Afghanistan,AFG,2016,7138225.299,6411537.51,3994872.782
Afghanistan,AFG,2017,7307944.707,6301361.916,3469080.743
Afghanistan,AFG,2018,7433930.091,6196459.692,3639008.807
Afghanistan,AFG,2019,7601757.819,6034434.861,3481166.42
African Region (WHO),,1990,91586945.28,370909100.6,30491728.44
African Region (WHO),,1991,93450757.06,380026670.5,27943350.09
African Region (WHO),,1992,95590986.29,386964851.1,27093270.23
African Region (WHO),,1993,97202090.4,395164555.2,27982556.71
African Region (WHO),,1994,99197189.23,405667553.8,62005087.18
African Region (WHO),,1995,101048408.3,414965717.6,29278720.71
African Region (WHO),,1996,103073789.1,425982135.5,31395186.22
African Region (WHO),,1997,105503702,433268585.4,32987623.8
African Region (WHO),,1998,107789681.4,440904754,33916139.06
African Region (WHO),,1999,109774626.7,447690757.3,36412523.53
African Region (WHO),,2000,111991168.9,453200457.1,36106564.88
African Region (WHO),,2001,113887474.7,456533743.1,32385098.35
African Region (WHO),,2002,116422080.4,457158031,33414155.33
African Region (WHO),,2003,118906636.1,457359005.6,33467209.45
African Region (WHO),,2004,121359318.3,453867086,32979791.35
African Region (WHO),,2005,123697798.2,447869160.8,32959326.45
African Region (WHO),,2006,126446701.2,439295598.9,32678297.65
African Region (WHO),,2007,128640621.9,428836385.1,32648805.01
African Region (WHO),,2008,130653698.9,418351163,32853300.84
African Region (WHO),,2009,133130208.8,408218509.6,33394287.08
African Region (WHO),,2010,135569364.9,397949169.2,32681913.32
African Region (WHO),,2011,138267324.4,387148634.2,32806542.01
African Region (WHO),,2012,141242541.2,376010603.3,33010895.73
African Region (WHO),,2013,144282713.7,365715032.9,34014445.58
African Region (WHO),,2014,147356271.3,357053364.6,35013444.85
African Region (WHO),,2015,150437622.1,347133671.8,35037625.52
African Region (WHO),,2016,153473578.8,338333615,34541064.47
African Region (WHO),,2017,156293064.4,327855723.7,35294311.98
African Region (WHO),,2018,159108222.8,317444658,35289534.53
African Region (WHO),,2019,162072546.3,310742471.9,34751147.91
Albania,ALB,1990,528048.9078,306691.9657,125074.8044
Albania,ALB,1991,543622.601,293790.809,136977.1787
Albania,ALB,1992,537835.5629,285262.5134,134552.641
Albania,ALB,1993,530730.2339,273502.3593,134213.362
Albania,ALB,1994,517880.647,259242.9745,133684.5981
Albania,ALB,1995,524577.3615,236825.4907,135477.6794
Albania,ALB,1996,531577.6548,218817.4303,138044.3149
Albania,ALB,1997,545318.3999,208132.8554,271231.3684
Albania,ALB,1998,557543.1572,199382.9027,152960.0436
Albania,ALB,1999,548460.7351,177756.8494,141454.9437
Albania,ALB,2000,539679.3856,156542.6403,126777.6801
Albania,ALB,2001,532324.7524,140894.7833,117081.6714
Albania,ALB,2002,544332.1792,128986.6135,111169.5613
Albania,ALB,2003,564357.6243,118886.9166,106457.8004
Albania,ALB,2004,570380.5313,108336.4457,102317.3036
Albania,ALB,2005,568930.6591,99241.18318,94241.87087
Albania,ALB,2006,557300.8285,90917.84358,89182.27042
Albania,ALB,2007,548036.7072,83150.84745,86920.57112
Albania,ALB,2008,555768.275,78053.44262,86437.79064
Albania,ALB,2009,556687.475,72799.62545,80509.96488
Albania,ALB,2010,560636.4186,68800.04258,81439.75002
Albania,ALB,2011,571613.2067,66856.83167,80572.20015
Albania,ALB,2012,578042.7535,64252.13319,80941.9222
Albania,ALB,2013,584989.497,61591.36943,79780.25833
Albania,ALB,2014,595449.4574,59159.90033,80269.39574
Albania,ALB,2015,607281.3176,57284.75102,80908.82578
Albania,ALB,2016,614034.7545,55750.85351,81528.10663
Albania,ALB,2017,619848.515,54297.20248,81733.67119
Albania,ALB,2018,625477.2339,53068.75148,80863.83226
Albania,ALB,2019,631629.8771,51797.41833,82288.10363
Algeria,DZA,1990,4879477.04,3326825.116,1507363.8
Algeria,DZA,1991,4923075.691,3175392.859,1464904.658
Algeria,DZA,1992,4966200.808,3048811.676,1489729.885
Algeria,DZA,1993,5014010.85,2935941.221,1509240.142
Algeria,DZA,1994,5060652.012,2814375.561,1642237.325
Algeria,DZA,1995,5096317.71,2686320.927,1697695.055
Algeria,DZA,1996,5132740.566,2569161.516,1572110.059
Algeria,DZA,1997,5189086.725,2424279.159,1845035.224
Algeria,DZA,1998,5229022.949,2324726.391,1776814.244
Algeria,DZA,1999,5309590.93,2250858.692,1588969.549
Algeria,DZA,2000,5375379.492,2184235.137,1643820.499
Algeria,DZA,2001,5443142.907,2111100.614,1608318.069
Algeria,DZA,2002,5508249.32,2069327.592,1553845.314
Algeria,DZA,2003,5571735.843,2034126.113,1599531.449
Algeria,DZA,2004,5660686.244,1992477.021,1414013.924
Algeria,DZA,2005,5744011.178,1966546.314,1366864.544
Algeria,DZA,2006,5829040.199,1946060.114,1344806.331
Algeria,DZA,2007,5916938.498,1923742.867,1340810.584
Algeria,DZA,2008,6011211.821,1903289.334,1306605.918
Algeria,DZA,2009,6111864.09,1893227.66,1291012.474
Algeria,DZA,2010,6219718.067,1869500.259,1246848.014
Algeria,DZA,2011,6345217.752,1848694.185,1242386.255
Algeria,DZA,2012,6466706.549,1822766.319,1230346.363
Algeria,DZA,2013,6603616.612,1813987.841,1222810.775
Algeria,DZA,2014,6752637.693,1808593.001,1220395.16
Algeria,DZA,2015,6890763.973,1779055.149,1209097.114
Algeria,DZA,2016,7007974.482,1716609.07,1184780.105
Algeria,DZA,2017,7133155.488,1638780.889,1172714.95
Algeria,DZA,2018,7293784.242,1563511.22,1196186.903
Algeria,DZA,2019,7447484.974,1498294.901,1176358.654
American Samoa,ASM,1990,7978.790605,3062.99315,1555.015603
American Samoa,ASM,1991,8286.149713,3100.832652,1589.443084
American Samoa,ASM,1992,8579.253111,3134.494482,1618.162724
American Samoa,ASM,1993,8843.625576,3165.871223,1630.863193
American Samoa,ASM,1994,9143.609197,3169.94772,1658.365613
American Samoa,ASM,1995,9417.258616,3157.460858,1681.552026
American Samoa,ASM,1996,9683.831505,3137.624475,1701.55413
American Samoa,ASM,1997,9941.845759,3108.701914,1719.290402
American Samoa,ASM,1998,10168.79939,3097.072288,1716.132956
American Samoa,ASM,1999,10385.79239,3050.190293,1700.227978
American Samoa,ASM,2000,10569.01862,2989.521246,1696.879539
American Samoa,ASM,2001,10752.12982,2933.979473,1683.976541
American Samoa,ASM,2002,10932.87217,2863.993416,1665.356629
American Samoa,ASM,2003,11067.77639,2762.294056,2054.968571
American Samoa,ASM,2004,11192.85285,2637.358383,1664.795167
American Samoa,ASM,2005,11269.81985,2520.51471,1661.838101
American Samoa,ASM,2006,11381.34089,2438.406153,1643.514753
American Samoa,ASM,2007,11468.09398,2338.643086,1633.932313
American Samoa,ASM,2008,11585.27185,2261.216899,1553.164508
American Samoa,ASM,2009,11713.59131,2192.306766,3543.355161
American Samoa,ASM,2010,11769.31358,2116.356781,1512.607626
American Samoa,ASM,2011,11928.15232,2048.512164,1496.972408
American Samoa,ASM,2012,12089.46257,1993.140254,1488.164576
American Samoa,ASM,2013,12256.06342,1960.594128,1602.890492
American Samoa,ASM,2014,12407.77081,1938.087381,1481.903474
American Samoa,ASM,2015,12563.30583,1925.107375,1476.017384
American Samoa,ASM,2016,12720.39231,1926.844941,1486.118796
American Samoa,ASM,2017,12855.96299,1909.748909,1501.309027
American Samoa,ASM,2018,12993.41854,1886.813789,1509.189488
American Samoa,ASM,2019,13137.95413,1869.173152,1515.385201
Andorra,AND,1990,10118.74688,602.1945053,1465.257262
Andorra,AND,1991,10822.54141,646.8188795,1588.748265
Andorra,AND,1992,11433.19518,682.4627163,1664.986494
Andorra,AND,1993,12153.87627,707.9341775,1740.373424
Andorra,AND,1994,12283.72706,705.7540532,1720.908232
Andorra,AND,1995,12358.9584,700.1328793,1691.79981
Andorra,AND,1996,12558.66582,706.0314549,1695.012727
Andorra,AND,1997,12812.17352,706.7323172,1711.285927
Andorra,AND,1998,13032.16773,705.3588661,1715.570265
Andorra,AND,1999,13197.75834,699.7047635,1707.936798
Andorra,AND,2000,13391.18938,695.4010402,1697.057802
Andorra,AND,2001,13636.64183,695.5620124,1697.988915
Andorra,AND,2002,13964.72013,700.7012991,1713.570583
Andorra,AND,2003,14724.44274,750.2788478,1825.536988
Andorra,AND,2004,15446.02563,791.987446,1936.084148
Andorra,AND,2005,15749.49181,810.7900128,1972.260144
Andorra,AND,2006,16247.67072,832.0790497,2028.938344
Andorra,AND,2007,16680.55133,845.299122,2064.27351
Andorra,AND,2008,17074.35216,851.7708131,2085.558536
Andorra,AND,2009,17329.91347,848.5448406,2075.699315
Andorra,AND,2010,17588.80518,839.8740454,2073.890665
Andorra,AND,2011,16498.5589,790.7898021,1927.653226
Andorra,AND,2012,16233.52245,771.9773673,1884.14044
Andorra,AND,2013,16424.38191,763.1132462,1880.46707
Andorra,AND,2014,16754.95388,762.4527132,1900.547568
Andorra,AND,2015,17120.05316,765.9603652,1928.575509
Andorra,AND,2016,17430.5469,762.1208633,1962.264895
Andorra,AND,2017,17980.89144,769.1232959,2030.39395
Andorra,AND,2018,18509.84848,784.4531363,2078.837759
Andorra,AND,2019,19002.02706,800.5035737,2124.008996
Angola,AGO,1990,1953088.033,9785827.016,991626.6613
Angola,AGO,1991,2005921.727,9964709.179,863818.9259
Angola,AGO,1992,2068646.149,10100953.88,1013445.305
Angola,AGO,1993,2144778.388,10330767.53,1738511.96
Angola,AGO,1994,2217353.325,10563284.9,1235744.408
Angola,AGO,1995,2266900.642,10766077.11,993494.8209
Angola,AGO,1996,2290789.86,10941352.99,948956.5901
Angola,AGO,1997,2345994.824,11072600.43,1163775.956
Angola,AGO,1998,2444970.242,11091382.46,2001689.906
Angola,AGO,1999,2533252.296,11127073.28,1595596.685
Angola,AGO,2000,2602290.163,11185684.34,1395721.961
Angola,AGO,2001,2663516.337,11190210.53,1392080.707
Angola,AGO,2002,2725500.212,11126180.82,1218390.065
Angola,AGO,2003,2817017.063,11059687.49,1204475.811
Angola,AGO,2004,2951780.843,10920209.2,1272980.008
Angola,AGO,2005,3009696.381,10778976.02,1257995.958
Angola,AGO,2006,3088844.289,10718718.62,1261954.177
Angola,AGO,2007,3162603.596,10310598.25,1274747.561
Angola,AGO,2008,3248453.766,9964158.732,1268731.106
Angola,AGO,2009,3327472.943,9690114.789,1261180.244
Angola,AGO,2010,3427812.057,9369345.525,1267430.984
Angola,AGO,2011,3506251.224,9114917.42,1263108.337
Angola,AGO,2012,3590872.461,8866604.663,1245939.456
Angola,AGO,2013,3654037.293,8611584.346,1215812.927
Angola,AGO,2014,3692435.18,8309452.092,1182079.967
Angola,AGO,2015,3778744.397,8056503.165,1176597.195
Angola,AGO,2016,3845106.113,7928961.234,1151526.251
Angola,AGO,2017,3949010.173,7697608.853,1155447.764
Angola,AGO,2018,4055077.367,7474999.865,1158963.53
Angola,AGO,2019,4176568.274,7237433.133,1168866.001
Antigua and Barbuda,ATG,1990,12090.25866,2767.076426,1637.86978
Antigua and Barbuda,ATG,1991,12274.7926,2681.315408,1699.078355
Antigua and Barbuda,ATG,1992,12487.52884,2801.896925,1689.324726
Antigua and Barbuda,ATG,1993,12973.75703,2975.723301,1781.916444
Antigua and Barbuda,ATG,1994,13189.71929,3090.089393,1816.393678
Antigua and Barbuda,ATG,1995,13439.68913,3143.653211,1997.023495
Antigua and Barbuda,ATG,1996,13321.38356,3218.860561,2010.095602
Antigua and Barbuda,ATG,1997,13457.40207,3153.636319,2902.07321
Antigua and Barbuda,ATG,1998,13656.99916,3121.257212,2209.77075
Antigua and Barbuda,ATG,1999,13896.83247,3208.390448,2227.329786
Antigua and Barbuda,ATG,2000,14123.77331,3330.61496,2131.818272
Antigua and Barbuda,ATG,2001,14289.69105,3279.720954,2201.115495
Antigua and Barbuda,ATG,2002,14520.23473,3199.121272,2182.350113
Antigua and Barbuda,ATG,2003,14763.34293,3068.213151,2198.606567
Antigua and Barbuda,ATG,2004,15005.20432,3035.487751,2223.039655
Antigua and Barbuda,ATG,2005,15252.0147,2901.007679,2247.222133
Antigua and Barbuda,ATG,2006,15599.46187,2853.612844,2207.7037
Antigua and Barbuda,ATG,2007,16452.74023,2756.188078,2103.063008
Antigua and Barbuda,ATG,2008,16712.17282,2682.430151,2058.227044
Antigua and Barbuda,ATG,2009,16465.78494,2586.944033,2217.794729
Antigua and Barbuda,ATG,2010,16747.89762,2591.07062,2168.336292
Antigua and Barbuda,ATG,2011,17051.53155,2559.514722,2158.792379
Antigua and Barbuda,ATG,2012,17329.91648,2500.191239,2179.42872
Antigua and Barbuda,ATG,2013,17595.18354,2469.435299,2179.844954
Antigua and Barbuda,ATG,2014,18048.31966,2553.200294,2141.900922
Antigua and Barbuda,ATG,2015,18383.24713,2554.740391,2127.426491
Antigua and Barbuda,ATG,2016,18713.08623,2505.090854,2129.761914
Antigua and Barbuda,ATG,2017,19017.31544,2449.167302,2200.633493
Antigua and Barbuda,ATG,2018,19329.36016,2415.228984,2162.059204
Antigua and Barbuda,ATG,2019,19679.09585,2388.768097,2170.332388
Argentina,ARG,1990,7549020.261,1759692.364,1241984.017
Argentina,ARG,1991,7591556.312,1740123.281,1256177.372
Argentina,ARG,1992,7682592.556,1683648.215,1286400.744
Argentina,ARG,1993,7696534.923,1637944.129,1297400.939
Argentina,ARG,1994,7687804.095,1600979.58,1317160.197
Argentina,ARG,1995,7758824.263,1595963.976,1321400.578
Argentina,ARG,1996,7843846.208,1598470.725,1347745.584
Argentina,ARG,1997,7912530.497,1586209.613,1358334.386
Argentina,ARG,1998,8005888.331,1591894.782,1372504.899
Argentina,ARG,1999,8076376.979,1550246.869,1385527.638
Argentina,ARG,2000,8007381.317,1507170.358,1388083.086
Argentina,ARG,2001,8070909.52,1507068.983,1397676.072
Argentina,ARG,2002,8194861.846,1557396.778,1399269.324
Argentina,ARG,2003,8275119.93,1571267.727,1364894.638
Argentina,ARG,2004,8238572.941,1516113.413,1322976.386
Argentina,ARG,2005,8238762.03,1447163.208,1325638.985
Argentina,ARG,2006,8304714.972,1436963.342,1347931.574
Argentina,ARG,2007,8478942.875,1485470.994,1366995.788
Argentina,ARG,2008,8473323.553,1486938.264,1394355.563
Argentina,ARG,2009,8554280.249,1490845.693,1398097.292
Argentina,ARG,2010,8651598.481,1493603.729,1401304.895
Argentina,ARG,2011,8739679.987,1490301.034,1420669.306
Argentina,ARG,2012,8820698.995,1471872.182,1443818.051
Argentina,ARG,2013,8906865.362,1487174.673,1458094.438
Argentina,ARG,2014,8969158.255,1492330.306,1443221.238
Argentina,ARG,2015,9112348.45,1474333.507,1424177.458
Argentina,ARG,2016,9356521.802,1493347.532,1437579.675
Argentina,ARG,2017,9489390.387,1467504.752,1453282.846
Argentina,ARG,2018,9562437.207,1444052.372,1455008.447
Argentina,ARG,2019,9699014.798,1433228.628,1454140.446
Armenia,ARM,1990,699324.9999,274392.648,172304.0045
Armenia,ARM,1991,719577.8959,254265.7409,170665.1323
Armenia,ARM,1992,764012.5409,241265.8249,178868.4287
Armenia,ARM,1993,782917.5366,226850.753,187178.6102
Armenia,ARM,1994,763954.061,210764.0262,184271.066
Armenia,ARM,1995,761144.3932,192316.1773,158667.8169
Armenia,ARM,1996,767169.3508,176829.9201,142800.5512
Armenia,ARM,1997,753783.0271,162671.134,131521.0307
Armenia,ARM,1998,751079.6837,149511.126,122824.8602
Armenia,ARM,1999,754686.3833,138859.6933,114464.2041
Armenia,ARM,2000,754232.2671,129632.3602,106814.7091
Armenia,ARM,2001,767916.1899,122238.1345,103371.7515
Armenia,ARM,2002,774712.1952,115370.7407,98830.06094
Armenia,ARM,2003,784556.4237,110954.8188,94756.40389
Armenia,ARM,2004,783356.2548,107986.4553,92640.12207
Armenia,ARM,2005,793047.771,105444.3763,92659.7938
Armenia,ARM,2006,802931.2807,104959.6007,93356.64191
Armenia,ARM,2007,796328.8122,98901.19676,92994.88863
Armenia,ARM,2008,803568.8898,97242.98426,91654.04375
Armenia,ARM,2009,800241.4548,94419.5925,90683.21765
Armenia,ARM,2010,796897.8974,91218.3261,89368.81972
Armenia,ARM,2011,793471.0241,88024.47043,88337.72784
Armenia,ARM,2012,784451.2893,83418.3212,87241.64764
Armenia,ARM,2013,769111.5097,79985.06917,82888.23721
Armenia,ARM,2014,767444.8373,77987.00652,82132.09237
Armenia,ARM,2015,777344.689,76354.247,83366.35945
Armenia,ARM,2016,773727.6426,75795.63603,85975.39379
Armenia,ARM,2017,775713.1009,71411.12844,78192.13617
Armenia,ARM,2018,777588.2634,68406.13104,77822.53875
Armenia,ARM,2019,779634.1482,65538.3569,77080.05061
Australia,AUS,1990,3851500.465,229368.5807,626655.8015
Australia,AUS,1991,3857532.559,226281.8405,613610.965
Australia,AUS,1992,3900905.673,230049.8728,606733.9153
Australia,AUS,1993,3916619.189,228202.458,599523.0843
Australia,AUS,1994,3971112.652,227311.9096,607010.4133
Australia,AUS,1995,3992153.549,223708.7123,609229.7764
Australia,AUS,1996,4035923.508,223547.4453,617141.6616
Australia,AUS,1997,4064117.193,213068.9031,620418.2336
Australia,AUS,1998,4089235.814,207521.3769,624203.17
Australia,AUS,1999,4111832.182,210075.0521,623376.1874
Australia,AUS,2000,4134200.145,209143.3901,619515.7193
Australia,AUS,2001,4158052.863,208282.7299,612233.807
Australia,AUS,2002,4204336.648,208508.2188,612146.1579
Australia,AUS,2003,4227423.341,208611.7343,613326.2428
Australia,AUS,2004,4257978.723,208353.4149,610320.958
Australia,AUS,2005,4288693.984,207652.8705,613138.1705
Australia,AUS,2006,4335611.651,208949.5566,620166.4712
Australia,AUS,2007,4417087.586,208465.5566,631511.6854
Australia,AUS,2008,4482245.073,206764.5912,642859.8949
Australia,AUS,2009,4522625.199,208003.6079,658193.0739
Australia,AUS,2010,4567494.915,208415.2154,657309.7816
Australia,AUS,2011,4626553.286,208749.3542,663308.4125
Australia,AUS,2012,4660903.821,206754.2202,665745.8903
Australia,AUS,2013,4721750.288,208087.6406,672344.8378
Australia,AUS,2014,4811317.031,208396.131,687545.0167
Australia,AUS,2015,4903709.391,212457.4244,703952.2063
Australia,AUS,2016,4970102.424,214189.8155,715219.7331
Australia,AUS,2017,5081739.381,214605.4719,729732.7198
Australia,AUS,2018,5215443.84,215989.709,740289.3012
Australia,AUS,2019,5323684.109,217234.745,748180.5941
Austria,AUT,1990,2196611.659,102234.5608,296570.7148
Austria,AUT,1991,2199061.48,101942.4412,294444.8309
Austria,AUT,1992,2195636.918,102496.7253,288742.9872
Austria,AUT,1993,2187948.852,98191.03863,286763.3968
Austria,AUT,1994,2171916.802,96427.10391,281731.6372
Austria,AUT,1995,2171161.102,90416.89195,273637.0884
Austria,AUT,1996,2168255.962,86604.03021,263825.1026
Austria,AUT,1997,2149599.894,81029.20148,255035.265
Austria,AUT,1998,2140464.513,80093.25846,248458.1611
Austria,AUT,1999,2130618.161,78267.62144,247969.2331
Austria,AUT,2000,2120305.388,77966.66723,244978.7969
Austria,AUT,2001,2101883.587,77701.16933,240208.8617
Austria,AUT,2002,2109744.023,77002.74019,239073.822
Austria,AUT,2003,2119400.924,79025.40162,237801.5321
Austria,AUT,2004,2108821.972,78557.78591,235460.9989
Austria,AUT,2005,2112187.424,78402.40324,235313.095
Austria,AUT,2006,2099786.935,75740.57414,231352.7319
Austria,AUT,2007,2105388.199,75609.66932,229374.5257
Austria,AUT,2008,2106358.204,74647.16581,227424.1427
Austria,AUT,2009,2128101.768,74331.62984,228336.1654
Austria,AUT,2010,2132385.61,74422.54426,227369.1188
Austria,AUT,2011,2140932.71,73137.17744,224081.3671
Austria,AUT,2012,2157893.31,71933.91099,222823.1846
Austria,AUT,2013,2170714.254,72469.03051,221039.525
Austria,AUT,2014,2184339.795,72492.17263,220416.3427
Austria,AUT,2015,2207913.775,73858.54365,223311.7212
Austria,AUT,2016,2209407.673,74719.76436,222291.5709
Austria,AUT,2017,2206395.416,75555.41294,222679.7418
Austria,AUT,2018,2215363.913,75111.35106,223597.8913
Austria,AUT,2019,2230867.28,75664.2982,225666.7637
Azerbaijan,AZE,1990,1534899.559,1357860.37,309007.3691
Azerbaijan,AZE,1991,1594589.519,1330950.236,341793.0342
Azerbaijan,AZE,1992,1687498.196,1305820.069,564162.1071
Azerbaijan,AZE,1993,1745833.693,1269632.289,516659.3168
Azerbaijan,AZE,1994,1793680.206,1235382.849,530861.928
Azerbaijan,AZE,1995,1774968.056,1172688.4,383431.3051
Azerbaijan,AZE,1996,1763546.407,1120432.385,311525.8354
Azerbaijan,AZE,1997,1754961.362,1076811.501,293624.4552
Azerbaijan,AZE,1998,1762965.611,1045097.23,272715.3798
Azerbaijan,AZE,1999,1779942.789,1007919.669,257048.3586
Azerbaijan,AZE,2000,1796961.767,962427.7144,248338.8576
Azerbaijan,AZE,2001,1816141.158,904186.5204,235307.7435
Azerbaijan,AZE,2002,1853916.874,872912.9765,232758.5075
Azerbaijan,AZE,2003,1911157.734,859723.722,231078.663
Azerbaijan,AZE,2004,1953795.353,847989.9448,233436.7735
Azerbaijan,AZE,2005,2003781.903,826520.9587,240229.3508
Azerbaijan,AZE,2006,2025824.483,797478.5021,235261.8209
Azerbaijan,AZE,2007,2039977.684,761497.6705,236193.725
Azerbaijan,AZE,2008,2083159.545,740106.6241,237996.5086
Azerbaijan,AZE,2009,2118300.334,718762.4175,237392.3105
Azerbaijan,AZE,2010,2151954.908,704355.3486,241384.7647
Azerbaijan,AZE,2011,2188172.159,684477.4921,241187.4063
Azerbaijan,AZE,2012,2216053.684,662588.9184,239277.5572
Azerbaijan,AZE,2013,2239681.233,640168.0929,240576.7979
Azerbaijan,AZE,2014,2268409.04,615808.6716,242605.7317
Azerbaijan,AZE,2015,2291755.104,591168.7106,244774.9255
Azerbaijan,AZE,2016,2328939.55,563663.7859,246723.85
Azerbaijan,AZE,2017,2374777.304,534197.4664,243624.9365
Azerbaijan,AZE,2018,2388581.758,508519.0361,246823.7401
Azerbaijan,AZE,2019,2425972.435,485453.7504,246274.4481
Bahamas,BHS,1990,47422.11139,15293.75738,10934.42535
Bahamas,BHS,1991,48426.1691,16887.30411,10812.21766
Bahamas,BHS,1992,49403.96564,18595.62414,11550.97982
Bahamas,BHS,1993,50854.25788,20654.36912,11853.01673
Bahamas,BHS,1994,52024.57704,21877.42334,12664.49709
Bahamas,BHS,1995,53454.28526,21903.93118,12257.36607
Bahamas,BHS,1996,54999.58088,23712.32594,12465.38639
Bahamas,BHS,1997,55664.58176,21721.1776,12781.95121
Bahamas,BHS,1998,56686.25204,20874.41107,12777.00228
Bahamas,BHS,1999,58009.75627,24024.58737,12928.49252
Bahamas,BHS,2000,58284.05081,23020.46811,13189.43148
Bahamas,BHS,2001,59711.44705,23200.56445,12852.67393
Bahamas,BHS,2002,60113.14662,21337.77455,13085.72657
Bahamas,BHS,2003,61816.04938,20435.63126,11738.2636
Bahamas,BHS,2004,63041.32414,20481.96618,12366.15065
Bahamas,BHS,2005,63508.21894,18512.43597,12659.8401
Bahamas,BHS,2006,65562.97899,19239.60639,12992.80696
Bahamas,BHS,2007,66457.54174,17103.42006,13510.76446
Bahamas,BHS,2008,68381.34397,16721.92088,14142.38709
Bahamas,BHS,2009,70569.24407,16596.30319,14790.50791
Bahamas,BHS,2010,72297.00425,15830.0357,15474.62035
Bahamas,BHS,2011,73801.58112,15637.82683,16219.11211
Bahamas,BHS,2012,75082.39152,15607.55307,16751.62768
Bahamas,BHS,2013,76392.87903,15303.07952,16734.96064
Bahamas,BHS,2014,78228.79402,15427.24069,16485.55653
Bahamas,BHS,2015,80167.33829,15351.48354,18120.18817
Bahamas,BHS,2016,81870.2114,15224.46127,16225.04847
Bahamas,BHS,2017,83575.34288,15112.24451,16155.60993
Bahamas,BHS,2018,85436.69923,14977.72222,15870.09684
Bahamas,BHS,2019,87266.7107,14876.50173,19577.04521
Bahrain,BHR,1990,86970.69713,22663.30963,14871.78566
Bahrain,BHR,1991,89833.98095,22542.71164,15008.59424
Bahrain,BHR,1992,91603.58957,21934.34612,15128.56722
Bahrain,BHR,1993,92763.12778,21052.67154,15479.13614
Bahrain,BHR,1994,94009.89198,19810.6044,15909.23825
Bahrain,BHR,1995,95308.26292,18325.91153,16243.59807
Bahrain,BHR,1996,96808.90835,16844.7218,17025.5207
Bahrain,BHR,1997,98792.15134,15865.5706,17442.91916
Bahrain,BHR,1998,101021.324,15491.46439,17766.05776
Bahrain,BHR,1999,103807.6181,15108.18345,18532.47558
Bahrain,BHR,2000,104050.1541,15001.45614,27209.2219
Bahrain,BHR,2001,105084.3267,15096.18731,19519.46181
Bahrain,BHR,2002,111236.862,15208.29918,19515.94455
Bahrain,BHR,2003,119318.6986,15800.77088,20457.49508
Bahrain,BHR,2004,126854.0996,16607.01366,22082.28622
Bahrain,BHR,2005,134173.264,17231.54038,23495.29705
Bahrain,BHR,2006,140823.0563,17647.87283,28209.90001
Bahrain,BHR,2007,148047.4774,17963.69095,25189.79514
Bahrain,BHR,2008,156872.0485,18295.20784,26530.78256
Bahrain,BHR,2009,166265.3143,18573.24577,27182.73192
Bahrain,BHR,2010,175114.8441,18699.82891,27371.12074
Bahrain,BHR,2011,182058.1086,18801.0249,29145.53871
Bahrain,BHR,2012,188078.3496,19066.11767,28933.98236
Bahrain,BHR,2013,194181.234,19242.14921,29657.61533
Bahrain,BHR,2014,201024.2141,19445.28812,29857.47722
Bahrain,BHR,2015,207986.3624,19327.96446,29827.7446
Bahrain,BHR,2016,214816.7105,18945.73143,29116.97025
Bahrain,BHR,2017,222732.8092,18594.35241,29804.08833
Bahrain,BHR,2018,230768.7938,18139.2623,28409.56412
Bahrain,BHR,2019,240114.563,17671.64883,28136.51225
Bangladesh,BGD,1990,19450883.55,52426940.2,5479496.955
Bangladesh,BGD,1991,19003239.33,50362273.44,14304338.61
Bangladesh,BGD,1992,19160215.37,47532425.93,5492951.039
Bangladesh,BGD,1993,19204594.96,45033321.82,5505418.288
Bangladesh,BGD,1994,19293745.33,42685387.36,5514420.454
Bangladesh,BGD,1995,19601812.6,40611961.53,5686802.346
Bangladesh,BGD,1996,19660882.27,38390304.83,5650529.28
Bangladesh,BGD,1997,19644266.26,36547570.03,5554798.559
Bangladesh,BGD,1998,19669596.94,34480996.05,5483288.632
Bangladesh,BGD,1999,19800014.99,32621887.08,5286306.086
Bangladesh,BGD,2000,20319339.03,30805390.95,5263000.933
Bangladesh,BGD,2001,20529108.23,29348014.24,5106399.344
Bangladesh,BGD,2002,20912715.8,28077045.24,4902787.921
Bangladesh,BGD,2003,21309139.5,26912883.65,4739883.212
Bangladesh,BGD,2004,21692522.63,25705226.46,4563857.529
Bangladesh,BGD,2005,22331323.1,24349119.13,4474768.366
Bangladesh,BGD,2006,22933766.58,22969983.93,4365189.501
Bangladesh,BGD,2007,23370455.66,21540422.9,4686057.823
Bangladesh,BGD,2008,23566513.58,20461453.34,4219100.611
Bangladesh,BGD,2009,23932837.15,19197079.73,4132735.053
Bangladesh,BGD,2010,24298328.4,18296336.81,3976868.77
Bangladesh,BGD,2011,24215321.21,17357602.04,3763712.055
Bangladesh,BGD,2012,24339817.55,16307103.64,3592971.181
Bangladesh,BGD,2013,24678300.55,15514496.01,3502632.641
Bangladesh,BGD,2014,25199776.96,14912730.97,3387642.836
Bangladesh,BGD,2015,25660876.32,14120850.87,3317922.182
Bangladesh,BGD,2016,26200586.73,13504962.58,3273604.386
Bangladesh,BGD,2017,26986384.74,12901412.65,3272909.009
Bangladesh,BGD,2018,27602139.69,12219443,3211723.45
Bangladesh,BGD,2019,28256673.9,11672523.04,3193719.601
Barbados,BRB,1990,59456.33665,11890.81606,7256.39485
Barbados,BRB,1991,59375.89033,11346.89415,7111.213844
Barbados,BRB,1992,60205.27889,11436.43717,7593.615308
Barbados,BRB,1993,60645.95039,11323.39697,7676.626283
Barbados,BRB,1994,60990.06744,11932.7615,7422.633038
Barbados,BRB,1995,61136.15791,11943.1778,7463.193006
Barbados,BRB,1996,61260.49397,11500.29541,7491.388625
Barbados,BRB,1997,61554.88455,11493.81007,7311.837878
Barbados,BRB,1998,61456.67595,11562.0297,6999.835097
Barbados,BRB,1999,60894.77962,11664.98962,7007.188356
Barbados,BRB,2000,61306.67811,12267.72241,6985.956034
Barbados,BRB,2001,60831.223,11832.7485,6656.301283
Barbados,BRB,2002,62555.28191,11384.80016,6726.88494
Barbados,BRB,2003,64271.83246,10927.34074,7021.719277
Barbados,BRB,2004,65095.30426,10755.37705,7136.875529
Barbados,BRB,2005,65131.51579,10645.45617,6964.327862
Barbados,BRB,2006,65989.32447,10472.90125,6916.449892
Barbados,BRB,2007,66995.56781,10247.95539,6779.696785
Barbados,BRB,2008,67617.68564,9951.881069,6842.596186
Barbados,BRB,2009,68062.30521,9831.283515,6640.89786
Barbados,BRB,2010,69104.12283,9848.525847,6718.238219
Barbados,BRB,2011,70121.87927,9751.286329,6901.094085
Barbados,BRB,2012,70950.08597,9468.905349,6757.482164
Barbados,BRB,2013,72466.85517,9382.964742,6801.890395
Barbados,BRB,2014,74081.34971,9446.952062,6751.67779
Barbados,BRB,2015,75435.55094,9446.808854,6828.344791
Barbados,BRB,2016,76840.71792,9427.941405,6904.847816
Barbados,BRB,2017,78355.58503,9410.515388,7014.902292
Barbados,BRB,2018,80292.07695,9427.507536,7027.684558
Barbados,BRB,2019,82999.57753,9497.038524,7171.559325
Belarus,BLR,1990,3005311.43,262720.982,656422.8656
Belarus,BLR,1991,3098099.36,258406.9684,683573.6304
Belarus,BLR,1992,3189987.286,250830.6315,718395.969
Belarus,BLR,1993,3396223.583,246121.1126,767907.5433
Belarus,BLR,1994,3425491.421,243397.8997,784143.1911
Belarus,BLR,1995,3510102.639,240491.5716,817373.2227
Belarus,BLR,1996,3495789.98,232583.5524,805499.8154
Belarus,BLR,1997,3532112.901,232413.9133,823939.0541
Belarus,BLR,1998,3579049.342,234389.5931,852242.08
Belarus,BLR,1999,3644368.526,236605.0877,872001.5365
Belarus,BLR,2000,3511466.459,224063.5058,826236.8539
Belarus,BLR,2001,3630110.192,221301.0744,843472.1543
Belarus,BLR,2002,3764341.099,223663.0485,857464.4406
Belarus,BLR,2003,3683432.694,219612.8066,821518.1736
Belarus,BLR,2004,3621483.98,214228.3247,802915.1774
Belarus,BLR,2005,3659225.811,216458.9567,812527.8325
Belarus,BLR,2006,3561255.052,212457.2277,775312.2513
Belarus,BLR,2007,3437233.81,206641.2696,721860.1446
Belarus,BLR,2008,3421909.673,203231.675,722381.6475
Belarus,BLR,2009,3436276.503,203550.315,705243.4082
Belarus,BLR,2010,3477496.685,200578.8391,685399.5389
Belarus,BLR,2011,3508893.941,198734.3698,687636.0048
Belarus,BLR,2012,3230403.505,181143.4681,589536.1268
Belarus,BLR,2013,3199517.314,172739.4153,553105.4725
Belarus,BLR,2014,3169225.894,166686.9141,525845.0235
Belarus,BLR,2015,3110516.952,159890.0991,499483.0957
Belarus,BLR,2016,3103665.326,155883.5554,478368.0414
Belarus,BLR,2017,3120829.357,152785.6824,472077.4053
Belarus,BLR,2018,3106235.341,149965.994,474553.1166
Belarus,BLR,2019,3119030.261,147516.5582,474116.1121
Belgium,BEL,1990,2762117.488,154895.0367,379354.7334
Belgium,BEL,1991,2755508.043,156109.2871,377634.883
Belgium,BEL,1992,2761278.13,153641.1101,377468.3054
Belgium,BEL,1993,2764724.088,155266.812,378832.5602
Belgium,BEL,1994,2755874.703,154135.2985,379010.0222
Belgium,BEL,1995,2754467.32,153072.162,375279.0551
Belgium,BEL,1996,2739027.841,151460.2985,371087.8516
Belgium,BEL,1997,2730888.709,150725.0819,372057.1492
Belgium,BEL,1998,2728769.871,152862.2278,375151.1255
Belgium,BEL,1999,2724142.646,155686.726,382503.9044
Belgium,BEL,2000,2718935.281,159562.6736,390021.6473
Belgium,BEL,2001,2708304.311,160341.7731,393056.6131
Belgium,BEL,2002,2717178.845,161839.2923,393261.5482
Belgium,BEL,2003,2714639.379,164843.2957,393432.269
Belgium,BEL,2004,2692531.59,162823.9284,392992.588
Belgium,BEL,2005,2695062.006,164589.6167,394024.9303
Belgium,BEL,2006,2682815.39,163516.0389,394780.4263
Belgium,BEL,2007,2699372.091,164768.9858,398028.8326
Belgium,BEL,2008,2716003.307,166386.4394,400714.0266
Belgium,BEL,2009,2735586.887,165066.1473,397587.4139
Belgium,BEL,2010,2746867.337,165518.9514,397127.4975
Belgium,BEL,2011,2759657.344,165055.7806,395231.4396
Belgium,BEL,2012,2783281.602,166922.522,387926.9093
Belgium,BEL,2013,2790129.603,167005.6496,378210.2415
Belgium,BEL,2014,2771935.139,164185.1892,368986.4595
Belgium,BEL,2015,2795114.454,166456.1304,366867.6447
Belgium,BEL,2016,2789788.629,165459.7309,371660.4453
Belgium,BEL,2017,2814461.08,166023.5448,373426.5555
Belgium,BEL,2018,2838541.077,166632.8702,371266.358
Belgium,BEL,2019,2868651.208,167180.7517,361437.8642
Belize,BLZ,1990,26496.10847,20552.24094,8367.853525
Belize,BLZ,1991,27069.14017,19507.81502,9847.787558
Belize,BLZ,1992,27561.27053,19004.84466,8974.273257
Belize,BLZ,1993,28112.69875,18756.19883,9288.032612
Belize,BLZ,1994,28861.72285,18418.1251,9776.408179
Belize,BLZ,1995,30319.77438,17886.50598,10010.29887
Belize,BLZ,1996,31840.8974,18269.98483,10417.64348
Belize,BLZ,1997,33685.7155,18272.51368,11373.56731
Belize,BLZ,1998,35382.41121,18641.94173,12765.80416
Belize,BLZ,1999,36936.69821,19390.21828,12059.73162
Belize,BLZ,2000,38252.73938,19902.96882,13077.62586
Belize,BLZ,2001,38687.31027,19427.42021,14723.49384
Belize,BLZ,2002,39082.29905,20002.72784,13479.37837
Belize,BLZ,2003,40015.3145,20078.23426,13413.56587
Belize,BLZ,2004,41328.77686,20210.66949,13459.23535
Belize,BLZ,2005,42535.62776,19369.80394,14188.4686
Belize,BLZ,2006,43926.09344,19448.69619,13996.90014
Belize,BLZ,2007,45041.74683,18918.06747,14151.95965
Belize,BLZ,2008,45856.5826,18511.18084,15080.95456
Belize,BLZ,2009,47465.45774,19132.25173,15200.83645
Belize,BLZ,2010,49514.0575,19343.98004,16005.67146
Belize,BLZ,2011,51127.10067,19235.79276,16441.6269
Belize,BLZ,2012,52399.96539,18923.72013,16515.10596
Belize,BLZ,2013,54208.74122,19096.43958,16645.07277
Belize,BLZ,2014,56416.36061,19714.48713,16724.4394
Belize,BLZ,2015,58533.03552,20249.17193,17372.56585
Belize,BLZ,2016,60684.08993,19817.56254,18388.07361
Belize,BLZ,2017,62813.22254,19676.22309,18992.65925
Belize,BLZ,2018,65346.13998,19711.2968,19315.44463
Belize,BLZ,2019,67569.35378,19774.96741,19723.07501
Benin,BEN,1990,922289.953,3736476.316,224430.6695
Benin,BEN,1991,945758.5428,3776696.344,232023.2863
Benin,BEN,1992,967882.4528,3768796.082,235112.7261
Benin,BEN,1993,989408.8227,3780610.551,240897.4657
Benin,BEN,1994,1015916.444,3824617.445,248374.3878
Benin,BEN,1995,1039672.862,3843410.988,257473.5988
Benin,BEN,1996,1064262.367,3910212.697,261189.8291
Benin,BEN,1997,1085445.502,3938016.807,267117.4261
Benin,BEN,1998,1108258.191,3992556.119,271614.7456
Benin,BEN,1999,1130820.718,4034527.43,278247.5649
Benin,BEN,2000,1160549.008,4109009.712,286185.0054
Benin,BEN,2001,1180016.78,4179251.497,285885.1997
Benin,BEN,2002,1223108.077,4186075.428,298954.197
Benin,BEN,2003,1244980.714,4245932.225,310226.3236
Benin,BEN,2004,1285396.95,4285057.97,311834.2866
Benin,BEN,2005,1313241.954,4334552.545,313691.947
Benin,BEN,2006,1347798.262,4380012.236,321592.7061
Benin,BEN,2007,1379699.554,4427466.336,324498.0061
Benin,BEN,2008,1420557.978,4419450.692,331130.8283
Benin,BEN,2009,1474479.603,4402031.351,345471.5042
Benin,BEN,2010,1529753.16,4407049.574,358838.8061
Benin,BEN,2011,1584822.134,4426822.584,366036.7449
Benin,BEN,2012,1640358.131,4431124.173,379641.6302
Benin,BEN,2013,1680437.815,4454652.082,380523.7204
Benin,BEN,2014,1713228.661,4477933.496,382478.9364
Benin,BEN,2015,1776280.171,4438452.555,403246.0865
Benin,BEN,2016,1823980.355,4413077.109,410687.18
Benin,BEN,2017,1868698.826,4364456.644,415779.001
Benin,BEN,2018,1878390.432,4288970.487,407410.4364
Benin,BEN,2019,1914911.627,4206673.34,408200.5929
Bermuda,BMU,1990,14315.69774,2010.873957,1704.90781
Bermuda,BMU,1991,14247.60026,1775.911536,1687.588428
Bermuda,BMU,1992,14039.80824,1825.841973,1647.650431
Bermuda,BMU,1993,14089.34714,1969.979498,1587.760843
Bermuda,BMU,1994,14029.88692,1923.792665,1540.85211
Bermuda,BMU,1995,13847.93597,1648.504199,1503.721819
Bermuda,BMU,1996,13915.75653,1926.40149,1420.78267
Bermuda,BMU,1997,13714.6111,1630.008813,1413.248651
Bermuda,BMU,1998,13641.16916,1556.419644,1385.949315
Bermuda,BMU,1999,13662.07426,1585.369212,1323.207765
Bermuda,BMU,2000,13696.66163,1732.144544,1664.20523
Bermuda,BMU,2001,13589.32573,1587.898563,1268.168352
Bermuda,BMU,2002,13601.52368,1575.906451,1250.083243
Bermuda,BMU,2003,13619.47138,1527.361699,1421.169584
Bermuda,BMU,2004,13657.01806,1456.096877,1234.308337
Bermuda,BMU,2005,13757.1046,1351.194778,1256.681702
Bermuda,BMU,2006,13900.2643,1373.993969,1239.006318
Bermuda,BMU,2007,13973.26358,1317.329286,1237.209057
Bermuda,BMU,2008,14076.78174,1304.30593,1237.327676
Bermuda,BMU,2009,14187.11276,1253.513708,1246.241688
Bermuda,BMU,2010,14292.54925,1231.95731,1243.405743
Bermuda,BMU,2011,14429.84579,1212.601453,1229.000584
Bermuda,BMU,2012,14605.76767,1190.865027,1234.475362
Bermuda,BMU,2013,14809.77672,1174.45798,1237.826291
Bermuda,BMU,2014,15012.19876,1229.183986,1218.224537
Bermuda,BMU,2015,15177.9828,1238.670588,1206.068521
Bermuda,BMU,2016,15378.13872,1181.640104,1219.761872
Bermuda,BMU,2017,15591.45505,1165.359634,1237.844126
Bermuda,BMU,2018,15802.76639,1150.877039,1239.999115
Bermuda,BMU,2019,15996.43483,1136.350713,1238.060454
Bhutan,BTN,1990,95666.78783,300694.3481,23403.27273
Bhutan,BTN,1991,94653.76252,277589.2964,22765.2191
Bhutan,BTN,1992,93685.40218,253777.7877,21907.26701
Bhutan,BTN,1993,94405.19042,235305.0962,21770.10601
Bhutan,BTN,1994,95573.83999,221234.9107,24100.62944
Bhutan,BTN,1995,97447.26529,208958.7178,21986.22102
Bhutan,BTN,1996,99069.8552,196952.1096,22460.85011
Bhutan,BTN,1997,101903.4188,186839.6601,23577.51243
Bhutan,BTN,1998,103974.8284,177191.763,23730.1613
Bhutan,BTN,1999,103295.8322,170735.6615,22389.82516
Bhutan,BTN,2000,106304.9207,159585.2196,35455.29327
Bhutan,BTN,2001,107017.4217,150694.5259,23055.32811
Bhutan,BTN,2002,107126.4338,142738.2077,22168.94114
Bhutan,BTN,2003,108809.0554,133086.1513,22199.645
Bhutan,BTN,2004,109501.1234,125014.0294,21730.2212
Bhutan,BTN,2005,109994.4335,118575.8548,21050.02671
Bhutan,BTN,2006,109993.0262,114313.1573,20210.65116
Bhutan,BTN,2007,113692.7558,104799.2692,21384.11035
Bhutan,BTN,2008,115635.555,99725.67148,21712.45331
Bhutan,BTN,2009,117610.8778,95844.75807,22658.08775
Bhutan,BTN,2010,119876.7875,91370.74397,21470.06205
Bhutan,BTN,2011,121917.5286,87773.12117,21520.00826
Bhutan,BTN,2012,123402.5685,85062.6089,21146.84148
Bhutan,BTN,2013,125047.1113,81837.57304,21032.15817
Bhutan,BTN,2014,126554.1085,78563.42696,20874.88476
Bhutan,BTN,2015,128080.2353,75187.95111,20643.37396
Bhutan,BTN,2016,129337.372,71735.42248,20517.94684
Bhutan,BTN,2017,130475.8705,68198.47047,20321.20071
Bhutan,BTN,2018,131820.4088,64127.80847,20231.42251
Bhutan,BTN,2019,132917.7808,61090.56504,19966.52704
Bolivia,BOL,1990,1292913.757,2316128.622,440955.901
Bolivia,BOL,1991,1314455.375,2277986.314,444137.7026
Bolivia,BOL,1992,1338511.221,2213058.136,447904.1836
Bolivia,BOL,1993,1363238.754,2137985.663,443355.4481
Bolivia,BOL,1994,1384556.219,2049924.175,441086.7819
Bolivia,BOL,1995,1411276.342,1990027.838,440342.4538
Bolivia,BOL,1996,1432791.719,1926288.436,442982.9045
Bolivia,BOL,1997,1470086.11,1852081.905,446132.6758
Bolivia,BOL,1998,1496599.051,1783097.447,450789.1332
Bolivia,BOL,1999,1522273.502,1730804.326,439015.6474
Bolivia,BOL,2000,1553045.345,1660053.427,441952.9203
Bolivia,BOL,2001,1578651.872,1592197.06,427941.5952
Bolivia,BOL,2002,1609824.487,1530579.24,428703.9468
Bolivia,BOL,2003,1636333.571,1470631.519,420548.6344
Bolivia,BOL,2004,1662455.473,1419171.532,409374.8369
Bolivia,BOL,2005,1691731.049,1379836.23,396696.9569
Bolivia,BOL,2006,1722627.217,1339093.32,397127.2495
Bolivia,BOL,2007,1764639.525,1307848.018,397001.3326
Bolivia,BOL,2008,1802750.167,1280711.531,400121.7411
Bolivia,BOL,2009,1839949.681,1257903.983,392048.688
Bolivia,BOL,2010,1877780.691,1235114.31,394579.1991
Bolivia,BOL,2011,1919423.491,1217027.105,394903.487
Bolivia,BOL,2012,1960091.846,1199665.216,388682.1643
Bolivia,BOL,2013,2000513.566,1188492.094,391072.3577
Bolivia,BOL,2014,2034470.934,1174510.137,388997.235
Bolivia,BOL,2015,2076103.123,1145952.902,384525.7268
Bolivia,BOL,2016,2124493.339,1106522.185,384813.0168
Bolivia,BOL,2017,2165543.095,1085318.102,385733.214
Bolivia,BOL,2018,2206065.07,1048425.098,382903.3286
Bolivia,BOL,2019,2247712.968,1018636.176,384770.1947
Bosnia and Herzegovina,BIH,1990,928230.9924,147948.7555,191210.7331
Bosnia and Herzegovina,BIH,1991,986145.564,143168.9979,192990.9114
Bosnia and Herzegovina,BIH,1992,985983.9888,137407.5285,616505.151
Bosnia and Herzegovina,BIH,1993,986930.001,129247.5334,495494.2569
Bosnia and Herzegovina,BIH,1994,982492.7263,120459.7519,333897.7107
Bosnia and Herzegovina,BIH,1995,972603.7205,110492.554,697559.7569
Bosnia and Herzegovina,BIH,1996,964147.7505,102702.9726,145365.1102
Bosnia and Herzegovina,BIH,1997,970268.0696,97737.09812,146491.1327
Bosnia and Herzegovina,BIH,1998,950096.4088,91003.83423,143520.7846
Bosnia and Herzegovina,BIH,1999,954115.5207,84556.66605,140726.8779
Bosnia and Herzegovina,BIH,2000,968150.3696,80744.85493,141620.0199
Bosnia and Herzegovina,BIH,2001,985953.7549,75029.92116,137886.5813
Bosnia and Herzegovina,BIH,2002,1005344.571,74759.64192,137892.1233
Bosnia and Herzegovina,BIH,2003,1010845.304,70040.40008,135644.9792
Bosnia and Herzegovina,BIH,2004,1009985.897,66680.33302,133741.5851
Bosnia and Herzegovina,BIH,2005,1029482.827,64746.86031,134599.185
Bosnia and Herzegovina,BIH,2006,1020349.39,63135.13558,131967.5065
Bosnia and Herzegovina,BIH,2007,1048644.785,61726.8275,133580.4734
Bosnia and Herzegovina,BIH,2008,1009270.141,59171.52114,128551.8023
Bosnia and Herzegovina,BIH,2009,1005457.777,57108.83613,124169.7805
Bosnia and Herzegovina,BIH,2010,998312.8586,55304.67396,120791.511
Bosnia and Herzegovina,BIH,2011,996554.1128,52977.03888,118027.7923
Bosnia and Herzegovina,BIH,2012,988858.7799,51192.19107,115607.3055
Bosnia and Herzegovina,BIH,2013,994558.2313,50702.91639,114361.0549
Bosnia and Herzegovina,BIH,2014,996845.8464,49276.34892,113441.3279
Bosnia and Herzegovina,BIH,2015,1010470.494,49863.88645,112259.5081
Bosnia and Herzegovina,BIH,2016,999129.9022,49167.55153,111930.3172
Bosnia and Herzegovina,BIH,2017,994524.8156,47345.16478,111427.1382
Bosnia and Herzegovina,BIH,2018,997461.6867,46050.70926,109847.1202
Bosnia and Herzegovina,BIH,2019,997740.8223,44868.49869,108097.3828
Botswana,BWA,1990,196255.9962,380380.5658,49751.95761
Botswana,BWA,1991,205703.3228,419660.9935,52318.8677
Botswana,BWA,1992,216872.0723,475280.6294,56526.62694
Botswana,BWA,1993,228133.8979,551767.6632,60572.0969
Botswana,BWA,1994,241178.4375,639730.875,65812.36173
Botswana,BWA,1995,253910.3732,737956.9974,72493.98058
Botswana,BWA,1996,265104.0697,843212.8812,75422.57041
Botswana,BWA,1997,275624.1558,947555.2866,80291.66924
Botswana,BWA,1998,288410.4258,1047025.772,88378.03641
Botswana,BWA,1999,299081.2441,1138362.885,95512.22012
Botswana,BWA,2000,310073.7975,1219076.02,103102.0803
Botswana,BWA,2001,318895.4202,1278992.687,108921.8857
Botswana,BWA,2002,325819.6613,1304801.194,113396.748
Botswana,BWA,2003,327834.6873,1273656.156,114820.4283
Botswana,BWA,2004,325716.3702,1169556.687,113879.0336
Botswana,BWA,2005,322603.0478,1039433.375,113190.3785
Botswana,BWA,2006,324930.9964,982469.4428,114544.2612
Botswana,BWA,2007,326119.7821,885568.7343,114634.513
Botswana,BWA,2008,334162.9221,831321.3023,115487.4963
Botswana,BWA,2009,341342.3093,770227.5049,115999.747
Botswana,BWA,2010,351063.3607,734109.9021,118433.85
Botswana,BWA,2011,360530.2978,707092.1324,118430.1143
Botswana,BWA,2012,368312.438,674783.6897,118230.4154
Botswana,BWA,2013,376913.6947,644107.7421,118664.0703
Botswana,BWA,2014,386150.1582,623388.2701,117986.963
Botswana,BWA,2015,394811.754,609513.3209,117803.1062
Botswana,BWA,2016,401807.5181,594402.7221,116807.6391
Botswana,BWA,2017,412633.1933,589850.774,117980.8819
Botswana,BWA,2018,423588.5867,581464.0095,118972.8809
Botswana,BWA,2019,433926.1038,570962.7068,118812.9162
Brazil,BRA,1990,30626757.73,20528686.41,8621841.757
Brazil,BRA,1991,30693489.54,19633338.25,8492196.507
Brazil,BRA,1992,31072215.47,18854888.63,8343093.336
Brazil,BRA,1993,31780784.87,18241370.99,8520655.929
Brazil,BRA,1994,32163351.96,17646613.83,8646062.162
Brazil,BRA,1995,32585779.56,17056927.99,8902445.769
Brazil,BRA,1996,33185405.7,16422501.6,9005609.564
Brazil,BRA,1997,33634650.25,15699193.87,9025144.151
Brazil,BRA,1998,34363322.53,15192928.17,9076719.136
Brazil,BRA,1999,35042770.08,14751897.35,9048761.713
Brazil,BRA,2000,35606902.38,14298313.18,9148851.499
Brazil,BRA,2001,36221436.41,13885996.63,9266898.862
Brazil,BRA,2002,36873444.6,13536488.62,9428323.62
Brazil,BRA,2003,37565232.82,13246537.98,9444629.115
Brazil,BRA,2004,38277074.18,12935126.56,9418089.351
Brazil,BRA,2005,38596396.98,12613729.65,9338534.626
Brazil,BRA,2006,39198556.42,12313871.09,9402192.107
Brazil,BRA,2007,39704780.08,12060437.97,9453478.41
Brazil,BRA,2008,40234424.92,11820504.17,9589985.22
Brazil,BRA,2009,40783707.64,11590058.82,9712939.032
Brazil,BRA,2010,41368511.16,11306312.16,9807710.712
Brazil,BRA,2011,42029886.81,11022674.56,9965592.638
Brazil,BRA,2012,42430117.33,10710305.65,9996262.81
Brazil,BRA,2013,42962136.88,10463191.61,10091101.27
Brazil,BRA,2014,43400114.72,10134098.55,10124654.62
Brazil,BRA,2015,44042099.88,9905071.445,10026453.53
Brazil,BRA,2016,45028754.5,9744185.181,10146877.67
Brazil,BRA,2017,45356076.39,9524933.938,9953971.872
Brazil,BRA,2018,45986852.09,9296911.392,9760000.107
Brazil,BRA,2019,46635945.49,9098465.253,9674037.031
Brunei,BRN,1990,42485.85545,7789.864547,10554.92528
Brunei,BRN,1991,43226.77392,7933.827825,10673.46813
Brunei,BRN,1992,43916.8268,7869.738562,10696.17288
Brunei,BRN,1993,44543.89985,7798.619726,10717.4875
Brunei,BRN,1994,44786.15355,7693.317526,10758.75669
Brunei,BRN,1995,45268.2731,7563.994172,10792.69438
Brunei,BRN,1996,45694.68275,7433.944458,10881.44924
Brunei,BRN,1997,46530.19994,7381.6896,10563.87194
Brunei,BRN,1998,47357.1436,7352.517313,9991.50477
Brunei,BRN,1999,48137.3845,7377.175407,9584.722807
Brunei,BRN,2000,48987.42224,7492.85718,9346.529664
Brunei,BRN,2001,49776.95201,7509.876589,9187.267267
Brunei,BRN,2002,51139.16482,7585.820502,9164.227797
Brunei,BRN,2003,52803.85445,7689.863149,9257.458749
Brunei,BRN,2004,54156.19178,7673.010327,9344.508806
Brunei,BRN,2005,55357.58988,7568.627263,9239.529697
Brunei,BRN,2006,56438.06323,7495.640711,9185.497007
Brunei,BRN,2007,57363.15886,7479.174682,9264.270176
Brunei,BRN,2008,58148.36072,7484.881061,9131.116518
Brunei,BRN,2009,59569.29845,7579.545476,9064.068131
Brunei,BRN,2010,61307.70269,7728.779159,9225.132404
Brunei,BRN,2011,62986.05742,8019.742569,9532.7031
Brunei,BRN,2012,64721.84842,8281.30462,9817.839712
Brunei,BRN,2013,66862.0526,8516.618015,10008.86134
Brunei,BRN,2014,68756.21436,8666.031915,10059.65914
Brunei,BRN,2015,70643.61409,8782.521238,10245.51294
Brunei,BRN,2016,72398.50348,8831.154214,10243.67777
Brunei,BRN,2017,74286.22316,8797.509411,10602.68006
Brunei,BRN,2018,76283.97183,8808.787081,10764.72841
Brunei,BRN,2019,78237.44041,8805.379398,10862.02064
Bulgaria,BGR,1990,3000150.964,268457.0549,447915.6811
Bulgaria,BGR,1991,2994970.299,263858.2618,442206.195
Bulgaria,BGR,1992,3049140.582,254232.1565,450287.3307
Bulgaria,BGR,1993,3092601.219,242856.1652,452030.2582
Bulgaria,BGR,1994,3168977.787,244477.9127,459380.7022
Bulgaria,BGR,1995,3198486.631,229347.7812,446728.194
Bulgaria,BGR,1996,3228150.575,229560.4179,438025.5141
Bulgaria,BGR,1997,3303600.925,231210.1801,435467.7807
Bulgaria,BGR,1998,3235577.617,214973.2655,420003.8625
Bulgaria,BGR,1999,3155688.488,207393.5511,400957.8964
Bulgaria,BGR,2000,3155801.068,195526.8839,393744.0821
Bulgaria,BGR,2001,3126551.072,184936.8393,379598.5461
Bulgaria,BGR,2002,3104930.18,174906.516,366483.9418
Bulgaria,BGR,2003,3089412.676,169065.6165,357078.8829
Bulgaria,BGR,2004,3092160.443,165275.1887,349654.9141
Bulgaria,BGR,2005,3119810.92,162185.1841,340284.762
Bulgaria,BGR,2006,3128319.467,159329.7012,335762.4778
Bulgaria,BGR,2007,3082500.261,155765.9366,324972.4218
Bulgaria,BGR,2008,3033234.882,152823.6634,317066.9624
Bulgaria,BGR,2009,2996261.556,151309.7912,306840.1826
Bulgaria,BGR,2010,2973689.771,145212.1402,295829.0321
Bulgaria,BGR,2011,2944689.742,136293.5739,284499.2001
Bulgaria,BGR,2012,2894311.313,130210.118,279352.9383
Bulgaria,BGR,2013,2858919.459,125555.7332,270838.2741
Bulgaria,BGR,2014,2917079.847,125818.2893,266966.4402
Bulgaria,BGR,2015,2897449.165,120152.5478,263025.6365
Bulgaria,BGR,2016,2889971.001,118423.4342,260107.6487
Bulgaria,BGR,2017,2880930.271,117513.48,257836.6056
Bulgaria,BGR,2018,2893654.121,115745.8176,256934.6268
Bulgaria,BGR,2019,2885594.961,113444.2876,254301.7392
Burkina Faso,BFA,1990,1937170.381,9116152.082,477998.1478
Burkina Faso,BFA,1991,1952820.609,9279170.634,474026.3088
Burkina Faso,BFA,1992,1979815.075,9452274.892,475184.9024
Burkina Faso,BFA,1993,2013475.316,9568061.768,479847.8891
Burkina Faso,BFA,1994,2048778.475,9708641.835,485249.6299
Burkina Faso,BFA,1995,2088388.061,9849945.021,489180.1347
Burkina Faso,BFA,1996,2116645.762,10527509.82,491931.7677
Burkina Faso,BFA,1997,2158375.302,10287981.69,497934.7901
Burkina Faso,BFA,1998,2198010.718,10051205.36,506114.1239
Burkina Faso,BFA,1999,2262138.301,10052726.28,514528.1991
Burkina Faso,BFA,2000,2366330.689,10054944.73,539326.5174
Burkina Faso,BFA,2001,2395728.148,10193782.66,536392.7407
Burkina Faso,BFA,2002,2468439.934,10154459.49,552452.5446
Burkina Faso,BFA,2003,2521317.47,10141299.75,564930.8952
Burkina Faso,BFA,2004,2589369.455,10065033.82,583615.0554
Burkina Faso,BFA,2005,2660480.482,10011584.28,591426.2463
Burkina Faso,BFA,2006,2717108.808,9932127.32,609139.1931
Burkina Faso,BFA,2007,2745668.869,10004922.88,607261.1147
Burkina Faso,BFA,2008,2817647.315,9874194.189,624545.0658
Burkina Faso,BFA,2009,2888787.632,9902639.481,634729.561
Burkina Faso,BFA,2010,2997249.184,9908386.917,664795.3528
Burkina Faso,BFA,2011,3090218.397,9934204.665,684298.0839
Burkina Faso,BFA,2012,3235972.266,9914060.444,735556.7805
Burkina Faso,BFA,2013,3405841.194,9832252.309,780010.7354
Burkina Faso,BFA,2014,3543233.671,9683414.06,820466.5929
Burkina Faso,BFA,2015,3715389.885,9505462.101,869232.5315
Burkina Faso,BFA,2016,3878145.251,9357345.939,926993.8465
Burkina Faso,BFA,2017,4017993.404,9229332.685,958167.5788
Burkina Faso,BFA,2018,4134304.636,9144973.436,982292.5897
Burkina Faso,BFA,2019,4202706.266,9132747.881,1033604.873
Burundi,BDI,1990,1139562.246,5091439.56,271739.9159
Burundi,BDI,1991,1134992.382,5147735.651,294371.9252
Burundi,BDI,1992,1124152.002,5220246.721,269352.3671
Burundi,BDI,1993,1148689.978,5240581.547,266475.6511
Burundi,BDI,1994,1152795.574,5358405.083,1142369.342
Burundi,BDI,1995,1143355.569,5388199.04,1172957.452
Burundi,BDI,1996,1130499.224,5358032.85,1234245.909
Burundi,BDI,1997,1121565.914,5328236.913,1315289.523
Burundi,BDI,1998,1116489.03,5302223.648,1212358.355
Burundi,BDI,1999,1105115.663,5253606.017,1236770.188
Burundi,BDI,2000,1098462.646,5210093.058,1309026.358
Burundi,BDI,2001,1088354.56,5085323.131,1285727.048
Burundi,BDI,2002,1112144.031,4951643.909,1282394.725
Burundi,BDI,2003,1138804.921,4813087.433,1326782.212
Burundi,BDI,2004,1170709.021,4682640.182,1295239.263
Burundi,BDI,2005,1203308.986,4558703.576,1328158.405
Burundi,BDI,2006,1225087.97,4430980.043,472565.1731
Burundi,BDI,2007,1249092.835,4340885.901,464554.2147
Burundi,BDI,2008,1273216.321,4310421.967,479056.1425
Burundi,BDI,2009,1300544.447,4262363.753,496965.5602
Burundi,BDI,2010,1343395.295,4160708.094,487992.1511
Burundi,BDI,2011,1380500.757,4059643.211,487312.1816
Burundi,BDI,2012,1424818.011,3962425.396,477647.144
Burundi,BDI,2013,1464415.434,3869111.817,483446.5009
Burundi,BDI,2014,1484055.999,3776957.683,486259.1904
Burundi,BDI,2015,1491125.675,3716569.72,521354.9433
Burundi,BDI,2016,1500648.125,3687758.768,490740.4173
Burundi,BDI,2017,1538396.261,3652454.477,483363.1115
Burundi,BDI,2018,1612728.538,3577579.261,499014.0452
Burundi,BDI,2019,1657543.897,3547847.189,487718.1258
Cambodia,KHM,1990,2138786.333,5127802.353,630523.6038
Cambodia,KHM,1991,2166514.998,5049148.528,633417.647
Cambodia,KHM,1992,2198794.246,4958186.588,619818.936
Cambodia,KHM,1993,2234256.837,4873009.147,633651.1847
Cambodia,KHM,1994,2269629.984,4804681.287,690077.2002
Cambodia,KHM,1995,2301269.034,4700569.276,652724.3979
Cambodia,KHM,1996,2321945.822,4577841.859,663379.8381
Cambodia,KHM,1997,2334877.645,4447164.77,636306.4571
Cambodia,KHM,1998,2361485.117,4339902.686,614227.3167
Cambodia,KHM,1999,2386618.803,4165941.732,586538.2701
Cambodia,KHM,2000,2402576.647,4025112.324,595632.8656
Cambodia,KHM,2001,2432916.201,3831903.271,575530.4301
Cambodia,KHM,2002,2467339.87,3617795.688,577266.371
Cambodia,KHM,2003,2490510.444,3424163.405,568646.4209
Cambodia,KHM,2004,2517443.821,3225225.422,563936.7305
Cambodia,KHM,2005,2539947.42,3026336.114,559323.507
Cambodia,KHM,2006,2553575.906,2860753.89,542658.9086
Cambodia,KHM,2007,2584525.893,2696782.609,540093.22
Cambodia,KHM,2008,2612511.746,2536396.407,530545.0492
Cambodia,KHM,2009,2643649.368,2417889.716,525390.4437
Cambodia,KHM,2010,2695119.168,2296066.966,547632.0599
Cambodia,KHM,2011,2739470.544,2180968.841,533101.558
Cambodia,KHM,2012,2793475.744,2070708.321,520524.3891
Cambodia,KHM,2013,2844585.204,1986796.509,528837.629
Cambodia,KHM,2014,2906239.531,1909627.846,523441.5927
Cambodia,KHM,2015,2970829.734,1843916.364,522651.1572
Cambodia,KHM,2016,3036171.346,1780182.648,524862.1581
Cambodia,KHM,2017,3103200.982,1720498.651,523684.7133
Cambodia,KHM,2018,3174267.198,1654013.405,525658.4306
Cambodia,KHM,2019,3243329.33,1602953.546,523902.7749
Cameroon,CMR,1990,1655243.012,6368734.855,370968.1248
Cameroon,CMR,1991,1712745.676,6568134.967,393312.7731
Cameroon,CMR,1992,1777878.298,6832959.915,409461.7113
Cameroon,CMR,1993,1848366.616,7102584.119,429218.9594
Cameroon,CMR,1994,1910918.525,7313456.291,452241.6377
Cameroon,CMR,1995,1976748.092,7609311.571,482691.3183
Cameroon,CMR,1996,2050272.246,7964939.469,481466.6047
Cameroon,CMR,1997,2135307.62,8321615.279,504803.59
Cameroon,CMR,1998,2224660.876,8718339.708,538800.7741
Cameroon,CMR,1999,2310720.067,9102206.11,553266.2016
Cameroon,CMR,2000,2404921.076,9516898.589,576601.3746
Cameroon,CMR,2001,2484149.635,9928803.532,589962.6394
Cameroon,CMR,2002,2628193.106,10218244.26,641882.392
Cameroon,CMR,2003,2727166.973,10527278.86,673803.9672
Cameroon,CMR,2004,2811387.65,10759036.96,680786.3615
Cameroon,CMR,2005,2906555.32,10894276.03,706338.0001
Cameroon,CMR,2006,3004029.896,10973089,731705.917
Cameroon,CMR,2007,3080169.102,11022110.27,741309.2565
Cameroon,CMR,2008,3171403.197,10959045.14,753524.9659
Cameroon,CMR,2009,3292491.625,10826338.15,771630.499
Cameroon,CMR,2010,3427699.308,10651070.45,810727.9643
Cameroon,CMR,2011,3554344.437,10501727.96,838416.2866
Cameroon,CMR,2012,3654241.25,10257029.46,847966.2733
Cameroon,CMR,2013,3764509.609,10125119.15,871207.0105
Cameroon,CMR,2014,3854031.896,9975235.576,960420.2611
Cameroon,CMR,2015,3906695.461,9747538.124,993628.0866
Cameroon,CMR,2016,4022546.322,9324693.479,972488.4216
Cameroon,CMR,2017,4098811.039,8910577.79,967929.804
Cameroon,CMR,2018,4187538.596,8527449.181,1025036.876
Cameroon,CMR,2019,4275622.092,8291011.164,965883.2035
Canada,CAN,1990,5980358.1,411610.4643,868712.1273
Canada,CAN,1991,6045951.396,416864.484,862700.2546
Canada,CAN,1992,6119433.972,424593.31,857157.9446
Canada,CAN,1993,6224399.628,437261.5526,856866.3077
Canada,CAN,1994,6293983.525,444543.6665,850046.9427
Canada,CAN,1995,6366658.479,459118.5022,843287.4416
Canada,CAN,1996,6417277.825,434945.5313,837679.8052
Canada,CAN,1997,6466536.265,403313.4579,831972.5378
Canada,CAN,1998,6523053.998,390947.0444,829325.2249
Canada,CAN,1999,6567512.943,381763.305,827866.8354
Canada,CAN,2000,6611057.117,377196.5563,818371.5805
Canada,CAN,2001,6667095.015,374249.3061,818908.5995
Canada,CAN,2002,6743004.027,375367.8923,820102.0093
Canada,CAN,2003,6818862.126,382169.707,822755.1307
Canada,CAN,2004,6873943.585,385772.0948,822449.194
Canada,CAN,2005,6949223.727,396014.6458,834411.3979
Canada,CAN,2006,7010586.05,397678.4651,835431.4051
Canada,CAN,2007,7124385.414,405252.9314,841423.6398
Canada,CAN,2008,7220010.164,408878.5757,847312.5172
Canada,CAN,2009,7292835.516,409039.8149,847215.8223
Canada,CAN,2010,7358845.409,411017.1854,850899.8265
Canada,CAN,2011,7428503.048,410613.0214,848603.7841
Canada,CAN,2012,7543640.656,413596.434,857974.4018
Canada,CAN,2013,7649399.155,417926.6878,864454.5787
Canada,CAN,2014,7786472.13,419991.8621,875884.8931
Canada,CAN,2015,7899559.438,422462.9306,887780.2307
Canada,CAN,2016,8078667.558,424395.222,907554.5583
Canada,CAN,2017,8248757.314,423971.3174,916116.3435
Canada,CAN,2018,8472235.282,427680.552,920651.8055
Canada,CAN,2019,8633778.434,429529.2666,919731.3846
Cape Verde,CPV,1990,54285.23291,81365.46876,9926.660814
Cape Verde,CPV,1991,55320.6695,82365.31654,10245.27142
Cape Verde,CPV,1992,56411.03581,81752.22366,10637.34582
Cape Verde,CPV,1993,57902.5518,81253.84107,11205.36748
Cape Verde,CPV,1994,59318.25446,82721.0998,11849.52062
Cape Verde,CPV,1995,60631.34481,96212.54457,12565.81567
Cape Verde,CPV,1996,62755.39122,80385.74724,13658.39117
Cape Verde,CPV,1997,64855.56865,79251.01739,14854.0097
Cape Verde,CPV,1998,65656.35904,77340.8361,15594.81469
Cape Verde,CPV,1999,66947.36829,76962.08842,17479.79714
Cape Verde,CPV,2000,67613.52922,74013.92354,16644.52135
Cape Verde,CPV,2001,68621.22936,71741.02024,16800.45204
Cape Verde,CPV,2002,69692.26499,69837.72596,16986.48404
Cape Verde,CPV,2003,70553.11072,67397.7312,17046.53562
Cape Verde,CPV,2004,71472.5609,64792.56085,17149.02355
Cape Verde,CPV,2005,72371.30647,61906.66253,17244.61531
Cape Verde,CPV,2006,71971.59452,57652.69392,17050.24277
Cape Verde,CPV,2007,72529.51827,54360.87388,20077.915
Cape Verde,CPV,2008,73481.52311,51514.65644,17111.86534
Cape Verde,CPV,2009,74602.33776,49676.31178,17486.61947
Cape Verde,CPV,2010,76021.28733,46536.94799,17844.73196
Cape Verde,CPV,2011,77697.24244,43932.31688,17998.03618
Cape Verde,CPV,2012,79673.37202,42701.62919,18235.40585
Cape Verde,CPV,2013,81158.80741,40674.8717,18374.44601
Cape Verde,CPV,2014,83063.02932,38753.23362,18654.81657
Cape Verde,CPV,2015,84999.18615,37438.06455,19941.82013
Cape Verde,CPV,2016,87495.95545,36224.52929,18625.86534
Cape Verde,CPV,2017,89461.61043,34949.15973,18579.32364
Cape Verde,CPV,2018,96042.68086,34401.5348,17878.84735
Cape Verde,CPV,2019,97013.88411,33562.27488,17680.10962
Central African Republic,CAF,1990,594451.8057,2467143.765,199311.2412
Central African Republic,CAF,1991,608909.8951,2571047.453,206563.9974
Central African Republic,CAF,1992,615891.8184,2715520.767,208791.3913
Central African Republic,CAF,1993,632296.2434,2854981.929,216838.0273
Central African Republic,CAF,1994,645029.2691,2990205.265,221736.8928
Central African Republic,CAF,1995,656022.1122,3130975.485,225036.7986
Central African Republic,CAF,1996,677784.1605,3252058.009,241901.8041
Central African Republic,CAF,1997,689458.2372,3371778.79,253159.9233
Central African Republic,CAF,1998,707211.509,3453488.14,257698.5257
Central African Republic,CAF,1999,725010.7395,3532876.782,270877.8858
Central African Republic,CAF,2000,732889.6575,3610345.406,276044.5762
Central African Republic,CAF,2001,745735.0064,3652351.136,299925.651
Central African Republic,CAF,2002,762351.5238,3668952.322,317535.1738
Central African Republic,CAF,2003,776904.7348,3711588.686,307254.755
Central African Republic,CAF,2004,791101.8115,3750581.476,309406.1486
Central African Republic,CAF,2005,805165.6456,3766393.862,310132.6399
Central African Republic,CAF,2006,827671.8454,3740319.697,341076.4619
Central African Republic,CAF,2007,843435.0451,3726123.026,349759.5989
Central African Republic,CAF,2008,856832.824,3686621.06,341555.8296
Central African Republic,CAF,2009,879031.9469,3649902.631,362707.0154
Central African Republic,CAF,2010,908155.7315,3632631.562,376495.6607
Central African Republic,CAF,2011,926514.7039,3600491.458,378078.6128
Central African Republic,CAF,2012,930466.5799,3538256.662,368406.9845
Central African Republic,CAF,2013,935570.3906,3487458.404,673263.3831
Central African Republic,CAF,2014,936532.5014,3412716.455,741570.7626
Central African Republic,CAF,2015,946013.0274,3311386.419,430688.6546
Central African Republic,CAF,2016,956539.2287,3228300.212,422223.7679
Central African Republic,CAF,2017,970329.5583,3141782.058,518597.9559
Central African Republic,CAF,2018,985014.9881,3068867.312,422377.5653
Central African Republic,CAF,2019,1000223.979,3014630.66,388818.0591
Chad,TCD,1990,1106336.172,5774789.154,319235.1075
Chad,TCD,1991,1120551.905,5978955.535,285590.7206
Chad,TCD,1992,1151822.717,5989160.188,376013.5483
Chad,TCD,1993,1188473.215,6139289.403,318096.7091
Chad,TCD,1994,1214188.286,6302304.813,339462.4704
Chad,TCD,1995,1245379.211,6496130.738,316986.0854
Chad,TCD,1996,1295012.023,6709975.045,331966.0928
Chad,TCD,1997,1336009.841,6944082.427,364350.973
Chad,TCD,1998,1376104.671,7177028.063,378748.4062
Chad,TCD,1999,1415910.289,7315806.009,407959.4205
Chad,TCD,2000,1452292.502,7559559.252,464770.7767
Chad,TCD,2001,1490869.536,7738497.783,428255.6155
Chad,TCD,2002,1529331.065,7912265.219,436480.588
Chad,TCD,2003,1575091.127,8088451.102,426747.3446
Chad,TCD,2004,1605007.222,8169303.899,440064.1368
Chad,TCD,2005,1633792.086,8179869,461705.6855
Chad,TCD,2006,1685301.888,8200293.801,624564.1045
Chad,TCD,2007,1750405.744,8200558.983,504505.3223
Chad,TCD,2008,1800557.277,8239160.097,550541.3218
Chad,TCD,2009,1852401.457,8264334,498366.079
Chad,TCD,2010,1910734.729,8262666.878,506975.6483
Chad,TCD,2011,1960084.807,8347816.19,508571.0849
Chad,TCD,2012,2012701.212,8341857.372,516302.8111
Chad,TCD,2013,2074392.679,8348645.116,535850.587
Chad,TCD,2014,2123729.731,8362977.314,543497.8671
Chad,TCD,2015,2194597.11,8317417.06,594022.4697
Chad,TCD,2016,2256107.351,8354586.227,566362.8343
Chad,TCD,2017,2323389.138,8435895.84,583681.2753
Chad,TCD,2018,2393364.226,8464996.507,614004.4272
Chad,TCD,2019,2459705.38,8496915.831,626720.0931
Chile,CHL,1990,2461758.95,520148.6077,624230.5568
Chile,CHL,1991,2437304.523,479182.1634,616328.0634
Chile,CHL,1992,2438785.672,463427.5264,587977.3497
Chile,CHL,1993,2472974.597,447250.0647,591849.337
Chile,CHL,1994,2513452.966,432650.2529,580234.1999
Chile,CHL,1995,2569596.838,426480.7548,583421.8834
Chile,CHL,1996,2610276.016,419611.185,575043.7473
Chile,CHL,1997,2628370.094,401441.062,562348.8928
Chile,CHL,1998,2676354.461,394796.2162,547155.0612
Chile,CHL,1999,2720178.436,382510.1582,532054.3941
Chile,CHL,2000,2751549.796,351725.3654,523011.7372
Chile,CHL,2001,2826830.343,339395.3786,528317.3209
Chile,CHL,2002,2864361.514,311721.0253,518229.076
Chile,CHL,2003,2930080.372,303346.6246,517251.2805
Chile,CHL,2004,2979830.609,304408.3512,520268.6583
Chile,CHL,2005,3000791.238,296514.0424,522744.0857
Chile,CHL,2006,3027848.239,294646.9989,519250.5986
Chile,CHL,2007,3069732.775,297566.4382,516372.7486
Chile,CHL,2008,3086510.504,295906.8412,522250.602
Chile,CHL,2009,3162679.848,305782.8446,527775.4606
Chile,CHL,2010,3216236.056,301674.3226,550065.924
Chile,CHL,2011,3251142.123,302734.2336,512645.8415
Chile,CHL,2012,3296844.436,300146.2365,503015.0274
Chile,CHL,2013,3354244.479,301047.2069,501882.4883
Chile,CHL,2014,3399687.348,305106.8145,505420.6924
Chile,CHL,2015,3454934.73,297241.9118,515692.9844
Chile,CHL,2016,3491639.519,291300.9556,505648.6351
Chile,CHL,2017,3574168.766,289766.6582,514381.8564
Chile,CHL,2018,3643633.879,289497.3514,515863.2579
Chile,CHL,2019,3710127.507,289529.0082,517285.6831
China,CHN,1990,250036135.7,106912365.6,55362057.84
China,CHN,1991,252597455.7,103887087.4,54660925.41
China,CHN,1992,254408110.8,98992856.23,53610233.84
China,CHN,1993,255906253.5,93326208.51,52868861.65
China,CHN,1994,257319981.2,88179923.38,53114124.47
China,CHN,1995,259196425.1,82391185.78,52970926.99
China,CHN,1996,260991251.7,76583352.92,52156105.69
China,CHN,1997,262017291.2,70538280.34,50882786.66
China,CHN,1998,264210597.7,64969592.79,50581778.64
China,CHN,1999,267943984.7,59699058.19,49521232.62
China,CHN,2000,272910341.2,54847165.06,48917172.61
China,CHN,2001,275473735.8,50025776.4,47557278.81
China,CHN,2002,278438272.1,45512557.35,46328146.65
China,CHN,2003,281511132.1,41472128.23,46073391
China,CHN,2004,286323816.4,38498088.66,46325296.23
China,CHN,2005,287176624.3,35870314.03,45422072.3
China,CHN,2006,284440815,33380484.91,43935343.39
China,CHN,2007,283973107.4,31271371.72,43066216.76
China,CHN,2008,286177971,29827825.45,47122059.48
China,CHN,2009,289173436.4,28486642,42609219.04
China,CHN,2010,293019139,27013155.69,42227314.12
China,CHN,2011,295761448.7,26127233.19,40355424
China,CHN,2012,297330095.4,25662831.22,38861111.88
China,CHN,2013,299286678.6,24935273.19,37905717.62
China,CHN,2014,301933553.1,24230855.78,37275651.93
China,CHN,2015,304811336.4,24577256.72,36439359.09
China,CHN,2016,310204381.1,24902750.82,36187303.51
China,CHN,2017,314747193.2,23696346.15,35833684.58
China,CHN,2018,319066226.4,22614056.41,35676249.85
China,CHN,2019,324637810.5,21948791.67,35618966.21
Colombia,COL,1990,4878732.213,2860853.598,2672506.323
Colombia,COL,1991,5068177.435,2901605.63,2952749.979
Colombia,COL,1992,5195626.08,2898281.163,3037691.526
Colombia,COL,1993,5318160.156,2799655.329,2985943.695
Colombia,COL,1994,5432371.69,2717863.433,3009686.396
Colombia,COL,1995,5497422.319,2682515.402,2951894.664
Colombia,COL,1996,5634183.768,2577904.628,3024020.061
Colombia,COL,1997,5630052.646,2559124.02,2982529.968
Colombia,COL,1998,5696658.656,2493958.05,3029390.169
Colombia,COL,1999,5879220.307,2340578.564,3171003.805
Colombia,COL,2000,5989927.855,2306880.178,3260009.809
Colombia,COL,2001,6106138.78,2290325.344,3298510.114
Colombia,COL,2002,6464896.045,2237465.47,3705299.033
Colombia,COL,2003,6457997.145,2178696.394,2843102.259
Colombia,COL,2004,6558196.585,2109556.856,2754915.902
Colombia,COL,2005,6570975.453,2048504.663,2538197.767
Colombia,COL,2006,6715773.675,1990757.486,2485586.805
Colombia,COL,2007,6732398.971,1921516,2386381.589
Colombia,COL,2008,6847626.785,1836358.277,2365463.504
Colombia,COL,2009,7017879.979,1791204.725,2410733.068
Colombia,COL,2010,7082340.163,1719543.349,2358413.486
Colombia,COL,2011,7059412.341,1610981.221,2247301.638
Colombia,COL,2012,7161912.661,1570657.609,2176554.617
Colombia,COL,2013,7249130.143,1547554.229,2104774.222
Colombia,COL,2014,7351939.196,1501732.098,2007407.832
Colombia,COL,2015,7520023.093,1481026.095,1994453.543
Colombia,COL,2016,7688695.057,1403918.206,2027639.757
Colombia,COL,2017,7876594.761,1381619.534,2094580.608
Colombia,COL,2018,8041279.134,1350135.129,2075076.149
Colombia,COL,2019,8180313.645,1329645.204,2057580.091
Comoros,COM,1990,78160.29242,263256.9811,16974.72853
Comoros,COM,1991,79709.44152,261495.8238,17576.14887
Comoros,COM,1992,82930.18986,256245.4904,18743.13946
Comoros,COM,1993,84495.62661,252900.8483,19090.33522
Comoros,COM,1994,86957.77267,249152.4769,19912.45858
Comoros,COM,1995,88525.35509,245311.2753,20315.78084
Comoros,COM,1996,89816.05032,242189.0483,32005.7987
Comoros,COM,1997,90284.81521,239013.7934,24432.64066
Comoros,COM,1998,89591.35957,240393.0192,24349.00786
Comoros,COM,1999,89529.2264,233815.9554,19219.77653
Comoros,COM,2000,91275.26955,234026.7975,19446.24864
Comoros,COM,2001,91790.0182,221052.7815,18971.88426
Comoros,COM,2002,92557.04685,218052.6706,19697.1851
Comoros,COM,2003,92468.60958,208644.4275,18254.3702
Comoros,COM,2004,92158.02157,203337.1815,18606.81095
Comoros,COM,2005,95084.32292,194212.226,21218.35907
Comoros,COM,2006,93323.4309,192967.5982,20177.28844
Comoros,COM,2007,99254.46695,181516.7181,24979.97404
Comoros,COM,2008,101689.8128,172348.2767,21423.01048
Comoros,COM,2009,99517.34886,172748.1063,29451.56389
Comoros,COM,2010,97904.97184,173026.2548,16709.46837
Comoros,COM,2011,100954.7661,165565.2401,24436.46388
Comoros,COM,2012,102471.2541,160099.4838,19781.55192
Comoros,COM,2013,104316.3265,152718.8983,19968.17152
Comoros,COM,2014,112959.7067,134784.2618,23096.36633
Comoros,COM,2015,114511.1868,129710.1299,23220.04102
Comoros,COM,2016,115987.4046,125425.5945,23292.22723
Comoros,COM,2017,117779.7373,120860.3655,23535.23974
Comoros,COM,2018,117403.6809,119656.0811,22878.12819
Comoros,COM,2019,118499.1043,117613.2352,22959.42361
Congo,COG,1990,472306.9009,1314813.049,125410.89
Congo,COG,1991,477936.1021,1373342.608,130397.6837
Congo,COG,1992,486420.4302,1429657.996,127357.4759
Congo,COG,1993,497822.6572,1492586.38,158902.5493
Congo,COG,1994,521696.668,1537002.758,151662.1154
Congo,COG,1995,535854.9194,1595096.56,145262.0719
Congo,COG,1996,552935.4043,1643819.109,151700.8295
Congo,COG,1997,568814.4884,1670413.259,861898.7207
Congo,COG,1998,563394.3631,1719987.741,422774.9421
Congo,COG,1999,572418.0719,1726361.043,243276.6168
Congo,COG,2000,572538.9919,1735234.156,210715.9103
Congo,COG,2001,568388.5059,1741866.443,170460.1895
Congo,COG,2002,571960.4028,1730719.835,181333.7917
Congo,COG,2003,589504.1247,1720256.545,174122.5512
Congo,COG,2004,602303.7146,1685167.204,174193.4751
Congo,COG,2005,618356.1022,1637818.124,177556.6032
Congo,COG,2006,632292.1492,1594119.378,176358.4977
Congo,COG,2007,649116.989,1556974.534,179076.9787
Congo,COG,2008,665546.8603,1499361.703,179564.8498
Congo,COG,2009,679955.209,1440854.962,187435.5382
Congo,COG,2010,691510.3786,1417985.411,182041.214
Congo,COG,2011,702676.5437,1376543.895,174756.1808
Congo,COG,2012,723656.5252,1330262.371,199686.3116
Congo,COG,2013,740262.6347,1302164.35,181550.7207
Congo,COG,2014,758323.5887,1265155.919,179971.9929
Congo,COG,2015,772153.6897,1208364.482,178111.0214
Congo,COG,2016,787211.9553,1142616.881,181559.1427
Congo,COG,2017,806179.1125,1100752.889,179529.5496
Congo,COG,2018,827884.9309,1062572.477,183363.7399
Congo,COG,2019,850532.2968,1031770.301,182447.3016
Cook Islands,COK,1990,3801.793675,1351.717679,777.0984457
Cook Islands,COK,1991,3810.786119,1078.329425,721.0245205
Cook Islands,COK,1992,3819.227908,1026.347786,697.7681161
Cook Islands,COK,1993,3820.997478,975.0972822,674.857793
Cook Islands,COK,1994,3828.663524,943.3495715,656.6346558
Cook Islands,COK,1995,3846.670398,911.5267797,640.6329178
Cook Islands,COK,1996,3869.312864,880.4750422,625.5983711
Cook Islands,COK,1997,3897.846088,847.8379607,1225.4371
Cook Islands,COK,1998,3925.087908,818.4447684,599.0814529
Cook Islands,COK,1999,3969.409427,785.0207546,586.5766947
Cook Islands,COK,2000,4014.837538,755.4576298,571.1305392
Cook Islands,COK,2001,4038.684162,726.5937031,555.3624032
Cook Islands,COK,2002,4085.395594,703.1480595,548.1138778
Cook Islands,COK,2003,4120.111511,687.0427273,544.6594311
Cook Islands,COK,2004,4158.144541,672.6441867,541.7134251
Cook Islands,COK,2005,4196.072032,651.5699456,537.1788149
Cook Islands,COK,2006,4212.144119,628.5256006,526.8956866
Cook Islands,COK,2007,4235.221453,602.4666284,513.9672665
Cook Islands,COK,2008,4240.752161,573.3456151,496.7737478
Cook Islands,COK,2009,4262.115766,546.347318,481.2807946
Cook Islands,COK,2010,4317.9646,532.1513628,469.8324806
Cook Islands,COK,2011,4386.093097,519.2315227,460.0324733
Cook Islands,COK,2012,4445.981169,508.7672989,452.6031307
Cook Islands,COK,2013,4502.921994,498.5108053,451.8711215
Cook Islands,COK,2014,4558.61546,496.5671686,448.7770642
Cook Islands,COK,2015,4629.884225,501.0046665,442.1053867
Cook Islands,COK,2016,4704.274289,506.9873249,442.6792329
Cook Islands,COK,2017,4766.243119,507.9639835,444.9713836
Cook Islands,COK,2018,4827.568999,510.6905276,444.4217468
Cook Islands,COK,2019,4886.890356,514.1939534,443.316592
Costa Rica,CRI,1990,429785.4901,123364.3643,89666.86539
Costa Rica,CRI,1991,443674.1295,122676.7746,92527.37764
Costa Rica,CRI,1992,459828.56,121158.3194,95639.93083
Costa Rica,CRI,1993,471151.0096,119664.9134,96650.20209
Costa Rica,CRI,1994,493145.9701,121096.6634,101401.3598
Costa Rica,CRI,1995,515481.1758,122549.336,106334.9508
Costa Rica,CRI,1996,518869.2967,118566.0412,108014.3076
Costa Rica,CRI,1997,537517.8198,123344.7886,108316.5888
Costa Rica,CRI,1998,551610.1659,115332.871,110617.3458
Costa Rica,CRI,1999,570301.4292,111158.0581,114658.0405
Costa Rica,CRI,2000,572079.1487,104397.7632,111733.5556
Costa Rica,CRI,2001,589944.7414,105977.3794,111737.6677
Costa Rica,CRI,2002,596359.4856,102451.2183,114123.6162
Costa Rica,CRI,2003,610710.0343,99531.29165,116495.6833
Costa Rica,CRI,2004,625892.2889,95750.5985,118310.8273
Costa Rica,CRI,2005,622002.4738,93285.95954,114095.9703
Costa Rica,CRI,2006,649598.2642,95011.04393,121487.056
Costa Rica,CRI,2007,634773.7168,92990.26169,115360.5196
Costa Rica,CRI,2008,654683.5166,91336.9017,119663.2219
Costa Rica,CRI,2009,665674.7495,87854.72219,119780.8849
Costa Rica,CRI,2010,712371.7966,93146.06953,131821.1015
Costa Rica,CRI,2011,712788.1237,91471.8638,127156.2755
Costa Rica,CRI,2012,725058.2623,92145.71055,128123.9661
Costa Rica,CRI,2013,740594.3215,90382.89572,128751.264
Costa Rica,CRI,2014,753753.6649,90641.57708,132020.05
Costa Rica,CRI,2015,777667.2892,89679.89084,141995.0616
Costa Rica,CRI,2016,809024.1448,90956.71218,152550.7197
Costa Rica,CRI,2017,826233.0108,88243.3732,152956.0205
Costa Rica,CRI,2018,843271.6816,86451.33223,147258.6573
Costa Rica,CRI,2019,858381.7779,85036.50238,146395.5616
Cote d'Ivoire,CIV,1990,1928653.815,8523858.394,458047.0565
Cote d'Ivoire,CIV,1991,2007649.519,8983966.08,474073.0327
Cote d'Ivoire,CIV,1992,2092701.638,9512921.333,491249.1566
Cote d'Ivoire,CIV,1993,2193222.821,10087080.54,519667.9778
Cote d'Ivoire,CIV,1994,2291148.002,10724316.26,545240.2867
Cote d'Ivoire,CIV,1995,2384371.352,11349449.79,572242.6196
Cote d'Ivoire,CIV,1996,2461575.369,11779786.72,587474.3837
Cote d'Ivoire,CIV,1997,2530921.723,12166647.21,601850.3666
Cote d'Ivoire,CIV,1998,2607110.69,12498782.87,621861.4756
Cote d'Ivoire,CIV,1999,2673449.701,12724503.89,640573.9192
Cote d'Ivoire,CIV,2000,2736261.38,12810079.11,670819.3133
Cote d'Ivoire,CIV,2001,2791907.353,12911513.67,657533.5025
Cote d'Ivoire,CIV,2002,2841395.041,12966203.76,745148.9338
Cote d'Ivoire,CIV,2003,2894474.233,13002141.98,748034.5774
Cote d'Ivoire,CIV,2004,2943770.128,12945628.74,726059.9633
Cote d'Ivoire,CIV,2005,2980729.213,12763722.59,701543.5441
Cote d'Ivoire,CIV,2006,3041381.113,12394825.43,701687.0905
Cote d'Ivoire,CIV,2007,3070247.078,12067988.19,701965.6919
Cote d'Ivoire,CIV,2008,3098630.687,11676469.85,699268.7269
Cote d'Ivoire,CIV,2009,3152349.084,11434947.12,709348.4736
Cote d'Ivoire,CIV,2010,3206164.586,11289768.35,727460.4956
Cote d'Ivoire,CIV,2011,3249636.429,11079198.68,849300.7269
Cote d'Ivoire,CIV,2012,3339845.491,10592375.49,748659.4007
Cote d'Ivoire,CIV,2013,3449697.486,10237887.79,776749.5268
Cote d'Ivoire,CIV,2014,3526084.182,9889009.038,795877.1508
Cote d'Ivoire,CIV,2015,3593280.13,9448726.168,802042.1668
Cote d'Ivoire,CIV,2016,3588318.116,9046859.518,783652.8866
Cote d'Ivoire,CIV,2017,3612443.558,8650820.173,767828.8022
Cote d'Ivoire,CIV,2018,3688643.848,8216834.003,771608.4255
Cote d'Ivoire,CIV,2019,3722986.857,7944311.294,759110.3888
Croatia,HRV,1990,1423984.613,97017.57285,256775.6382
Croatia,HRV,1991,1400969.588,93017.05774,335428.9932
Croatia,HRV,1992,1395746.275,91996.38156,301027.5979
Croatia,HRV,1993,1392692.712,89871.5835,281140.2964
Croatia,HRV,1994,1385635.245,88520.07723,241151.4252
Croatia,HRV,1995,1390972.326,86181.08983,274979.8913
Croatia,HRV,1996,1404245.985,85706.71666,225847.7251
Croatia,HRV,1997,1418863.862,86119.00548,215397.9263
Croatia,HRV,1998,1400887.179,81277.0976,207462.5519
Croatia,HRV,1999,1385409.652,78777.10367,201045.8434
Croatia,HRV,2000,1351006.425,75328.88985,195383.1373
Croatia,HRV,2001,1337533.5,72998.69062,191136.5635
Croatia,HRV,2002,1340066.43,71689.86241,188038.8007
Croatia,HRV,2003,1352135.031,70023.26098,187047.5062
Croatia,HRV,2004,1321222.842,68105.46399,181246.6092
Croatia,HRV,2005,1335866.294,66291.04601,181964.701
Croatia,HRV,2006,1318152.791,62540.57513,178363.8136
Croatia,HRV,2007,1335198.694,60120.33609,179945.4001
Croatia,HRV,2008,1348905.353,57121.49513,179791.1008
Croatia,HRV,2009,1318120.049,54675.00598,173146.9565
Croatia,HRV,2010,1310874.84,50766.49194,168923.6791
Croatia,HRV,2011,1299407.286,48526.90131,166065.311
Croatia,HRV,2012,1295921.416,46630.16487,164765.1248
Croatia,HRV,2013,1270814.706,45804.61666,159681.9419
Croatia,HRV,2014,1278720.305,45068.20121,157805.9574
Croatia,HRV,2015,1308910.319,45421.24253,158573.7818
Croatia,HRV,2016,1262923.992,44544.63936,154950.1757
Croatia,HRV,2017,1267864.735,43905.56928,155164.0042
Croatia,HRV,2018,1269946.122,43376.34175,155621.8873
Croatia,HRV,2019,1277757.161,42941.13058,155470.1948
Cuba,CUB,1990,2178055.915,322054.2411,477416.4847
Cuba,CUB,1991,2195231.521,311383.8685,479943.9032
Cuba,CUB,1992,2235292.231,301773.13,474603.3318
Cuba,CUB,1993,2270776.176,299769.0915,479015.0502
Cuba,CUB,1994,2293177.542,305298.6957,480011.0216
Cuba,CUB,1995,2305310.415,301633.4567,465477.9445
Cuba,CUB,1996,2305118.916,286833.3469,440620.9551
Cuba,CUB,1997,2307665.258,282541.649,433012.1381
Cuba,CUB,1998,2337316.931,282982.0105,423165.4216
Cuba,CUB,1999,2355644.32,281319.629,405140.9161
Cuba,CUB,2000,2350907.713,277443.672,383372.3917
Cuba,CUB,2001,2375229.646,273181.0983,369329.5027
Cuba,CUB,2002,2339264.297,262305.9922,350331.546
Cuba,CUB,2003,2385418.717,259422.4377,342003.0279
Cuba,CUB,2004,2418478.618,255707.8899,336473.4315
Cuba,CUB,2005,2470075.104,254054.3005,337245.4215
Cuba,CUB,2006,2436353.471,239484.0341,318274.92
Cuba,CUB,2007,2470609.205,237102.2104,315720.6368
Cuba,CUB,2008,2512960.345,238128.3197,315893.5416
Cuba,CUB,2009,2547608.317,238564.5268,319490.4354
Cuba,CUB,2010,2586474.707,239205.157,320745.1629
Cuba,CUB,2011,2542574.298,238864.6797,312074.5863
Cuba,CUB,2012,2612485.71,243429.2279,322404.6547
Cuba,CUB,2013,2656421.172,247794.9681,321280.9659
Cuba,CUB,2014,2705280.537,251795.8373,320241.9462
Cuba,CUB,2015,2783037.065,261383.246,327655.8442
Cuba,CUB,2016,2806649.63,256462.4038,328936.4493
Cuba,CUB,2017,2880050.096,257306.0785,335704.9251
Cuba,CUB,2018,2911280.034,254303.5535,339345.778
Cuba,CUB,2019,2899579.72,249793.5168,331637.8282
Cyprus,CYP,1990,169705.8371,18045.57698,23776.43126
Cyprus,CYP,1991,174437.8467,17756.29781,24139.40217
Cyprus,CYP,1992,178713.7262,17102.5988,24610.5984
Cyprus,CYP,1993,181569.6419,16244.80981,25223.68442
Cyprus,CYP,1994,182965.7273,15376.56941,25947.37265
Cyprus,CYP,1995,185313.8108,14595.857,26383.35736
Cyprus,CYP,1996,186987.8672,13965.04123,26910.55288
Cyprus,CYP,1997,189622.9249,13356.48533,27378.11618
Cyprus,CYP,1998,193118.9744,12792.73711,29665.56306
Cyprus,CYP,1999,195791.6222,12267.43003,27816.35475
Cyprus,CYP,2000,196779.7472,11719.72821,28012.02547
Cyprus,CYP,2001,197749.3808,11278.32854,27840.44388
Cyprus,CYP,2002,200501.0572,11030.92016,27941.92421
Cyprus,CYP,2003,203214.7487,10872.12403,27480.53547
Cyprus,CYP,2004,207558.9846,10780.86203,27841.1184
Cyprus,CYP,2005,213014.0572,10822.49807,29343.02161
Cyprus,CYP,2006,218436.9989,10722.68774,27704.71847
Cyprus,CYP,2007,223212.1702,10669.7694,27914.24435
Cyprus,CYP,2008,225320.4522,10652.63734,27402.60189
Cyprus,CYP,2009,228031.1397,10665.47975,27004.24567
Cyprus,CYP,2010,230258.7148,10625.94222,26183.57969
Cyprus,CYP,2011,232357.139,10607.67677,26316.50735
Cyprus,CYP,2012,235738.4956,10669.63273,25532.44976
Cyprus,CYP,2013,240745.9662,10643.84309,25786.81674
Cyprus,CYP,2014,246909.1279,10884.31467,26119.36167
Cyprus,CYP,2015,252801.1889,11185.33449,26397.31378
Cyprus,CYP,2016,256909.3601,11359.66454,26960.02184
Cyprus,CYP,2017,262089.8278,11426.31246,27693.3981
Cyprus,CYP,2018,269323.4223,11564.29012,30456.65269
Cyprus,CYP,2019,277136.7518,11705.26351,31860.45057
Czechia,CZE,1990,3279680.266,194172.5767,525057.1095
Czechia,CZE,1991,3181959.858,188083.162,517717.9343
Czechia,CZE,1992,3127924.075,179200.5277,515923.3407
Czechia,CZE,1993,3043429.337,167825.1722,503072.2675
Czechia,CZE,1994,3020277.657,161054.0017,500834.781
Czechia,CZE,1995,3028440.463,154584.7127,494896.4951
Czechia,CZE,1996,2951961.928,146434.7276,478890.6895
Czechia,CZE,1997,2956718.853,144178.6572,478733.0029
Czechia,CZE,1998,2883844.724,137446.3531,462202.0627
Czechia,CZE,1999,2867408.009,135304.194,458423.0016
Czechia,CZE,2000,2871110.21,134713.5575,459234.8112
Czechia,CZE,2001,2854890.627,134132.6554,459152.8911
Czechia,CZE,2002,2853026.354,134174.1825,456008.2539
Czechia,CZE,2003,2905296.905,136035.7319,461439.2918
Czechia,CZE,2004,2853260.739,135019.2687,453187.1699
Czechia,CZE,2005,2854373.875,136172.8068,447076.2595
Czechia,CZE,2006,2808267.477,136163.5131,437234.6294
Czechia,CZE,2007,2813826.162,137730.1428,433731.3708
Czechia,CZE,2008,2832693.23,138275.3428,430638.215
Czechia,CZE,2009,2832570.899,139115.5467,423966.249
Czechia,CZE,2010,2841197.506,138300.6412,420772.6913
Czechia,CZE,2011,2855979.21,137340.4742,414344.5125
Czechia,CZE,2012,2859580.902,137168.8892,408097.3728
Czechia,CZE,2013,2863391.7,137317.7925,400923.8916
Czechia,CZE,2014,2837594.272,137566.1071,392469.135
Czechia,CZE,2015,2866404.057,140554.9266,390416.7806
Czechia,CZE,2016,2873471.956,144215.4349,390869.0232
Czechia,CZE,2017,2890462.089,145099.8123,393441.0555
Czechia,CZE,2018,2930672.662,141726.6124,388298.5409
Czechia,CZE,2019,2944153.323,138935.0441,372350.6355
Democratic Republic of Congo,COD,1990,7215696.871,29454308.66,2521170.625
Democratic Republic of Congo,COD,1991,7396122.929,30200615.49,2573841.013
Democratic Republic of Congo,COD,1992,7535843.015,30879834.97,2613002.327
Democratic Republic of Congo,COD,1993,7645631.425,31766385.77,2822072.088
Democratic Republic of Congo,COD,1994,7772096.425,33136808.64,2657903.563
Democratic Republic of Congo,COD,1995,7939094.973,33611373.52,2729423.703
Democratic Republic of Congo,COD,1996,8133563.269,34486122.9,5149610.915
Democratic Republic of Congo,COD,1997,8167509.178,35121774.03,3790896.869
Democratic Republic of Congo,COD,1998,8313228.608,35806222.48,3535608.441
Democratic Republic of Congo,COD,1999,8456904.32,36257007.88,3563549.454
Democratic Republic of Congo,COD,2000,8643113.245,36747405.9,3199971.754
Democratic Republic of Congo,COD,2001,8823491.048,36941019.47,3192084.79
Democratic Republic of Congo,COD,2002,8957671.7,37187427.06,3648659.96
Democratic Republic of Congo,COD,2003,9206698.308,37267126.27,3445976.41
Democratic Republic of Congo,COD,2004,9329618.929,37055260.18,3188444.606
Democratic Republic of Congo,COD,2005,9477157.253,36552350.28,3202597.82
Democratic Republic of Congo,COD,2006,9677576.153,36177311.81,3239058.78
Democratic Republic of Congo,COD,2007,9857695.504,35790598.48,3307795.292
Democratic Republic of Congo,COD,2008,10085555.96,35303709.61,3530152.519
Democratic Republic of Congo,COD,2009,10299691.1,34500126,3770927.432
Democratic Republic of Congo,COD,2010,10479730.83,33555548.63,3421947.07
Democratic Republic of Congo,COD,2011,10736101.09,32529249.25,3395010.406
Democratic Republic of Congo,COD,2012,10998847.39,31176466.47,3544023.504
Democratic Republic of Congo,COD,2013,11239282.44,29506382.56,3598211.09
Democratic Republic of Congo,COD,2014,11460338.56,27783018.96,3542852.555
Democratic Republic of Congo,COD,2015,11608470.79,26074114.72,3587578.318
Democratic Republic of Congo,COD,2016,11750639.93,24830812.53,3597762.898
Democratic Republic of Congo,COD,2017,11930148.98,23471901.32,3907122.871
Democratic Republic of Congo,COD,2018,12258398.01,22105876.91,3629317.242
Democratic Republic of Congo,COD,2019,12488920.79,21528550.33,3484932.125
Denmark,DNK,1990,1560973.58,76178.53367,190298.8878
Denmark,DNK,1991,1556616.889,76309.53708,187707.4445
Denmark,DNK,1992,1564793.81,76075.68443,185064.7585
Denmark,DNK,1993,1573854.213,74769.17106,182639.5025
Denmark,DNK,1994,1582760.542,83884.55182,179024.1431
Denmark,DNK,1995,1581729.47,84943.53193,174630.7563
Denmark,DNK,1996,1568037.775,80360.16017,170545.9687
Denmark,DNK,1997,1553617.844,73008.16392,165409.5989
Denmark,DNK,1998,1535933.757,69185.42448,160265.2439
Denmark,DNK,1999,1545896.686,68687.32482,159769.6642
Denmark,DNK,2000,1520757.32,67856.09651,152252.1678
Denmark,DNK,2001,1523352.525,69511.12398,147748.8173
Denmark,DNK,2002,1522892.433,71415.95252,144992.2423
Denmark,DNK,2003,1509079.489,73593.94268,141177.2153
Denmark,DNK,2004,1494050.336,73840.95102,136977.3842
Denmark,DNK,2005,1477458.193,73621.14222,132813.0869
Denmark,DNK,2006,1479190.311,73067.65968,130615.2352
Denmark,DNK,2007,1479156.398,74762.75735,129753.1875
Denmark,DNK,2008,1469879.779,74767.94054,127265.2038
Denmark,DNK,2009,1467776.064,74563.22303,123016.8633
Denmark,DNK,2010,1459483.001,74074.82015,119178.9266
Denmark,DNK,2011,1442636.224,72677.13801,116817.1406
Denmark,DNK,2012,1436730.83,72074.11882,114101.9209
Denmark,DNK,2013,1434026.101,72050.85645,112636.7696
Denmark,DNK,2014,1430545.729,71563.21489,112363.0618
Denmark,DNK,2015,1434723.452,71435.00509,112427.3258
Denmark,DNK,2016,1451897.787,71674.47288,115145.7401
Denmark,DNK,2017,1469118.181,71965.10089,117724.0776
Denmark,DNK,2018,1488290.276,72329.11431,119128.1472
Denmark,DNK,2019,1508210.761,72914.52343,120229.3544
Djibouti,DJI,1990,65378.12853,235298.3998,19320.05025
Djibouti,DJI,1991,65935.22221,241495.6021,20527.06044
Djibouti,DJI,1992,67507.57331,242696.506,39760.85368
Djibouti,DJI,1993,71419.78558,251561.3498,19628.57265
Djibouti,DJI,1994,73161.31854,252165.1194,30079.22113
Djibouti,DJI,1995,76885.0178,253774.5709,20171.80407
Djibouti,DJI,1996,79769.54104,259823.1921,19895.71266
Djibouti,DJI,1997,82622.38687,271341.3006,21895.47195
Djibouti,DJI,1998,87158.48776,280508.8489,23304.06605
Djibouti,DJI,1999,90557.99535,286903.9366,25531.12996
Djibouti,DJI,2000,93587.66633,296736.9509,23704.25282
Djibouti,DJI,2001,97074.22084,304678.2721,24412.56838
Djibouti,DJI,2002,101464.2163,311078.6695,25570.56491
Djibouti,DJI,2003,104942.2412,314828.9724,25611.00184
Djibouti,DJI,2004,111929.3065,310494.7293,31210.02552
Djibouti,DJI,2005,115615.5989,310769.5897,28409.67459
Djibouti,DJI,2006,119405.5663,310926.5638,36199.47103
Djibouti,DJI,2007,124591.3831,308370.0153,30021.4061
Djibouti,DJI,2008,129176.3726,307250.6359,31197.37971
Djibouti,DJI,2009,133086.4977,308276.1199,31768.70129
Djibouti,DJI,2010,138892.2291,307613.4528,32076.62089
Djibouti,DJI,2011,143462.1896,303424.4613,32576.86765
Djibouti,DJI,2012,148481.1106,297986.1618,33108.65052
Djibouti,DJI,2013,153025.2752,292904.9272,33827.92916
Djibouti,DJI,2014,154743.9379,290381.1621,32854.02492
Djibouti,DJI,2015,159849.7384,281206.3509,34730.89538
Djibouti,DJI,2016,164595.3244,272081.0201,33453.83984
Djibouti,DJI,2017,170428.7697,261281.8143,34283.22367
Djibouti,DJI,2018,176511.4158,250590.326,35176.16986
Djibouti,DJI,2019,181916.0481,243553.5314,40983.58166
Dominica,DMA,1990,17625.18377,4378.736977,2596.032286
Dominica,DMA,1991,17824.38052,4243.123192,2675.740048
Dominica,DMA,1992,17621.37101,4188.447745,2574.583134
Dominica,DMA,1993,17620.1321,4146.992835,2543.231943
Dominica,DMA,1994,17674.33325,4086.272552,2514.195978
Dominica,DMA,1995,17683.50052,3990.789945,2591.856977
Dominica,DMA,1996,17684.15003,3933.806457,2455.938241
Dominica,DMA,1997,17578.56772,3771.039543,2428.382141
Dominica,DMA,1998,17531.45728,3685.105575,2990.114809
Dominica,DMA,1999,17751.12563,3705.582116,2463.486988
Dominica,DMA,2000,17776.03281,3743.720532,2431.398336
Dominica,DMA,2001,17708.87028,3636.202933,2397.248259
Dominica,DMA,2002,17791.65592,3532.87501,2404.684481
Dominica,DMA,2003,17874.75879,3469.451313,2521.28707
Dominica,DMA,2004,17786.09406,3387.492855,2522.646024
Dominica,DMA,2005,17698.11412,3263.557603,2451.310477
Dominica,DMA,2006,17771.58298,3217.224666,2445.728231
Dominica,DMA,2007,17834.40856,3172.256192,2690.849467
Dominica,DMA,2008,17859.0505,3129.772387,2422.036321
Dominica,DMA,2009,17960.65672,3132.339753,2431.159276
Dominica,DMA,2010,18147.05108,3154.587831,2585.296168
Dominica,DMA,2011,18369.60158,3155.809327,2405.088043
Dominica,DMA,2012,18601.7339,3168.64111,2294.016345
Dominica,DMA,2013,18815.02778,3182.777975,2297.117384
Dominica,DMA,2014,18994.0752,3255.869192,2277.976495
Dominica,DMA,2015,19123.98795,3284.068708,3087.963063
Dominica,DMA,2016,19174.09781,3203.977009,2267.844864
Dominica,DMA,2017,19307.93672,3156.363215,3732.639261
Dominica,DMA,2018,19466.23232,3147.253101,2297.900924
Dominica,DMA,2019,19634.22777,3135.191165,2295.266586
Dominican Republic,DOM,1990,1117137.593,1322898.666,297928.5345
Dominican Republic,DOM,1991,1124591.065,1317218.363,293281.6234
Dominican Republic,DOM,1992,1127229.744,1290088.778,292029.0778
Dominican Republic,DOM,1993,1148325.185,1279314.512,294900.7158
Dominican Republic,DOM,1994,1159284.022,1248055.686,299830.37
Dominican Republic,DOM,1995,1180265.5,1231372.436,301810.7113
Dominican Republic,DOM,1996,1211393.185,1198301.1,319821.3294
Dominican Republic,DOM,1997,1247249.731,1180837.324,315541.9756
Dominican Republic,DOM,1998,1275050.705,1152906.168,344895.3974
Dominican Republic,DOM,1999,1298805.755,1129002.288,325682.8127
Dominican Republic,DOM,2000,1315007.585,1110418.639,327200.8242
Dominican Republic,DOM,2001,1343896.384,1080987.39,331151.895
Dominican Republic,DOM,2002,1378543.702,1026377.755,339447.2933
Dominican Republic,DOM,2003,1436364.079,999273.1829,356776.4302
Dominican Republic,DOM,2004,1506705.593,991323.5298,417548.1819
Dominican Republic,DOM,2005,1557582.102,959580.2968,393830.807
Dominican Republic,DOM,2006,1598388.761,922544.4135,397585.3251
Dominican Republic,DOM,2007,1622474.83,884046.2496,414294.1146
Dominican Republic,DOM,2008,1637464.359,826753.191,405633.1973
Dominican Republic,DOM,2009,1664282.067,809201.3298,406382.4952
Dominican Republic,DOM,2010,1688807.16,803213.4381,407265.643
Dominican Republic,DOM,2011,1730642.497,821367.2958,415154.6237
Dominican Republic,DOM,2012,1810507.267,843512.1432,437914.5057
Dominican Republic,DOM,2013,1904988.479,850021.4596,456753.8873
Dominican Republic,DOM,2014,1971560.657,815614.5982,465465.5012
Dominican Republic,DOM,2015,2039450.768,801652.3631,471872.8758
Dominican Republic,DOM,2016,2085169.609,784850.6528,474502.2083
Dominican Republic,DOM,2017,2102180.973,761055.2084,464648.7656
Dominican Republic,DOM,2018,2120634.545,737609.7081,454543.4816
Dominican Republic,DOM,2019,2145242.042,718196.5895,445925.2161
East Asia & Pacific (WB),,1990,379496566.3,212901447.8,85852733.79
East Asia & Pacific (WB),,1991,383944522.2,206591647.8,85463195.14
East Asia & Pacific (WB),,1992,387853830.7,198685996.9,83966585.56
East Asia & Pacific (WB),,1993,391474906.9,190389573,83122202.3
East Asia & Pacific (WB),,1994,394946774.9,182556290,83581611.43
East Asia & Pacific (WB),,1995,399121547.6,178426830.2,83834310.66
East Asia & Pacific (WB),,1996,402940323.8,170210731.7,82836543
East Asia & Pacific (WB),,1997,405460267.1,161812736.5,81280653.61
East Asia & Pacific (WB),,1998,410170077.8,154530972.3,80679926.82
East Asia & Pacific (WB),,1999,416788251.4,147087931.1,79814070.43
East Asia & Pacific (WB),,2000,423786120.9,138574518.1,78684873.59
East Asia & Pacific (WB),,2001,428278763.6,131710384.1,76879374.54
East Asia & Pacific (WB),,2002,433684295.9,125184235.4,75326330.38
East Asia & Pacific (WB),,2003,439233001.8,116153817.6,74832860.74
East Asia & Pacific (WB),,2004,446430674.5,110959723.8,84527582.53
East Asia & Pacific (WB),,2005,449884950.9,105799928,73272653.66
East Asia & Pacific (WB),,2006,449367583.3,101226194.6,71897452.77
East Asia & Pacific (WB),,2007,451302201.6,97068088.01,70239348.41
East Asia & Pacific (WB),,2008,456171908,93495443.3,81998267.31
East Asia & Pacific (WB),,2009,461467658,90202961.81,69631298.35
East Asia & Pacific (WB),,2010,467635231.4,86894794.36,68732134.38
East Asia & Pacific (WB),,2011,473129008.9,84012109.36,67091337.86
East Asia & Pacific (WB),,2012,477224481.2,81625734.92,65015216.86
East Asia & Pacific (WB),,2013,481659123.1,79237338.79,64278890.46
East Asia & Pacific (WB),,2014,487113962.7,77025868.19,62774760.94
East Asia & Pacific (WB),,2015,492788854.1,76109366.97,61876976.48
East Asia & Pacific (WB),,2016,501024040.6,74807791.56,61821676.17
East Asia & Pacific (WB),,2017,508366910.9,72290410.45,62080153.53
East Asia & Pacific (WB),,2018,515761652.4,69430062.42,61618568.27
East Asia & Pacific (WB),,2019,524430987.4,67639218.09,61183864.28
Eastern Mediterranean Region (WHO),,1990,75156212.38,122343479.7,22492593
Eastern Mediterranean Region (WHO),,1991,76368686.23,121058070.3,20410224.65
Eastern Mediterranean Region (WHO),,1992,78008153.6,120583198.5,20377153.59
Eastern Mediterranean Region (WHO),,1993,79805791.73,120604360.7,20390799.26
Eastern Mediterranean Region (WHO),,1994,81475161.87,120600146.1,20854166.54
Eastern Mediterranean Region (WHO),,1995,83047286.85,120410257.8,20760345.45
Eastern Mediterranean Region (WHO),,1996,84480052.35,119158664.5,20864897.25
Eastern Mediterranean Region (WHO),,1997,86158621.91,118487265,21626662.6
Eastern Mediterranean Region (WHO),,1998,87390066.54,117388216.6,22166583.48
Eastern Mediterranean Region (WHO),,1999,88782355.19,116248388.9,20950858.72
Eastern Mediterranean Region (WHO),,2000,90058513.55,114714198.7,20958322.79
Eastern Mediterranean Region (WHO),,2001,91986860.15,113255204.9,21180430.55
Eastern Mediterranean Region (WHO),,2002,93902828.21,112430087.8,21342909.79
Eastern Mediterranean Region (WHO),,2003,96051445.09,110778444.1,24214612.58
Eastern Mediterranean Region (WHO),,2004,97925936.59,109116391.1,23378761.04
Eastern Mediterranean Region (WHO),,2005,99784301.36,106993813.3,27368918.37
Eastern Mediterranean Region (WHO),,2006,101747465.7,105700311,24163641.79
Eastern Mediterranean Region (WHO),,2007,103608990.6,103386673.9,25235391.73
Eastern Mediterranean Region (WHO),,2008,106249044.4,101312202.3,24303598.98
Eastern Mediterranean Region (WHO),,2009,108596561.5,99518369.1,24422659.46
Eastern Mediterranean Region (WHO),,2010,110636580.1,98980433.45,24851790.41
Eastern Mediterranean Region (WHO),,2011,112666677.9,97426267.73,26131961.09
Eastern Mediterranean Region (WHO),,2012,115033444.1,94873309.4,29170992.68
Eastern Mediterranean Region (WHO),,2013,117494400,93367781.8,29137109.25
Eastern Mediterranean Region (WHO),,2014,119975961.6,91802361.85,31481361.11
Eastern Mediterranean Region (WHO),,2015,122785304.8,90003123.98,31168761.95
Eastern Mediterranean Region (WHO),,2016,125201622.2,88262617.89,32623267.02
Eastern Mediterranean Region (WHO),,2017,127621048.1,86650101.32,30573365.77
Eastern Mediterranean Region (WHO),,2018,130079461.9,83119344.16,27915439.3
Eastern Mediterranean Region (WHO),,2019,132802799,81268809.29,26533700.57
Ecuador,ECU,1990,1495755.192,1295649.332,453891.1932
Ecuador,ECU,1991,1568503.719,1284750.301,485787.3551
Ecuador,ECU,1992,1590401.503,1243807.114,492182.0444
Ecuador,ECU,1993,1605609.372,1212428.144,521473.2567
Ecuador,ECU,1994,1636316.481,1167115.291,508433.6909
Ecuador,ECU,1995,1657973.329,1167190.803,523152.3238
Ecuador,ECU,1996,1709361.054,1184433.159,542488.2496
Ecuador,ECU,1997,1715960.309,1173433.596,543169.9125
Ecuador,ECU,1998,1769923.314,1188762.243,564272.8336
Ecuador,ECU,1999,1804158.984,1209558.479,549751.355
Ecuador,ECU,2000,1840223.604,1183199.912,562995.0996
Ecuador,ECU,2001,1869608.337,1127477.589,577980.2541
Ecuador,ECU,2002,2005859.525,1091789.437,628775.184
Ecuador,ECU,2003,2093151.434,1053799.205,653948.9352
Ecuador,ECU,2004,2158518.124,1017447.399,677902.5125
Ecuador,ECU,2005,2243594.193,983555.7679,715120.3769
Ecuador,ECU,2006,2308085.321,959338.0393,737072.8676
Ecuador,ECU,2007,2368365.768,927061.3586,759321.3312
Ecuador,ECU,2008,2428399.4,894376.6062,787197.8654
Ecuador,ECU,2009,2471501.699,857882.1583,788986.5555
Ecuador,ECU,2010,2522263.155,831465.2764,795157.6008
Ecuador,ECU,2011,2544333.756,770988.0201,767785.4415
Ecuador,ECU,2012,2618242.917,747123.9473,751515.2706
Ecuador,ECU,2013,2664348.284,731246.6496,715326.2765
Ecuador,ECU,2014,2695996.325,713737.0402,691240.7238
Ecuador,ECU,2015,2731793.75,700293.5953,675104.7229
Ecuador,ECU,2016,2807419.586,697031.3275,703670.0238
Ecuador,ECU,2017,2884441.887,703318.4632,675633.4371
Ecuador,ECU,2018,2943202.18,686986.9613,682717.4957
Ecuador,ECU,2019,2999085.475,677848.3559,698163.3651
Egypt,EGY,1990,13180471.98,12834088.89,2664469.234
Egypt,EGY,1991,13105434.43,12087688.86,2533780.96
Egypt,EGY,1992,13057910.36,11329840.46,2447165.054
Egypt,EGY,1993,13284560.85,10585093.95,2437548.308
Egypt,EGY,1994,13418571.9,9848269.572,2466180.25
Egypt,EGY,1995,13357240.42,9265517.492,2363607.983
Egypt,EGY,1996,13380534.05,8476119.665,2289880.22
Egypt,EGY,1997,13554575.43,7996038.9,2256410.086
Egypt,EGY,1998,13630074.14,7655795.193,2171483.303
Egypt,EGY,1999,13801461.19,7342261.01,2165987.41
Egypt,EGY,2000,13776300.12,6998427.247,2104395.603
Egypt,EGY,2001,14304209.39,6731612.925,2140330.228
Egypt,EGY,2002,14691874.8,6492322.516,2174480.954
Egypt,EGY,2003,15124995.97,6353458.628,2150647.381
Egypt,EGY,2004,15327171.6,6179680.34,2146214.607
Egypt,EGY,2005,15508520.84,6055836.3,2143876.778
Egypt,EGY,2006,15845952.17,5933625.584,2223799.468
Egypt,EGY,2007,16057765.7,5840100.511,2167716.984
Egypt,EGY,2008,16459006.3,5642090.065,2221718.271
Egypt,EGY,2009,16985041.31,5486133.606,2273675.304
Egypt,EGY,2010,17344099.21,5199467.785,2316277.293
Egypt,EGY,2011,17625697.32,5013642.39,2453511.475
Egypt,EGY,2012,18073815.03,4750180.011,2435357.639
Egypt,EGY,2013,18140783.25,4587751.189,2536823.29
Egypt,EGY,2014,18506520.86,4345766.836,2416114.548
Egypt,EGY,2015,19299617.3,4409008.528,2515478.747
Egypt,EGY,2016,19555288.27,4024678.32,2435526.549
Egypt,EGY,2017,19758610.4,3832405.273,2523195.593
Egypt,EGY,2018,20069151.69,3658704.668,2513609.871
Egypt,EGY,2019,20391729.69,3519915.8,2459854.081
El Salvador,SLV,1990,904353.8245,729251.1068,495663.5896
El Salvador,SLV,1991,910504.5139,709922.0729,501214.1457
El Salvador,SLV,1992,928372.3359,670428.4742,422651.6211
El Salvador,SLV,1993,941208.1546,634541.1026,429650.9091
El Salvador,SLV,1994,949310.0766,606197.7948,441454.6864
El Salvador,SLV,1995,934855.0705,572315.5451,439572.9677
El Salvador,SLV,1996,926964.428,547090.2297,423317.2284
El Salvador,SLV,1997,940578.4121,519277.0738,426684.3156
El Salvador,SLV,1998,969297.0518,492599.3485,463138.6728
El Salvador,SLV,1999,946255.7138,451899.0343,406277.136
El Salvador,SLV,2000,951273.7409,421034.5604,399072.783
El Salvador,SLV,2001,950453.1905,387285.019,448029.9653
El Salvador,SLV,2002,942136.3892,360094.3699,367607.4785
El Salvador,SLV,2003,964202.9295,358096.287,372630.5509
El Salvador,SLV,2004,992703.6298,327114.8732,386309.9062
El Salvador,SLV,2005,1009604.299,309801.0904,396304.8614
El Salvador,SLV,2006,1025903.111,296575.5958,389873.1422
El Salvador,SLV,2007,1028513.495,283731.5788,381343.6252
El Salvador,SLV,2008,1025954.672,273764.2661,371941.1275
El Salvador,SLV,2009,1064475.517,273836.6669,397834.596
El Salvador,SLV,2010,1046264.657,259492.5564,362567.7108
El Salvador,SLV,2011,1073670.729,255827.645,362842.7382
El Salvador,SLV,2012,1052337.243,249327.7765,518643.6301
El Salvador,SLV,2013,1084776.647,249666.9933,508822.726
El Salvador,SLV,2014,1137641.207,246858.526,534253.5385
El Salvador,SLV,2015,1151284.625,239721.9069,559110.2735
El Salvador,SLV,2016,1157377.977,232717.3916,362868.8785
El Salvador,SLV,2017,1166204.075,224784.3988,360505.8074
El Salvador,SLV,2018,1177931.023,216761.5345,360323.1108
El Salvador,SLV,2019,1195102.977,210118.908,351337.9899
England,,1990,14385502.89,975597.8219,1142164.273
England,,1991,14279858.85,974930.2322,1123139.354
England,,1992,14163889.98,968860.9887,1091677.133
England,,1993,14128405.19,1016216.914,1077381.809
England,,1994,13952346.33,1033271.341,1068013.038
England,,1995,13944020.54,1056894.136,1060986.089
England,,1996,13860889.32,1067732.131,1054116.888
England,,1997,13783246.65,1066339.803,1049476.723
England,,1998,13786437.84,1054884.39,1048390.383
England,,1999,13774959.55,1049456.128,1038887.188
England,,2000,13639014.71,1005465.05,1032156.072
England,,2001,13559912.78,939614.7471,1029307.569
England,,2002,13584187.85,914835.4714,1027553.992
England,,2003,13576115.33,914577.848,1024684.321
England,,2004,13423141.09,888082.7491,1010666.352
England,,2005,13362229.11,881584.9484,1011801.593
England,,2006,13341478.42,876983.8015,1017187.535
England,,2007,13325561.4,873548.0399,1016768.344
England,,2008,13338185.15,867702.957,1017127.975
England,,2009,13256433.07,853782.9164,1012290.544
England,,2010,13250023.8,843711.0209,994722.3161
England,,2011,13254658.27,837331.8532,979548.9967
England,,2012,13346878.44,831109.6822,972771.1353
England,,2013,13481647.82,827331.6646,978783.5212
England,,2014,13561945.25,826182.2346,984212.5607
England,,2015,13729734.01,842066.1256,992048.8085
England,,2016,13833179.65,845169.9345,1016281.115
England,,2017,13930595.1,847035.6586,1041926.951
England,,2018,14160819.01,858843.5341,1063908.075
England,,2019,14360550.5,870702.86,1058337.984
Equatorial Guinea,GNQ,1990,85854.07698,389726.3286,26720.93404
Equatorial Guinea,GNQ,1991,87670.77091,403092.5906,27627.58972
Equatorial Guinea,GNQ,1992,88924.08171,414351.0159,28216.17949
Equatorial Guinea,GNQ,1993,90889.39647,425422.8967,29002.41639
Equatorial Guinea,GNQ,1994,92574.23234,437358.317,29490.01636
Equatorial Guinea,GNQ,1995,94994.74085,446700.8059,30619.34877
Equatorial Guinea,GNQ,1996,97450.29988,449825.5819,31173.51678
Equatorial Guinea,GNQ,1997,96800.52696,429551.3352,30082.44156
Equatorial Guinea,GNQ,1998,97691.34703,418170.2437,30344.05075
Equatorial Guinea,GNQ,1999,99561.61413,407095.5514,30401.00045
Equatorial Guinea,GNQ,2000,101177.1011,394239.0029,30288.59626
Equatorial Guinea,GNQ,2001,100976.4023,374126.8197,28479.78036
Equatorial Guinea,GNQ,2002,101166.98,361557.2938,26830.13758
Equatorial Guinea,GNQ,2003,103383.0251,357418.0531,26652.7669
Equatorial Guinea,GNQ,2004,106790.0577,351229.1124,27500.13786
Equatorial Guinea,GNQ,2005,110516.2364,351479.996,32053.86974
Equatorial Guinea,GNQ,2006,114141.8879,339200.8205,27882.30309
Equatorial Guinea,GNQ,2007,116781.4359,335206.3536,27919.11304
Equatorial Guinea,GNQ,2008,119101.7723,327663.3976,28829.62557
Equatorial Guinea,GNQ,2009,122867.6887,314071.2064,28089.82934
Equatorial Guinea,GNQ,2010,126533.3572,318455.3633,28401.23488
Equatorial Guinea,GNQ,2011,132251.6729,336207.6342,29339.40199
Equatorial Guinea,GNQ,2012,135774.7443,339359.0044,29299.65592
Equatorial Guinea,GNQ,2013,137928.705,321323.3664,28826.00381
Equatorial Guinea,GNQ,2014,141694.4381,314640.6824,29421.22506
Equatorial Guinea,GNQ,2015,146446.7603,321990.0404,30089.91842
Equatorial Guinea,GNQ,2016,152359.8787,315196.8753,31512.31727
Equatorial Guinea,GNQ,2017,157244.7972,299884.8673,32344.23531
Equatorial Guinea,GNQ,2018,162585.5392,296836.148,33723.75001
Equatorial Guinea,GNQ,2019,167488.6774,300814.6464,34180.69292
Eritrea,ERI,1990,473518.6018,2328645.006,897272.1643
Eritrea,ERI,1991,465856.7477,2209638.562,876389.5689
Eritrea,ERI,1992,481385.8271,2149466.489,191305.2692
Eritrea,ERI,1993,501661.9598,2127706.054,198594.961
Eritrea,ERI,1994,526289.3635,2113881.593,200861.9801
Eritrea,ERI,1995,554130.1486,2110792.373,210460.9452
Eritrea,ERI,1996,565943.1074,2098246.42,214846.57
Eritrea,ERI,1997,579872.0731,2074091.29,213346.2683
Eritrea,ERI,1998,587477.2525,2055467.399,270595.9414
Eritrea,ERI,1999,601686.1647,2025163.765,1516020.19
Eritrea,ERI,2000,620273.6487,2003060.937,352638.745
Eritrea,ERI,2001,641728.9967,2012790.289,233580.9085
Eritrea,ERI,2002,685459.6646,2000275.247,248898.0768
Eritrea,ERI,2003,710708.0728,2002959.674,258439.8096
Eritrea,ERI,2004,739117.1716,1977356.35,264725.4787
Eritrea,ERI,2005,757255.641,1961413.937,277294.0012
Eritrea,ERI,2006,773657.1528,1941086.304,263900.4783
Eritrea,ERI,2007,790812.602,1915114.885,265561.3238
Eritrea,ERI,2008,808407.7492,1892766.34,284417.2506
Eritrea,ERI,2009,818499.0432,1877152.105,266871.875
Eritrea,ERI,2010,831262.1299,1852688.88,266251.1909
Eritrea,ERI,2011,843185.0199,1819263.842,265422.9579
Eritrea,ERI,2012,858230.9795,1768767.883,264527.1224
Eritrea,ERI,2013,875232.5792,1709201.466,268645.7692
Eritrea,ERI,2014,889238.2669,1653687.376,266289.2089
Eritrea,ERI,2015,908879.057,1593183.471,268163.3045
Eritrea,ERI,2016,927075.778,1544266.436,271261.5095
Eritrea,ERI,2017,946177.9609,1499613.108,270432.9268
Eritrea,ERI,2018,969662.2113,1457258.22,273166.9969
Eritrea,ERI,2019,997783.9064,1421741.417,278171.3452
Estonia,EST,1990,488549.8713,38570.79184,127179.8814
Estonia,EST,1991,498972.3826,37671.27055,131441.4874
Estonia,EST,1992,492398.6932,37034.47745,133238.0926
Estonia,EST,1993,515551.8288,37253.31449,142948.2001
Estonia,EST,1994,538781.6273,38462.09106,167369.7534
Estonia,EST,1995,513470.5692,37857.62977,140966.1724
Estonia,EST,1996,467643.3254,33432.9078,119609.943
Estonia,EST,1997,465183.077,32355.6658,114892.3874
Estonia,EST,1998,480560.161,32276.88889,115319.7258
Estonia,EST,1999,465531.51,30907.67538,107699.5105
Estonia,EST,2000,465740.781,30457.89802,103128.8467
Estonia,EST,2001,476440.2959,30166.86421,105615.5138
Estonia,EST,2002,466799.5222,28265.65982,98588.99142
Estonia,EST,2003,458420.815,26914.08829,90757.51081
Estonia,EST,2004,453513.5523,26207.89315,84920.00797
Estonia,EST,2005,446760.9534,25099.04506,80311.40357
Estonia,EST,2006,444475.6488,24863.89511,77182.275
Estonia,EST,2007,447626.8254,23872.72074,75358.86147
Estonia,EST,2008,427784.4221,22466.14347,66575.48576
Estonia,EST,2009,416769.2261,21706.48882,60903.8744
Estonia,EST,2010,398004.8738,20308.76041,54940.35908
Estonia,EST,2011,401057.2497,20445.82113,54035.17547
Estonia,EST,2012,399489.0318,19851.54027,52793.29868
Estonia,EST,2013,389546.129,19316.2592,48177.79565
Estonia,EST,2014,393340.2142,19176.07211,47137.01232
Estonia,EST,2015,386097.7563,18685.71243,44831.21338
Estonia,EST,2016,392396.8886,18520.07696,44527.39301
Estonia,EST,2017,392883.1724,18159.77395,45156.52301
Estonia,EST,2018,393384.1606,17849.49528,45313.44445
Estonia,EST,2019,393304.6041,17540.08274,44911.03985
Eswatini,SWZ,1990,115994.7928,256519.1021,44045.37538
Eswatini,SWZ,1991,119660.6632,256214.5165,44458.47959
Eswatini,SWZ,1992,122508.546,263316.4971,44652.13047
Eswatini,SWZ,1993,125149.5116,273618.4662,44561.633
Eswatini,SWZ,1994,129274.9698,297828.2579,45016.82396
Eswatini,SWZ,1995,134934.035,333471.8664,46567.76556
Eswatini,SWZ,1996,141034.8418,386692.2655,48873.43215
Eswatini,SWZ,1997,145500.0201,437537.8821,50362.41659
Eswatini,SWZ,1998,152533.9137,503982.6115,53330.75269
Eswatini,SWZ,1999,160464.6304,573603.7948,56090.89058
Eswatini,SWZ,2000,171085.2214,650135.2574,60219.33507
Eswatini,SWZ,2001,180150.7207,725190.4177,65303.1306
Eswatini,SWZ,2002,188813.3359,777525.3109,66442.65007
Eswatini,SWZ,2003,195241.7561,829308.9443,68970.61103
Eswatini,SWZ,2004,199279.459,866754.5179,71871.57211
Eswatini,SWZ,2005,201412.2125,861519.8845,71512.25389
Eswatini,SWZ,2006,200954.486,826069.1905,71455.82643
Eswatini,SWZ,2007,201471.9742,800187.0197,72277.5649
Eswatini,SWZ,2008,202241.0892,776399.2949,72788.00083
Eswatini,SWZ,2009,202749.0615,743931.8002,72787.43181
Eswatini,SWZ,2010,201230.1682,675840.8556,72061.52492
Eswatini,SWZ,2011,199356.7417,606333.7769,71381.4625
Eswatini,SWZ,2012,199316.306,570250.0055,71010.8549
Eswatini,SWZ,2013,199198.1769,530112.9001,69997.775
Eswatini,SWZ,2014,199556.3289,487089.1563,70299.65548
Eswatini,SWZ,2015,199981.931,448878.9353,69806.36956
Eswatini,SWZ,2016,200407.5154,417776.2435,68127.25695
Eswatini,SWZ,2017,201967.4579,392042.6438,68254.90724
Eswatini,SWZ,2018,204483.3366,371374.3259,68271.64876
Eswatini,SWZ,2019,207847.3765,360728.3697,68250.79092
Ethiopia,ETH,1990,10519237.92,46762029.37,6615546.063
Ethiopia,ETH,1991,10646356.22,47552858.86,4125630.326
Ethiopia,ETH,1992,10866121.5,48193760.95,3426222.982
Ethiopia,ETH,1993,10968423.92,48761113.98,3341898.068
Ethiopia,ETH,1994,11036934.18,49418877.8,3353748.222
Ethiopia,ETH,1995,11072076.51,49767660.56,3402667.293
Ethiopia,ETH,1996,11037530.86,49744965.21,3264813.603
Ethiopia,ETH,1997,11030949.52,49469448.93,3230683.282
Ethiopia,ETH,1998,11080018.29,49088053.24,3272236.843
Ethiopia,ETH,1999,11084822.66,48538917.34,5751326.899
Ethiopia,ETH,2000,10948847.59,47874369.27,6547390.87
Ethiopia,ETH,2001,10875042.5,46614051.59,3185985.427
Ethiopia,ETH,2002,10885862.35,45180580.57,3211296.385
Ethiopia,ETH,2003,10876685.74,44122076.1,3153982.992
Ethiopia,ETH,2004,10877287.26,42697369.22,3071688.165
Ethiopia,ETH,2005,11007525.3,40790843.51,3104046.096
Ethiopia,ETH,2006,11025848.3,39064031.86,3121041.714
Ethiopia,ETH,2007,11102211.98,36988493.05,3082036.093
Ethiopia,ETH,2008,11164764.8,35060164.26,3020285.747
Ethiopia,ETH,2009,11190496.84,33446873.58,3047373.388
Ethiopia,ETH,2010,11192274.62,31853490.97,2922804.32
Ethiopia,ETH,2011,11354780.29,30193812.97,2868780.28
Ethiopia,ETH,2012,11433835.45,28896006.08,2822539.386
Ethiopia,ETH,2013,11553683.41,27856067.8,2729926.955
Ethiopia,ETH,2014,11853944.35,26644753.5,2743703.694
Ethiopia,ETH,2015,12011987.27,25713232.62,2738822.829
Ethiopia,ETH,2016,12236105.64,24764043.94,2851050.306
Ethiopia,ETH,2017,12572982.27,23661556.53,2836330.73
Ethiopia,ETH,2018,12862187.57,22770405.22,2880294.645
Ethiopia,ETH,2019,13114232.55,22129553.05,2810543.908
Europe & Central Asia (WB),,1990,234151539.3,35451881.41,40722840.68
Europe & Central Asia (WB),,1991,236576784,34371841.53,41636957.78
Europe & Central Asia (WB),,1992,240567059.9,33647268.42,44113180.34
Europe & Central Asia (WB),,1993,249009109.3,33572193.53,47067507.41
Europe & Central Asia (WB),,1994,254382480,33610413.95,47576914.12
Europe & Central Asia (WB),,1995,254004571,32936793.09,47171921.51
Europe & Central Asia (WB),,1996,250570272.6,31738063.48,44572723.8
Europe & Central Asia (WB),,1997,247525191.5,30257720.18,42484006.72
Europe & Central Asia (WB),,1998,245899449.6,28998547.06,41807652.46
Europe & Central Asia (WB),,1999,249280935.6,28523387.6,44579938.48
Europe & Central Asia (WB),,2000,250852042.5,27824856.78,43365846.6
Europe & Central Asia (WB),,2001,251831862.7,26936015.6,42835763.67
Europe & Central Asia (WB),,2002,254409043.2,26304358.2,42437641.97
Europe & Central Asia (WB),,2003,256246519.9,25860901.17,41908372.42
Europe & Central Asia (WB),,2004,254921119.4,25066984.38,41188759.44
Europe & Central Asia (WB),,2005,257837347.6,24908154.42,41082266.72
Europe & Central Asia (WB),,2006,253369713,23972697.08,39005640.87
Europe & Central Asia (WB),,2007,251926337.8,23384737.47,37738097.06
Europe & Central Asia (WB),,2008,252170117.1,22899694.33,36839143.3
Europe & Central Asia (WB),,2009,249050884.2,22199641.57,35005331.88
Europe & Central Asia (WB),,2010,248694203.7,21692345.3,34447821.51
Europe & Central Asia (WB),,2011,245727247.8,21184041.87,32971696.8
Europe & Central Asia (WB),,2012,245363483.2,20920734.98,32275483.05
Europe & Central Asia (WB),,2013,244872524.7,20456037.55,31556959.6
Europe & Central Asia (WB),,2014,245300203.1,20309454.34,31483299.25
Europe & Central Asia (WB),,2015,248866043.4,20173350.34,31325302.93
Europe & Central Asia (WB),,2016,248303480.2,19846146.57,30704441.43
Europe & Central Asia (WB),,2017,247757282.9,19128312.26,30077061.36
Europe & Central Asia (WB),,2018,249661277.2,18796189.83,30287014.12
Europe & Central Asia (WB),,2019,251596703.9,18480079.24,30256072.37
European Region (WHO),,1990,235650920.6,35670751.28,40914541.11
European Region (WHO),,1991,238119318.6,34578479.06,41830441.4
European Region (WHO),,1992,242169583.4,33851980.75,44312523.96
European Region (WHO),,1993,250635424.1,33760799.95,47277344.6
European Region (WHO),,1994,256037568.2,33790202.96,47785560.25
European Region (WHO),,1995,255696348,33109103.16,47379056.84
European Region (WHO),,1996,252288819.4,31898719.74,44791929.36
European Region (WHO),,1997,249278795.1,30415700.17,42699987.92
European Region (WHO),,1998,247693401.2,29158784.29,42022359.72
European Region (WHO),,1999,251087091.2,28676042.76,44792958.55
European Region (WHO),,2000,252673044.8,27972179.28,43587941.69
European Region (WHO),,2001,253677544.6,27080137.56,43090814.82
European Region (WHO),,2002,256291282.1,26448099.36,42732151.51
European Region (WHO),,2003,258146099.8,26006255.49,42163732.36
European Region (WHO),,2004,256824390,25207250.66,41437681.66
European Region (WHO),,2005,259765480.5,25044809.87,41310095.18
European Region (WHO),,2006,255325594.8,24111187.92,39257443.58
European Region (WHO),,2007,253913665.8,23523152.42,37967950.43
European Region (WHO),,2008,254158698.6,23038318.36,37091762.93
European Region (WHO),,2009,251057059.4,22339489.76,35255120.44
European Region (WHO),,2010,250719468.1,21828829.72,34659686.36
European Region (WHO),,2011,247776652.9,21321272.9,33181710.09
European Region (WHO),,2012,247440604,21061780.03,32483703.44
European Region (WHO),,2013,246966765.2,20597634.2,31761020.27
European Region (WHO),,2014,247425222.4,20452231.14,31788045.69
European Region (WHO),,2015,251033101.3,20317443.31,31535795.16
European Region (WHO),,2016,250499234.2,19994715.29,30920558
European Region (WHO),,2017,249987430.4,19272966.91,30297441.03
European Region (WHO),,2018,251935787.9,18940090.1,30513931.82
European Region (WHO),,2019,253914862.1,18623518.66,30481039.54
Fiji,FJI,1990,158287.9141,62961.54406,24481.90464
Fiji,FJI,1991,161418.1734,62129.04208,24458.55763
Fiji,FJI,1992,164020.8681,59979.62835,24326.79453
Fiji,FJI,1993,168042.236,60904.02511,25729.64406
Fiji,FJI,1994,171616.0699,60798.91408,24577.81925
Fiji,FJI,1995,175478.7036,60190.90914,24679.14954
Fiji,FJI,1996,180087.0846,60712.30376,25152.56214
Fiji,FJI,1997,183563.4583,60784.92927,26864.96563
Fiji,FJI,1998,183143.4628,60012.30893,25218.39547
Fiji,FJI,1999,192534.1317,60405.29766,27965.72636
Fiji,FJI,2000,199027.1066,60682.85546,27994.14842
Fiji,FJI,2001,197751.1176,60694.53903,27085.26543
Fiji,FJI,2002,197961.3433,60186.82704,26621.06638
Fiji,FJI,2003,202979.5221,60796.95721,27154.66693
Fiji,FJI,2004,202382.3929,60441.38993,26720.75442
Fiji,FJI,2005,208811.0636,59490.8876,26104.32553
Fiji,FJI,2006,214385.1888,58987.172,26348.48445
Fiji,FJI,2007,220224.3814,57758.39762,26420.36372
Fiji,FJI,2008,225457.753,56877.51634,26282.5646
Fiji,FJI,2009,224453.0991,55926.27364,25922.24659
Fiji,FJI,2010,227552.8794,55285.36994,25208.96193
Fiji,FJI,2011,230895.9168,54900.19907,25123.61214
Fiji,FJI,2012,234364.9445,54321.99546,26436.51463
Fiji,FJI,2013,236982.6842,53635.09747,25640.64991
Fiji,FJI,2014,239816.6149,53128.92338,25349.73572
Fiji,FJI,2015,242828.9657,52926.87454,25141.57302
Fiji,FJI,2016,245474.8676,52840.03223,27964.90295
Fiji,FJI,2017,247917.8072,52109.31827,25333.32683
Fiji,FJI,2018,250626.6766,51002.48707,25704.54492
Fiji,FJI,2019,253440.0288,50218.83473,25210.59684
Finland,FIN,1990,1348568.434,83581.37285,237458.0735
Finland,FIN,1991,1340492.628,83495.35133,236114.6965
Finland,FIN,1992,1338114.743,82688.09767,232611.0085
Finland,FIN,1993,1330483.477,81541.50391,227870.0514
Finland,FIN,1994,1308823.871,79482.82482,224987.0115
Finland,FIN,1995,1316241.671,78242.54055,224708.4007
Finland,FIN,1996,1317741.158,78397.17657,222335.0528
Finland,FIN,1997,1324327.038,76812.01934,222657.1413
Finland,FIN,1998,1326413.52,75577.8621,221921.3129
Finland,FIN,1999,1326108.963,74391.47463,222709.7738
Finland,FIN,2000,1327540.943,71907.274,223289.5844
Finland,FIN,2001,1324448.513,66976.2513,222105.6239
Finland,FIN,2002,1329373.955,63244.42774,220738.8602
Finland,FIN,2003,1334916.703,59645.86904,220248.8885
Finland,FIN,2004,1342822.275,55255.77512,222200.1606
Finland,FIN,2005,1349234.331,50383.54673,220259.9082
Finland,FIN,2006,1351687.185,46688.18095,218229.2115
Finland,FIN,2007,1363762.902,45055.1699,217567.6663
Finland,FIN,2008,1369732.986,43164.80856,212977.4026
Finland,FIN,2009,1378925.331,41667.16025,208306.5294
Finland,FIN,2010,1386952.677,40718.85944,203753.6052
Finland,FIN,2011,1389221.961,39712.06906,197412.0911
Finland,FIN,2012,1395633.338,39019.08736,191037.8908
Finland,FIN,2013,1399918.305,37508.436,185091.5256
Finland,FIN,2014,1401496.01,37415.44004,179544.9431
Finland,FIN,2015,1402720.881,36570.47084,174898.7682
Finland,FIN,2016,1415176.586,36679.32384,175853.2473
Finland,FIN,2017,1428930.641,37107.98479,177508.9789
Finland,FIN,2018,1441475.161,37528.11034,176835.775
Finland,FIN,2019,1457999.005,38136.20683,174896.1963
France,FRA,1990,13852583.17,989131.6457,2483058.19
France,FRA,1991,13814860.01,1039650.876,2468799.663
France,FRA,1992,13775414.95,1056158.267,2439028.099
France,FRA,1993,13789340.17,1066696.035,2418260.036
France,FRA,1994,13735950.33,1071954.733,2384039.121
France,FRA,1995,13773673.73,1048407.262,2348741.362
France,FRA,1996,13833463.36,995228.9424,2313016.666
France,FRA,1997,13849555.33,886925.3683,2286377.438
France,FRA,1998,14026003.29,869418.5729,2279614.462
France,FRA,1999,14110233.14,860667.834,2253436.152
France,FRA,2000,14130888.75,849650.5182,2215377.813
France,FRA,2001,14213905.67,837070.9396,2204469.103
France,FRA,2002,14307987.63,824698.1719,2178503.368
France,FRA,2003,14368533.91,823391.2975,2165435.09
France,FRA,2004,14205478.59,798311.5669,2078906.615
France,FRA,2005,14259166.56,788320.2467,2062509.514
France,FRA,2006,14276387.78,783347.7649,2038027.609
France,FRA,2007,14312615.27,777247.0907,2013933.142
France,FRA,2008,14414624.26,779513.5983,2008070.643
France,FRA,2009,14510653.98,776699.3477,2012789.437
France,FRA,2010,14550144.65,770606.2859,2001325.5
France,FRA,2011,14590199.3,756829.574,1973238.442
France,FRA,2012,14667303.24,760694.8552,1938548.098
France,FRA,2013,14698198.58,760543.8586,1906190.335
France,FRA,2014,14698369.42,747847.1575,1878083.261
France,FRA,2015,14904272.39,761851.297,1909829.034
France,FRA,2016,14866292.63,757347.5288,1880594.378
France,FRA,2017,15034474.26,756973.2492,1889770.757
France,FRA,2018,15156654.55,758017.044,1911053.388
France,FRA,2019,15334917.58,758581.7241,1973126.702
G20,,1990,803967670.1,559440315.2,177824322.2
G20,,1991,812960452.7,549014708.5,177886954.1
G20,,1992,822905443.1,537949070,178362791.3
G20,,1993,837000489.3,519402020.7,180303773.7
G20,,1994,847819148.9,501960987.9,181612300
G20,,1995,852807224.8,487444323.6,180694254.7
G20,,1996,858377055.7,471169704.6,177619635.7
G20,,1997,867571706.2,459829723.1,176590525.5
G20,,1998,876083400,449640397.4,177802032.1
G20,,1999,887431123.3,439125379.5,180281246.7
G20,,2000,899125517.9,428792730.7,178732129.7
G20,,2001,909036539,416993073.6,178319608.3
G20,,2002,920111929.9,405971418.7,174595436
G20,,2003,929171729.7,395377540.2,172932314.1
G20,,2004,934414554,386335738.9,183047726.3
G20,,2005,946605130.6,378704281.5,173575550.3
G20,,2006,949187196.5,367954731.9,171085799.6
G20,,2007,955875030.7,356804263.9,168748143.3
G20,,2008,968073451.1,346254821.4,172955094.6
G20,,2009,974539274.3,332423102.3,167186799.8
G20,,2010,986122001,320533653.1,166898282.7
G20,,2011,996260802.1,309947992.9,164608773.1
G20,,2012,1005939312,297826416.4,161529918.6
G20,,2013,1016248642,287139714.4,158750949.6
G20,,2014,1025904099,274910077.4,155260675.6
G20,,2015,1040580559,266478658.9,153387948
G20,,2016,1055434716,253483888.8,152705948.1
G20,,2017,1068161232,243761398.8,152554094.4
G20,,2018,1085139297,236577378.2,155129289.1
G20,,2019,1102657505,229744299.8,155665539.7
Gabon,GAB,1990,197261.9568,376244.6149,44656.7249
Gabon,GAB,1991,200387.8617,373860.4342,49499.72774
Gabon,GAB,1992,203524.1253,377309.1556,46151.78548
Gabon,GAB,1993,205271.9814,386345.3613,46863.55405
Gabon,GAB,1994,210043.3692,393586.4417,46119.22356
Gabon,GAB,1995,216055.4878,395002.2581,48249.17356
Gabon,GAB,1996,219735.6827,408206.4666,48296.87008
Gabon,GAB,1997,222000.3609,408181.1533,49574.54508
Gabon,GAB,1998,224360.3418,417360.0089,49321.0953
Gabon,GAB,1999,225884.691,432283.1813,48914.31068
Gabon,GAB,2000,230446.3527,442090.506,50166.88768
Gabon,GAB,2001,235345.9132,445707.5637,51611.35098
Gabon,GAB,2002,237594.2717,444350.6159,53115.304
Gabon,GAB,2003,243135.7496,443765.0907,54581.13239
Gabon,GAB,2004,246852.8202,437166.5694,55455.65202
Gabon,GAB,2005,250161.7308,415769.2216,55306.49015
Gabon,GAB,2006,255107.6938,403205.7915,56003.38067
Gabon,GAB,2007,259517.3737,393687.2629,58460.58679
Gabon,GAB,2008,264281.1086,389039.2869,60498.68762
Gabon,GAB,2009,265801.9279,380822.0783,58815.45252
Gabon,GAB,2010,265041.9153,373708.5699,57263.43963
Gabon,GAB,2011,267991.1075,364178.4203,57449.6616
Gabon,GAB,2012,269178.1514,344629.9604,55994.03035
Gabon,GAB,2013,270508.5298,324085.5233,56756.68635
Gabon,GAB,2014,274643.0782,310316.9381,55756.15673
Gabon,GAB,2015,280020.6513,300422.9091,56032.02597
Gabon,GAB,2016,285760.0925,289887.4198,57809.46162
Gabon,GAB,2017,291836.0903,279516.8665,56809.98276
Gabon,GAB,2018,297537.3724,269657.4321,57056.05462
Gabon,GAB,2019,303091.0863,262574.3857,57444.84225
Gambia,GMB,1990,150329.5554,544750.0208,26594.78942
Gambia,GMB,1991,157105.8954,553936.184,27806.26172
Gambia,GMB,1992,164930.7613,561036.2202,35044.04644
Gambia,GMB,1993,167451.1182,573531.4204,29154.00642
Gambia,GMB,1994,170995.4913,585231.7227,30152.21831
Gambia,GMB,1995,184107.9047,582496.8383,32381.61949
Gambia,GMB,1996,181382.985,599508.1541,30737.97787
Gambia,GMB,1997,186696.2187,623771.3327,31512.69557
Gambia,GMB,1998,195778.1623,605562.5301,33288.0892
Gambia,GMB,1999,207220.8573,600161.0376,39357.36865
Gambia,GMB,2000,204012.44,613336.4422,34726.89198
Gambia,GMB,2001,206230.7307,616842.5441,33816.35514
Gambia,GMB,2002,211698.0463,616684.0547,34358.99866
Gambia,GMB,2003,220374.0678,610420.5951,35512.28705
Gambia,GMB,2004,241043.66,584908.8703,40795.05624
Gambia,GMB,2005,248824.2804,575985.6297,42854.25038
Gambia,GMB,2006,250217.2196,573430.9267,40960.66079
Gambia,GMB,2007,255235.8934,567988.1858,43176.74721
Gambia,GMB,2008,254254.9291,566338.4585,40453.19155
Gambia,GMB,2009,260675.4306,554728.6339,40591.04277
Gambia,GMB,2010,263756.4908,544086.3709,40648.01945
Gambia,GMB,2011,255900.9765,547644.3581,36453.14125
Gambia,GMB,2012,262900.9463,533512.1207,38506.44915
Gambia,GMB,2013,270868.0099,523809.712,38233.78993
Gambia,GMB,2014,287548.6765,501370.5605,41262.07666
Gambia,GMB,2015,287842.2606,494386.3471,39833.40749
Gambia,GMB,2016,301742.9789,471703.5913,42440.36325
Gambia,GMB,2017,317995.5184,445358.9715,45580.86707
Gambia,GMB,2018,322696.8752,434429.8392,45275.32213
Gambia,GMB,2019,329888.4763,422059.3876,45314.90488
Georgia,GEO,1990,1562607.06,371074.7864,243993.0825
Georgia,GEO,1991,1578542.936,350519.4019,250117.4171
Georgia,GEO,1992,1588018.811,332160.9564,296821.3419
Georgia,GEO,1993,1541989.68,313453.7487,352153.6747
Georgia,GEO,1994,1543015.539,294865.5225,220557.4217
Georgia,GEO,1995,1445934.672,276653.1578,196764.6125
Georgia,GEO,1996,1386105.579,261425.2959,169943.9289
Georgia,GEO,1997,1397894.21,249744.431,163013.2424
Georgia,GEO,1998,1417440.517,238500.6085,167112.624
Georgia,GEO,1999,1427896.051,227726.0772,151119.2442
Georgia,GEO,2000,1432933.819,218408.9221,142828.1558
Georgia,GEO,2001,1423122.163,206455.2112,146593.8156
Georgia,GEO,2002,1451966.947,194954.2897,152811.1712
Georgia,GEO,2003,1446778.533,182085.3752,139004.9272
Georgia,GEO,2004,1439037.256,173293.3786,138984.8161
Georgia,GEO,2005,1404204.324,163212.9723,140712.6121
Georgia,GEO,2006,1374178.718,151701.1189,141156.1101
Georgia,GEO,2007,1340657.209,145433.1485,141254.5877
Georgia,GEO,2008,1338675.082,142683.3821,182084.818
Georgia,GEO,2009,1347172.874,138845.9275,151567.3609
Georgia,GEO,2010,1339635.965,131901.0552,149699.8765
Georgia,GEO,2011,1323257.053,126577.4936,146777.1102
Georgia,GEO,2012,1294070.697,123804.4984,149763.5427
Georgia,GEO,2013,1259026.942,117587.8003,146181.9195
Georgia,GEO,2014,1237641.982,113435.7489,145545.5086
Georgia,GEO,2015,1229672.494,109314.5257,144207.1788
Georgia,GEO,2016,1244800.607,105091.9902,141954.7409
Georgia,GEO,2017,1240195.349,100745.061,139649.839
Georgia,GEO,2018,1231871.188,96439.11624,136647.9619
Georgia,GEO,2019,1222059.411,92210.47258,134035.9027
Germany,DEU,1990,24162071.19,1144568.798,2525867.185
Germany,DEU,1991,24101989.58,1105877.282,2529861.193
Germany,DEU,1992,23904449.95,1069772.193,2485305.297
Germany,DEU,1993,23923091.06,1057547.382,2443649.184
Germany,DEU,1994,23894013.03,1041122.364,2411382.985
Germany,DEU,1995,23870279.56,1006605.627,2380881.415
Germany,DEU,1996,23774803.3,979841.3606,2338287.953
Germany,DEU,1997,23535399.13,931952.5232,2270496.898
Germany,DEU,1998,23329007.4,902532.4392,2203283.93
Germany,DEU,1999,23281424.34,898754.5549,2153013.611
Germany,DEU,2000,23243422.37,887507.2818,2109812.824
Germany,DEU,2001,23164672.77,879257.0025,2057820.118
Germany,DEU,2002,23252238.38,883231.2596,2033518.617
Germany,DEU,2003,23295412.71,897399.5337,2005621.095
Germany,DEU,2004,23086506.4,894006.7856,1951254.959
Germany,DEU,2005,23022502.15,896837.5423,1911407.935
Germany,DEU,2006,22925440.76,901905.9658,1882306.648
Germany,DEU,2007,22916105.34,915349.4543,1861366.621
Germany,DEU,2008,22968766.05,921391.4267,1853545.422
Germany,DEU,2009,23049660.6,930010.7584,1857716.09
Germany,DEU,2010,23010063.28,932582.6643,1862602.478
Germany,DEU,2011,22934622.59,933546.1229,1851767.585
Germany,DEU,2012,23010048.9,931912.109,1844242.605
Germany,DEU,2013,23248776.9,942525.2323,1854831.705
Germany,DEU,2014,23281754.1,943026.0236,1860265.25
Germany,DEU,2015,23702567.92,968428.7404,1899521.324
Germany,DEU,2016,23829341.15,975592.0343,1937140.973
Germany,DEU,2017,23932073.56,962702.5895,1967044.134
Germany,DEU,2018,24120828.9,961742.2265,1981296.289
Germany,DEU,2019,24352417.88,964084.8768,1993729.927
Ghana,GHA,1990,2333875.826,7791574.096,461969.9868
Ghana,GHA,1991,2386848.964,7705789.741,470099.6009
Ghana,GHA,1992,2453065.936,7684219.311,471737.13
Ghana,GHA,1993,2516269.537,7659718.438,477485.7013
Ghana,GHA,1994,2577499.465,7701953.27,603552.5244
Ghana,GHA,1995,2641491.773,7765230.786,510275.531
Ghana,GHA,1996,2721296.149,7868940.758,499942.8861
Ghana,GHA,1997,2825913.27,8072256.992,518282.607
Ghana,GHA,1998,2907114.108,8035373.477,526600.5741
Ghana,GHA,1999,2996835.217,8127917.647,547575.6987
Ghana,GHA,2000,3090944.552,8259723.542,557122.6223
Ghana,GHA,2001,3184154.201,8404053.279,598632.3764
Ghana,GHA,2002,3276309.753,8511643.37,610540.1563
Ghana,GHA,2003,3387838.438,8571056.207,638596.2748
Ghana,GHA,2004,3483731.563,8628065.415,663296.7725
Ghana,GHA,2005,3585007.124,8669563.55,689437.7675
Ghana,GHA,2006,3679326.51,8693272.739,709612.7055
Ghana,GHA,2007,3776452.79,8672212.307,730461.3364
Ghana,GHA,2008,3835660.295,8607128.967,722477.8441
Ghana,GHA,2009,3925633.786,8504992.66,731211.0202
Ghana,GHA,2010,4016839.406,8350244.966,741245.0257
Ghana,GHA,2011,4131445.018,8061889.114,756012.6149
Ghana,GHA,2012,4227053.479,7806557.592,767848.2971
Ghana,GHA,2013,4330458.571,7640207.162,785815.4377
Ghana,GHA,2014,4467086.856,7454029.486,813168.5474
Ghana,GHA,2015,4611697.34,7313162.894,855628.6276
Ghana,GHA,2016,4761360.784,7111442.219,878314.8345
Ghana,GHA,2017,4884650.965,6911805.675,892797.0255
Ghana,GHA,2018,4906354.296,6647801.591,866262.2294
Ghana,GHA,2019,4992952.596,6428231.584,864675.0873
Greece,GRC,1990,2616477.586,134578.4585,298893.4087
Greece,GRC,1991,2648727.065,131142.4663,303592.9741
Greece,GRC,1992,2689392.049,131337.852,299356.5843
Greece,GRC,1993,2700683.622,131493.8422,299225.6841
Greece,GRC,1994,2724845.519,131992.899,300486.7119
Greece,GRC,1995,2753360.523,131121.0865,301418.5682
Greece,GRC,1996,2776854.415,130398.209,301035.1647
Greece,GRC,1997,2791816.572,128169.7831,301552.2273
Greece,GRC,1998,2828584.663,130347.0897,296804.693
Greece,GRC,1999,2861588.188,129186.9657,300150.7104
Greece,GRC,2000,2875414.5,127891.7534,293778.6969
Greece,GRC,2001,2884915.794,125698.0323,284568.0933
Greece,GRC,2002,2890073.959,126267.8133,277646.3117
Greece,GRC,2003,2901286.209,124077.4757,274894.8402
Greece,GRC,2004,2910291.158,123575.7365,275355.2498
Greece,GRC,2005,2912348.044,121855.6554,278666.2102
Greece,GRC,2006,2917725.955,118872.7381,268163.5576
Greece,GRC,2007,2964405.31,117400.4295,273573.4404
Greece,GRC,2008,2948566.696,115712.4586,265452.9513
Greece,GRC,2009,2954352.796,114844.9151,264167.0309
Greece,GRC,2010,2946368.092,115455.5973,257459.3614
Greece,GRC,2011,2965569.296,115468.9649,250675.0741
Greece,GRC,2012,2974577.962,116868.0042,244149.7333
Greece,GRC,2013,2931564.383,120322.4809,234751.2964
Greece,GRC,2014,2904417.219,128547.6926,232030.0236
Greece,GRC,2015,2915985.434,135029.918,246675.8429
Greece,GRC,2016,2927822.695,139694.3316,240993.6432
Greece,GRC,2017,2948435.632,135186.0029,230295.7821
Greece,GRC,2018,2993363.009,135253.3437,234273.0974
Greece,GRC,2019,3018964.934,134132.1551,229974.3261
Greenland,GRL,1990,14012.69619,3247.258788,6047.580798
Greenland,GRL,1991,14076.02433,3187.143348,5978.223715
Greenland,GRL,1992,14055.30679,3072.083722,5876.922308
Greenland,GRL,1993,14331.34404,2979.029471,6016.312176
Greenland,GRL,1994,14397.89724,2860.317843,5976.149238
Greenland,GRL,1995,14485.40828,2735.258702,5956.745242
Greenland,GRL,1996,14550.11047,2567.418138,5822.68463
Greenland,GRL,1997,14595.47564,2384.269593,5697.696849
Greenland,GRL,1998,14576.28757,2221.556956,5530.513388
Greenland,GRL,1999,14623.23878,2075.256089,5385.410548
Greenland,GRL,2000,14646.23153,1947.439505,5233.889253
Greenland,GRL,2001,14704.85138,1853.358301,5097.634138
Greenland,GRL,2002,14839.45428,1779.416924,5014.030557
Greenland,GRL,2003,14776.6614,1697.502943,4925.620443
Greenland,GRL,2004,14593.72942,1621.535934,4680.620033
Greenland,GRL,2005,14679.88626,1580.297221,4603.467954
Greenland,GRL,2006,14760.08554,1540.972275,4498.563415
Greenland,GRL,2007,14812.36848,1487.014803,4394.588443
Greenland,GRL,2008,14851.63172,1458.080348,4291.636786
Greenland,GRL,2009,14887.51433,1425.849595,4209.55204
Greenland,GRL,2010,14954.36121,1398.347366,4155.168828
Greenland,GRL,2011,15000.3309,1378.796056,4080.310086
Greenland,GRL,2012,15026.31775,1356.623151,3930.65738
Greenland,GRL,2013,15043.51357,1338.451407,3834.911604
Greenland,GRL,2014,15045.77479,1317.847239,3741.716447
Greenland,GRL,2015,15016.00713,1298.490351,3638.582623
Greenland,GRL,2016,15147.98819,1256.863567,3584.399808
Greenland,GRL,2017,15276.91784,1226.990191,3529.72881
Greenland,GRL,2018,15393.19809,1206.634424,3483.782928
Greenland,GRL,2019,15500.1003,1189.615331,3423.46203
Grenada,GRD,1990,20305.19785,5959.641806,3094.527026
Grenada,GRD,1991,19947.34277,5520.745123,3007.162159
Grenada,GRD,1992,19883.00743,5373.184093,3132.784833
Grenada,GRD,1993,19975.49362,5307.810917,2906.325066
Grenada,GRD,1994,19805.48829,5242.876953,2823.878905
Grenada,GRD,1995,19664.12637,5143.993948,2775.923479
Grenada,GRD,1996,19546.18823,5092.761027,2833.438125
Grenada,GRD,1997,19565.76607,5030.428209,2879.565902
Grenada,GRD,1998,19741.35957,5000.672186,2919.007356
Grenada,GRD,1999,20238.50463,5007.608734,3044.811221
Grenada,GRD,2000,20527.13349,4970.291299,3201.27228
Grenada,GRD,2001,21038.35496,4995.10114,3069.93073
Grenada,GRD,2002,21506.86007,4909.370198,3121.875086
Grenada,GRD,2003,21848.32184,4806.564279,3171.559739
Grenada,GRD,2004,22236.44019,4711.685356,4142.708478
Grenada,GRD,2005,22360.37831,4526.339093,3276.979718
Grenada,GRD,2006,22545.85824,4419.540817,3175.469904
Grenada,GRD,2007,22783.79255,4307.316273,3135.319687
Grenada,GRD,2008,23070.38533,4216.173897,3224.751756
Grenada,GRD,2009,23309.51823,4130.105727,3232.117666
Grenada,GRD,2010,23573.08938,4119.095304,3230.761455
Grenada,GRD,2011,23831.84273,4081.107158,3170.235862
Grenada,GRD,2012,23783.46957,4028.507822,3068.825277
Grenada,GRD,2013,24099.93387,4032.673748,3080.453177
Grenada,GRD,2014,24489.31449,4088.854763,3033.194629
Grenada,GRD,2015,24734.81246,4074.878173,3010.415057
Grenada,GRD,2016,25307.46474,3971.555947,2975.66447
Grenada,GRD,2017,25357.83761,3822.078331,3094.665264
Grenada,GRD,2018,25604.64385,3772.76519,2963.925889
Grenada,GRD,2019,25798.9879,3702.858513,2922.016227
Guam,GUM,1990,21594.8156,5378.733887,4228.775231
Guam,GUM,1991,22356.38397,5568.358031,4350.134101
Guam,GUM,1992,22967.743,5716.178955,4374.962899
Guam,GUM,1993,23609.36387,5837.83043,4380.783437
Guam,GUM,1994,24195.26069,5902.497051,4455.927727
Guam,GUM,1995,24358.49039,5905.506168,4583.989961
Guam,GUM,1996,24665.95371,5884.859302,4678.678558
Guam,GUM,1997,25214.63979,5816.822597,12131.80718
Guam,GUM,1998,25702.67196,5722.495599,4603.434083
Guam,GUM,1999,26312.94063,5607.86537,4571.577545
Guam,GUM,2000,26991.92728,5490.461725,4531.92484
Guam,GUM,2001,27554.90964,5431.424273,4449.45411
Guam,GUM,2002,28113.01576,5422.726218,4430.366162
Guam,GUM,2003,28365.13329,5521.37093,4361.114459
Guam,GUM,2004,28564.50693,5566.768417,4432.774703
Guam,GUM,2005,28689.36813,5599.606292,4330.417487
Guam,GUM,2006,29304.7727,5685.058202,4286.275105
Guam,GUM,2007,29868.37375,5728.503265,4418.078871
Guam,GUM,2008,30498.37425,5791.083303,4492.370121
Guam,GUM,2009,31266.65595,5860.805383,4369.853655
Guam,GUM,2010,31831.29898,5917.134723,4464.934491
Guam,GUM,2011,32203.78422,5937.69594,4300.071849
Guam,GUM,2012,32966.25443,5956.800254,4343.439008
Guam,GUM,2013,33908.9594,5979.477926,4495.558356
Guam,GUM,2014,34774.64339,6046.28504,4399.392573
Guam,GUM,2015,35461.59391,6133.843427,4414.071458
Guam,GUM,2016,35943.58993,6185.832086,4449.151035
Guam,GUM,2017,36459.88161,6167.447886,4484.472373
Guam,GUM,2018,37024.2325,6155.887471,4501.256355
Guam,GUM,2019,37738.85385,6157.998183,4495.311401
Guatemala,GTM,1990,1406129.216,2796674.355,630616.7272
Guatemala,GTM,1991,1472189.794,2739036.076,645099.7357
Guatemala,GTM,1992,1521226.271,2662354.582,649684.7901
Guatemala,GTM,1993,1576508.856,2560220.84,636441.1602
Guatemala,GTM,1994,1600077.153,2476334.523,659237.3512
Guatemala,GTM,1995,1556901.603,2344075.749,651218.4726
Guatemala,GTM,1996,1557968.364,2259673.235,637472.3697
Guatemala,GTM,1997,1609644.765,2226464.438,669674.4314
Guatemala,GTM,1998,1661274.187,2178087.139,697541.9535
Guatemala,GTM,1999,1678640.399,2091009.913,654615.4509
Guatemala,GTM,2000,1723876.78,2043864.927,672489.6227
Guatemala,GTM,2001,1765489.944,2018747.833,658385.588
Guatemala,GTM,2002,1800666.355,1945987.141,677850.0281
Guatemala,GTM,2003,1860104.173,1848483.461,714988.2412
Guatemala,GTM,2004,1932690.703,1763047.568,753117.2457
Guatemala,GTM,2005,1988523.867,1709715.739,854249.3029
Guatemala,GTM,2006,2060375.405,1637043.571,847842.2761
Guatemala,GTM,2007,2106162.536,1579635.091,842100.6764
Guatemala,GTM,2008,2163127.419,1522804.128,875917.2074
Guatemala,GTM,2009,2255072.432,1474018.151,945257.4605
Guatemala,GTM,2010,2359988.547,1409193.121,906683.0848
Guatemala,GTM,2011,2452579.782,1356113.325,869790.4565
Guatemala,GTM,2012,2520554.454,1318676.37,842754.5274
Guatemala,GTM,2013,2585340.469,1286220.501,846597.844
Guatemala,GTM,2014,2659341.713,1248643.462,851689.7508
Guatemala,GTM,2015,2739705.806,1211410.012,869789.1772
Guatemala,GTM,2016,2818299.604,1193831.199,881774.5363
Guatemala,GTM,2017,2873046.179,1158218.904,901544.5946
Guatemala,GTM,2018,2934349.581,1145763.677,953616.006
Guatemala,GTM,2019,3015212.864,1136486.616,955698.5973
Guinea,GIN,1990,1383073.21,6103858.051,326848.2883
Guinea,GIN,1991,1417066.081,6154476.795,332999.7094
Guinea,GIN,1992,1448324.902,6197504.863,358614.4699
Guinea,GIN,1993,1475847.413,6229891.529,343478.3161
Guinea,GIN,1994,1511806.697,6288128.916,350940.672
Guinea,GIN,1995,1534117.063,6295919.481,360482.9525
Guinea,GIN,1996,1552332.375,6206659.559,358948.6527
Guinea,GIN,1997,1578136.363,6202172.551,360235.5193
Guinea,GIN,1998,1603972.514,6194286.937,370549.1287
Guinea,GIN,1999,1615381.404,6121118.279,374726.7264
Guinea,GIN,2000,1605182.726,6045103.36,428566.5411
Guinea,GIN,2001,1616142.298,5920467.812,401722.9965
Guinea,GIN,2002,1638079.398,5843853.968,362930.2217
Guinea,GIN,2003,1667016.963,5735992.812,369144.7967
Guinea,GIN,2004,1720299.219,5623690.018,393312.739
Guinea,GIN,2005,1747669.299,5567493.444,396400.7336
Guinea,GIN,2006,1783178.903,5523888.365,409022.7388
Guinea,GIN,2007,1812078.505,5484573.116,425044.2283
Guinea,GIN,2008,1823908.047,5479398.029,411512.3095
Guinea,GIN,2009,1840202.538,5474182.499,428770.2731
Guinea,GIN,2010,1885707.844,5424579.165,425423.0888
Guinea,GIN,2011,1912809.5,5390312.165,432988.3958
Guinea,GIN,2012,1937105.34,5384691.48,435784.0012
Guinea,GIN,2013,1989471.325,5337464.034,463705.4176
Guinea,GIN,2014,2037925.714,5502774.052,468223.8855
Guinea,GIN,2015,2080929.06,5404889.076,477448.8523
Guinea,GIN,2016,2115804.68,5251606.866,481323.1917
Guinea,GIN,2017,2138146.979,5092018.002,483212.4681
Guinea,GIN,2018,2164408.769,4935474.631,484370.2214
Guinea,GIN,2019,2169346.534,4826880.331,476199.5979
Guinea-Bissau,GNB,1990,225132.5014,928118.392,68795.69001
Guinea-Bissau,GNB,1991,227407.2678,923152.777,69596.10687
Guinea-Bissau,GNB,1992,229659.9603,920256.5361,70429.33882
Guinea-Bissau,GNB,1993,231986.8989,917151.5893,71091.24466
Guinea-Bissau,GNB,1994,234199.0274,930224.8672,71824.5369
Guinea-Bissau,GNB,1995,236314.7511,910319.8188,73487.3314
Guinea-Bissau,GNB,1996,237917.9522,988896.1258,72912.51306
Guinea-Bissau,GNB,1997,238778.4522,967256.9594,72932.26464
Guinea-Bissau,GNB,1998,240576.0061,907515.7615,126873.3956
Guinea-Bissau,GNB,1999,241915.7686,965745.0472,87537.51255
Guinea-Bissau,GNB,2000,248392.4461,890339.4348,77836.94641
Guinea-Bissau,GNB,2001,253405.84,878629.4153,79755.03288
Guinea-Bissau,GNB,2002,258160.8805,869715.2706,79387.72175
Guinea-Bissau,GNB,2003,262676.6905,858389.0902,80436.0316
Guinea-Bissau,GNB,2004,267735.2027,845962.6448,81445.68542
Guinea-Bissau,GNB,2005,267548.5555,868753.4593,79982.16757
Guinea-Bissau,GNB,2006,271256.3744,817312.5961,83413.47022
Guinea-Bissau,GNB,2007,286959.3371,775531.7307,88467.48028
Guinea-Bissau,GNB,2008,290430.6589,768159.0849,86898.70955
Guinea-Bissau,GNB,2009,292115.2033,730600.5544,89692.6325
Guinea-Bissau,GNB,2010,294911.452,708195.565,86193.64925
Guinea-Bissau,GNB,2011,295668.0615,687873.7374,83039.49647
Guinea-Bissau,GNB,2012,293668.0138,675923.6327,81631.67131
Guinea-Bissau,GNB,2013,300784.6345,654473.8857,81555.60663
Guinea-Bissau,GNB,2014,305650.0991,639906.8736,84716.00946
Guinea-Bissau,GNB,2015,308810.7328,625826.0567,82078.99754
Guinea-Bissau,GNB,2016,315960.3577,600541.0182,83176.61927
Guinea-Bissau,GNB,2017,318193.3444,582637.2644,82185.89831
Guinea-Bissau,GNB,2018,316533.3713,572448.9291,80147.20681
Guinea-Bissau,GNB,2019,319742.0849,555517.2133,77600.05009
Guyana,GUY,1990,170364.539,137339.5092,47042.51755
Guyana,GUY,1991,164637.3372,135453.4468,44324.38687
Guyana,GUY,1992,160898.2648,130639.641,41087.40142
Guyana,GUY,1993,165113.4029,127095.818,42651.753
Guyana,GUY,1994,162571.777,125804.6595,42235.62605
Guyana,GUY,1995,163853.5109,128255.9813,42609.93193
Guyana,GUY,1996,168428.1816,121105.0868,46834.06868
Guyana,GUY,1997,168178.5906,115350.1039,48030.00427
Guyana,GUY,1998,167159.5671,113557.4976,49305.18642
Guyana,GUY,1999,165931.1671,108321.6647,49429.56626
Guyana,GUY,2000,170969.5354,105613.6982,49066.43622
Guyana,GUY,2001,169977.3629,105443.3537,48943.82593
Guyana,GUY,2002,172268.0454,102838.4623,50078.11117
Guyana,GUY,2003,172736.7515,97495.05546,50892.96946
Guyana,GUY,2004,174445.113,93996.77091,50017.99952
Guyana,GUY,2005,174664.7166,90967.80196,52304.99675
Guyana,GUY,2006,174529.9186,84413.62326,50572.65586
Guyana,GUY,2007,176903.3125,80035.64627,48944.56219
Guyana,GUY,2008,178175.0599,77074.96142,50967.38453
Guyana,GUY,2009,177896.0946,74233.415,47118.59502
Guyana,GUY,2010,181095.8611,72800.94773,48720.51081
Guyana,GUY,2011,181919.0589,73723.46643,49185.93007
Guyana,GUY,2012,185105.015,72925.3137,49741.75232
Guyana,GUY,2013,184809.7733,70436.70271,49668.24109
Guyana,GUY,2014,189322.1025,66555.36448,50618.30197
Guyana,GUY,2015,189779.1479,63710.68925,49234.6912
Guyana,GUY,2016,191758.28,62786.0369,49089.28481
Guyana,GUY,2017,195117.8943,62926.94632,49500.19123
Guyana,GUY,2018,198626.4635,61099.03711,49707.07653
Guyana,GUY,2019,200363.1624,59671.85899,48857.15819
Haiti,HTI,1990,1887366.628,3002135.114,627468.2837
Haiti,HTI,1991,1867367.85,3070300.315,625362.1019
Haiti,HTI,1992,1880632.345,3072267.333,609228.7459
Haiti,HTI,1993,1885776.649,3118560.397,698301.9617
Haiti,HTI,1994,1883613.322,3166441.921,662000.9838
Haiti,HTI,1995,1887805.52,3170878.139,583135.5418
Haiti,HTI,1996,1885335.977,3160106.542,583253.5296
Haiti,HTI,1997,1909540.671,3107190.07,603161.2404
Haiti,HTI,1998,1890298.615,3134486.845,563514.2481
Haiti,HTI,1999,1924902.714,3082445.571,552838.3747
Haiti,HTI,2000,1950999.699,3037573.041,558359.4535
Haiti,HTI,2001,1997697.96,2986337.316,572400.7168
Haiti,HTI,2002,2035117.335,2962212.483,572863.0062
Haiti,HTI,2003,2086656.082,2930674.036,589947.8982
Haiti,HTI,2004,2144564.342,2896578.726,943226.9405
Haiti,HTI,2005,2194067.606,2874077.901,612947.9307
Haiti,HTI,2006,2239537.671,2832623.591,617544.0305
Haiti,HTI,2007,2290004.8,2769974.393,635946.8934
Haiti,HTI,2008,2334179.157,2733822.672,682502.3366
Haiti,HTI,2009,2377998.637,2714446.99,642367.3463
Haiti,HTI,2010,2401520.415,2821266.39,14125354.87
Haiti,HTI,2011,2445175.784,3084207.792,747871.0578
Haiti,HTI,2012,2505378.334,2576791.877,768462.6803
Haiti,HTI,2013,2567904.002,2588187.84,770275.4211
Haiti,HTI,2014,2621599.318,2531572.634,789277.7217
Haiti,HTI,2015,2685499.922,2493195.69,798114.5041
Haiti,HTI,2016,2733731.325,2453743.515,838946.4196
Haiti,HTI,2017,2771484.071,2308417.255,809789.272
Haiti,HTI,2018,2821355.09,2249356.038,806255.5261
Haiti,HTI,2019,2873989.876,2210544.301,806311.394
Honduras,HND,1990,782194.1039,853488.2293,278457.4053
Honduras,HND,1991,795255.7227,832881.9513,283550.5763
Honduras,HND,1992,823590.0438,815660.1613,289989.2112
Honduras,HND,1993,836720.1774,802493.0318,321941.7541
Honduras,HND,1994,850900.2015,783857.8502,311849.2774
Honduras,HND,1995,890767.1521,769646.8027,312417.9315
Honduras,HND,1996,913380.3114,739605.2961,313621.9256
Honduras,HND,1997,931766.2624,717253.6551,320213.2042
Honduras,HND,1998,951387.2451,695306.1844,1244716.343
Honduras,HND,1999,975530.8849,669702.0644,339730.393
Honduras,HND,2000,1003192.613,637907.0736,344522.1978
Honduras,HND,2001,1031647.059,617053.7994,350162.3915
Honduras,HND,2002,1061562.717,594411.0056,353287.6393
Honduras,HND,2003,1095704.303,577433.0213,364135.9386
Honduras,HND,2004,1125383.33,559243.4713,364624.1708
Honduras,HND,2005,1156325.619,547094.0143,365610.915
Honduras,HND,2006,1188591.992,538464.4102,371936.1777
Honduras,HND,2007,1221027.868,529827.9448,383204.469
Honduras,HND,2008,1253882.373,516088.6343,394304.4034
Honduras,HND,2009,1293276.654,506492.8438,393655.4526
Honduras,HND,2010,1338914.591,505166.4239,403953.0474
Honduras,HND,2011,1396227.524,491783.4587,385112.29
Honduras,HND,2012,1452404.131,470908.6311,645658.4627
Honduras,HND,2013,1490765.877,471844.6453,613162.0106
Honduras,HND,2014,1526581.72,462392.7656,619290.6372
Honduras,HND,2015,1562803.025,455716.08,658492.839
Honduras,HND,2016,1601073.702,448708.4702,373951.8393
Honduras,HND,2017,1640631.661,440876.2544,380152.5031
Honduras,HND,2018,1682928.092,434515.7173,385545.0872
Honduras,HND,2019,1726716.982,437975.2436,392599.9351
Hungary,HUN,1990,3763593.215,260346.1261,650433.6201
Hungary,HUN,1991,3770494.897,261280.7057,642575.5804
Hungary,HUN,1992,3897305.926,244335.5323,648501.2383
Hungary,HUN,1993,3935409.865,230980.0209,633124.2464
Hungary,HUN,1994,3886344.203,216570.2121,613433.727
Hungary,HUN,1995,3849267.216,203319.1036,588102.7516
Hungary,HUN,1996,3708301.38,191901.1601,554285.3361
Hungary,HUN,1997,3688661.582,182041.9077,540122.195
Hungary,HUN,1998,3729434.906,174804.6175,540028.9294
Hungary,HUN,1999,3728567.275,166263.3748,531915.0437
Hungary,HUN,2000,3592435.883,162666.9605,502528.0241
Hungary,HUN,2001,3521823.54,152435.9906,486731.3273
Hungary,HUN,2002,3529018.321,146306.1469,478036.8676
Hungary,HUN,2003,3550464.049,142567.6925,468951.9646
Hungary,HUN,2004,3515830.623,138414.0601,455964.6768
Hungary,HUN,2005,3555087.57,136255.6884,448791.2888
Hungary,HUN,2006,3500406.168,132451.4165,435271.5266
Hungary,HUN,2007,3514453.646,131835.5137,425186.8575
Hungary,HUN,2008,3430593.465,128387.7347,408120.3861
Hungary,HUN,2009,3426188.719,125586.2108,398497.7193
Hungary,HUN,2010,3376183.201,123222.9832,384455.5509
Hungary,HUN,2011,3340722.265,122404.1074,373885.6261
Hungary,HUN,2012,3308366.126,122047.5096,365265.6679
Hungary,HUN,2013,3242293.042,121498.5764,352549.2036
Hungary,HUN,2014,3249939.516,121126.7729,347861.8098
Hungary,HUN,2015,3291057.08,122183.8677,349200.3333
Hungary,HUN,2016,3235406.564,117794.3665,344350.6697
Hungary,HUN,2017,3255999.585,116478.2595,346095.9794
Hungary,HUN,2018,3282122.47,113914.1397,347566.0454
Hungary,HUN,2019,3247169.039,110905.4841,346860.6855
Iceland,ISL,1990,51721.27392,4157.323141,7177.702923
Iceland,ISL,1991,52206.42942,4121.457763,7075.075715
Iceland,ISL,1992,52574.81309,4103.521318,6809.62544
Iceland,ISL,1993,52868.73683,4054.557083,6755.976582
Iceland,ISL,1994,53399.71612,4001.663097,6746.507469
Iceland,ISL,1995,53978.29559,3961.307861,8041.47998
Iceland,ISL,1996,54297.87963,3858.083747,6579.868561
Iceland,ISL,1997,54584.88301,3679.445381,6530.005606
Iceland,ISL,1998,54899.94411,3501.170785,6461.093293
Iceland,ISL,1999,54966.80042,3413.488782,6581.663392
Iceland,ISL,2000,54989.87753,3308.184603,6522.891798
Iceland,ISL,2001,55518.21779,3218.113848,6372.427856
Iceland,ISL,2002,56104.08493,3167.781925,6192.588376
Iceland,ISL,2003,56283.62464,3148.464923,6133.102801
Iceland,ISL,2004,56652.88573,3132.878608,6202.932304
Iceland,ISL,2005,57362.63061,3169.093802,6160.822074
Iceland,ISL,2006,58411.91445,3179.203926,6284.325498
Iceland,ISL,2007,59294.44375,3222.463084,6317.36519
Iceland,ISL,2008,59808.98883,3268.009053,6353.420557
Iceland,ISL,2009,60389.38854,3254.506139,6369.722641
Iceland,ISL,2010,60654.81732,3224.282267,6325.922281
Iceland,ISL,2011,60951.91564,3177.023048,6289.114888
Iceland,ISL,2012,61482.97839,3168.510717,6308.693544
Iceland,ISL,2013,61789.41859,3171.863063,6305.556452
Iceland,ISL,2014,61639.13191,3144.458956,6238.050955
Iceland,ISL,2015,62691.82437,3183.485277,6323.281052
Iceland,ISL,2016,63722.13865,3226.826543,6494.548687
Iceland,ISL,2017,64831.00409,3290.420092,6705.435209
Iceland,ISL,2018,65972.42869,3307.375175,6652.806023
Iceland,ISL,2019,67186.17322,3333.116098,6755.559344
India,IND,1990,156565562.9,332719138.9,47316929.91
India,IND,1991,160237016,329381054.8,47939942.65
India,IND,1992,163295499.4,326699094.2,48270159.04
India,IND,1993,165918226.3,316227594.8,48901915.27
India,IND,1994,168821233.2,305851062.2,48368594.35
India,IND,1995,170719312.1,299512617.8,48337505.48
India,IND,1996,175107972.7,292073601.1,48442318.32
India,IND,1997,182410635.4,289374366.3,50258929.66
India,IND,1998,185416406,285509086.3,52054252.22
India,IND,1999,186554910.6,280350230.1,53424852.59
India,IND,2000,189228246.5,275259602.3,53307114.67
India,IND,2001,192785014.4,268564609.8,54362219.04
India,IND,2002,195575703.7,261766675.1,52183322.47
India,IND,2003,196687860.2,254933810,50948502.62
India,IND,2004,196723887.9,249700603.7,52419380.18
India,IND,2005,202654074.7,245719584.3,53131679.51
India,IND,2006,208840060.1,239547398.8,53697866.83
India,IND,2007,214720547.1,233021416.5,53914552.02
India,IND,2008,220529676,226718272.2,54648485.34
India,IND,2009,222096113.7,217642490.3,54420117.23
India,IND,2010,226910608.8,210484107.4,55078934.61
India,IND,2011,233318867.6,204096428.2,55636759.3
India,IND,2012,238189861.2,195404051.7,55112092.7
India,IND,2013,242690488.6,187804148.7,53868774.94
India,IND,2014,244693422.6,178076592.8,51306707.19
India,IND,2015,250844868.6,170784765.2,50561002
India,IND,2016,255353220.7,158681750.8,50122107.76
India,IND,2017,259790683,151917798.8,50513560.36
India,IND,2018,266014412.2,148011381.3,52638934.26
India,IND,2019,271097354.5,143214465.1,53563909.73
Indonesia,IDN,1990,34014211.77,44175139.2,7430969.415
Indonesia,IDN,1991,34511929.23,42389041.86,7345151.835
Indonesia,IDN,1992,35073667.99,40589450.8,7412104.616
Indonesia,IDN,1993,35684626.9,39121168.75,7186056.882
Indonesia,IDN,1994,36263718.45,37674716.46,7119723.557
Indonesia,IDN,1995,36864399.82,36338294.45,7026097.981
Indonesia,IDN,1996,37514472.04,35029998.2,6992502.794
Indonesia,IDN,1997,38230411.56,34050878.06,7016071.711
Indonesia,IDN,1998,39024942.25,33504509.82,6989961.504
Indonesia,IDN,1999,39773144.45,32711844.7,7124556.077
Indonesia,IDN,2000,40629214.42,31668092.83,7042065.143
Indonesia,IDN,2001,41520804.67,30881627.35,6996569.304
Indonesia,IDN,2002,42387112.22,30124966.45,6843320.92
Indonesia,IDN,2003,43214107.72,29355201.16,6701750.235
Indonesia,IDN,2004,44013193.46,28468267.38,15958395.23
Indonesia,IDN,2005,44810321.32,27418345.71,6392259.591
Indonesia,IDN,2006,45590359.5,26541945.32,6618365.342
Indonesia,IDN,2007,46353201.2,25622182.43,6134806.181
Indonesia,IDN,2008,47228732.36,24674868.93,5937786.385
Indonesia,IDN,2009,48051280.1,23753521.06,5922454.096
Indonesia,IDN,2010,48708035.12,22901985.11,5728815.307
Indonesia,IDN,2011,49484282.53,21879142.03,5570396.556
Indonesia,IDN,2012,50358807.37,20938460.11,5497924.191
Indonesia,IDN,2013,51212004.77,20189162.08,5453746.499
Indonesia,IDN,2014,51971910.13,19449922.03,5407430.74
Indonesia,IDN,2015,52836885.21,18782361.44,5339545.635
Indonesia,IDN,2016,53524222.05,17986841.39,5317133.63
Indonesia,IDN,2017,54343419.73,17417906.86,5332255.235
Indonesia,IDN,2018,55176593.98,16582460.39,5649586.465
Indonesia,IDN,2019,56014795.86,16068961.2,5349013.422
Iran,IRN,1990,10743718.4,7748055.65,6515958.268
Iran,IRN,1991,10635198.15,7011446.094,3930024.056
Iran,IRN,1992,10513663.9,6286672.649,3799413.139
Iran,IRN,1993,10527652.05,5834747.362,3795453.552
Iran,IRN,1994,10632077.39,5535663.502,3735191.174
Iran,IRN,1995,10761722.76,5302618.98,3696517.339
Iran,IRN,1996,10907445.1,5079637.19,3689907.539
Iran,IRN,1997,11073996.15,4881435.744,3872560.128
Iran,IRN,1998,11246930.01,4693159.917,3718925.575
Iran,IRN,1999,11410807.8,4489907.832,3730056.63
Iran,IRN,2000,11584505.72,4212708.658,3711229.316
Iran,IRN,2001,11754013.36,3945350.016,3737857.701
Iran,IRN,2002,11941497.13,3724445.763,3697085.345
Iran,IRN,2003,12164458.7,3566078.277,5260002.593
Iran,IRN,2004,12415538,3416513.745,3701395.049
Iran,IRN,2005,12638325.05,3336797.421,3617084.621
Iran,IRN,2006,12869211.94,3265580.745,3507958.34
Iran,IRN,2007,13070247.08,3189222.053,3466962.392
Iran,IRN,2008,13293365.52,3121320.02,3418699.83
Iran,IRN,2009,13517704.43,3069954.176,3342320.391
Iran,IRN,2010,13729454.58,3021796.791,3281534.234
Iran,IRN,2011,13925725.85,2975026.009,3204988.155
Iran,IRN,2012,14140368.07,2939682.486,3135760.818
Iran,IRN,2013,14385458.44,2878683.377,3044090.529
Iran,IRN,2014,14597832.97,2746981.804,2902759.28
Iran,IRN,2015,14778664.45,2527878.745,2782862.386
Iran,IRN,2016,14862902.26,2188526.675,2686425.518
Iran,IRN,2017,15044734.8,2003601.268,2684839.093
Iran,IRN,2018,15248518.98,1870550.711,2663549.84
Iran,IRN,2019,15494548.48,1775950.428,2558221.92
Iraq,IRQ,1990,3331028.172,3174360.045,1330343.142
Iraq,IRQ,1991,3500616.947,3315902.578,1364552.716
Iraq,IRQ,1992,3705805.853,3464677.079,1440144.282
Iraq,IRQ,1993,3848706.484,3556444.551,1460207.816
Iraq,IRQ,1994,3947993.266,3616235.558,1544031.33
Iraq,IRQ,1995,4065783.444,3670835.91,1557908.604
Iraq,IRQ,1996,4204205.432,3649460.899,1556527.045
Iraq,IRQ,1997,4315119.314,3621241.919,1601101.736
Iraq,IRQ,1998,4397970.261,3562071.137,1589304.206
Iraq,IRQ,1999,4471759.626,3479009.327,1593886.561
Iraq,IRQ,2000,4548697.445,3383906.487,1613683.858
Iraq,IRQ,2001,4631994.738,3266448.404,1610734.587
Iraq,IRQ,2002,4725486.103,3152618.077,1628758.966
Iraq,IRQ,2003,4866321.774,3081027.509,2653768.213
Iraq,IRQ,2004,4942637.647,2963264.736,2767089.68
Iraq,IRQ,2005,4970213.553,2794695.174,2808835.536
Iraq,IRQ,2006,4998773.881,2644774.824,3589185.208
Iraq,IRQ,2007,5098982.032,2537295.059,4209627.624
Iraq,IRQ,2008,5217810.22,2439380.873,2730741.758
Iraq,IRQ,2009,5316421.79,2344495.721,2364857.557
Iraq,IRQ,2010,5436985.647,2252212.609,2264835.373
Iraq,IRQ,2011,5584646.49,2157170.334,2290396.82
Iraq,IRQ,2012,5736364.409,2052392.573,2417376.667
Iraq,IRQ,2013,5874200.243,1960684.76,3131861.952
Iraq,IRQ,2014,5994035.873,1881477.414,4359774.973
Iraq,IRQ,2015,6121837.629,1794110.643,3872516.915
Iraq,IRQ,2016,6248076.836,1713320.866,4006033.248
Iraq,IRQ,2017,6395231.571,1629954.919,3770394.859
Iraq,IRQ,2018,6584903.068,1548590.999,2071431.27
Iraq,IRQ,2019,6779801.631,1485902.02,2028459.969
Ireland,IRL,1990,881547.8253,62677.31558,94856.09908
Ireland,IRL,1991,878711.9468,61451.29788,95151.14792
Ireland,IRL,1992,878717.3254,59990.3361,94053.2873
Ireland,IRL,1993,883158.0599,60088.593,93985.07706
Ireland,IRL,1994,879879.9303,59829.23399,94924.03713
Ireland,IRL,1995,890140.0552,62928.35864,97797.35213
Ireland,IRL,1996,889475.936,62792.37564,100407.6869
Ireland,IRL,1997,893943.0425,63283.52553,102212.9608
Ireland,IRL,1998,897650.8232,63053.36269,103924.5986
Ireland,IRL,1999,905142.2711,64891.98048,105023.3689
Ireland,IRL,2000,904284.6083,63693.78237,105768.2297
Ireland,IRL,2001,897172.4001,61994.06261,105279.2966
Ireland,IRL,2002,896881.3017,59702.24616,104089.0488
Ireland,IRL,2003,898017.0349,58295.72494,101168.8958
Ireland,IRL,2004,904593.9927,55808.02808,101314.5557
Ireland,IRL,2005,907914.5387,53506.30316,101923.5648
Ireland,IRL,2006,917982.0666,52303.02718,102930.1745
Ireland,IRL,2007,925272.9771,51089.66698,102364.9826
Ireland,IRL,2008,937095.3848,51482.53531,102389.3044
Ireland,IRL,2009,948428.3366,50496.61769,103694.9553
Ireland,IRL,2010,942653.607,49366.94074,98775.64183
Ireland,IRL,2011,961485.395,48647.74244,98202.53036
Ireland,IRL,2012,969229.4188,48069.4104,95395.10861
Ireland,IRL,2013,975865.0268,47943.95685,92327.07424
Ireland,IRL,2014,980097.4694,47253.06319,90896.2113
Ireland,IRL,2015,990465.8826,47725.6679,88352.95689
Ireland,IRL,2016,999539.7109,47335.23228,88020.64402
Ireland,IRL,2017,1015679.281,47891.10468,88856.94907
Ireland,IRL,2018,1031834.066,48311.02612,90089.28517
Ireland,IRL,2019,1047086.677,48853.6093,90416.72046
Israel,ISR,1990,947426.8764,97223.58504,121058.6656
Israel,ISR,1991,987947.0387,96418.55364,121422.0567
Israel,ISR,1992,1025571.409,97386.55201,126770.5626
Israel,ISR,1993,1040831.208,93761.2167,127448.1836
Israel,ISR,1994,1064333.185,89947.42885,137284.0336
Israel,ISR,1995,1091516.716,90738.73813,136770.658
Israel,ISR,1996,1108585.39,90378.04534,149294.4366
Israel,ISR,1997,1128961.133,93072.98115,143925.3397
Israel,ISR,1998,1149918.373,93300.29518,138695.3672
Israel,ISR,1999,1164005.655,93961.73222,139058.4715
Israel,ISR,2000,1181170.799,93895.9507,151552.2312
Israel,ISR,2001,1193383.712,93001.56882,176917.3929
Israel,ISR,2002,1212610.558,94409.17342,221043.1329
Israel,ISR,2003,1225317.925,94391.3189,183939.4576
Israel,ISR,2004,1233136.512,91959.72913,180914.4717
Israel,ISR,2005,1251607.888,91859.5174,162055.0345
Israel,ISR,2006,1266047.726,92528.48275,185227.8242
Israel,ISR,2007,1287758.144,94280.12319,162660.1075
Israel,ISR,2008,1296662.764,95279.61272,187708.154
Israel,ISR,2009,1308848.557,96005.47287,184730.9147
Israel,ISR,2010,1327440.176,96647.1076,148791.9274
Israel,ISR,2011,1353692.528,98116.45593,147900.9836
Israel,ISR,2012,1371985.467,99669.30961,145453.0622
Israel,ISR,2013,1392270.552,99774.67269,141633.6991
Israel,ISR,2014,1411951.481,101008.3459,242106.4573
Israel,ISR,2015,1443315.577,103003.9039,146666.4709
Israel,ISR,2016,1464322.173,104386.5746,150512.9506
Israel,ISR,2017,1494138.515,104186.9488,154911.8622
Israel,ISR,2018,1533535.339,104809.1518,161447.8367
Israel,ISR,2019,1570065.218,105327.5774,158797.3659
Italy,ITA,1990,15660779.42,823958.2939,1709647.183
Italy,ITA,1991,15759589.49,849077.006,1727100.738
Italy,ITA,1992,15705636.52,864907.9579,1694380.091
Italy,ITA,1993,15677713.17,868180.6582,1642263.523
Italy,ITA,1994,15679175.82,874369.98,1617218.622
Italy,ITA,1995,15640094.81,869146.4933,1600197.771
Italy,ITA,1996,15606600.54,843088.9381,1583425.182
Italy,ITA,1997,15581930.54,737751.6251,1567413.122
Italy,ITA,1998,15634488.78,669948.0974,1563025.69
Italy,ITA,1999,15540665.03,648044.0749,1519512.197
Italy,ITA,2000,15432516.83,625300.4518,1487360.434
Italy,ITA,2001,15411336.84,614698.0909,1447044.783
Italy,ITA,2002,15466011.81,603559.5651,1387366.832
Italy,ITA,2003,15603430.94,613641.6886,1323198.781
Italy,ITA,2004,15465842.2,595199.9984,1254436.153
Italy,ITA,2005,15509810.44,589409.6369,1218313.839
Italy,ITA,2006,15526897.29,584433.2001,1206665.925
Italy,ITA,2007,15598716.42,588243.5518,1198462.936
Italy,ITA,2008,15676879.3,590294.5445,1187256.436
Italy,ITA,2009,15738920.89,589857.8213,1187635.851
Italy,ITA,2010,15713183.83,583721.5796,1158817.564
Italy,ITA,2011,15798223.5,581645.0462,1151902.587
Italy,ITA,2012,15849779.37,582257.5786,1144821.366
Italy,ITA,2013,15790852.47,571755.9229,1131485.551
Italy,ITA,2014,15777169.98,563068.4635,1115822.934
Italy,ITA,2015,15993244.29,567661.7807,1122428.486
Italy,ITA,2016,15916543.54,560414.1309,1119645.39
Italy,ITA,2017,16040523.66,553655.3588,1112726.239
Italy,ITA,2018,16205478.44,552161.2885,1152439.593
Italy,ITA,2019,16313740.19,552868.2262,1216149.041
Jamaica,JAM,1990,390642.2895,160147.681,47506.2313
Jamaica,JAM,1991,380215.013,157780.4752,48494.48019
Jamaica,JAM,1992,391514.7149,158139.7702,50698.76446
Jamaica,JAM,1993,404246.1354,156621.5946,50744.78398
Jamaica,JAM,1994,413322.7025,155023.9349,53569.93213
Jamaica,JAM,1995,420725.4802,151840.6582,58351.68698
Jamaica,JAM,1996,428608.2274,150011.2649,65002.74438
Jamaica,JAM,1997,439741.9277,148653.3644,71286.30323
Jamaica,JAM,1998,450976.968,147961.8877,73487.26153
Jamaica,JAM,1999,466221.2425,149311.202,76451.97944
Jamaica,JAM,2000,475352.4965,154450.052,62695.2335
Jamaica,JAM,2001,479581.1157,153495.9999,62811.48538
Jamaica,JAM,2002,471630.3712,145938.9727,58446.17207
Jamaica,JAM,2003,466301.8225,136178.1097,55021.98754
Jamaica,JAM,2004,459039.96,133694.6612,55564.51306
Jamaica,JAM,2005,448996.9667,115066.8742,71749.80264
Jamaica,JAM,2006,458250.4032,120017.8648,63848.75226
Jamaica,JAM,2007,486884.1258,119592.2338,75645.31976
Jamaica,JAM,2008,523341.9817,120289.8215,79891.36122
Jamaica,JAM,2009,539363.7927,115106.2355,94301.06263
Jamaica,JAM,2010,510292.3142,122749.2156,65340.33659
Jamaica,JAM,2011,532734.8963,115723.2695,73257.78908
Jamaica,JAM,2012,520099.4368,115878.6062,54766.45635
Jamaica,JAM,2013,524681.8361,114525.9835,52078.89074
Jamaica,JAM,2014,555394.7106,116391.5595,52662.48031
Jamaica,JAM,2015,563653.295,112595.4582,57320.14673
Jamaica,JAM,2016,570273.4426,110316.1215,59047.2388
Jamaica,JAM,2017,577270.2778,108412.3879,60105.69524
Jamaica,JAM,2018,584585.9268,106672.327,60858.13274
Jamaica,JAM,2019,594914.9573,105439.8961,63291.57694
Japan,JPN,1990,25236948.29,2049849.834,3532009.043
Japan,JPN,1991,25538576.39,2064434.608,3532235.744
Japan,JPN,1992,25921790.35,2088029.8,3537356.253
Japan,JPN,1993,26215396.53,2102056.165,3549455.204
Japan,JPN,1994,26342293.67,2091043.174,3531005.062
Japan,JPN,1995,26749424.6,2088382.252,3684997.441
Japan,JPN,1996,26808931.34,2038803.336,3554842.809
Japan,JPN,1997,27012049.37,2028125.519,3593944.759
Japan,JPN,1998,27496685.34,2041370.771,3724840.423
Japan,JPN,1999,27858994.79,2055970.243,3782468.522
Japan,JPN,2000,27879349.18,2008458.634,3752423.487
Japan,JPN,2001,27958110.06,1971391.199,3740899.303
Japan,JPN,2002,28121964.63,1958242.73,3721633.464
Japan,JPN,2003,28449721.23,1972128.536,3744347.898
Japan,JPN,2004,28696534.33,1967885.35,3732029.276
Japan,JPN,2005,29099084.74,2003154.253,3727544.513
Japan,JPN,2006,29213268.66,1998113.355,3672187.724
Japan,JPN,2007,29429010.82,2001858.992,3630511.523
Japan,JPN,2008,29632558.2,2005913.589,3602237.4
Japan,JPN,2009,29795348.06,2001384.822,3572240.114
Japan,JPN,2010,30129010.97,2023257.285,3543927.028
Japan,JPN,2011,30473949.56,2033074.429,3858529.872
Japan,JPN,2012,30590225.7,2028717.452,3441927.33
Japan,JPN,2013,30706298.8,2016343.356,3376679.849
Japan,JPN,2014,30780369.83,1995303.238,3320559.588
Japan,JPN,2015,30823034.74,1983045.879,3254159.331
Japan,JPN,2016,30930863.67,1979373.562,3267793.717
Japan,JPN,2017,30943062.1,1954915.017,3276201.525
Japan,JPN,2018,31122112.3,1998135.77,3301608.037
Japan,JPN,2019,31250149.03,2030122.255,3298052.16
Jordan,JOR,1990,576186.0397,335655.0902,115351.0266
Jordan,JOR,1991,592922.1396,333089.9022,118610.3794
Jordan,JOR,1992,605951.2839,327273.4435,120383.9214
Jordan,JOR,1993,628219.4759,322096.8414,123716.0381
Jordan,JOR,1994,643025.3458,313952.3968,127799.5382
Jordan,JOR,1995,658591.2539,306955.184,128214.0751
Jordan,JOR,1996,673764.3012,301842.8364,129761.366
Jordan,JOR,1997,682771.3145,294798.989,129921.9775
Jordan,JOR,1998,696302.6416,280629.8113,132978.4469
Jordan,JOR,1999,705456.281,272750.2425,132820.2461
Jordan,JOR,2000,712697.3065,266416.001,137448.4356
Jordan,JOR,2001,723809.9203,260138.9759,138591.4903
Jordan,JOR,2002,735235.4166,254672.292,134820.7523
Jordan,JOR,2003,745660.8807,252240.0942,138941.7494
Jordan,JOR,2004,777986.9845,252021.2682,140546.1909
Jordan,JOR,2005,821488.1424,257676.0276,149371.4865
Jordan,JOR,2006,856290.8242,260620.8144,141062.4294
Jordan,JOR,2007,870565.0376,262102.3135,139999.1462
Jordan,JOR,2008,888874.6326,262894.3918,144170.4681
Jordan,JOR,2009,918673.4543,262589.8385,141602.4992
Jordan,JOR,2010,953681.1612,260476.3134,140750.1932
Jordan,JOR,2011,1002280.936,262499.3745,144564.3243
Jordan,JOR,2012,1063737.722,268844.8396,152392.291
Jordan,JOR,2013,1127227.306,275120.9014,160124.8403
Jordan,JOR,2014,1198207.846,284562.993,166933.0947
Jordan,JOR,2015,1268626.327,292873.4428,174132.0399
Jordan,JOR,2016,1351058.349,307188.1915,190870.5026
Jordan,JOR,2017,1434947.145,317369.7233,197923.962
Jordan,JOR,2018,1518047.422,316236.3612,261018.5477
Jordan,JOR,2019,1604619.306,322105.2041,212904.0792
Kazakhstan,KAZ,1990,3737643.598,1280280.662,1068465.102
Kazakhstan,KAZ,1991,3845891.866,1246208.71,1078571.651
Kazakhstan,KAZ,1992,3991692.374,1238705.718,1111841.506
Kazakhstan,KAZ,1993,4226525.478,1235373.248,1113783.466
Kazakhstan,KAZ,1994,4398476.283,1236403.759,1113690.025
Kazakhstan,KAZ,1995,4551021.536,1244572.914,1144029.486
Kazakhstan,KAZ,1996,4561610.002,1226279.251,1123670.148
Kazakhstan,KAZ,1997,4493134.947,1188466.631,1091573.739
Kazakhstan,KAZ,1998,4408435.1,1129962.57,1058821.904
Kazakhstan,KAZ,1999,4362717.586,1074206.223,1048834.463
Kazakhstan,KAZ,2000,4415272.951,1034781.122,1109235.459
Kazakhstan,KAZ,2001,4461248.41,999214.5759,1132464.165
Kazakhstan,KAZ,2002,4525375.95,971564.8885,1134706.894
Kazakhstan,KAZ,2003,4620625.044,952729.351,1169591.785
Kazakhstan,KAZ,2004,4666297.174,941261.7309,1234002.242
Kazakhstan,KAZ,2005,4751056.389,940183.387,1260407.143
Kazakhstan,KAZ,2006,4788291.747,924748.9804,1271964.595
Kazakhstan,KAZ,2007,4759849.101,899697.258,1245920.005
Kazakhstan,KAZ,2008,4626055.127,864119.5715,1164954.059
Kazakhstan,KAZ,2009,4520249.997,826504.3025,1088263.655
Kazakhstan,KAZ,2010,4541357.579,796329.7237,1076538.418
Kazakhstan,KAZ,2011,4525787.326,756544.3405,1051817.345
Kazakhstan,KAZ,2012,4497691.722,723795.2933,1029917.295
Kazakhstan,KAZ,2013,4392183.199,690504.2682,986658.5814
Kazakhstan,KAZ,2014,4321617.494,657539.9433,938838.1342
Kazakhstan,KAZ,2015,4288052.525,633299.6311,902595.4015
Kazakhstan,KAZ,2016,4282763.684,607825.2761,859965.9436
Kazakhstan,KAZ,2017,4268960.026,588490.4064,827947.5231
Kazakhstan,KAZ,2018,4333651.237,578629.7368,827780.841
Kazakhstan,KAZ,2019,4372561.534,567073.7491,839920.1077
Kenya,KEN,1990,2809772.256,10462579.71,573481.4093
Kenya,KEN,1991,2874304.817,11104291.25,594908.8893
Kenya,KEN,1992,2944068.635,11885908.84,628406.9896
Kenya,KEN,1993,3008389.366,12705591.59,636799.7632
Kenya,KEN,1994,3076050.912,13606051.01,624448.1805
Kenya,KEN,1995,3148591.909,14322049.62,615403.3091
Kenya,KEN,1996,3230139.73,15017188.14,632559.4042
Kenya,KEN,1997,3326702.033,15694158.89,688425.8492
Kenya,KEN,1998,3432199.358,16202385.12,712116.804
Kenya,KEN,1999,3530920.434,16555759.74,717026.4739
Kenya,KEN,2000,3674571.072,16615776.74,799343.2344
Kenya,KEN,2001,3793539.323,16737067.36,796122.2464
Kenya,KEN,2002,3958195.61,16781791.34,814440.7973
Kenya,KEN,2003,4134060.352,16738010.08,848472.7311
Kenya,KEN,2004,4292616.282,16477901.4,894196.5628
Kenya,KEN,2005,4450879.604,16008150.7,948916.5164
Kenya,KEN,2006,4604534.265,15420186.15,992344.8283
Kenya,KEN,2007,4753937.617,14713713.13,1033008.129
Kenya,KEN,2008,4891703.563,14100254.18,1160267.925
Kenya,KEN,2009,5046911.372,13566824.61,1070799.721
Kenya,KEN,2010,5224568.628,13018387.28,1087597.036
Kenya,KEN,2011,5394770.687,12528123.46,1114789.944
Kenya,KEN,2012,5519886.519,12147734.03,1138229.437
Kenya,KEN,2013,5641066.577,11867652.04,1174955.776
Kenya,KEN,2014,5765346.716,11611948.93,1144149.554
Kenya,KEN,2015,5880993.919,11220647.59,1157115.858
Kenya,KEN,2016,6013473.151,10802501.3,1149212.568
Kenya,KEN,2017,6175311.764,10403164.84,1193374.205
Kenya,KEN,2018,6341455.196,10118595.59,1197549.712
Kenya,KEN,2019,6514141.139,9981772.224,1184580.731
Kiribati,KIR,1990,23327.33481,23880.04408,3915.684535
Kiribati,KIR,1991,23870.47365,23739.44258,4031.121761
Kiribati,KIR,1992,24313.78976,23472.90058,3917.75605
Kiribati,KIR,1993,24665.76279,23094.01126,3812.614459
Kiribati,KIR,1994,24727.40558,22449.93584,3939.778586
Kiribati,KIR,1995,24865.37156,21900.53648,4157.106838
Kiribati,KIR,1996,25264.65001,21488.4123,3764.029422
Kiribati,KIR,1997,25806.11994,21131.74991,3745.649703
Kiribati,KIR,1998,26309.00882,20745.62915,3748.678094
Kiribati,KIR,1999,26985.27903,20289.91115,3836.167381
Kiribati,KIR,2000,27458.52028,19969.65565,3888.345281
Kiribati,KIR,2001,27856.04394,19722.66296,3943.139712
Kiribati,KIR,2002,28234.65157,19474.71843,3992.380997
Kiribati,KIR,2003,28645.26556,19251.15853,4050.75763
Kiribati,KIR,2004,29020.96863,19181.82993,4094.491354
Kiribati,KIR,2005,29463.57549,18994.8687,4157.849741
Kiribati,KIR,2006,29934.63111,18939.90065,4249.918813
Kiribati,KIR,2007,30582.16628,18620.90847,4394.4711
Kiribati,KIR,2008,31221.00819,18416.94511,4498.877754
Kiribati,KIR,2009,31734.22449,18327.20875,4573.179672
Kiribati,KIR,2010,32180.47212,18239.05726,4629.020515
Kiribati,KIR,2011,32622.40873,18153.48782,4653.820512
Kiribati,KIR,2012,33009.03791,18040.54374,4650.514827
Kiribati,KIR,2013,33419.33985,17765.38525,4660.149541
Kiribati,KIR,2014,33784.19166,17595.45347,4662.08046
Kiribati,KIR,2015,34201.29879,17315.26051,4667.796515
Kiribati,KIR,2016,34703.88551,16972.6288,4701.729795
Kiribati,KIR,2017,35198.72734,16588.60543,4732.5419
Kiribati,KIR,2018,35768.49241,16230.91009,9076.552221
Kiribati,KIR,2019,36285.95765,15933.83338,4687.113198
Kuwait,KWT,1990,228195.0979,53373.14256,124167.3844
Kuwait,KWT,1991,212131.7064,41315.01164,154556.2271
Kuwait,KWT,1992,208552.0852,43136.75729,46219.56457
Kuwait,KWT,1993,207412.9556,38904.79533,45051.41798
Kuwait,KWT,1994,215158.9254,42366.78385,46778.40071
Kuwait,KWT,1995,221117.5838,39095.44358,46648.48395
Kuwait,KWT,1996,226622.8534,38424.27711,45156.01272
Kuwait,KWT,1997,244515.3772,41418.55583,48869.85157
Kuwait,KWT,1998,243773.0949,38061.35186,46506.95006
Kuwait,KWT,1999,257358.0653,38901.17487,50056.43995
Kuwait,KWT,2000,263548.8254,39850.87139,50271.51352
Kuwait,KWT,2001,260456.0174,37550.07491,47194.3783
Kuwait,KWT,2002,276229.6612,41220.89776,50507.38598
Kuwait,KWT,2003,284637.9164,42181.60187,52509.70146
Kuwait,KWT,2004,298499.0001,43518.92563,56006.05697
Kuwait,KWT,2005,315360.3373,45014.32161,58251.14344
Kuwait,KWT,2006,333792.2071,47103.6799,60969.14458
Kuwait,KWT,2007,349243.8741,49290.34229,61729.43841
Kuwait,KWT,2008,380201.3,53665.98813,66077.01207
Kuwait,KWT,2009,392082.732,58481.35826,67220.02848
Kuwait,KWT,2010,394507.0929,57066.90015,61536.42904
Kuwait,KWT,2011,405847.3368,57053.22919,61220.56654
Kuwait,KWT,2012,427768.9683,58836.96647,64303.47679
Kuwait,KWT,2013,446826.1753,61569.0015,65722.19349
Kuwait,KWT,2014,467555.5507,65206.73343,67848.88486
Kuwait,KWT,2015,494987.7429,68379.46881,73736.6458
Kuwait,KWT,2016,520373.1418,67637.50749,72940.80511
Kuwait,KWT,2017,547844.5812,68669.19376,75910.60958
Kuwait,KWT,2018,577248.6528,69544.87525,78572.04659
Kuwait,KWT,2019,608525.8577,70784.64099,80255.9032
Kyrgyzstan,KGZ,1990,919991.6045,632862.2665,263838.7108
Kyrgyzstan,KGZ,1991,943358.2817,607225.2868,259563.2885
Kyrgyzstan,KGZ,1992,963226.6857,582231.5227,259082.197
Kyrgyzstan,KGZ,1993,1014199.078,562315.7509,258109.0446
Kyrgyzstan,KGZ,1994,1069702.804,546714.3029,273130.554
Kyrgyzstan,KGZ,1995,1084306.461,530256.2723,261138.9436
Kyrgyzstan,KGZ,1996,1063866.312,510931.8371,249564.9014
Kyrgyzstan,KGZ,1997,1050616.726,499863.0677,238555.7084
Kyrgyzstan,KGZ,1998,1047930.934,482619.0836,230609.2374
Kyrgyzstan,KGZ,1999,1041525.295,467104.2756,223980.2449
Kyrgyzstan,KGZ,2000,1071704.939,454278.9495,230794.1201
Kyrgyzstan,KGZ,2001,1084423.443,445131.9282,217674.1777
Kyrgyzstan,KGZ,2002,1103846.625,436997.165,218383.2228
Kyrgyzstan,KGZ,2003,1126952.704,429854.0932,219193.5354
Kyrgyzstan,KGZ,2004,1124573.244,424418.8093,215580.0788
Kyrgyzstan,KGZ,2005,1142071.366,428575.2851,217532.3038
Kyrgyzstan,KGZ,2006,1173256.988,433029.4734,222364.577
Kyrgyzstan,KGZ,2007,1173309.156,427297.1188,220577.1808
Kyrgyzstan,KGZ,2008,1158541.562,403151.248,222081.3603
Kyrgyzstan,KGZ,2009,1130852.505,390267.6148,211944.8837
Kyrgyzstan,KGZ,2010,1128023.34,376386.624,238695.0141
Kyrgyzstan,KGZ,2011,1130710.396,362173.649,211395.2718
Kyrgyzstan,KGZ,2012,1129957.168,358448.848,207559.0381
Kyrgyzstan,KGZ,2013,1128346.011,361355.5021,205362.749
Kyrgyzstan,KGZ,2014,1129033.951,357994.2968,203140.7442
Kyrgyzstan,KGZ,2015,1136677.503,341669.316,200003.8935
Kyrgyzstan,KGZ,2016,1118138.314,315266.9303,189182.3948
Kyrgyzstan,KGZ,2017,1131316.048,295883.2622,191740.475
Kyrgyzstan,KGZ,2018,1148355.074,291072.1013,192441.0666
Kyrgyzstan,KGZ,2019,1172332.811,284113.4393,194578.3967
Laos,LAO,1990,994781.4292,2629286.506,303560.5237
Laos,LAO,1991,1009891.188,2588863.274,287813.6843
Laos,LAO,1992,1026623.186,2560393.751,291356.2466
Laos,LAO,1993,1042829.246,2534730.948,291208.6839
Laos,LAO,1994,1057688.245,2510555.352,291581.8554
Laos,LAO,1995,1073824.724,2427548.513,294403.7117
Laos,LAO,1996,1086605.332,2382131.348,293514.7648
Laos,LAO,1997,1100268.413,2316794.175,292369.0438
Laos,LAO,1998,1114268.288,2250946.291,296702.4145
Laos,LAO,1999,1126684.723,2180694.034,293657.6768
Laos,LAO,2000,1134699.249,2116988.014,291311.2123
Laos,LAO,2001,1151247.315,2022311.785,289794.0479
Laos,LAO,2002,1158806.234,1918997.592,288822.7365
Laos,LAO,2003,1165097.742,1822726.485,286244.3093
Laos,LAO,2004,1167964.161,1729504.109,280653.7545
Laos,LAO,2005,1175888.313,1645353.007,277016.484
Laos,LAO,2006,1182903.034,1569392.169,276832.0917
Laos,LAO,2007,1186859.46,1489505.768,266006.5238
Laos,LAO,2008,1204704.47,1388453.77,269486.1529
Laos,LAO,2009,1210890.979,1304094.808,267283.6402
Laos,LAO,2010,1212992.341,1230269.082,258976.2671
Laos,LAO,2011,1215800.355,1161554.318,254454.5908
Laos,LAO,2012,1222974.621,1099792.791,247210.7849
Laos,LAO,2013,1237300.995,1046156.77,248215.043
Laos,LAO,2014,1252589.171,990653.7164,233118.0454
Laos,LAO,2015,1271318.769,941758.0198,233492.9111
Laos,LAO,2016,1289480.015,902591.2914,229654.3445
Laos,LAO,2017,1306776.08,868929.641,225210.6243
Laos,LAO,2018,1330769.108,829624.6614,230998.5476
Laos,LAO,2019,1356654.732,798177.9642,219989.1196
Latin America & Caribbean (WB),,1990,80980436.51,56127559.74,24500447.76
Latin America & Caribbean (WB),,1991,81710434.36,54767628.67,24660900.95
Latin America & Caribbean (WB),,1992,83148959.27,52515632.68,24513677.1
Latin America & Caribbean (WB),,1993,84815730.96,50931657.16,24714117.24
Latin America & Caribbean (WB),,1994,86026802.78,49342604.37,24830566.08
Latin America & Caribbean (WB),,1995,87315933.06,47935773.21,24833159.76
Latin America & Caribbean (WB),,1996,88657767.53,46259886.05,24902436.2
Latin America & Caribbean (WB),,1997,89839610.92,44574229.53,24869752.9
Latin America & Caribbean (WB),,1998,91600506.72,43272030.46,26229277.63
Latin America & Caribbean (WB),,1999,93051430.91,41731355.65,26715640.76
Latin America & Caribbean (WB),,2000,94226629.62,40387102.7,25105123
Latin America & Caribbean (WB),,2001,95766266.13,39204241.33,25280936.38
Latin America & Caribbean (WB),,2002,97844768.4,38149575.95,25784906.65
Latin America & Caribbean (WB),,2003,99838212.8,37363269.8,25123982.07
Latin America & Caribbean (WB),,2004,101328665.8,36218003.81,25330052.33
Latin America & Caribbean (WB),,2005,102733529.1,35226768.65,24838862.15
Latin America & Caribbean (WB),,2006,104349539.5,34280928.92,24941863.35
Latin America & Caribbean (WB),,2007,106008934.5,33509341.27,25111660.8
Latin America & Caribbean (WB),,2008,108060750,32797416.87,25738487.4
Latin America & Caribbean (WB),,2009,110350957.7,32326455.69,26355520.71
Latin America & Caribbean (WB),,2010,111804366.4,31780743.77,39957633.09
Latin America & Caribbean (WB),,2011,113431323.2,31336907.63,26577353.38
Latin America & Caribbean (WB),,2012,115245067.8,30249549.55,26985834.46
Latin America & Caribbean (WB),,2013,117527692.9,29880858.81,26987362.93
Latin America & Caribbean (WB),,2014,119436442.7,29209996.43,26858450.83
Latin America & Caribbean (WB),,2015,121573465.9,28594748.43,26835300.93
Latin America & Caribbean (WB),,2016,124389261.7,28047910.49,26737951.28
Latin America & Caribbean (WB),,2017,126581005.7,27354667.34,27062942.67
Latin America & Caribbean (WB),,2018,128654846.3,26749818.63,26726372.65
Latin America & Caribbean (WB),,2019,130973145.3,26271552.04,26405482.7
Latvia,LVA,1990,852503.0625,68774.85346,228986.5241
Latvia,LVA,1991,860428.7289,70400.78534,237766.9062
Latvia,LVA,1992,880834.4469,72247.52929,249313.3177
Latvia,LVA,1993,956552.368,74160.01834,279901.4767
Latvia,LVA,1994,1011592.129,76349.19811,297296.2114
Latvia,LVA,1995,957450.7947,73124.58295,270180.2209
Latvia,LVA,1996,856565.1532,64307.3212,225260.1096
Latvia,LVA,1997,829437.2803,60895.50904,211861.3096
Latvia,LVA,1998,851600.6668,60432.57537,214023.32
Latvia,LVA,1999,818160.1265,57196.23718,201639.9384
Latvia,LVA,2000,801890.7983,55078.97762,192318.8238
Latvia,LVA,2001,828550.7343,54542.90591,193981.2286
Latvia,LVA,2002,818639.5495,52984.03887,183152.5918
Latvia,LVA,2003,808789.0059,51864.6142,169439.4895
Latvia,LVA,2004,801959.2209,49649.87185,160876.7704
Latvia,LVA,2005,820637.2147,50267.44582,160049.0702
Latvia,LVA,2006,843468.2084,51019.37357,160781.0137
Latvia,LVA,2007,827400.3122,49567.87905,147609.9701
Latvia,LVA,2008,779985.2187,46455.52713,132123.05
Latvia,LVA,2009,751740.3813,43183.63696,119914.2821
Latvia,LVA,2010,738393.6594,42094.56037,114264.3559
Latvia,LVA,2011,718489.7532,40755.30602,104860.6381
Latvia,LVA,2012,706135.8356,40377.10361,100899.9905
Latvia,LVA,2013,708002.8294,40385.04597,100230.8952
Latvia,LVA,2014,691529.9722,38578.78536,95051.5689
Latvia,LVA,2015,678284.4917,37827.54324,90434.12857
Latvia,LVA,2016,659527.5868,35554.04676,85679.3656
Latvia,LVA,2017,655828.1583,34850.92003,85209.57139
Latvia,LVA,2018,654273.7091,33978.26093,84545.49198
Latvia,LVA,2019,651849.0392,33118.26097,84070.86713
Lebanon,LBN,1990,677219.3684,279134.5105,243620.662
Lebanon,LBN,1991,681204.5719,266735.4352,124348.9136
Lebanon,LBN,1992,688073.8576,254736.3107,127350.7603
Lebanon,LBN,1993,695222.3316,244946.775,121855.3833
Lebanon,LBN,1994,698089.7839,230658.5662,122290.7421
Lebanon,LBN,1995,702564.2927,215920.5323,118151.5862
Lebanon,LBN,1996,708669.1541,202117.4022,123541.5278
Lebanon,LBN,1997,717130.3302,189572.277,112660.6328
Lebanon,LBN,1998,725947.3484,179144.4964,108294.3676
Lebanon,LBN,1999,734590.0998,170130.868,105608.4591
Lebanon,LBN,2000,744243.6047,164510.3512,101851.0819
Lebanon,LBN,2001,757768.3396,156407.5627,96063.14735
Lebanon,LBN,2002,772014.3831,151571.2506,94392.85443
Lebanon,LBN,2003,789011.187,148199.3973,95682.16533
Lebanon,LBN,2004,807244.7239,146492.1191,92765.89472
Lebanon,LBN,2005,827237.6837,146384.1503,94094.45222
Lebanon,LBN,2006,847543.1247,148036.7432,139806.0987
Lebanon,LBN,2007,869211.0571,146245.4946,94995.25073
Lebanon,LBN,2008,889175.6835,143017.652,103296.6945
Lebanon,LBN,2009,908391.1025,136313.068,95632.77999
Lebanon,LBN,2010,926496.4369,133422.6949,97558.29506
Lebanon,LBN,2011,960836.515,134459.4802,97121.91515
Lebanon,LBN,2012,1005150.523,138241.6217,106727.6423
Lebanon,LBN,2013,1041634.709,140902.0248,118773.2965
Lebanon,LBN,2014,1061250.125,139167.6628,129613.5235
Lebanon,LBN,2015,1074402.7,134657.9108,127414.7243
Lebanon,LBN,2016,1086974.89,130498.9554,126606.002
Lebanon,LBN,2017,1099126.368,126819.5725,130554.7691
Lebanon,LBN,2018,1110483.258,123396.3108,160983.3664
Lebanon,LBN,2019,1120166.568,121494.217,109396.7478
Lesotho,LSO,1990,294472.8636,674963.9224,93385.74166
Lesotho,LSO,1991,296537.0483,687235.5115,95123.79636
Lesotho,LSO,1992,299737.0035,708790.8543,98318.56815
Lesotho,LSO,1993,302653.4607,742426.9441,100374.3941
Lesotho,LSO,1994,307105.512,790475.21,102360.9261
Lesotho,LSO,1995,310115.2675,849458.6946,101872.3529
Lesotho,LSO,1996,313004.5231,921667.6194,101584.5485
Lesotho,LSO,1997,317567.432,1007324.085,104150.5461
Lesotho,LSO,1998,327562.4866,1104742.115,117212.1693
Lesotho,LSO,1999,337610.5962,1205072.047,120045.5442
Lesotho,LSO,2000,352461.5203,1302351.248,124859.794
Lesotho,LSO,2001,360118.1564,1373764.092,129978.0042
Lesotho,LSO,2002,370767.0698,1447980.799,136056.0624
Lesotho,LSO,2003,382575.6974,1519004.228,141656.8514
Lesotho,LSO,2004,391376.8238,1575203.084,146952.1446
Lesotho,LSO,2005,397447.7049,1587788.275,150238.5788
Lesotho,LSO,2006,400777.1539,1552646.714,152329.037
Lesotho,LSO,2007,404271.2618,1466694.157,156931.6678
Lesotho,LSO,2008,409964.0722,1360606.552,158249.1376
Lesotho,LSO,2009,412022.3082,1273532.854,159963.9464
Lesotho,LSO,2010,418187.3334,1216618.77,162722.9213
Lesotho,LSO,2011,423405.4492,1215897.941,166606.4567
Lesotho,LSO,2012,432016.1718,1241929.829,168314.5219
Lesotho,LSO,2013,439624.2857,1252935.183,168863.7298
Lesotho,LSO,2014,445592.039,1255235.485,170333.188
Lesotho,LSO,2015,448728.2747,1220944.95,171049.246
Lesotho,LSO,2016,446822.9178,1145360.627,169438.8961
Lesotho,LSO,2017,445954.5492,1074969.917,168813.8535
Lesotho,LSO,2018,448950.4348,1037925.421,169577.1521
Lesotho,LSO,2019,454034.4044,1023104.349,170550.1017
Liberia,LBR,1990,446061.454,1990794.926,338988.3125
Liberia,LBR,1991,451503.0788,1953701.056,131627.0417
Liberia,LBR,1992,453640.5239,1937339.941,127499.4129
Liberia,LBR,1993,445894.2866,1919476.185,268820.6779
Liberia,LBR,1994,440327.2988,1930369.597,370831.6439
Liberia,LBR,1995,438348.1656,2008269.106,243345.5304
Liberia,LBR,1996,458693.8791,2116034.152,293830.0041
Liberia,LBR,1997,461990.3499,2199959.277,102706.4232
Liberia,LBR,1998,467505.1959,2251771.068,104737.2644
Liberia,LBR,1999,470356.7797,2273443.512,110837.883
Liberia,LBR,2000,472484.0385,2233842.712,108659.0929
Liberia,LBR,2001,468017.2667,2142154.715,127482.9522
Liberia,LBR,2002,460964.0357,2007778.243,247413.3861
Liberia,LBR,2003,458230.7217,1908624.738,308828.2675
Liberia,LBR,2004,462934.0694,1826646.592,91027.35196
Liberia,LBR,2005,480392.1477,1756070.708,94838.99342
Liberia,LBR,2006,497144.6631,1707926.367,95820.42861
Liberia,LBR,2007,511856.8817,1661382.642,97767.80586
Liberia,LBR,2008,525751.9171,1624877.015,101116.3892
Liberia,LBR,2009,550813.1128,1604635.557,105251.2064
Liberia,LBR,2010,575941.1807,1596682.544,111381.4626
Liberia,LBR,2011,590450.291,1567236.346,112472.0865
Liberia,LBR,2012,608333.7593,1507176.84,114754.034
Liberia,LBR,2013,617568.9422,1458135.385,115561.8113
Liberia,LBR,2014,618467.5775,1792166.035,113695.879
Liberia,LBR,2015,623187.629,1544823.863,110574.8611
Liberia,LBR,2016,628845.807,1364474.811,110487.059
Liberia,LBR,2017,632671.9687,1306118.65,107955.6704
Liberia,LBR,2018,642836.0484,1250924.561,108670.3315
Liberia,LBR,2019,656823.3066,1206620.386,112419.9259
Libya,LBY,1990,721895.2978,443471.8701,182378.9153
Libya,LBY,1991,716949.4162,417084.843,179724.7128
Libya,LBY,1992,711211.6673,386999.4675,189609.6046
Libya,LBY,1993,709213.7638,360377.8655,177833.0824
Libya,LBY,1994,708650.8649,335779.2596,176856.1636
Libya,LBY,1995,709084.2565,309978.1273,177454.5758
Libya,LBY,1996,709850.2186,285539.6113,342189.3993
Libya,LBY,1997,726034.664,269307.8926,183276.8939
Libya,LBY,1998,743536.4636,253939.6577,181626.8051
Libya,LBY,1999,761052.8489,241348.1893,182807.7818
Libya,LBY,2000,777559.4605,232615.1197,191007.6953
Libya,LBY,2001,793357.9829,224135.6498,189689.1809
Libya,LBY,2002,811743.1105,216976.1432,197658.5299
Libya,LBY,2003,823048.4548,208694.6456,192835.5294
Libya,LBY,2004,825044.4755,198452.2904,184871.5993
Libya,LBY,2005,838469.5519,189096.6778,177964.8886
Libya,LBY,2006,861455.2591,179226.6109,180949.6078
Libya,LBY,2007,913319.6553,174825.774,194378.3022
Libya,LBY,2008,941612.7243,169566.0011,218478.0476
Libya,LBY,2009,974123.6175,163787.1312,228892.4534
Libya,LBY,2010,982769.8762,157803.3341,224723.9424
Libya,LBY,2011,1007244.638,154299.4321,659171.5689
Libya,LBY,2012,1027020.868,148180.2559,247739.2782
Libya,LBY,2013,1055736.647,145147.9891,233248.6712
Libya,LBY,2014,1089480.436,144215.3082,541652.3495
Libya,LBY,2015,1121526.903,143638.8476,489227.6737
Libya,LBY,2016,1156446.482,143490.1833,527629.5021
Libya,LBY,2017,1191291.846,143368.129,345469.2496
Libya,LBY,2018,1225976.986,141039.9493,339636.8099
Libya,LBY,2019,1261130.605,138822.2588,307299.8659
Lithuania,LTU,1990,1034655.859,81296.04246,278921.8236
Lithuania,LTU,1991,1078217.233,88295.4962,299159.2978
Lithuania,LTU,1992,1080099.715,89855.82863,303211.3091
Lithuania,LTU,1993,1159532.643,89860.98839,331321.2428
Lithuania,LTU,1994,1186533.543,89776.68667,343545.6136
Lithuania,LTU,1995,1164831.616,85615.13221,330168.4691
Lithuania,LTU,1996,1105929.384,77293.66753,303602.3728
Lithuania,LTU,1997,1056898.161,72466.31088,286996.4867
Lithuania,LTU,1998,1049684.717,70891.21117,282677.8169
Lithuania,LTU,1999,1027477.636,68884.97803,277489.9871
Lithuania,LTU,2000,1014685.123,66133.27583,271895.1966
Lithuania,LTU,2001,1045815.649,65951.41033,281788.1524
Lithuania,LTU,2002,1040200.22,65595.37861,268458.6427
Lithuania,LTU,2003,1047691.075,65862.1211,263355.2623
Lithuania,LTU,2004,1052291.185,67047.75068,258109.9614
Lithuania,LTU,2005,1097718.221,68681.83935,267015.6398
Lithuania,LTU,2006,1122057.898,69748.6403,266425.4964
Lithuania,LTU,2007,1144571.253,71090.96473,267123.49
Lithuania,LTU,2008,1106978.101,66936.90306,244970.857
Lithuania,LTU,2009,1032267.725,60097.54931,213961.1473
Lithuania,LTU,2010,1027700.973,57932.44705,206468.989
Lithuania,LTU,2011,1013686.4,55391.54739,193389.145
Lithuania,LTU,2012,1001779.667,53153.64879,186601.4761
Lithuania,LTU,2013,1003935.84,52613.52404,181245.5019
Lithuania,LTU,2014,977838.3725,51137.10882,169819.8817
Lithuania,LTU,2015,984178.4495,50524.50842,162765.2665
Lithuania,LTU,2016,974118.9632,50057.26089,154814.1896
Lithuania,LTU,2017,927238.9693,46017.08069,140515.7914
Lithuania,LTU,2018,922744.6124,44817.40949,139007.8116
Lithuania,LTU,2019,914173.7709,43646.42576,137809.8655
Luxembourg,LUX,1990,107091.7014,5726.811918,15224.60007
Luxembourg,LUX,1991,107335.9114,5777.000539,15128.49334
Luxembourg,LUX,1992,107071.9934,5744.30398,14995.50636
Luxembourg,LUX,1993,107280.4581,5780.004011,15095.29371
Luxembourg,LUX,1994,106931.9674,5679.537161,14864.01155
Luxembourg,LUX,1995,107251.216,5577.589488,14625.26366
Luxembourg,LUX,1996,107614.5539,5552.559408,14534.34042
Luxembourg,LUX,1997,107407.7642,5427.358091,14079.23565
Luxembourg,LUX,1998,107663.8469,5423.509096,13574.82413
Luxembourg,LUX,1999,107698.5258,5468.708031,13333.11804
Luxembourg,LUX,2000,108320.2584,5459.7288,13285.17337
Luxembourg,LUX,2001,107770.4077,5467.012748,12963.49319
Luxembourg,LUX,2002,108188.8511,5479.560893,12984.62196
Luxembourg,LUX,2003,108267.9821,5459.052182,12618.87265
Luxembourg,LUX,2004,109201.1208,5365.508826,12342.13455
Luxembourg,LUX,2005,109724.536,5297.734698,12210.33305
Luxembourg,LUX,2006,110523.4181,5255.650906,12216.25275
Luxembourg,LUX,2007,110469.6235,5245.108441,12034.16528
Luxembourg,LUX,2008,110668.2898,5236.570783,11932.89597
Luxembourg,LUX,2009,111962.8526,5290.801757,11978.79856
Luxembourg,LUX,2010,113192.3222,5357.32701,12069.52582
Luxembourg,LUX,2011,114455.5542,5396.699204,12270.12273
Luxembourg,LUX,2012,116055.9387,5433.909278,12450.02632
Luxembourg,LUX,2013,117763.3939,5532.958613,12609.42988
Luxembourg,LUX,2014,119189.5488,5585.816229,12946.21549
Luxembourg,LUX,2015,120553.4096,5695.833745,13319.91505
Luxembourg,LUX,2016,121566.4826,5767.230371,13536.24447
Luxembourg,LUX,2017,124727.5164,5850.535158,13925.34626
Luxembourg,LUX,2018,128034.3143,5939.559308,14252.82213
Luxembourg,LUX,2019,131618.0587,6042.262304,14570.92055
Madagascar,MDG,1990,2355627.091,7830676.348,487920.6079
Madagascar,MDG,1991,2387095.679,7846432.387,492838.2042
Madagascar,MDG,1992,2419254.194,7871395.554,489451.6805
Madagascar,MDG,1993,2482421.381,7933441.177,496744.642
Madagascar,MDG,1994,2476734.185,7905978.261,503189.9434
Madagascar,MDG,1995,2471230.149,7672318.095,433700.0992
Madagascar,MDG,1996,2511070.43,7675371.885,436856.16
Madagascar,MDG,1997,2557593.571,7659864.734,454991.2268
Madagascar,MDG,1998,2610457.937,7621020.448,454629.9392
Madagascar,MDG,1999,2630609.689,7610800.347,459365.033
Madagascar,MDG,2000,2663861.7,7507020.458,479697.841
Madagascar,MDG,2001,2701577.954,7463686.059,470651.0388
Madagascar,MDG,2002,2776440.759,7477200.063,484931.8295
Madagascar,MDG,2003,2840668.241,7407485.904,489933.9459
Madagascar,MDG,2004,2890146.296,7367280.549,507803.5765
Madagascar,MDG,2005,2955506.099,7259330.429,501460.3434
Madagascar,MDG,2006,2996523.062,7230205.021,495679.3077
Madagascar,MDG,2007,3051358.232,7184699.433,507386.2123
Madagascar,MDG,2008,3151125.834,7115964.64,524290.7759
Madagascar,MDG,2009,3234177.993,7098257.262,539464.1227
Madagascar,MDG,2010,3291985.369,7090977.058,535392.0979
Madagascar,MDG,2011,3370290.959,7002948.099,539357.4814
Madagascar,MDG,2012,3444239.824,6906885.907,554903.0294
Madagascar,MDG,2013,3509795.741,6833119.98,557500.9977
Madagascar,MDG,2014,3594928.093,6703446.704,583329.3748
Madagascar,MDG,2015,3673974.472,6588260.753,577487.7759
Madagascar,MDG,2016,3759391.306,6469074.714,576993.6662
Madagascar,MDG,2017,3854013.73,6324134.173,590791.3395
Madagascar,MDG,2018,3952185.356,6206243.911,596802.2825
Madagascar,MDG,2019,4045294.791,6084479.071,596008.2054
Malawi,MWI,1990,1865944.079,9540876.678,407822.6144
Malawi,MWI,1991,1899998.318,9941192.868,445873.8972
Malawi,MWI,1992,1921285.704,10293243.85,421835.9723
Malawi,MWI,1993,1900294.244,10523878.99,414048.3311
Malawi,MWI,1994,1868778.324,10554979.86,403633.376
Malawi,MWI,1995,1854969.922,10578364.68,396595.628
Malawi,MWI,1996,1856111.302,10675596.45,390643.0967
Malawi,MWI,1997,1864965.878,10782345.35,388899.2583
Malawi,MWI,1998,1887232.365,10909128.09,388586.2265
Malawi,MWI,1999,1933177.175,10930203.31,403217.7599
Malawi,MWI,2000,1956438.236,10790901.1,408753.7844
Malawi,MWI,2001,1955136.441,10740293.29,405908.2516
Malawi,MWI,2002,1969022.554,10559984.77,399346.3168
Malawi,MWI,2003,1989778.635,10242590.66,398181.0549
Malawi,MWI,2004,1993660.224,9987238.648,392911.3762
Malawi,MWI,2005,1988341.653,9646018.593,387049.2989
Malawi,MWI,2006,1998108.869,9198568.761,381804.7622
Malawi,MWI,2007,1999379.938,8678765.6,377955.796
Malawi,MWI,2008,2005475.11,8125652.998,371367.5859
Malawi,MWI,2009,2055236.523,7577334.046,382374.1505
Malawi,MWI,2010,2114559.408,7074948.686,392139.9107
Malawi,MWI,2011,2183126.496,6554340.48,408466.5466
Malawi,MWI,2012,2217410.861,6071111.001,410318.4268
Malawi,MWI,2013,2242633.922,5709964.031,405779.4402
Malawi,MWI,2014,2275648.62,5453776.361,405444.7232
Malawi,MWI,2015,2318005.944,5286826.677,425979.4807
Malawi,MWI,2016,2355866.716,5189008.692,408325.5034
Malawi,MWI,2017,2389662.759,4948217.636,406598.0294
Malawi,MWI,2018,2456336.86,4705368.891,414839.8775
Malawi,MWI,2019,2516337.986,4566247.689,421938.5399
Malaysia,MYS,1990,2734145.256,1157633.696,549922.9966
Malaysia,MYS,1991,2778501.843,1158045.545,563088.4845
Malaysia,MYS,1992,2850176.484,1153354.569,562398.3832
Malaysia,MYS,1993,2936355.175,1161380,582681.1251
Malaysia,MYS,1994,3033853.73,1158085.808,595027.6624
Malaysia,MYS,1995,3178189.953,1172421.852,633926.8786
Malaysia,MYS,1996,3232906.303,1135371.577,664479.5795
Malaysia,MYS,1997,3319378.087,1154232.609,670510.8643
Malaysia,MYS,1998,3384360.657,1120979.812,674257.2339
Malaysia,MYS,1999,3650379.97,1163328.173,729665.0689
Malaysia,MYS,2000,3615014.786,1068498.457,692096.0078
Malaysia,MYS,2001,3668019.935,1040202.683,675010.8105
Malaysia,MYS,2002,3753333.787,1025626.408,677718.8905
Malaysia,MYS,2003,3881643.761,1020104.858,708228.6041
Malaysia,MYS,2004,3951207.115,1006519.563,715929.7001
Malaysia,MYS,2005,4024568.879,994880.1619,712032.2436
Malaysia,MYS,2006,4101274.759,986527.8239,708623.952
Malaysia,MYS,2007,4181286.321,1011554.728,707622.0089
Malaysia,MYS,2008,4323951.515,1054934.004,724245.342
Malaysia,MYS,2009,4460380.855,1106633.617,745935.5038
Malaysia,MYS,2010,4509795.636,1103581.667,737898.6954
Malaysia,MYS,2011,4600436.424,1140127.715,741774.1684
Malaysia,MYS,2012,4694473.577,1181791.138,743903.6761
Malaysia,MYS,2013,4728365.81,1166296.262,726646.0575
Malaysia,MYS,2014,4918744.732,1224238.382,758203.9163
Malaysia,MYS,2015,5069651.998,1255870.781,766883.2345
Malaysia,MYS,2016,5215452.631,1234672.255,784585.3897
Malaysia,MYS,2017,5354202.28,1233788.074,801143.2122
Malaysia,MYS,2018,5497174.859,1205095.689,806548.7052
Malaysia,MYS,2019,5694065.192,1214136.646,831900.6085
Maldives,MDV,1990,40649.82749,49003.81367,9372.473711
Maldives,MDV,1991,40942.10225,46341.4966,8912.549443
Maldives,MDV,1992,41157.04162,43406.70922,8479.582051
Maldives,MDV,1993,41151.53395,40802.27014,8072.087516
Maldives,MDV,1994,40978.40249,38322.47974,7810.376773
Maldives,MDV,1995,41123.79721,35594.83271,7597.382159
Maldives,MDV,1996,41675.63826,32225.70196,7390.340869
Maldives,MDV,1997,42147.29304,28769.36565,7345.65246
Maldives,MDV,1998,41757.27998,26709.07976,7163.796794
Maldives,MDV,1999,41456.46812,25171.06444,7888.846963
Maldives,MDV,2000,41615.28965,23763.88544,6950.122398
Maldives,MDV,2001,41713.96523,22520.53324,6566.357867
Maldives,MDV,2002,41025.45745,21553.38494,6136.807911
Maldives,MDV,2003,40950.63639,20418.55885,5813.384026
Maldives,MDV,2004,41059.02169,19263.77882,13639.82889
Maldives,MDV,2005,41460.72106,18672.08189,5628.399021
Maldives,MDV,2006,42569.83119,17437.0664,5870.304476
Maldives,MDV,2007,43414.46248,16945.62695,5900.621993
Maldives,MDV,2008,44464.08238,16751.00983,5969.899328
Maldives,MDV,2009,45798.51832,16703.48602,6095.865462
Maldives,MDV,2010,47260.12063,16736.6297,6251.147113
Maldives,MDV,2011,48757.88694,17015.2625,6414.632245
Maldives,MDV,2012,50430.11945,16882.15869,6550.126862
Maldives,MDV,2013,52305.67445,16909.29222,6737.298509
Maldives,MDV,2014,54321.7105,16961.68378,6948.08695
Maldives,MDV,2015,56389.07051,17051.84653,7168.195667
Maldives,MDV,2016,58882.01702,17182.57387,7495.797279
Maldives,MDV,2017,61324.44746,16926.23272,7735.416332
Maldives,MDV,2018,63942.91191,16280.33766,7937.365013
Maldives,MDV,2019,66720.46859,15995.00421,8122.283882
Mali,MLI,1990,1830212.452,9695626.779,523747.6119
Mali,MLI,1991,1839851.38,9646958.284,503691.6303
Mali,MLI,1992,1857872.291,9627898.962,489079.9919
Mali,MLI,1993,1871046.624,9601443.172,481299.617
Mali,MLI,1994,1893213.951,9622485.885,541499.7042
Mali,MLI,1995,1917307.68,9738510.226,486003.9479
Mali,MLI,1996,1934664.921,9866749.61,486251.0545
Mali,MLI,1997,1939290.646,10027087.6,823239.2913
Mali,MLI,1998,1935634.19,9955003.241,1159693.712
Mali,MLI,1999,1947498.676,9987118.86,626364.9518
Mali,MLI,2000,1984866.318,10053433.71,636403.9046
Mali,MLI,2001,2017488.663,10054240.09,636033.2778
Mali,MLI,2002,2110240.415,9999023.708,677194.705
Mali,MLI,2003,2157201.464,10023158.9,651226.1367
Mali,MLI,2004,2202618.274,10072810.42,555299.084
Mali,MLI,2005,2255837.975,10106599.71,559210.2526
Mali,MLI,2006,2316706.217,10150284.91,584696.3225
Mali,MLI,2007,2378772.622,10190666.42,578778.6519
Mali,MLI,2008,2476700.944,10183254.81,608940.3725
Mali,MLI,2009,2562387.481,10192848.16,631624.6233
Mali,MLI,2010,2618578.832,10248188.83,631314.2836
Mali,MLI,2011,2666047.897,10277501.22,631356.6173
Mali,MLI,2012,2733586.8,10357571.28,670394.2601
Mali,MLI,2013,2800653.785,10595151,730859.9449
Mali,MLI,2014,2886516.859,10693305.91,691349.0053
Mali,MLI,2015,3002249.939,10713095.47,734243.7884
Mali,MLI,2016,3201311.756,10541209.83,785125.435
Mali,MLI,2017,3330760.451,10455713.77,861303.5389
Mali,MLI,2018,3408505.587,10432991.12,959531.6685
Mali,MLI,2019,3483913.854,10446688.28,917064.7011
Malta,MLT,1990,84574.75418,6622.291397,7689.152433
Malta,MLT,1991,84769.85922,6595.422998,7877.947965
Malta,MLT,1992,85212.43926,6600.304669,8027.425754
Malta,MLT,1993,85353.86731,6419.609433,7933.190207
Malta,MLT,1994,85403.07807,6319.167674,7971.353233
Malta,MLT,1995,86348.31382,6381.756604,8028.46938
Malta,MLT,1996,87468.94795,6357.618858,7985.64195
Malta,MLT,1997,88560.48445,6184.458231,8045.504548
Malta,MLT,1998,88814.20121,6095.531717,8090.119525
Malta,MLT,1999,89996.7274,6058.673064,8091.359872
Malta,MLT,2000,90961.97583,5902.179691,8089.82519
Malta,MLT,2001,91973.08538,5656.807663,8172.44076
Malta,MLT,2002,93219.37328,5675.980886,8284.581369
Malta,MLT,2003,94143.20156,5593.491562,8407.416564
Malta,MLT,2004,94620.47727,5623.277406,8514.078452
Malta,MLT,2005,94981.89089,5438.299342,8549.321474
Malta,MLT,2006,95462.86103,5377.561896,8721.387754
Malta,MLT,2007,96466.40977,5432.751477,8816.522787
Malta,MLT,2008,97471.07053,5517.131602,8822.524263
Malta,MLT,2009,98315.1364,5493.619829,8779.580635
Malta,MLT,2010,99017.53843,5472.768092,8800.889897
Malta,MLT,2011,100342.5407,5508.918343,8854.5246
Malta,MLT,2012,101312.9118,5540.216166,8873.477304
Malta,MLT,2013,101898.0354,5583.132236,8893.11476
Malta,MLT,2014,102786.4617,5577.960563,8871.453338
Malta,MLT,2015,102832.1607,5607.002599,8838.270658
Malta,MLT,2016,104383.9109,5676.469918,9011.72185
Malta,MLT,2017,105545.3523,5663.390214,9155.354857
Malta,MLT,2018,106729.1829,5662.634544,9100.246522
Malta,MLT,2019,108042.177,5685.885748,9202.639989
Marshall Islands,MHL,1990,8355.447009,6077.17762,2189.305588
Marshall Islands,MHL,1991,8621.431974,6034.140562,2247.588399
Marshall Islands,MHL,1992,8874.66106,6016.280814,2299.522276
Marshall Islands,MHL,1993,9049.868878,5966.777005,2319.101555
Marshall Islands,MHL,1994,9071.427026,5949.505317,2217.377726
Marshall Islands,MHL,1995,9348.774288,5951.363352,2280.154334
Marshall Islands,MHL,1996,9605.81969,6016.842644,2337.57144
Marshall Islands,MHL,1997,9907.992323,6095.000577,2410.474147
Marshall Islands,MHL,1998,10182.56799,6153.07586,2472.496056
Marshall Islands,MHL,1999,10452.80598,6210.724266,2528.788378
Marshall Islands,MHL,2000,10731.53152,6785.700582,2580.567151
Marshall Islands,MHL,2001,11006.56433,6231.203123,2622.015257
Marshall Islands,MHL,2002,11284.18417,6161.924862,2662.403742
Marshall Islands,MHL,2003,11559.95157,6067.159337,2703.029132
Marshall Islands,MHL,2004,11808.04317,5976.67936,2728.405629
Marshall Islands,MHL,2005,12053.66857,5861.952011,2748.088462
Marshall Islands,MHL,2006,12314.3112,5698.673652,2766.875291
Marshall Islands,MHL,2007,12481.39518,5523.108011,2757.068933
Marshall Islands,MHL,2008,12649.89142,5348.194464,2743.78009
Marshall Islands,MHL,2009,12810.31943,5164.09806,2726.249053
Marshall Islands,MHL,2010,12976.55935,4973.202179,2702.995706
Marshall Islands,MHL,2011,13152.16263,4791.11688,2678.982725
Marshall Islands,MHL,2012,13320.9654,4629.685741,2651.388014
Marshall Islands,MHL,2013,13497.13158,4490.812574,2620.659914
Marshall Islands,MHL,2014,13688.05212,4374.917914,2598.132115
Marshall Islands,MHL,2015,13906.67329,4271.696219,2583.47428
Marshall Islands,MHL,2016,14128.36554,4186.832154,2574.757987
Marshall Islands,MHL,2017,14354.44726,4085.185333,2569.814127
Marshall Islands,MHL,2018,14592.3742,4002.599746,2556.826376
Marshall Islands,MHL,2019,14835.97395,3929.696999,2544.10956
Mauritania,MRT,1990,354627.3433,1019972.024,101442.3133
Mauritania,MRT,1991,357220.368,1020933.54,98525.35191
Mauritania,MRT,1992,361792.4125,1017893.561,99359.3031
Mauritania,MRT,1993,366316.0437,1013021.453,100227.7023
Mauritania,MRT,1994,363959.1631,1018795.421,102499.6978
Mauritania,MRT,1995,363007.2807,1017306.277,96615.65769
Mauritania,MRT,1996,370435.4543,1003515.444,100618.2453
Mauritania,MRT,1997,373788.8326,993695.4338,101106.9703
Mauritania,MRT,1998,381024.8816,980292.5356,105331.3634
Mauritania,MRT,1999,381250.3293,978382.7465,101512.6492
Mauritania,MRT,2000,387063.5695,966134.5804,103272.7473
Mauritania,MRT,2001,394271.3192,952086.3412,104174.1782
Mauritania,MRT,2002,399696.7698,939459.9086,105279.5215
Mauritania,MRT,2003,401128.2047,935953.503,103176.1628
Mauritania,MRT,2004,408811.1987,921169.9466,101159.8717
Mauritania,MRT,2005,416894.0685,903726.1169,109696.5965
Mauritania,MRT,2006,427071.5145,866695.7841,107522.5666
Mauritania,MRT,2007,427353.1005,850409.8774,107033.3363
Mauritania,MRT,2008,429665.1875,832367.6481,103004.8241
Mauritania,MRT,2009,443215.1809,804285.4553,105346.3582
Mauritania,MRT,2010,445700.4145,792053.189,103656.1192
Mauritania,MRT,2011,453848.4662,773874.3284,105277.5463
Mauritania,MRT,2012,469608.3954,743968.6107,108836.9554
Mauritania,MRT,2013,478194.754,723629.7451,111887.6133
Mauritania,MRT,2014,476925.8034,717445.7178,106649.6998
Mauritania,MRT,2015,485736.8575,698992.1381,106015.2931
Mauritania,MRT,2016,488427.7073,682418.5841,103368.8739
Mauritania,MRT,2017,500493.0446,654014.0759,105846.7441
Mauritania,MRT,2018,504601.5642,640828.8636,103300.0785
Mauritania,MRT,2019,512329.2879,626351.4569,102403.2466
Mauritius,MUS,1990,234889.2844,61285.40623,30909.87657
Mauritius,MUS,1991,234144.539,58069.18969,30998.49192
Mauritius,MUS,1992,240802.4013,58400.52655,31551.00112
Mauritius,MUS,1993,248010.1808,58019.83318,32484.644
Mauritius,MUS,1994,251257.1929,55708.68194,32959.35774
Mauritius,MUS,1995,253616.3089,55446.13131,33183.96996
Mauritius,MUS,1996,258239.2028,56506.83637,33637.5044
Mauritius,MUS,1997,266718.6619,54467.90532,33433.68524
Mauritius,MUS,1998,265189.0384,51163.90834,32545.65619
Mauritius,MUS,1999,270968.1902,49914.83585,32939.04228
Mauritius,MUS,2000,273795.2096,46047.51511,32124.0889
Mauritius,MUS,2001,278067.4216,43197.63006,31585.82343
Mauritius,MUS,2002,285437.5993,42341.89802,32139.45948
Mauritius,MUS,2003,290498.4581,40914.65493,31165.35329
Mauritius,MUS,2004,292200.1953,40640.89054,31357.68451
Mauritius,MUS,2005,298252.9917,40069.9279,31439.55626
Mauritius,MUS,2006,301303.7697,39705.42669,31925.41876
Mauritius,MUS,2007,302218.4927,40538.69029,31741.93668
Mauritius,MUS,2008,310640.6998,39388.22382,31836.82193
Mauritius,MUS,2009,316900.089,37951.47586,32103.0198
Mauritius,MUS,2010,316424.0956,38312.06226,31784.99682
Mauritius,MUS,2011,316519.8012,38303.72746,31829.0725
Mauritius,MUS,2012,319023.3097,39428.52219,30661.29097
Mauritius,MUS,2013,318292.5569,39509.2599,30900.61887
Mauritius,MUS,2014,325883.2336,40124.46645,30226.70182
Mauritius,MUS,2015,331007.9521,38611.04313,30757.4846
Mauritius,MUS,2016,336756.9623,39577.86926,30368.54205
Mauritius,MUS,2017,343050.3016,38401.49466,30743.77762
Mauritius,MUS,2018,350359.4422,37465.23158,30212.24117
Mauritius,MUS,2019,355910.1313,36780.41795,29876.03301
Mexico,MEX,1990,13445066.72,9723197.363,4263531.092
Mexico,MEX,1991,13669711.97,9223751.022,4169843.135
Mexico,MEX,1992,13982509.94,8804185.445,4080008.402
Mexico,MEX,1993,14347901.21,8440159.997,3993322.035
Mexico,MEX,1994,14676632.21,8047738.924,3929206.338
Mexico,MEX,1995,15034591.58,7735242.094,3846299.626
Mexico,MEX,1996,15307433.4,7401058.762,3776393.393
Mexico,MEX,1997,15680007.11,7034310.315,3788164.534
Mexico,MEX,1998,16035763.35,6670199.161,3846825.497
Mexico,MEX,1999,16246936.21,6325856.612,3749961.535
Mexico,MEX,2000,16426239.28,5999295.615,3647685.21
Mexico,MEX,2001,16682733.14,5739024.976,3591742.931
Mexico,MEX,2002,17114971.16,5537769.572,3614070.217
Mexico,MEX,2003,17546298.9,5353287.655,3638564.338
Mexico,MEX,2004,17774283.16,5163901.708,3599996.199
Mexico,MEX,2005,18291872.34,5020395.237,3689547.475
Mexico,MEX,2006,18553615.53,4855216.126,3741918.025
Mexico,MEX,2007,18918541.87,4738184.418,3787650.044
Mexico,MEX,2008,19623323.76,4655409.927,4086155.822
Mexico,MEX,2009,20218181.87,4575608.696,4333523.279
Mexico,MEX,2010,20382411.52,4435030.197,4424916.242
Mexico,MEX,2011,20646095.42,4323209.804,4477229.471
Mexico,MEX,2012,21118932.18,4229085.356,4418153.672
Mexico,MEX,2013,21923760.82,4155322.14,4432165.906
Mexico,MEX,2014,22463160.26,4058536.942,4353964.284
Mexico,MEX,2015,22899107.82,3957337.984,4400865.033
Mexico,MEX,2016,23550661.72,3853912.09,4617131.949
Mexico,MEX,2017,24415569.65,3794766.452,5074970.674
Mexico,MEX,2018,24918952.68,3738254.4,5039402.327
Mexico,MEX,2019,25469089.6,3665959.981,4845347.588
Micronesia (country),FSM,1990,23230.7078,16489.26584,5445.934573
Micronesia (country),FSM,1991,23584.83068,15975.42867,5520.818164
Micronesia (country),FSM,1992,23879.59782,15458.82649,5580.136238
Micronesia (country),FSM,1993,24119.68239,14941.92148,5620.525542
Micronesia (country),FSM,1994,24371.79913,14531.15197,5671.792862
Micronesia (country),FSM,1995,24485.12552,13860.00748,5670.867902
Micronesia (country),FSM,1996,24702.81568,13337.75159,5685.647317
Micronesia (country),FSM,1997,24873.72305,12719.40912,5661.485085
Micronesia (country),FSM,1998,25008.59117,12125.41848,5626.069249
Micronesia (country),FSM,1999,25143.00108,11526.87558,5575.484426
Micronesia (country),FSM,2000,25228.71455,12488.24075,5510.551221
Micronesia (country),FSM,2001,25379.70155,10299.81442,5433.162361
Micronesia (country),FSM,2002,25530.28401,9698.149891,8276.768748
Micronesia (country),FSM,2003,25648.43763,9111.651981,5294.951284
Micronesia (country),FSM,2004,25882.83671,8824.014786,5319.355668
Micronesia (country),FSM,2005,26084.85525,8480.216231,5227.613499
Micronesia (country),FSM,2006,26244.73467,8270.088562,5172.039977
Micronesia (country),FSM,2007,26419.17908,8039.136012,5137.049508
Micronesia (country),FSM,2008,26630.91152,7871.851011,5104.560735
Micronesia (country),FSM,2009,26821.47471,7741.788713,5064.800656
Micronesia (country),FSM,2010,26967.47326,7619.25431,5013.343903
Micronesia (country),FSM,2011,27181.84661,7447.981589,4975.367573
Micronesia (country),FSM,2012,27403.35121,7294.859348,4942.272744
Micronesia (country),FSM,2013,27672.32984,7245.566747,4908.424498
Micronesia (country),FSM,2014,28007.60162,7257.629289,4890.339245
Micronesia (country),FSM,2015,28340.16893,7276.010441,5183.300982
Micronesia (country),FSM,2016,28661.1419,7324.717862,4885.579234
Micronesia (country),FSM,2017,28967.59584,7319.477956,4893.192726
Micronesia (country),FSM,2018,29300.43772,7355.591988,4884.925114
Micronesia (country),FSM,2019,29623.77873,7420.844012,4870.593285
Middle East & North Africa (WB),,1990,50582526.86,46381099.57,17147663.26
Middle East & North Africa (WB),,1991,51001560.64,44368049.58,14308945.88
Middle East & North Africa (WB),,1992,51554573.45,42412535.72,14287737.8
Middle East & North Africa (WB),,1993,52324270.4,40699792.77,14318841.41
Middle East & North Africa (WB),,1994,53015112.53,39040997,14656986.98
Middle East & North Africa (WB),,1995,53613561.1,37625476.72,14551994.46
Middle East & North Africa (WB),,1996,54271432.05,35949721.05,14504898.81
Middle East & North Africa (WB),,1997,55155433.79,34650484.94,14841194.39
Middle East & North Africa (WB),,1998,55866170.27,33487116.04,14506465.26
Middle East & North Africa (WB),,1999,56703119.42,32310437.64,14356680.32
Middle East & North Africa (WB),,2000,57228534.13,31077345.91,14508110.69
Middle East & North Africa (WB),,2001,58346896.66,29917951.04,14626910.86
Middle East & North Africa (WB),,2002,59512694.77,28865245.94,14805919.11
Middle East & North Africa (WB),,2003,60742103.71,28067224.93,17354739.51
Middle East & North Africa (WB),,2004,61828409.29,27209055.92,15809849.89
Middle East & North Africa (WB),,2005,62934424.97,26461089.01,15652454.17
Middle East & North Africa (WB),,2006,64277025.22,25780133.05,16818946.7
Middle East & North Africa (WB),,2007,65627334.85,25086159.2,17304603.41
Middle East & North Africa (WB),,2008,67278289.05,24424710.52,16283723.59
Middle East & North Africa (WB),,2009,68865672.53,23832504.8,15971692.31
Middle East & North Africa (WB),,2010,70196667.53,23104807.7,15464853.18
Middle East & North Africa (WB),,2011,71539877.94,22428918.14,17017751.58
Middle East & North Africa (WB),,2012,72995116.62,21693151.56,19795647.14
Middle East & North Africa (WB),,2013,74306980.73,20960709.5,19562484.54
Middle East & North Africa (WB),,2014,75724443.85,20136871.05,21542872.08
Middle East & North Africa (WB),,2015,77643158.03,19512328.62,20587279.44
Middle East & North Africa (WB),,2016,78932482.52,18416808.89,21692535.66
Middle East & North Africa (WB),,2017,80368533.68,17748843.52,20126721.43
Middle East & North Africa (WB),,2018,82068830.01,16941022.7,17347484.97
Middle East & North Africa (WB),,2019,83837565.07,16473713.39,16280576.84
Moldova,MDA,1990,1231720.153,224481.1327,298800.598
Moldova,MDA,1991,1289337.704,213666.0755,303935.9071
Moldova,MDA,1992,1251918.086,202288.4456,337688.6934
Moldova,MDA,1993,1289765.964,197311.3469,293982.2797
Moldova,MDA,1994,1408917.325,203782.0823,306170.8974
Moldova,MDA,1995,1438651.268,202868.364,304928.2919
Moldova,MDA,1996,1375913.219,194792.9577,281838.5486
Moldova,MDA,1997,1286307.242,182358.3247,256328.1544
Moldova,MDA,1998,1242688.24,174291.867,245144.9522
Moldova,MDA,1999,1257294.565,171523.1618,242191.649
Moldova,MDA,2000,1264866.638,167975.4025,238186.9265
Moldova,MDA,2001,1255903.822,159857.9068,232794.8694
Moldova,MDA,2002,1276064.57,154848.7255,229437.444
Moldova,MDA,2003,1291216.099,151904.2942,225330.1885
Moldova,MDA,2004,1280968.085,150566.0179,221088.6103
Moldova,MDA,2005,1326734.787,153380.9422,230090.3113
Moldova,MDA,2006,1301606.987,149411.386,223609.8364
Moldova,MDA,2007,1292524.683,148796.5548,217314.5463
Moldova,MDA,2008,1275096.421,146725.2605,210798.8737
Moldova,MDA,2009,1274632.587,143451.8405,207894.2449
Moldova,MDA,2010,1295402.609,141030.0256,209404.9824
Moldova,MDA,2011,1195110.475,128783.8428,185370.3766
Moldova,MDA,2012,1191533.529,124282.4726,182086.8087
Moldova,MDA,2013,1164932.189,119307.4113,171618.3982
Moldova,MDA,2014,1197767.679,119823.1297,172459.6897
Moldova,MDA,2015,1223332.64,118837.2717,170275.5023
Moldova,MDA,2016,1194280.896,112981.0268,162985.9231
Moldova,MDA,2017,1139638.636,106426.599,149506.496
Moldova,MDA,2018,1130224.353,102431.3833,146864.9865
Moldova,MDA,2019,1120227.636,99599.43373,145912.8435
Monaco,MCO,1990,10245.3571,466.1006116,892.225788
Monaco,MCO,1991,10318.58631,468.6969348,890.4608652
Monaco,MCO,1992,10392.07961,473.6844736,888.1745011
Monaco,MCO,1993,10472.60607,472.1161971,889.2428627
Monaco,MCO,1994,10556.43318,474.2292478,890.4460975
Monaco,MCO,1995,10636.18199,474.1264552,890.1871684
Monaco,MCO,1996,10722.5367,478.069983,890.7422335
Monaco,MCO,1997,10801.91969,480.0045206,891.5747098
Monaco,MCO,1998,10880.69703,482.9409911,891.083421
Monaco,MCO,1999,10953.27148,489.9708268,891.1479832
Monaco,MCO,2000,11022.73428,497.1461877,891.4726364
Monaco,MCO,2001,11108.27519,503.4976281,894.0535923
Monaco,MCO,2002,11192.2277,507.1468821,900.5029555
Monaco,MCO,2003,11282.91433,512.7246576,904.0298024
Monaco,MCO,2004,11372.79148,515.5547506,909.8263675
Monaco,MCO,2005,11457.88433,518.5847701,916.7731901
Monaco,MCO,2006,11547.35825,518.726051,924.1750277
Monaco,MCO,2007,11620.86217,519.4981048,928.507268
Monaco,MCO,2008,11694.86491,520.6988714,933.6289462
Monaco,MCO,2009,11792.27641,523.23813,941.3502615
Monaco,MCO,2010,11872.25317,525.1163852,948.1824518
Monaco,MCO,2011,11943.22229,525.9230221,954.1380523
Monaco,MCO,2012,12012.46553,528.5570416,958.7992476
Monaco,MCO,2013,12068.11868,528.6354811,962.7960363
Monaco,MCO,2014,12097.25537,527.0209463,963.9663618
Monaco,MCO,2015,12108.38409,525.2338516,964.5792471
Monaco,MCO,2016,12132.52507,521.148101,974.7908026
Monaco,MCO,2017,12155.68188,517.3691212,983.519389
Monaco,MCO,2018,12183.11354,516.2586961,983.0262479
Monaco,MCO,2019,12213.86088,515.3773956,981.4176436
Mongolia,MNG,1990,489354.801,584262.0873,124733.2958
Mongolia,MNG,1991,502234.2802,561205.0321,122788.7728
Mongolia,MNG,1992,516621.6475,546080.8743,134169.3306
Mongolia,MNG,1993,530992.6402,533554.4971,145909.6227
Mongolia,MNG,1994,538642.783,509615.9895,155347.1273
Mongolia,MNG,1995,554428.8984,478298.577,152173.4285
Mongolia,MNG,1996,566013.9068,448778.8862,155676.6792
Mongolia,MNG,1997,570170.5542,418269.8791,150960.5932
Mongolia,MNG,1998,572804.1696,386921.0732,148850.9219
Mongolia,MNG,1999,578712.0545,359296.5171,146392.3537
Mongolia,MNG,2000,585893.4096,335144.4761,149475.097
Mongolia,MNG,2001,596024.2589,311492.2246,151574.3106
Mongolia,MNG,2002,601688.5652,289727.396,153650.8994
Mongolia,MNG,2003,609888.7325,274424.7535,158965.1831
Mongolia,MNG,2004,619240.1323,262173.5899,165445.3106
Mongolia,MNG,2005,630709.3764,249870.6918,169657.7328
Mongolia,MNG,2006,640547.0936,241325.3893,170152.4611
Mongolia,MNG,2007,647016.4037,236643.9966,173040.8344
Mongolia,MNG,2008,656633.6048,233363.5312,175787.827
Mongolia,MNG,2009,675940.4577,231302.1334,173488.5325
Mongolia,MNG,2010,694500.7675,229006.0727,174690.4174
Mongolia,MNG,2011,707671.8611,225564.8699,174316.8013
Mongolia,MNG,2012,714912.9128,221033.8276,173876.5385
Mongolia,MNG,2013,721723.8079,215230.1594,173565.484
Mongolia,MNG,2014,729264.0812,206045.6584,173743.432
Mongolia,MNG,2015,741458.4392,188603.9135,172001.725
Mongolia,MNG,2016,764574.0655,179891.7804,171238.5827
Mongolia,MNG,2017,788018.9083,174769.0585,173870.297
Mongolia,MNG,2018,810397.7406,168161.1786,174178.5713
Mongolia,MNG,2019,835408.2286,161261.5727,174613.6898
Montenegro,MNE,1990,130163.4627,17284.78986,23957.39437
Montenegro,MNE,1991,129482.6624,16156.40351,24838.84657
Montenegro,MNE,1992,131803.2914,15728.10701,24632.58629
Montenegro,MNE,1993,136746.7464,15705.48536,23598.85603
Montenegro,MNE,1994,141723.5528,15759.55372,23413.76359
Montenegro,MNE,1995,144891.8544,15521.40228,23368.77571
Montenegro,MNE,1996,148402.1371,15412.64582,23293.3965
Montenegro,MNE,1997,153373.6158,15088.22828,23636.67506
Montenegro,MNE,1998,155822.4507,14744.31131,24923.9751
Montenegro,MNE,1999,157746.6551,14663.62354,26532.77739
Montenegro,MNE,2000,159803.8566,14657.4318,25991.03401
Montenegro,MNE,2001,162646.5949,14377.30631,24946.21759
Montenegro,MNE,2002,165414.6209,13688.07664,24079.40471
Montenegro,MNE,2003,168914.6418,13131.12182,24169.54871
Montenegro,MNE,2004,171480.487,12424.96139,24302.30818
Montenegro,MNE,2005,173993.4223,11938.28083,24388.37843
Montenegro,MNE,2006,175353.7097,11375.49083,24623.91881
Montenegro,MNE,2007,175804.365,10737.64004,24018.85877
Montenegro,MNE,2008,175846.7361,10355.78026,23417.70493
Montenegro,MNE,2009,176554.3508,9940.15798,22876.44916
Montenegro,MNE,2010,176085.0687,9576.328573,22090.60386
Montenegro,MNE,2011,176381.7345,8950.81317,21679.88176
Montenegro,MNE,2012,175871.4817,8651.080723,21520.08033
Montenegro,MNE,2013,177229.8895,8391.128815,22114.6161
Montenegro,MNE,2014,178939.392,8248.713971,21480.48066
Montenegro,MNE,2015,180159.9356,7759.196192,21219.65837
Montenegro,MNE,2016,180910.1276,7693.177554,21341.53044
Montenegro,MNE,2017,181787.4056,7595.393193,21453.94113
Montenegro,MNE,2018,181113.0254,7455.499328,21502.72162
Montenegro,MNE,2019,180765.7408,7297.250639,21365.50716
Morocco,MAR,1990,4589656.573,5412805.096,1222904.891
Morocco,MAR,1991,4681165.415,5223003.095,1230496.834
Morocco,MAR,1992,4842338.799,5074673.966,1369967.924
Morocco,MAR,1993,4967769.383,4908711.697,1403522.173
Morocco,MAR,1994,5031472.696,4719615.133,1399570.407
Morocco,MAR,1995,5118204.931,4580777.134,1448724.724
Morocco,MAR,1996,5191666.029,4415482.167,1404624.327
Morocco,MAR,1997,5285488.866,4279695.758,1414417.861
Morocco,MAR,1998,5350149.977,4126175.072,1400842.528
Morocco,MAR,1999,5455321.888,3986279.551,1404692.257
Morocco,MAR,2000,5479366.619,3838490.75,1379863.208
Morocco,MAR,2001,5558595.245,3697986.832,1368871.312
Morocco,MAR,2002,5639417.795,3576678.494,1362588.088
Morocco,MAR,2003,5774570.313,3450561.114,1354350.408
Morocco,MAR,2004,5879310.994,3298844.977,1373064.681
Morocco,MAR,2005,5987944.713,3151648.951,1321307.717
Morocco,MAR,2006,6099774.253,2990030.562,1311674.504
Morocco,MAR,2007,6219701.137,2816407.853,1308334.104
Morocco,MAR,2008,6329725.561,2683294.787,1319503.243
Morocco,MAR,2009,6428883.502,2537964.382,1311650.681
Morocco,MAR,2010,6514665.567,2405151.266,1307549.102
Morocco,MAR,2011,6598830.908,2269661.308,1291123.134
Morocco,MAR,2012,6705797.573,2165064.7,1270502.594
Morocco,MAR,2013,6938557.402,2059582.979,1158621.056
Morocco,MAR,2014,7040546.026,1929252.681,1156523.927
Morocco,MAR,2015,7138701.684,1817539.731,1142433.477
Morocco,MAR,2016,7248941.701,1709596.992,1123777.568
Morocco,MAR,2017,7366849.099,1606372.321,1109674.531
Morocco,MAR,2018,7485985.898,1503202.417,1095318.796
Morocco,MAR,2019,7597359.834,1431057.285,1081044.555
Mozambique,MOZ,1990,2275302.55,12496177.74,782101.7706
Mozambique,MOZ,1991,2257517.174,12272514.07,791062.3903
Mozambique,MOZ,1992,2275023.708,12296383.51,679938.4998
Mozambique,MOZ,1993,2349233.711,12588062.69,658796.5553
Mozambique,MOZ,1994,2441061.708,13084603.15,690290.3506
Mozambique,MOZ,1995,2508297.34,13658400.02,693531.5027
Mozambique,MOZ,1996,2547744.519,13975347.59,700401.2904
Mozambique,MOZ,1997,2587607.04,14222214.57,704580.9392
Mozambique,MOZ,1998,2640559.095,14362704.46,714880.5279
Mozambique,MOZ,1999,2702260.989,14547474.55,723513.8335
Mozambique,MOZ,2000,2766364.853,14645012.74,787207.0024
Mozambique,MOZ,2001,2789224.282,14740275.43,727102.3041
Mozambique,MOZ,2002,2843547.268,14847906.88,732196.9723
Mozambique,MOZ,2003,2899878.299,14934964.78,725043.6064
Mozambique,MOZ,2004,2983998.358,14967643.87,737846.1653
Mozambique,MOZ,2005,3077260.344,14977648.67,758310.4903
Mozambique,MOZ,2006,3264524.147,14650808.64,827168.5195
Mozambique,MOZ,2007,3381488.083,14288511.74,874601.9782
Mozambique,MOZ,2008,3496987.45,14018887.41,885984.5837
Mozambique,MOZ,2009,3579384.731,14006878.14,890243.3363
Mozambique,MOZ,2010,3658618.247,14018851.69,898338.5097
Mozambique,MOZ,2011,3715014.367,14069832.25,887184.6374
Mozambique,MOZ,2012,3823496.655,14069305.36,905584.9845
Mozambique,MOZ,2013,3912747.401,13873504.92,925715.9882
Mozambique,MOZ,2014,3989934.611,13402161.27,931664.252
Mozambique,MOZ,2015,4054041.842,12955070.5,956260.2968
Mozambique,MOZ,2016,4099490.252,12607178.23,950629.3678
Mozambique,MOZ,2017,4155584.336,12304175.53,945027.3738
Mozambique,MOZ,2018,4239750.856,12028210.96,968964.8659
Mozambique,MOZ,2019,4386537.545,11750994.35,1032743.508
Myanmar,MMR,1990,10648987.05,18400045.42,2995539.297
Myanmar,MMR,1991,10831675.22,17998324.36,3052173.873
Myanmar,MMR,1992,10973544.84,17616835.18,3066788.357
Myanmar,MMR,1993,11102993.89,17179553.51,2943653.561
Myanmar,MMR,1994,11208673.96,16690793.24,2962742.776
Myanmar,MMR,1995,11312834.96,16198513.57,2972645.557
Myanmar,MMR,1996,11417229.66,15715606.74,2890047.937
Myanmar,MMR,1997,11516933.9,15252640.02,2869875.233
Myanmar,MMR,1998,11632959.03,14779904.16,2835232.648
Myanmar,MMR,1999,11723948.11,14358667.45,2771839.84
Myanmar,MMR,2000,11845148.5,13882682.92,2734993.746
Myanmar,MMR,2001,11950793.29,13438452.76,2642483.37
Myanmar,MMR,2002,12029979.25,12995469.95,2574019.708
Myanmar,MMR,2003,12097762.23,12502845.17,2496420.772
Myanmar,MMR,2004,12220501.01,11905589.43,2495988.711
Myanmar,MMR,2005,12200872.26,11368021.64,2430622.096
Myanmar,MMR,2006,12185527.85,10890147.7,2343338.285
Myanmar,MMR,2007,12072306.19,10442712.83,2238308.203
Myanmar,MMR,2008,11982670.19,9924214.799,10047102.94
Myanmar,MMR,2009,11946501.29,9320244.14,2160132.11
Myanmar,MMR,2010,11868646.88,8789899.614,2080898.491
Myanmar,MMR,2011,11893863.57,8231646.17,2072410.321
Myanmar,MMR,2012,11844089.31,7797628.218,1998823.187
Myanmar,MMR,2013,11963331.35,7240966.704,1932768.387
Myanmar,MMR,2014,12053745.79,6725248.796,1885762.396
Myanmar,MMR,2015,12138060.84,6326942.917,1909908.954
Myanmar,MMR,2016,12281024.58,5884063.57,1869195.699
Myanmar,MMR,2017,12423589.64,5517990.292,2327896.893
Myanmar,MMR,2018,12563638.49,5230015.481,1727609.251
Myanmar,MMR,2019,12699265.84,4993210.906,1730115.294
Namibia,NAM,1990,219867.4933,425236.1841,64454.98362
Namibia,NAM,1991,225688.1311,428979.5428,67360.39661
Namibia,NAM,1992,232551.292,438555.748,67904.37017
Namibia,NAM,1993,238526.2242,458565.444,68664.25122
Namibia,NAM,1994,246640.2102,504605.3155,71014.00854
Namibia,NAM,1995,254243.8597,530078.7532,73362.72102
Namibia,NAM,1996,261574.2739,582971.0809,76327.32054
Namibia,NAM,1997,270182.2157,642598.3877,79731.8813
Namibia,NAM,1998,281453.0641,705863.8399,88226.96261
Namibia,NAM,1999,292971.9733,769799.0291,93709.40329
Namibia,NAM,2000,304639.5394,833700.9907,106085.2445
Namibia,NAM,2001,308421.3024,901324.9546,99918.91658
Namibia,NAM,2002,316627.166,943998.1702,105022.5779
Namibia,NAM,2003,320163.9383,982282.4479,104940.8063
Namibia,NAM,2004,320135.7634,984182.6854,102382.6601
Namibia,NAM,2005,320669.1669,937307.6963,102857.8908
Namibia,NAM,2006,318455.486,867437.8107,100542.6546
Namibia,NAM,2007,318536.8822,774534.5626,100234.3921
Namibia,NAM,2008,319355.7391,702638.1119,101683.9576
Namibia,NAM,2009,321759.884,671830.7692,104059.3726
Namibia,NAM,2010,325810.3326,644030.5264,99222.02867
Namibia,NAM,2011,327053.8476,609716.2703,103302.2221
Namibia,NAM,2012,331121.245,571980.4762,95206.65134
Namibia,NAM,2013,338641.3079,555838.2029,99407.33615
Namibia,NAM,2014,346743.5188,561571.1605,99499.58223
Namibia,NAM,2015,354543.671,557023.0041,100473.9438
Namibia,NAM,2016,361780.9231,549512.2936,100873.943
Namibia,NAM,2017,368491.5879,537805.1026,101159.7731
Namibia,NAM,2018,376134.4239,509671.4124,102153.6856
Namibia,NAM,2019,382303.099,495609.3337,101189.7043
Nauru,NRU,1990,2326.701784,1318.656128,598.3235295
Nauru,NRU,1991,2353.848973,1310.108062,607.146494
Nauru,NRU,1992,2387.07968,1301.092254,618.6557044
Nauru,NRU,1993,2415.843294,1325.931398,634.0422304
Nauru,NRU,1994,2462.754043,1361.257571,653.2858915
Nauru,NRU,1995,2529.153148,1404.750629,678.4295516
Nauru,NRU,1996,2598.534533,1452.731882,704.5893911
Nauru,NRU,1997,2670.896469,1502.128094,729.7077479
Nauru,NRU,1998,2740.016758,1516.837978,760.0392549
Nauru,NRU,1999,2791.550355,1549.503125,780.5339255
Nauru,NRU,2000,2828.897988,1582.103618,796.1023172
Nauru,NRU,2001,2878.305971,1606.133366,808.3342468
Nauru,NRU,2002,2897.540099,1615.546981,813.1716155
Nauru,NRU,2003,2890.827568,1630.27613,804.7037936
Nauru,NRU,2004,2886.940397,1619.322788,802.4764217
Nauru,NRU,2005,2871.043222,1582.632173,796.9337156
Nauru,NRU,2006,2845.338497,1535.727446,789.5046746
Nauru,NRU,2007,2824.776615,1484.582262,783.6969828
Nauru,NRU,2008,2787.739943,1413.999572,768.0166391
Nauru,NRU,2009,2757.293345,1347.219125,756.3405205
Nauru,NRU,2010,2704.26625,1261.660424,732.4112792
Nauru,NRU,2011,2653.617996,1181.387487,707.0284782
Nauru,NRU,2012,2618.0016,1114.321799,686.7876895
Nauru,NRU,2013,2575.105153,1040.110096,662.1888069
Nauru,NRU,2014,2526.979243,976.4009726,634.2947976
Nauru,NRU,2015,2502.983758,921.4930075,616.9432818
Nauru,NRU,2016,2487.816347,877.7326435,602.4050022
Nauru,NRU,2017,2481.815319,838.4522714,590.8662835
Nauru,NRU,2018,2485.929874,808.8357952,583.2114468
Nauru,NRU,2019,2498.804552,784.5808508,579.0725156
Nepal,NPL,1990,3577867.258,10969448.94,940254.8152
Nepal,NPL,1991,3604430.892,10733753.9,922895.4022
Nepal,NPL,1992,3627423.077,10206168.79,918625.5394
Nepal,NPL,1993,3677124.856,9802341.52,980236.9995
Nepal,NPL,1994,3706208.91,9415954.578,884879.3958
Nepal,NPL,1995,3737315.001,9041436.706,899178.1654
Nepal,NPL,1996,3753979.559,8638820.793,915110.4366
Nepal,NPL,1997,3791306.761,8215360.52,854331.8713
Nepal,NPL,1998,3825040.787,7795941.824,885315.1521
Nepal,NPL,1999,3858455.209,7372884.139,861800.4542
Nepal,NPL,2000,3892595.061,6968173.586,852262.4444
Nepal,NPL,2001,3917088.079,6570763.593,847450.076
Nepal,NPL,2002,3936191.607,6234354.228,1135045.719
Nepal,NPL,2003,3983774.882,5906071.551,904366.4113
Nepal,NPL,2004,4053575.712,5609448.93,985097.4896
Nepal,NPL,2005,4161870.951,5289678.774,915172.5288
Nepal,NPL,2006,4266131.007,5030978.698,866979.2511
Nepal,NPL,2007,4364858.765,4816573.833,837697.9193
Nepal,NPL,2008,4465785.685,4585507.039,840658.0769
Nepal,NPL,2009,4572360.619,4368416.556,841919.0187
Nepal,NPL,2010,4673871.129,4140126.843,841754.1726
Nepal,NPL,2011,4788783.144,3941513.659,846442.9677
Nepal,NPL,2012,4902448.819,3739562.671,841036.275
Nepal,NPL,2013,5031592.921,3538986.779,859305.2266
Nepal,NPL,2014,5133253,3377955.495,878958.6064
Nepal,NPL,2015,5255331.43,3235798.886,1391558.416
Nepal,NPL,2016,5365146.034,3091083.678,882345.0655
Nepal,NPL,2017,5479328.322,2954273.689,885689.5545
Nepal,NPL,2018,5582374.844,2828672.94,879337.4518
Nepal,NPL,2019,5685683.226,2714999.742,888008.099
Netherlands,NLD,1990,3674433.512,209396.7803,347801.1056
Netherlands,NLD,1991,3698670.315,211687.1973,346231.0402
Netherlands,NLD,1992,3724267.262,219675.646,346876.7888
Netherlands,NLD,1993,3782733.91,228978.3809,344234.46
Netherlands,NLD,1994,3780396.887,229775.1282,338855.2529
Netherlands,NLD,1995,3798569.964,233246.1752,337272.9058
Netherlands,NLD,1996,3831672.676,233465.4284,338601.4369
Netherlands,NLD,1997,3838457.102,228080.8591,329650.7083
Netherlands,NLD,1998,3863734.281,232756.0788,325437.4525
Netherlands,NLD,1999,3902553.771,239373.3067,327378.9221
Netherlands,NLD,2000,3914652.942,242835.9046,327306.8033
Netherlands,NLD,2001,3924951.101,241782.6293,328011.2547
Netherlands,NLD,2002,3935355.149,240542.9612,328473.743
Netherlands,NLD,2003,3918928.31,240375.126,329301.9012
Netherlands,NLD,2004,3883473.673,231111.1658,317652.1745
Netherlands,NLD,2005,3856641.042,230193.1423,311494.3996
Netherlands,NLD,2006,3841353.475,220654.1419,305859.7542
Netherlands,NLD,2007,3823010.168,215824.9804,303740.0299
Netherlands,NLD,2008,3833644.615,212516.6818,305497.8347
Netherlands,NLD,2009,3838597.17,210575.6161,307013.5135
Netherlands,NLD,2010,3856890.514,205478.3538,310087.7856
Netherlands,NLD,2011,3879731.909,200710.8362,314695.4391
Netherlands,NLD,2012,3925586.723,197577.5466,321784.8319
Netherlands,NLD,2013,3954299.101,191327.4759,325884.7365
Netherlands,NLD,2014,3973410.583,186614.3821,339046.7786
Netherlands,NLD,2015,4035919.56,185258.1131,337596.483
Netherlands,NLD,2016,4086538.475,187570.5725,344829.0729
Netherlands,NLD,2017,4134124.879,189438.9644,349343.718
Netherlands,NLD,2018,4189744.257,191499.6981,356701.2322
Netherlands,NLD,2019,4243514.68,193731.9636,363153.6416
New Zealand,NZL,1990,824451.58,57642.66997,157673.3513
New Zealand,NZL,1991,824393.3198,56058.73397,154684.2903
New Zealand,NZL,1992,830691.0823,54021.24303,154400.3475
New Zealand,NZL,1993,838204.6505,53764.28191,153500.2778
New Zealand,NZL,1994,836041.1742,52105.70953,152439.7281
New Zealand,NZL,1995,846695.1151,48717.53116,155183.7002
New Zealand,NZL,1996,848459.4124,48770.24369,155284.4699
New Zealand,NZL,1997,845810.7569,46881.40486,155015.9448
New Zealand,NZL,1998,838042.0979,43268.29641,152457.3363
New Zealand,NZL,1999,845378.8126,43912.88534,150982.5878
New Zealand,NZL,2000,843193.9801,43947.37009,150091.9738
New Zealand,NZL,2001,848323.4434,43015.80681,150122.031
New Zealand,NZL,2002,852675.6127,43761.6622,151036.0438
New Zealand,NZL,2003,856307.2709,43258.07158,151215.9231
New Zealand,NZL,2004,861237.2716,43765.67375,151606.273
New Zealand,NZL,2005,861869.6246,42969.15537,151701.3475
New Zealand,NZL,2006,869432.0107,43928.04286,151801.6601
New Zealand,NZL,2007,880299.0379,45126.2785,153207.0362
New Zealand,NZL,2008,887611.4258,45291.81879,154283.442
New Zealand,NZL,2009,890440.3465,46474.20545,153549.4877
New Zealand,NZL,2010,894347.5268,47721.72443,151870.7139
New Zealand,NZL,2011,905167.9218,47376.17146,159677.5142
New Zealand,NZL,2012,914631.2971,47331.23367,151165.0944
New Zealand,NZL,2013,921473.7315,46895.68192,149085.2355
New Zealand,NZL,2014,936967.4108,48121.64279,149526.5767
New Zealand,NZL,2015,946017.6921,45784.64613,150693.244
New Zealand,NZL,2016,956071.9219,43823.25493,152379.7431
New Zealand,NZL,2017,968990.1795,44607.06992,154255.425
New Zealand,NZL,2018,997215.6116,44832.82872,155413.3387
New Zealand,NZL,2019,1014994.879,44909.11999,155869.6994
Nicaragua,NIC,1990,508990.9326,751288.0685,179406.4451
Nicaragua,NIC,1991,536650.08,716599.5641,185014.1702
Nicaragua,NIC,1992,545553.945,681794.014,195116.9943
Nicaragua,NIC,1993,562823.765,657260.5136,184273.6564
Nicaragua,NIC,1994,575428.5618,609704.9825,180884.2626
Nicaragua,NIC,1995,613788.3213,578798.8389,181933.7651
Nicaragua,NIC,1996,633832.9928,537366.7727,184460.8931
Nicaragua,NIC,1997,632890.9617,494660.5199,175427.6545
Nicaragua,NIC,1998,637329.592,459643.7614,373119.6865
Nicaragua,NIC,1999,650325.4989,421485.7257,174976.1018
Nicaragua,NIC,2000,658652.1028,394727.335,168526.0734
Nicaragua,NIC,2001,679353.5509,372628.5989,168251.1348
Nicaragua,NIC,2002,703777.7715,355338.3728,167850.4663
Nicaragua,NIC,2003,725394.6322,338011.2488,168175.6819
Nicaragua,NIC,2004,745404.8238,324369.5692,168566.3086
Nicaragua,NIC,2005,773490.369,314709.7339,169782.703
Nicaragua,NIC,2006,768154.6946,300286.2452,163996.1126
Nicaragua,NIC,2007,802429.9414,288170.5137,175948.0965
Nicaragua,NIC,2008,831487.6577,276805.7212,169180.3166
Nicaragua,NIC,2009,852833.7978,269176.3141,167300.2657
Nicaragua,NIC,2010,866543.5442,261129.4792,167233.4267
Nicaragua,NIC,2011,897868.1621,255106.6105,167642.3646
Nicaragua,NIC,2012,923510.5443,250173.1042,168189.8293
Nicaragua,NIC,2013,948464.9118,248085.8619,169392.0426
Nicaragua,NIC,2014,976942.0922,243965.5416,172864.0158
Nicaragua,NIC,2015,981963.9639,239134.5853,161529.8998
Nicaragua,NIC,2016,1020565.541,234076.8995,170570.2808
Nicaragua,NIC,2017,1034566.373,226754.353,167770.3702
Nicaragua,NIC,2018,1054770.111,217888.8143,167701.1563
Nicaragua,NIC,2019,1074763.297,212833.8518,165691.9951
Niger,NER,1990,1553359.527,10976574.95,477614.8071
Niger,NER,1991,1584025.953,11390536.19,474677.9134
Niger,NER,1992,1631981.248,11459153.42,489316.5477
Niger,NER,1993,1679339.474,11718324.75,500270.3635
Niger,NER,1994,1706856.432,11788101.44,512791.3236
Niger,NER,1995,1750827.95,12335121.79,520073.2932
Niger,NER,1996,1760736.77,12044048.2,512341.2273
Niger,NER,1997,1812331.882,12133573.39,532614.3092
Niger,NER,1998,1858762.826,12217008.74,556866.9159
Niger,NER,1999,1913487.841,12425269.57,553880.552
Niger,NER,2000,1969697.474,12632513.05,564188.2096
Niger,NER,2001,2029328.971,12699015.7,578147.1142
Niger,NER,2002,2069130.681,12489171.51,578871.2935
Niger,NER,2003,2126811.439,12545697.83,582537.841
Niger,NER,2004,2123299.73,12054003.22,564466.3026
Niger,NER,2005,2237277.184,11877997.68,606955.8264
Niger,NER,2006,2249205.169,11461914.08,601572.9284
Niger,NER,2007,2281075.33,11407293.02,605636.7479
Niger,NER,2008,2264522.235,10998480.59,578016.4537
Niger,NER,2009,2313866.086,11006383.61,582174.5772
Niger,NER,2010,2353951.584,11163495.38,578465.3541
Niger,NER,2011,2455241.415,11255019.58,606037.0511
Niger,NER,2012,2544286.919,11407312.96,628478.343
Niger,NER,2013,2667354.982,11370157.59,670757.7724
Niger,NER,2014,2795116.132,11336267.51,708327.2261
Niger,NER,2015,2926049.626,11346021.67,777675.1906
Niger,NER,2016,3058147.87,11341084.16,792035.9027
Niger,NER,2017,3166463.469,11334045.13,815499.8115
Niger,NER,2018,3216640.121,11378263.09,819560.6625
Niger,NER,2019,3286003.35,11409427.88,817740.1348
Nigeria,NGA,1990,16458706.87,78659359.13,3169970.509
Nigeria,NGA,1991,16923235.85,81775306.95,3265753.402
Nigeria,NGA,1992,17451119.33,82581783.78,3433017.371
Nigeria,NGA,1993,17978227.99,84624322.04,3526775.286
Nigeria,NGA,1994,18463178.98,86960982.23,3552125.183
Nigeria,NGA,1995,18891201.45,89477562.55,3618700.029
Nigeria,NGA,1996,19342502.15,93195135.22,3707439.686
Nigeria,NGA,1997,19854669.81,93930434.27,3842886.24
Nigeria,NGA,1998,20397924.3,96285454.67,4030991.197
Nigeria,NGA,1999,20932856.29,98747908.28,4231786.687
Nigeria,NGA,2000,21425943.53,100680558.6,4476444.751
Nigeria,NGA,2001,21881704.97,102340440,4401973.88
Nigeria,NGA,2002,22506808.29,103250681.2,4491087.7
Nigeria,NGA,2003,23011070.21,103785390.8,4409211.188
Nigeria,NGA,2004,23540559.92,103427955.2,4623162.665
Nigeria,NGA,2005,23985556.96,102794721.2,4456443.107
Nigeria,NGA,2006,24699719.97,101506646.7,4645553.276
Nigeria,NGA,2007,25214586.66,100012649.3,4704784.211
Nigeria,NGA,2008,25447548.24,99021410.27,4692622.331
Nigeria,NGA,2009,25918773.5,97783183.19,4802906.413
Nigeria,NGA,2010,26408705.15,96168098.81,4831859.728
Nigeria,NGA,2011,26925253.83,94488547.54,4874719.86
Nigeria,NGA,2012,27609123.96,92772069.15,4994726.033
Nigeria,NGA,2013,28118617.51,91427866.22,5253874.485
Nigeria,NGA,2014,28563400.14,89927174.48,5910646.522
Nigeria,NGA,2015,29211555.01,87952359.98,5966517.415
Nigeria,NGA,2016,29811144.13,85901410.12,5428544.091
Nigeria,NGA,2017,30200836.13,83459500.97,5448417.267
Nigeria,NGA,2018,30581674.68,81434372.38,5452378.348
Nigeria,NGA,2019,31050075.61,79850657.61,5186514.393
Niue,NIU,1990,638.9735443,165.8269494,87.78739177
Niue,NIU,1991,641.1989878,161.4250515,87.849776
Niue,NIU,1992,648.2771879,159.5403456,89.14721045
Niue,NIU,1993,649.0073172,156.6336014,88.55132189
Niue,NIU,1994,650.0328348,154.6232414,88.17682004
Niue,NIU,1995,653.0305784,151.8099144,88.39276419
Niue,NIU,1996,654.5115481,148.5162039,87.95777454
Niue,NIU,1997,653.3534199,143.1642313,86.47998235
Niue,NIU,1998,643.4422523,135.5505938,83.05706336
Niue,NIU,1999,633.1323098,158.2542685,79.11962544
Niue,NIU,2000,621.0253449,122.5197837,75.13101151
Niue,NIU,2001,609.0413768,117.01542,71.7586917
Niue,NIU,2002,598.3421359,110.501952,68.8422364
Niue,NIU,2003,587.6263317,105.5974986,66.29818006
Niue,NIU,2004,578.3313821,100.8760965,126.5080595
Niue,NIU,2005,566.0275539,96.33052067,61.99902851
Niue,NIU,2006,558.517029,92.8724406,60.26323088
Niue,NIU,2007,551.933072,89.85484835,58.42659485
Niue,NIU,2008,549.0862003,87.88953579,56.9503793
Niue,NIU,2009,542.0000702,84.86568125,54.80628255
Niue,NIU,2010,537.5726069,83.06450062,53.41392858
Niue,NIU,2011,537.9581906,82.05692589,52.93638501
Niue,NIU,2012,538.3949848,80.71807514,52.38985993
Niue,NIU,2013,539.9722083,79.79740182,51.97167653
Niue,NIU,2014,541.7679458,79.18373716,51.5963298
Niue,NIU,2015,543.012334,78.68575632,51.35906821
Niue,NIU,2016,545.3867584,78.46727267,51.45568176
Niue,NIU,2017,548.0879151,78.11719345,51.55700684
Niue,NIU,2018,551.3892949,77.98600109,51.55192995
Niue,NIU,2019,554.1889086,78.01638004,51.56019741
North America (WB),,1990,73276984.61,6684082.118,10805790.49
North America (WB),,1991,73551142.08,6832213.435,10788494.73
North America (WB),,1992,73841839.65,6949944.971,10651666.38
North America (WB),,1993,74961977.22,7155163.499,10777672.49
North America (WB),,1994,75570457.08,7314376.197,10730810.18
North America (WB),,1995,76398456.21,7254738.319,10637803.03
North America (WB),,1996,76866005.31,6595796.611,10428760.92
North America (WB),,1997,77528024.87,5830773.317,10175973.65
North America (WB),,1998,78528335.4,5643888.571,9959451.913
North America (WB),,1999,79827256.42,5649362.566,9807683.945
North America (WB),,2000,80842552.27,5563993.961,9792035.544
North America (WB),,2001,81765195.5,5506166.779,10129642.61
North America (WB),,2002,82741958.14,5538934.823,10003077.92
North America (WB),,2003,83441142.33,5568148.582,10066048.1
North America (WB),,2004,83594425.66,5526977.844,10050029.04
North America (WB),,2005,84642899.16,5570953.577,10392821.17
North America (WB),,2006,85348343.19,5573892.873,10320578.81
North America (WB),,2007,86071292.97,5561781.797,10317423.74
North America (WB),,2008,87185815.19,5500762.459,10206023.05
North America (WB),,2009,88059405.54,5398809.501,10108878.74
North America (WB),,2010,88781664.64,5265305.876,10032556.76
North America (WB),,2011,90102703.05,5257564.637,10125562.75
North America (WB),,2012,91359221.63,5253900.776,10159663.13
North America (WB),,2013,92846740.33,5287300.553,10213458.47
North America (WB),,2014,94508255.5,5311657.745,10346911.79
North America (WB),,2015,96425438.41,5338749.291,10656926.55
North America (WB),,2016,98632451.66,5380322.098,10985083.14
North America (WB),,2017,100182992.9,5347809.315,10955206.88
North America (WB),,2018,102446086.6,5361089.563,10944767.06
North America (WB),,2019,104626299.2,5399587.931,11049991.71
North Korea,PRK,1990,4788492.199,3290398.686,1180556.148
North Korea,PRK,1991,4885849.545,3201219.192,1158164.258
North Korea,PRK,1992,4980004.633,3105674.999,1137097.428
North Korea,PRK,1993,5079831.28,3006662.456,1130495.747
North Korea,PRK,1994,5174492.189,2891527.284,1103148.988
North Korea,PRK,1995,5249107.86,7023049.214,1095117.124
North Korea,PRK,1996,5303058.462,7134903.459,1074239.444
North Korea,PRK,1997,5376497.717,6999067.499,1054344.51
North Korea,PRK,1998,5442497.411,6853352.876,1050291.765
North Korea,PRK,1999,5515750.908,6688574.735,1035738.92
North Korea,PRK,2000,5581254.914,5161588.185,1025833.082
North Korea,PRK,2001,5639065.231,4978978.854,1022793.158
North Korea,PRK,2002,5697666.607,4804808.125,1012097.184
North Korea,PRK,2003,5767423.522,1762574.909,1009834.078
North Korea,PRK,2004,5870524.995,1662895.534,1016046.796
North Korea,PRK,2005,5968649.062,1568210.265,1013470.898
North Korea,PRK,2006,6072757.114,1478282.827,1012077.885
North Korea,PRK,2007,6169403.939,1392393.593,1037035.492
North Korea,PRK,2008,6279674.951,1269146.156,1018931.776
North Korea,PRK,2009,6357481.151,1199215.87,1013581.738
North Korea,PRK,2010,6423539.552,1134126.941,1017257.52
North Korea,PRK,2011,6490660.715,1079860.859,1008652.021
North Korea,PRK,2012,6546140.187,1026107.332,1007929.688
North Korea,PRK,2013,6595344.999,981672.6216,993019.0618
North Korea,PRK,2014,6644347.875,942424.9307,978626.2158
North Korea,PRK,2015,6692843.505,906194.6198,971922.5511
North Korea,PRK,2016,6743163.07,872405.3975,990467.6955
North Korea,PRK,2017,6801124.789,838843.2555,963589.4832
North Korea,PRK,2018,6860445.857,805478.9775,960628.2682
North Korea,PRK,2019,6921109.585,778639.3223,940776.7165
North Macedonia,MKD,1990,481392.4014,118271.2534,69000.19163
North Macedonia,MKD,1991,483893.747,106810.7032,70161.84005
North Macedonia,MKD,1992,505794.9704,103797.559,70422.55308
North Macedonia,MKD,1993,514461.0422,91404.6229,80472.12282
North Macedonia,MKD,1994,519749.8354,86382.73302,69366.88885
North Macedonia,MKD,1995,528397.384,77924.8339,68292.9464
North Macedonia,MKD,1996,537042.571,66488.01344,67748.17248
North Macedonia,MKD,1997,550677.4356,61106.82295,69708.05228
North Macedonia,MKD,1998,569795.2909,63062.96321,73452.28915
North Macedonia,MKD,1999,566776.5,54710.01621,71255.64992
North Macedonia,MKD,2000,563515.6883,49471.80721,67686.92441
North Macedonia,MKD,2001,575029.8814,47316.9416,75058.95254
North Macedonia,MKD,2002,591248.4289,45435.41882,70195.86194
North Macedonia,MKD,2003,594895.3993,47067.01792,67938.67931
North Macedonia,MKD,2004,590107.3675,44304.81004,64174.29257
North Macedonia,MKD,2005,596222.9705,40937.9365,61827.57567
North Macedonia,MKD,2006,609131.287,42125.77128,62352.05905
North Macedonia,MKD,2007,617915.777,40189.09345,62771.33163
North Macedonia,MKD,2008,609299.2463,39285.36364,60380.59297
North Macedonia,MKD,2009,613898.9707,39774.94611,60487.62102
North Macedonia,MKD,2010,613761.108,35762.89778,58427.20091
North Macedonia,MKD,2011,610370.428,34984.45612,57338.09183
North Macedonia,MKD,2012,618848.7086,37192.1443,57824.50976
North Macedonia,MKD,2013,615115.4133,37577.29406,57368.768
North Macedonia,MKD,2014,625327.082,37508.34622,57510.248
North Macedonia,MKD,2015,635926.1809,36780.54834,58626.06494
North Macedonia,MKD,2016,642195.8575,39762.54429,60176.30057
North Macedonia,MKD,2017,645740.4918,36031.29177,59842.17714
North Macedonia,MKD,2018,649639.4007,34635.12195,59853.39263
North Macedonia,MKD,2019,655550.9757,33615.56927,60390.62352
Northern Ireland,,1990,419988.0729,40524.72375,46035.59795
Northern Ireland,,1991,417400.0024,39828.43527,45957.4367
Northern Ireland,,1992,414023.2449,38467.58651,44891.51686
Northern Ireland,,1993,420296.3995,39478.33341,41546.74035
Northern Ireland,,1994,416031.7941,38585.06984,43452.11472
Northern Ireland,,1995,417789.9141,39022.7114,39012.8021
Northern Ireland,,1996,413258.0641,38043.76986,37608.06751
Northern Ireland,,1997,414193.4113,37541.52841,38162.23088
Northern Ireland,,1998,416553.5995,36939.78074,40905.9449
Northern Ireland,,1999,421087.4911,36652.8287,39929.54535
Northern Ireland,,2000,417156.1054,34480.8799,37904.58067
Northern Ireland,,2001,413538.6071,31318.11817,37602.22572
Northern Ireland,,2002,418520.6867,30197.59613,37591.73663
Northern Ireland,,2003,418275.6901,29780.92177,36743.44993
Northern Ireland,,2004,421388.8363,29510.98948,37736.59496
Northern Ireland,,2005,422319.4768,29509.39409,39356.61169
Northern Ireland,,2006,427250.5349,29593.45377,40853.49072
Northern Ireland,,2007,431177.5029,29821.93886,41513.14291
Northern Ireland,,2008,432774.5242,29640.29432,41731.0056
Northern Ireland,,2009,433179.9294,29372.664,41852.40875
Northern Ireland,,2010,436222.4407,29180.26771,41464.42796
Northern Ireland,,2011,433682.7746,28326.23465,40459.97961
Northern Ireland,,2012,438164.6165,27901.7161,40019.33313
Northern Ireland,,2013,441287.3336,27903.30206,39489.42053
Northern Ireland,,2014,443198.7395,27741.24881,39236.5007
Northern Ireland,,2015,449998.3478,28146.4213,39946.46634
Northern Ireland,,2016,453568.8695,28096.18828,40041.13807
Northern Ireland,,2017,459256.2722,28348.46174,40148.57188
Northern Ireland,,2018,470312.263,28944.21397,40749.44664
Northern Ireland,,2019,476920.5199,29366.03076,40760.93657
Northern Mariana Islands,MNP,1990,7574.372187,1770.533884,2098.366475
Northern Mariana Islands,MNP,1991,7918.704228,1804.571269,2159.9001
Northern Mariana Islands,MNP,1992,7965.888139,1748.687712,2136.084619
Northern Mariana Islands,MNP,1993,7847.94143,1663.871161,2074.726627
Northern Mariana Islands,MNP,1994,7796.107697,1604.596703,2036.712908
Northern Mariana Islands,MNP,1995,8002.052056,1606.118371,2070.016594
Northern Mariana Islands,MNP,1996,8498.59288,1703.308093,2190.459026
Northern Mariana Islands,MNP,1997,9243.327095,1896.266724,2390.493886
Northern Mariana Islands,MNP,1998,10139.39365,2165.042636,2638.893092
Northern Mariana Islands,MNP,1999,11080.17648,2406.731105,2777.913089
Northern Mariana Islands,MNP,2000,11885.22279,2475.729534,2916.374267
Northern Mariana Islands,MNP,2001,12206.63443,2380.247025,2938.098174
Northern Mariana Islands,MNP,2002,11984.42526,2205.494203,2772.121778
Northern Mariana Islands,MNP,2003,11619.36084,2027.621616,2596.298199
Northern Mariana Islands,MNP,2004,11405.36994,1891.2631,2674.100727
Northern Mariana Islands,MNP,2005,11462.80764,1803.450092,2477.917183
Northern Mariana Islands,MNP,2006,11624.15656,1731.402039,2270.72053
Northern Mariana Islands,MNP,2007,11783.48121,1663.646177,2284.859441
Northern Mariana Islands,MNP,2008,11901.64871,1601.44586,2098.280574
Northern Mariana Islands,MNP,2009,12007.49877,1535.174598,2006.283406
Northern Mariana Islands,MNP,2010,12000.02061,1462.74561,1877.633179
Northern Mariana Islands,MNP,2011,12007.56028,1406.283531,1774.732792
Northern Mariana Islands,MNP,2012,11929.31514,1359.831387,1685.67523
Northern Mariana Islands,MNP,2013,11867.22872,1324.874084,1622.454358
Northern Mariana Islands,MNP,2014,11868.06443,1299.56863,1573.712214
Northern Mariana Islands,MNP,2015,12034.53825,1286.954159,1549.401989
Northern Mariana Islands,MNP,2016,12167.83806,1274.467292,1529.443362
Northern Mariana Islands,MNP,2017,12224.60688,1243.953996,1506.000665
Northern Mariana Islands,MNP,2018,12236.50883,1206.920389,1572.518796
Northern Mariana Islands,MNP,2019,12255.19787,1172.511054,1439.967384
Norway,NOR,1990,1166612.044,80465.76856,147035.3451
Norway,NOR,1991,1158880.162,78603.81166,141523.5441
Norway,NOR,1992,1159568.164,77505.25852,138714.2899
Norway,NOR,1993,1159658.133,76554.0935,134427.4891
Norway,NOR,1994,1154824.705,73726.06402,131797.1678
Norway,NOR,1995,1147883.425,70803.63587,129886.4626
Norway,NOR,1996,1143631.464,67578.29421,128143.0137
Norway,NOR,1997,1140952.978,64915.06047,128161.9075
Norway,NOR,1998,1143174.324,63872.01813,128497.7062
Norway,NOR,1999,1139917.779,63429.17204,128286.0479
Norway,NOR,2000,1134853.692,62368.69627,128439.5375
Norway,NOR,2001,1128969.34,61441.65987,126946.7172
Norway,NOR,2002,1125052.667,60959.98653,125941.3109
Norway,NOR,2003,1110136.114,59921.10399,124390.7495
Norway,NOR,2004,1100387.458,58296.22105,123056.6859
Norway,NOR,2005,1093892.899,58752.71466,121928.4174
Norway,NOR,2006,1097042.693,58367.72769,121328.0253
Norway,NOR,2007,1105408.804,58426.56906,120550.4533
Norway,NOR,2008,1109330.117,58426.97618,121564.4395
Norway,NOR,2009,1113214.471,58994.16736,122448.1069
Norway,NOR,2010,1115943.634,57923.99103,122551.4787
Norway,NOR,2011,1127269.457,58358.76338,128326.1668
Norway,NOR,2012,1126723.594,58589.07367,121060.5513
Norway,NOR,2013,1129481.239,58052.03928,121933.6331
Norway,NOR,2014,1123550.647,57783.77607,121011.7746
Norway,NOR,2015,1124877.153,57806.70038,119943.6513
Norway,NOR,2016,1135893.58,58276.05816,122117.2432
Norway,NOR,2017,1138352.823,58362.57431,122981.1305
Norway,NOR,2018,1159501.988,58617.12258,124351.2681
Norway,NOR,2019,1182175.354,59204.15812,125234.3652
OECD Countries,,1990,267133000.8,37548124.67,40695694.46
OECD Countries,,1991,268327804.5,36571379.93,40590172.54
OECD Countries,,1992,268946915.5,35678561.98,40242340.61
OECD Countries,,1993,270807952.6,34990673.7,39906852.99
OECD Countries,,1994,271813950.5,34409298.86,39824588.39
OECD Countries,,1995,273664308.3,33584865.74,39435820.9
OECD Countries,,1996,273887745.8,31863510.85,38588363.11
OECD Countries,,1997,274825303.3,29725545.78,38002760.35
OECD Countries,,1998,276889522.9,28494679.57,37741130.87
OECD Countries,,1999,278974304,27669178.86,38272745.4
OECD Countries,,2000,279300173.7,26557344.36,36620740.99
OECD Countries,,2001,280558395.8,25596055.84,36566176.67
OECD Countries,,2002,282661766.1,24954281.96,36136513.55
OECD Countries,,2003,284803447.1,24390129.01,36011605.23
OECD Countries,,2004,284843581.2,23593105.93,35560432.97
OECD Countries,,2005,287106911.8,23136788.66,35744284.22
OECD Countries,,2006,288390579.5,22601715.64,35499000.79
OECD Countries,,2007,290534220.6,22257662.76,35379492.85
OECD Countries,,2008,293174008,21896621.23,35419582.86
OECD Countries,,2009,295643495.2,21576296.5,35415740.65
OECD Countries,,2010,297148793.1,21184994.7,35217170.35
OECD Countries,,2011,299649926,20929450.87,35503633.62
OECD Countries,,2012,302415989.7,20774197.04,34866532.92
OECD Countries,,2013,305613630.5,20706442.13,34748900.92
OECD Countries,,2014,308411243.2,20591276.14,34764195.11
OECD Countries,,2015,312886816.1,20571652.99,35028268.15
OECD Countries,,2016,316478337.9,20481558.94,35705269.47
OECD Countries,,2017,320422542.8,20262710.26,36169214.58
OECD Countries,,2018,325275438,20202175.39,36371414.71
OECD Countries,,2019,329943637.1,20153678.28,36353855.77
Oman,OMN,1990,299625.306,190530.0499,133810.1066
Oman,OMN,1991,304314.4967,182619.3305,132257.8981
Oman,OMN,1992,308309.0577,167129.3819,132968.3881
Oman,OMN,1993,311181.9642,157324.4362,133487.9968
Oman,OMN,1994,314348.089,142869.8344,135221.8938
Oman,OMN,1995,318860.2586,127433.2197,137400.7548
Oman,OMN,1996,324766.4444,118437.3743,138609.5219
Oman,OMN,1997,330231.9864,111084.1688,140062.6141
Oman,OMN,1998,332224.2786,104441.5743,139825.9093
Oman,OMN,1999,330784.8087,98150.10229,136866.6167
Oman,OMN,2000,331414.3713,93466.2543,134344.6286
Oman,OMN,2001,336892.0564,87948.25554,134320.2401
Oman,OMN,2002,344674.9333,83906.13966,139843.2906
Oman,OMN,2003,345476.7212,80119.82261,139131.2819
Oman,OMN,2004,338664.443,75793.67056,132581.5326
Oman,OMN,2005,340740.3464,72765.89098,128258.0058
Oman,OMN,2006,356546.0844,73707.8195,134244.3929
Oman,OMN,2007,374263.0929,76227.98969,152340.0884
Oman,OMN,2008,386410.2178,79097.12167,151189.0335
Oman,OMN,2009,393948.88,82167.4975,147126.5235
Oman,OMN,2010,412725.8003,85622.78415,152354.4672
Oman,OMN,2011,453876.3978,92379.3296,169658.3358
Oman,OMN,2012,497515.0225,99324.52572,181404.0956
Oman,OMN,2013,516079.0453,103489.1512,177920.9457
Oman,OMN,2014,524807.7031,105540.7497,171264.8457
Oman,OMN,2015,544615.3011,108897.7535,169320.2258
Oman,OMN,2016,571141.0179,113302.9722,173799.8788
Oman,OMN,2017,585000.8507,111292.3827,174105.1813
Oman,OMN,2018,580035.004,106799.556,171992.7101
Oman,OMN,2019,583061.4698,103878.1766,171001.1716
Pakistan,PAK,1990,20015200.72,55583200.95,3484613.446
Pakistan,PAK,1991,20613739.74,55967131.37,3559273.168
Pakistan,PAK,1992,21247809.86,56461147.39,3676678.904
Pakistan,PAK,1993,21857116.39,57078524.51,3691623.465
Pakistan,PAK,1994,22594632,57740329.32,3813694.117
Pakistan,PAK,1995,23441278.09,58350436.18,4021747.35
Pakistan,PAK,1996,24045454.27,58291879.09,4018746.033
Pakistan,PAK,1997,24687710.13,58546522.63,4110994.545
Pakistan,PAK,1998,25170550.4,58289455.12,4176638.405
Pakistan,PAK,1999,25802532.37,58394389.94,4206946.792
Pakistan,PAK,2000,26585493.13,58241046.51,4206115.924
Pakistan,PAK,2001,27319818.25,58084619.18,4281933.116
Pakistan,PAK,2002,28014960.73,58257369.24,4368968.325
Pakistan,PAK,2003,28672597.35,58252314.37,4453982.467
Pakistan,PAK,2004,29322560.91,58001920.93,4516245.255
Pakistan,PAK,2005,29945847.7,57243295.55,9169537.743
Pakistan,PAK,2006,30564876.99,57126270.42,4685353.168
Pakistan,PAK,2007,31054923.04,56034532.1,4871921.781
Pakistan,PAK,2008,32020753.29,55233664.11,5222863.234
Pakistan,PAK,2009,32792807.62,54489186.04,5555695.358
Pakistan,PAK,2010,33497999.47,54309381.79,6011592.752
Pakistan,PAK,2011,34185086.94,53776234,5580436.703
Pakistan,PAK,2012,35019531.23,53233829.41,5802104.538
Pakistan,PAK,2013,36067300.58,52925382.7,5864613.611
Pakistan,PAK,2014,37036863.69,52666277.03,5893886.313
Pakistan,PAK,2015,37884791.05,51760291.82,6002149.065
Pakistan,PAK,2016,38844960.12,51287017.53,5938856.25
Pakistan,PAK,2017,39693840.2,50472800.65,5945204.741
Pakistan,PAK,2018,40365688.21,48138292.55,5968281.091
Pakistan,PAK,2019,41196152.36,47062987,5979739.337
Palau,PLW,1990,3611.345716,1475.001652,1003.307412
Palau,PLW,1991,3720.777714,1458.385296,1014.371735
Palau,PLW,1992,3842.876811,1445.283291,1030.101214
Palau,PLW,1993,3992.391116,1447.20798,1055.177326
Palau,PLW,1994,4130.728289,1435.133199,1043.321321
Palau,PLW,1995,4297.962794,1417.982699,1062.679068
Palau,PLW,1996,4447.468762,1402.033217,1152.568158
Palau,PLW,1997,4600.54302,1383.241605,1120.842408
Palau,PLW,1998,4764.901109,1362.513735,1150.987778
Palau,PLW,1999,4949.249001,1349.591173,1181.704189
Palau,PLW,2000,5091.500352,1331.226391,1197.571403
Palau,PLW,2001,5205.927471,1314.285769,1206.229141
Palau,PLW,2002,5300.452,1295.530218,1205.006388
Palau,PLW,2003,5376.745174,1278.465532,1196.044285
Palau,PLW,2004,5488.434205,1270.896562,1193.089654
Palau,PLW,2005,5574.758674,1266.017657,1215.634212
Palau,PLW,2006,5571.908734,1246.474954,1189.997849
Palau,PLW,2007,5546.277879,1220.860393,1158.441757
Palau,PLW,2008,5524.437043,1194.49923,1127.850374
Palau,PLW,2009,5517.618042,1171.482733,1099.044695
Palau,PLW,2010,5510.893479,1144.080616,1069.658178
Palau,PLW,2011,5513.576095,1117.046444,1048.90413
Palau,PLW,2012,5540.135508,1091.904808,1029.438463
Palau,PLW,2013,5628.017538,1078.158064,1030.465798
Palau,PLW,2014,5749.359103,1062.805913,1025.007174
Palau,PLW,2015,5880.158649,1049.202898,1019.091709
Palau,PLW,2016,6002.504643,1039.458371,1013.600295
Palau,PLW,2017,6130.724775,1032.285539,1009.113075
Palau,PLW,2018,6266.288058,1029.375987,1005.615934
Palau,PLW,2019,6406.861721,1030.223021,1002.359535
Palestine,PSE,1990,377842.0499,281327.6778,105018.4164
Palestine,PSE,1991,385130.5698,280337.8437,103997.6808
Palestine,PSE,1992,391531.7435,276650.9786,107338.9256
Palestine,PSE,1993,399176.2806,273476.7683,101236.8492
Palestine,PSE,1994,406223.802,267914.67,88762.20415
Palestine,PSE,1995,414711.8425,263981.5431,83624.0823
Palestine,PSE,1996,425165.7165,261451.7072,82253.75705
Palestine,PSE,1997,435661.2014,259149.8055,82011.63167
Palestine,PSE,1998,445467.4685,256674.0389,84403.91083
Palestine,PSE,1999,455228.824,254719.3851,90224.54574
Palestine,PSE,2000,467177.6307,255573.7314,233681.1574
Palestine,PSE,2001,480261.3409,257436.7026,300488.7772
Palestine,PSE,2002,494092.0864,260610.8776,380282.9103
Palestine,PSE,2003,506283.8631,263106.4446,310760.1225
Palestine,PSE,2004,519537.0763,262219.5153,344984.1004
Palestine,PSE,2005,534330.1277,255027.0972,263198.5966
Palestine,PSE,2006,547387.5699,250653.646,431951.7306
Palestine,PSE,2007,556814.3009,245786.3264,287587.1604
Palestine,PSE,2008,567699.4403,238851.8146,540759.9381
Palestine,PSE,2009,577467.562,231752.091,525425.4259
Palestine,PSE,2010,588100.3708,222630.1678,161566.7391
Palestine,PSE,2011,601038.4347,211517.5742,169988.1491
Palestine,PSE,2012,610010.4552,200523.2699,204698.4757
Palestine,PSE,2013,623982.0416,189498.2631,137452.348
Palestine,PSE,2014,642717.2166,179561.1737,141297.7986
Palestine,PSE,2015,659141.4058,170932.2875,144141.4645
Palestine,PSE,2016,671260.0587,161772.2081,141291.2478
Palestine,PSE,2017,682157.0965,151424.2423,137752.0295
Palestine,PSE,2018,699130.512,146338.8472,148943.0571
Palestine,PSE,2019,720965.0528,142885.1982,134074.8691
Panama,PAN,1990,347807.3205,144097.1204,94420.93368
Panama,PAN,1991,354069.5018,143517.8861,97393.71284
Panama,PAN,1992,365750.3737,143950.6613,96847.10276
Panama,PAN,1993,378535.1301,145357.7418,101245.8751
Panama,PAN,1994,383220.4703,146713.2781,104103.5831
Panama,PAN,1995,395103.3419,149751.8894,107144.5495
Panama,PAN,1996,401822.143,151462.1584,103209.4852
Panama,PAN,1997,416422.9126,155023.8863,105324.4098
Panama,PAN,1998,422162.9332,159025.2055,102569.1438
Panama,PAN,1999,424880.3809,159607.8463,101444.9883
Panama,PAN,2000,426827.5844,156598.2933,97365.84469
Panama,PAN,2001,436296.4613,154316.58,97752.1335
Panama,PAN,2002,448063.8079,150723.074,100562.7895
Panama,PAN,2003,464193.7938,147750.0655,102998.1256
Panama,PAN,2004,473399.9512,149394.2989,100766.6861
Panama,PAN,2005,485199.5034,152201.6254,102474.0978
Panama,PAN,2006,499873.5832,153563.8801,108880.4455
Panama,PAN,2007,508045.2883,154659.3303,113311.2396
Panama,PAN,2008,523750.2085,155421.7882,123813.6295
Panama,PAN,2009,537968.0986,156537.0026,129379.613
Panama,PAN,2010,549793.2333,159458.9204,127236.4237
Panama,PAN,2011,567250.2852,157962.3086,127644.0611
Panama,PAN,2012,585275.158,162246.6173,128115.2816
Panama,PAN,2013,599576.9481,165548.7961,123267.011
Panama,PAN,2014,614742.3728,161566.2234,123710.7627
Panama,PAN,2015,626214.548,161776.8811,115378.1326
Panama,PAN,2016,642576.2501,160091.374,113570.2187
Panama,PAN,2017,658894.2278,157790.8505,117255.7087
Panama,PAN,2018,673516.7729,156047.9342,118929.2912
Panama,PAN,2019,688534.188,153852.6286,119368.2939
Papua New Guinea,PNG,1990,797304.6219,1196964.552,183003.1734
Papua New Guinea,PNG,1991,820790.5371,1241546.691,200760.7866
Papua New Guinea,PNG,1992,844545.5906,1260099.379,195941.5894
Papua New Guinea,PNG,1993,863293.8671,1279927.094,200997.9558
Papua New Guinea,PNG,1994,882611.0444,1301564.742,202168.3038
Papua New Guinea,PNG,1995,905979.4287,1322915.376,204220.0343
Papua New Guinea,PNG,1996,934653.5723,1319689.658,219308.1787
Papua New Guinea,PNG,1997,964181.7246,1346974.952,217118.781
Papua New Guinea,PNG,1998,1007071.821,1377926.589,372116.2843
Papua New Guinea,PNG,1999,1044709.109,1399746.766,248852.4208
Papua New Guinea,PNG,2000,1076479.516,1455752.73,250399.4023
Papua New Guinea,PNG,2001,1114225.214,1514582.612,259963.7752
Papua New Guinea,PNG,2002,1157331.691,1580296.225,266901.2928
Papua New Guinea,PNG,2003,1197912.305,1645830.362,268894.0347
Papua New Guinea,PNG,2004,1246368.497,1702509.882,276985.3027
Papua New Guinea,PNG,2005,1303390.94,1726131.088,292855.1727
Papua New Guinea,PNG,2006,1352553.87,1755450.693,305644.4315
Papua New Guinea,PNG,2007,1401172.068,1771945.708,325542.0109
Papua New Guinea,PNG,2008,1440633.536,1805306.125,322181.5243
Papua New Guinea,PNG,2009,1476091.473,1863632.152,326736.3069
Papua New Guinea,PNG,2010,1536444.277,1853149.084,342469.3548
Papua New Guinea,PNG,2011,1589151.982,1853758.911,356849.1384
Papua New Guinea,PNG,2012,1636188.916,1856184.915,388891.7728
Papua New Guinea,PNG,2013,1678148.897,1867049.149,369904.6347
Papua New Guinea,PNG,2014,1726913.282,1861710.397,375558.9199
Papua New Guinea,PNG,2015,1785078.509,1865815.614,384098.1246
Papua New Guinea,PNG,2016,1833823.253,1889092.968,391043.9133
Papua New Guinea,PNG,2017,1893152.719,1892832.306,399664.4676
Papua New Guinea,PNG,2018,1958986.359,1884295.817,421080.0436
Papua New Guinea,PNG,2019,2017268.19,1888753.853,416832.1705
Paraguay,PRY,1990,572449.0577,399115.6523,117554.4052
Paraguay,PRY,1991,577465.9827,389282.0277,118180.7337
Paraguay,PRY,1992,605205.361,391928.0962,125749.0412
Paraguay,PRY,1993,625039.4407,389720.6804,134795.6282
Paraguay,PRY,1994,642556.9207,383708.5004,143191.6633
Paraguay,PRY,1995,663141.066,386371.2945,153301.6872
Paraguay,PRY,1996,682883.0128,384796.2579,160949.9841
Paraguay,PRY,1997,688426.1283,376704.641,162271.7908
Paraguay,PRY,1998,704401.7608,370447.0111,165266.5213
Paraguay,PRY,1999,726694.4208,366264.1492,169091.5049
Paraguay,PRY,2000,745243.4966,364461.8046,175483.7287
Paraguay,PRY,2001,759227.5731,358853.7328,175296.0137
Paraguay,PRY,2002,781529.3192,354254.5262,179451.8819
Paraguay,PRY,2003,814702.0528,353119.7431,189062.3596
Paraguay,PRY,2004,851317.4837,352196.626,219858.2377
Paraguay,PRY,2005,870875.3369,342022.2292,194579.7003
Paraguay,PRY,2006,896848.0049,334908.4294,196856.6314
Paraguay,PRY,2007,911119.3576,321995.3798,198851.7455
Paraguay,PRY,2008,935306.3358,316773.9938,205286.2582
Paraguay,PRY,2009,970351.0185,311977.6593,213253.2385
Paraguay,PRY,2010,993600.5009,305535.5145,211634.7315
Paraguay,PRY,2011,1007985.993,305293.3294,209504.191
Paraguay,PRY,2012,1026846.544,297126.0265,209894.8786
Paraguay,PRY,2013,1059786.326,294162.5496,212798.5883
Paraguay,PRY,2014,1073104.201,286334.0012,212907.4929
Paraguay,PRY,2015,1097479.413,270531.7325,217588.389
Paraguay,PRY,2016,1141936.376,266370.6904,226507.8802
Paraguay,PRY,2017,1164671.829,263073.8432,228167.8882
Paraguay,PRY,2018,1187773.956,255647.4519,230371.0441
Paraguay,PRY,2019,1214116.132,250406.8407,234162.5859
Peru,PER,1990,3543386.133,4254645.934,1472182.871
Peru,PER,1991,3488073.843,4687143.71,1487517.826
Peru,PER,1992,3617009.276,3989385.637,1487804.326
Peru,PER,1993,3646305.885,3753764.501,1404681.417
Peru,PER,1994,3671771.326,3473739.33,1361489.964
Peru,PER,1995,3712541.836,3324551.584,1321116.778
Peru,PER,1996,3687016.008,3080029.797,1313338.916
Peru,PER,1997,3719718.449,2932684.004,1281857.309
Peru,PER,1998,3749343.725,2806630.71,1232209.723
Peru,PER,1999,3721887.156,2644817.323,1130897.561
Peru,PER,2000,3789337.091,2560114.161,1090637.541
Peru,PER,2001,3770040.663,2402121.421,1024199.729
Peru,PER,2002,3810894.124,2307166.375,967687.562
Peru,PER,2003,3883934.918,2239457.956,954588.9193
Peru,PER,2004,3881629.451,2153351.013,912494.9989
Peru,PER,2005,3913777.507,2091185.065,888236.3593
Peru,PER,2006,3930316.653,2005769.25,866484.3751
Peru,PER,2007,3930998.405,1892737.616,872326.7484
Peru,PER,2008,4020015.842,1840572.594,850282.0881
Peru,PER,2009,4279562.878,1866205.204,924006.6571
Peru,PER,2010,4396011.346,1842330.657,924917.6783
Peru,PER,2011,4461754.306,1790026.352,893717.0129
Peru,PER,2012,4522742.988,1764321.123,893898.5915
Peru,PER,2013,4599897.686,1770444.169,874443.5359
Peru,PER,2014,4644638.236,1751246.495,872511.4262
Peru,PER,2015,4707375.618,1708881.836,844422.6419
Peru,PER,2016,4801033.809,1696453.371,843541.5859
Peru,PER,2017,4902131.562,1649707.717,851387.0859
Peru,PER,2018,5002869.656,1607016.071,850304.3275
Peru,PER,2019,5094963.043,1563343.37,849586.1605
Philippines,PHL,1990,9586632.708,12172569.7,3083205.634
Philippines,PHL,1991,9697930.253,11797555.47,3281092.211
Philippines,PHL,1992,9948726.767,11614997.21,2788857.54
Philippines,PHL,1993,10214103.64,11454857.01,2798916.749
Philippines,PHL,1994,10464965.68,11177852.26,2768667.762
Philippines,PHL,1995,10724842.05,10960381.36,2812462.847
Philippines,PHL,1996,11069788.31,10756622.8,2729377.738
Philippines,PHL,1997,11353744.09,10541313.83,2718771.522
Philippines,PHL,1998,11726661.79,10431697.45,2767990.77
Philippines,PHL,1999,12157790.69,10065613.65,2771919.008
Philippines,PHL,2000,12669668.99,9991846.258,2944250.334
Philippines,PHL,2001,13181817.63,9955777.045,2887545.848
Philippines,PHL,2002,13676346,9876723.513,2837066.401
Philippines,PHL,2003,14030094.2,9779953.018,2828924.424
Philippines,PHL,2004,14392798.75,9797180.34,2842904.713
Philippines,PHL,2005,15005146.61,9624724.619,2765621.717
Philippines,PHL,2006,15449036.17,9658675.061,2920463.515
Philippines,PHL,2007,15813250.92,9591755.139,2751886.319
Philippines,PHL,2008,16369131.91,9509638.901,2881939.972
Philippines,PHL,2009,16844157.04,9541899.15,2957950.93
Philippines,PHL,2010,17222843.84,9548767.851,2784619.1
Philippines,PHL,2011,17660943.45,9449463.152,2895861.63
Philippines,PHL,2012,18184709.94,9204021.71,2977028.724
Philippines,PHL,2013,18647665.62,9078828.789,3553105.381
Philippines,PHL,2014,19119134.9,9039371.072,2903652.391
Philippines,PHL,2015,19672519.65,9108160.266,2978770.393
Philippines,PHL,2016,20078964.33,8998455.189,3105670.739
Philippines,PHL,2017,20421407.24,8991089.2,3221254.99
Philippines,PHL,2018,20730389.62,8671242.53,3105084.347
Philippines,PHL,2019,21101747.88,8523125.51,3073241.109
Poland,POL,1990,10882481.85,1012703.95,2006255.36
Poland,POL,1991,11190723.59,968605.3791,2055748.537
Poland,POL,1992,11034452.33,908101.7663,1996924.523
Poland,POL,1993,10770921.58,844151.6806,1906614.02
Poland,POL,1994,10785327.18,864703.6125,1918462.999
Poland,POL,1995,10851226.74,795214.2253,1915664.415
Poland,POL,1996,10689562.53,751220.8226,1862634.892
Poland,POL,1997,10668681.97,692191.275,1864693.517
Poland,POL,1998,10544894.71,660687.2854,1846531.614
Poland,POL,1999,10604707.34,648626.6672,1852668.276
Poland,POL,2000,10327420.16,615369.602,1771110.735
Poland,POL,2001,10233665.17,592229.8489,1736920.977
Poland,POL,2002,10153995.7,580407.378,1714857.152
Poland,POL,2003,10147101.01,569869.4536,1687029.993
Poland,POL,2004,10246687.27,570036.0714,1690727.686
Poland,POL,2005,10305672.48,571468.848,1685579.676
Poland,POL,2006,10401897.29,572152.9,1681683.692
Poland,POL,2007,10501484.66,579501.5855,1679473.787
Poland,POL,2008,10506597.54,582603.5192,1661574.177
Poland,POL,2009,10504954.25,575816.2664,1624942.56
Poland,POL,2010,10372527.3,563574.4167,1578600.333
Poland,POL,2011,10371410.11,557907.2197,1558840.127
Poland,POL,2012,10457618.21,559843.8993,1533666.548
Poland,POL,2013,10405877.89,558818.6919,1493177.374
Poland,POL,2014,10273458.06,548314.1423,1445794.884
Poland,POL,2015,10434503.58,554389.9844,1437044.954
Poland,POL,2016,10420149.88,551758.1348,1432787.703
Poland,POL,2017,10494719.73,538485.9904,1445093.648
Poland,POL,2018,10597588.42,531136.7327,1447441.57
Poland,POL,2019,10691778.04,522922.3983,1441732.138
Portugal,PRT,1990,2799193.986,226010.4063,440967.3517
Portugal,PRT,1991,2833645.839,226673.258,444258.7309
Portugal,PRT,1992,2828594.105,223272.877,431883.6959
Portugal,PRT,1993,2852079.605,225074.1729,412882.6399
Portugal,PRT,1994,2812703.86,228967.6397,394089.1764
Portugal,PRT,1995,2841520.925,244557.7977,390481.0002
Portugal,PRT,1996,2872884.824,259870.0899,382338.6758
Portugal,PRT,1997,2873467.526,254376.4564,376279.3278
Portugal,PRT,1998,2886719.158,252911.6682,363331.1365
Portugal,PRT,1999,2899149.343,256598.342,352475.6499
Portugal,PRT,2000,2891838.986,247463.1891,340969.7361
Portugal,PRT,2001,2897529.913,237045.2845,336954.98
Portugal,PRT,2002,2907709.665,230033.9953,328487.717
Portugal,PRT,2003,2911603.368,223907.1421,318157.9245
Portugal,PRT,2004,2870536.759,215088.1739,306101.6177
Portugal,PRT,2005,2866468.977,217001.2898,291533.9839
Portugal,PRT,2006,2851312.474,211638.1181,280951.7117
Portugal,PRT,2007,2862216.032,211444.2057,274651.9587
Portugal,PRT,2008,2864912.424,209021.4726,265120.7356
Portugal,PRT,2009,2871453.93,207143.732,256870.707
Portugal,PRT,2010,2867524.355,202138.2338,249969.8039
Portugal,PRT,2011,2860300.17,200179.3929,241678.6293
Portugal,PRT,2012,2852932.501,197276.0623,235332.3587
Portugal,PRT,2013,2841082.198,193681.6537,230152.6823
Portugal,PRT,2014,2827210.722,188740.0187,226694.0341
Portugal,PRT,2015,2825713.564,192591.6066,220572.725
Portugal,PRT,2016,2855020.846,194882.4736,217892.6733
Portugal,PRT,2017,2879525.779,192038.9868,219570.9689
Portugal,PRT,2018,2900455.736,191109.0909,220932.6118
Portugal,PRT,2019,2925747.683,190691.9382,222625.6859
Puerto Rico,PRI,1990,743972.4467,178270.4794,146481.1112
Puerto Rico,PRI,1991,755400.2004,182053.6951,153875.4683
Puerto Rico,PRI,1992,771853.0566,190719.4355,160621.1225
Puerto Rico,PRI,1993,794116.5463,189175.1483,167872.0721
Puerto Rico,PRI,1994,797542.3808,204206.3027,159945.4642
Puerto Rico,PRI,1995,829983.3068,204437.4529,163238.1565
Puerto Rico,PRI,1996,837507.3132,191135.49,157202.6395
Puerto Rico,PRI,1997,829952.7964,162045.6165,151106.985
Puerto Rico,PRI,1998,863654.7589,148952.0754,148664.7825
Puerto Rico,PRI,1999,848111.1086,146347.3974,135352.5919
Puerto Rico,PRI,2000,850767.6381,138967.4048,134369.2254
Puerto Rico,PRI,2001,863736.5402,138334.3342,137923.3998
Puerto Rico,PRI,2002,844639.8095,129058.6482,131180.4869
Puerto Rico,PRI,2003,849707.7584,123092.9278,128792.561
Puerto Rico,PRI,2004,857496.2808,121581.8289,129512.2335
Puerto Rico,PRI,2005,860601.3681,121832.963,130682.9853
Puerto Rico,PRI,2006,854034.5835,115501.757,129741.882
Puerto Rico,PRI,2007,857814.9098,110294.2863,129983.7211
Puerto Rico,PRI,2008,858501.9412,108375.0029,130100.6942
Puerto Rico,PRI,2009,869286.5052,104915.7395,135901.6137
Puerto Rico,PRI,2010,850659.5965,99340.80613,132374.5417
Puerto Rico,PRI,2011,877867.6198,97228.95594,137151.8162
Puerto Rico,PRI,2012,856327.8257,92246.93317,130036.7408
Puerto Rico,PRI,2013,868842.1331,87171.67007,126733.019
Puerto Rico,PRI,2014,863615.7803,84263.80385,118028.9588
Puerto Rico,PRI,2015,849290.6067,79706.71772,112754.2758
Puerto Rico,PRI,2016,871208.9714,81874.07863,114389.0732
Puerto Rico,PRI,2017,880029.7266,80327.8545,209467.803
Puerto Rico,PRI,2018,888273.294,79152.93806,111908.9381
Puerto Rico,PRI,2019,895844.0753,78341.00633,111629.6022
Qatar,QAT,1990,61082.43023,19753.91279,21888.88121
Qatar,QAT,1991,63268.13073,19276.9839,22435.34377
Qatar,QAT,1992,65342.39269,18814.08699,22746.43742
Qatar,QAT,1993,67093.01377,18323.7659,22737.3065
Qatar,QAT,1994,68681.36017,18025.04232,24106.84706
Qatar,QAT,1995,70933.95015,17921.31051,25703.53625
Qatar,QAT,1996,73782.44102,17478.17785,25779.53367
Qatar,QAT,1997,76195.23534,16936.17208,25917.19603
Qatar,QAT,1998,78408.20047,16409.65695,26064.06141
Qatar,QAT,1999,80579.35129,15939.34613,26260.86758
Qatar,QAT,2000,82964.16768,15495.67914,26630.63133
Qatar,QAT,2001,86438.99777,15181.00982,28021.46801
Qatar,QAT,2002,91602.20044,15142.89926,29885.64228
Qatar,QAT,2003,97349.6746,15273.47748,31027.77351
Qatar,QAT,2004,104151.7254,15547.00111,33256.15778
Qatar,QAT,2005,114318.3094,16381.68311,37790.38727
Qatar,QAT,2006,127694.5975,17502.04287,43321.75583
Qatar,QAT,2007,143684.5828,18912.80547,49079.20246
Qatar,QAT,2008,161477.6197,20506.77163,55739.1589
Qatar,QAT,2009,181771.8181,22282.22154,64778.29994
Qatar,QAT,2010,202372.0912,24076.27338,69129.46716
Qatar,QAT,2011,220818.1118,25612.9179,72932.37676
Qatar,QAT,2012,237577.3418,26937.73838,76766.92132
Qatar,QAT,2013,252509.3784,28042.29089,78513.50569
Qatar,QAT,2014,265500.661,28912.68621,80156.12616
Qatar,QAT,2015,276810.152,29469.42433,78921.04386
Qatar,QAT,2016,288517.6102,29886.52668,80413.56023
Qatar,QAT,2017,301037.8157,30267.93896,81396.25365
Qatar,QAT,2018,316189.0815,30679.44826,83839.49484
Qatar,QAT,2019,331803.9913,31178.27316,86920.90053
Region of the Americas (WHO),,1990,153477947.1,62626888.67,35152975.92
Region of the Americas (WHO),,1991,154470526.2,61411690.03,35288744.87
Region of the Americas (WHO),,1992,156183120.9,59268804.47,34998058.91
Region of the Americas (WHO),,1993,158947232.7,57891494.88,35317357.32
Region of the Americas (WHO),,1994,160762820.9,56446643.94,35394906.42
Region of the Americas (WHO),,1995,162847422.5,54980351.6,35300676.38
Region of the Americas (WHO),,1996,164648744.5,52658595.5,35167411.52
Region of the Americas (WHO),,1997,166500026.3,50237543.67,34888079.1
Region of the Americas (WHO),,1998,169227189.9,48761768.5,36033581.42
Region of the Americas (WHO),,1999,171991919.5,47229098.09,36381341.34
Region of the Americas (WHO),,2000,174179325.4,45806720.69,34755905.2
Region of the Americas (WHO),,2001,176628269.2,44566887.27,35266121.48
Region of the Americas (WHO),,2002,179702352.4,43554409.55,35650336.44
Region of the Americas (WHO),,2003,182389550.4,42803478.66,35054652.7
Region of the Americas (WHO),,2004,184025053.2,41618705.66,35244204.45
Region of the Americas (WHO),,2005,186474818.9,40671431.81,35094652.14
Region of the Americas (WHO),,2006,188801886.9,39734896.98,35126453.86
Region of the Americas (WHO),,2007,191177521.4,38956514.31,35293894.66
Region of the Americas (WHO),,2008,194342593.7,38185570.93,35809229.64
Region of the Americas (WHO),,2009,197495054.4,37616218.05,36323308.21
Region of the Americas (WHO),,2010,199688802.1,36942623.65,49852616.57
Region of the Americas (WHO),,2011,202609087.3,36493239.85,36560682.19
Region of the Americas (WHO),,2012,205700271.1,35407259.08,37010402.65
Region of the Americas (WHO),,2013,209457354.6,35077097.75,37069065.82
Region of the Americas (WHO),,2014,213032317.4,34433473.96,37082364.48
Region of the Americas (WHO),,2015,217100314.3,33849790.73,37374548.78
Region of the Americas (WHO),,2016,222100999.1,33342555.62,37603756.88
Region of the Americas (WHO),,2017,225833985.6,32618422.21,37803471.62
Region of the Americas (WHO),,2018,230162265.6,32028083.59,37554336.6
Region of the Americas (WHO),,2019,234652858.5,31589178.7,37338979.64
Romania,ROU,1990,6710422.543,1086692.985,1272548.509
Romania,ROU,1991,6714952.303,931887.9538,1220857.768
Romania,ROU,1992,6954708.545,919884.9146,1226241.614
Romania,ROU,1993,7027272.168,934004.1509,1215425.661
Romania,ROU,1994,7118137.644,945381.7393,1220509.804
Romania,ROU,1995,7307971.766,906163.6982,1209405.281
Romania,ROU,1996,7512852.594,927737.6374,1203049.638
Romania,ROU,1997,7502262.671,927431.0167,1176320.354
Romania,ROU,1998,7250528.721,873422.6061,1118606.14
Romania,ROU,1999,6973594.618,803046.0373,1058663.571
Romania,ROU,2000,6843200.177,770879.9442,1026493.064
Romania,ROU,2001,6958880.79,737648.703,1013547.64
Romania,ROU,2002,7041774.776,693488.061,998492.7926
Romania,ROU,2003,7001311.356,664627.2768,969813.3602
Romania,ROU,2004,6835068.349,644478.0553,932830.2319
Romania,ROU,2005,6805217.171,608802.2252,905514.9033
Romania,ROU,2006,6687418.281,576080.3385,879675.4526
Romania,ROU,2007,6579820.261,534077.8596,859718.2159
Romania,ROU,2008,6624212.072,521704.9832,861919.9924
Romania,ROU,2009,6647195.829,504147.4222,847091.4526
Romania,ROU,2010,6603982.789,483434.4011,823143.4383
Romania,ROU,2011,6353018.642,458820.1928,767919.544
Romania,ROU,2012,6376646.979,448434.322,758695.2542
Romania,ROU,2013,6219904.52,432005.2528,721516.1029
Romania,ROU,2014,6364772.443,439279.0957,725797.1222
Romania,ROU,2015,6335571.07,429049.7233,712596.5516
Romania,ROU,2016,6338398.74,421733.1142,705282.3693
Romania,ROU,2017,6350644.024,418365.8014,702107.2172
Romania,ROU,2018,6362167.098,403187.2796,696304.4923
Romania,ROU,2019,6365741.051,392766.0657,693007.2613
Russia,RUS,1990,45078532.48,4769986.843,11846169.64
Russia,RUS,1991,45804045.37,4660703.816,12266544.51
Russia,RUS,1992,48545103.39,4599177.157,13655562.35
Russia,RUS,1993,55207304.65,5066617.798,16294954.37
Russia,RUS,1994,59236490.63,5411270.076,17801062.76
Russia,RUS,1995,57146345.07,5305390.713,17268449.3
Russia,RUS,1996,54375735.15,5012603.813,15796734.84
Russia,RUS,1997,52231238.08,4806967.227,14432654.21
Russia,RUS,1998,51886311.32,4706072.754,14288245.46
Russia,RUS,1999,55067794.01,5110371.352,15871149.89
Russia,RUS,2000,57197914.38,5344554.968,16550184.65
Russia,RUS,2001,58085577.88,5443731.271,16482957.52
Russia,RUS,2002,59428179,5566521.279,16505990.49
Russia,RUS,2003,60416154.01,5734460.212,16459757.65
Russia,RUS,2004,59417924.09,5637502.833,16145633.19
Russia,RUS,2005,61307397.29,5820054.791,16361683.8
Russia,RUS,2006,57623668.62,5453966.587,14771023.23
Russia,RUS,2007,55494994.77,5248076.705,13755101.38
Russia,RUS,2008,55512409.27,5189817.163,13280322.65
Russia,RUS,2009,53488744.08,4996005.515,12288588.62
Russia,RUS,2010,53577153.46,4916786.849,12148467.57
Russia,RUS,2011,50902099.47,4824229.733,11086619.94
Russia,RUS,2012,50014103.68,4858027.39,10697168.56
Russia,RUS,2013,49286165.51,4754898.033,10250365.53
Russia,RUS,2014,49730672.47,4735525.738,10005712.14
Russia,RUS,2015,49053436.49,4573839.969,9410640.906
Russia,RUS,2016,48436272.5,4503323.318,8861786.114
Russia,RUS,2017,46846239.63,4130387.75,8340447.567
Russia,RUS,2018,46932572.66,4079255.858,8464685.282
Russia,RUS,2019,47368297.49,4011072.428,8439623.982
Rwanda,RWA,1990,1472599.229,5567187.523,563478.6158
Rwanda,RWA,1991,1520754.396,5733563.33,474604.6484
Rwanda,RWA,1992,1423435.711,5629713.06,453064.8572
Rwanda,RWA,1993,1199704.981,5113313.79,386613.6967
Rwanda,RWA,1994,1134100.38,5345048.415,33350262.56
Rwanda,RWA,1995,1216817.75,4965945.97,741564.2996
Rwanda,RWA,1996,1355459.425,5304142.918,518548.7164
Rwanda,RWA,1997,1431990.248,5662339.227,962328.1822
Rwanda,RWA,1998,1439201.081,5849707.56,696099.5063
Rwanda,RWA,1999,1415332.882,5774982.468,531462.477
Rwanda,RWA,2000,1392697.233,5641749.081,507055.946
Rwanda,RWA,2001,1375113.909,5434698.889,622884.722
Rwanda,RWA,2002,1385720.145,5170282.745,487476.6841
Rwanda,RWA,2003,1400810.544,4862941.847,512176.7155
Rwanda,RWA,2004,1438966.484,4474089.955,488696.4853
Rwanda,RWA,2005,1448670.72,4075211.692,481357.8404
Rwanda,RWA,2006,1449106.288,3686469.476,472086.4355
Rwanda,RWA,2007,1459393.366,3406660.529,463996.1947
Rwanda,RWA,2008,1465096.053,3241657.455,450604.3544
Rwanda,RWA,2009,1450920.952,3008348.192,549737.4929
Rwanda,RWA,2010,1481781.051,2862099.886,442415.9379
Rwanda,RWA,2011,1510703.763,2717789.788,432341.51
Rwanda,RWA,2012,1551004.856,2630183.986,428090.6983
Rwanda,RWA,2013,1555737.725,2380031.96,409029.0101
Rwanda,RWA,2014,1604944.252,2283131.489,416658.402
Rwanda,RWA,2015,1647263.744,2270928.848,419560.1162
Rwanda,RWA,2016,1686311.301,2263839.341,436845.5389
Rwanda,RWA,2017,1722618.614,2209880.192,419208.8529
Rwanda,RWA,2018,1778540.727,2101015.449,431008.5853
Rwanda,RWA,2019,1822417.999,2049319.355,423894.5269
Saint Kitts and Nevis,KNA,1990,11932.48829,3662.867197,1673.342298
Saint Kitts and Nevis,KNA,1991,11024.99448,3398.823992,1633.831043
Saint Kitts and Nevis,KNA,1992,10940.03418,3321.111176,1613.816923
Saint Kitts and Nevis,KNA,1993,10847.34589,3252.416349,1665.977074
Saint Kitts and Nevis,KNA,1994,10982.24198,3231.324467,1713.589694
Saint Kitts and Nevis,KNA,1995,11138.38262,3172.600777,1675.624999
Saint Kitts and Nevis,KNA,1996,11110.98214,3143.888721,1621.395453
Saint Kitts and Nevis,KNA,1997,10997.4789,3104.821962,1665.019343
Saint Kitts and Nevis,KNA,1998,10975.27893,3104.671312,1903.344907
Saint Kitts and Nevis,KNA,1999,10862.00976,3044.107737,1641.243736
Saint Kitts and Nevis,KNA,2000,10818.72924,3001.456846,1584.527894
Saint Kitts and Nevis,KNA,2001,10783.97353,2989.62011,1582.339925
Saint Kitts and Nevis,KNA,2002,10790.07316,2980.177915,1558.982135
Saint Kitts and Nevis,KNA,2003,10744.56392,2936.004022,1597.58711
Saint Kitts and Nevis,KNA,2004,10822.5837,2910.281267,1565.126923
Saint Kitts and Nevis,KNA,2005,10923.31757,2900.211363,1551.809324
Saint Kitts and Nevis,KNA,2006,11137.37834,2934.696963,1532.096878
Saint Kitts and Nevis,KNA,2007,11286.53523,2932.323171,1584.213783
Saint Kitts and Nevis,KNA,2008,11180.66509,2927.480108,2061.352107
Saint Kitts and Nevis,KNA,2009,11323.78125,2935.409131,2187.060838
Saint Kitts and Nevis,KNA,2010,11563.07288,2963.443822,2177.258993
Saint Kitts and Nevis,KNA,2011,11794.65576,2978.629719,2240.863113
Saint Kitts and Nevis,KNA,2012,12128.52585,3019.020978,2209.375907
Saint Kitts and Nevis,KNA,2013,12453.22288,3089.595836,2236.669469
Saint Kitts and Nevis,KNA,2014,12830.38622,3168.275481,2231.137436
Saint Kitts and Nevis,KNA,2015,13163.67685,3253.914988,2241.684281
Saint Kitts and Nevis,KNA,2016,13491.54056,3301.504351,2253.579042
Saint Kitts and Nevis,KNA,2017,13869.42813,3301.738604,2238.31324
Saint Kitts and Nevis,KNA,2018,14306.69229,3345.885928,2191.340146
Saint Kitts and Nevis,KNA,2019,15188.53143,3375.740358,1781.376266
Saint Lucia,LCA,1990,26707.99489,9608.779718,5157.959065
Saint Lucia,LCA,1991,27106.49105,9170.929782,5221.511353
Saint Lucia,LCA,1992,27573.09581,8988.300399,5345.803072
Saint Lucia,LCA,1993,27866.99352,8749.009315,5530.156784
Saint Lucia,LCA,1994,27960.40819,8531.810795,5730.353575
Saint Lucia,LCA,1995,28271.23718,8297.801272,5430.869778
Saint Lucia,LCA,1996,28383.87716,8119.664644,5320.094289
Saint Lucia,LCA,1997,28481.95846,7856.402773,5349.135629
Saint Lucia,LCA,1998,28642.35288,7569.441418,5510.265567
Saint Lucia,LCA,1999,28930.35323,7582.562718,5401.830068
Saint Lucia,LCA,2000,29158.56898,7411.069635,5569.352224
Saint Lucia,LCA,2001,29594.24791,7323.287627,5695.597014
Saint Lucia,LCA,2002,30074.24344,7224.285129,5942.105832
Saint Lucia,LCA,2003,30600.40344,7119.710762,5918.225678
Saint Lucia,LCA,2004,31100.10336,6973.044487,5957.881865
Saint Lucia,LCA,2005,31491.11087,6845.007811,5919.793586
Saint Lucia,LCA,2006,31886.53916,6657.172385,5779.064412
Saint Lucia,LCA,2007,32259.72825,6530.646339,5877.085985
Saint Lucia,LCA,2008,32909.34072,6373.531436,5743.310539
Saint Lucia,LCA,2009,33327.46792,6254.825268,6024.72606
Saint Lucia,LCA,2010,33769.75361,6123.635635,6853.19942
Saint Lucia,LCA,2011,34493.14875,6082.551511,6301.630139
Saint Lucia,LCA,2012,35476.21781,6021.683842,6358.296383
Saint Lucia,LCA,2013,36735.06861,5918.628314,6631.320661
Saint Lucia,LCA,2014,37900.30052,5980.792905,6295.127764
Saint Lucia,LCA,2015,38843.99833,5855.684923,6348.128166
Saint Lucia,LCA,2016,40597.44371,5823.054866,6243.212765
Saint Lucia,LCA,2017,41538.9,5739.343012,6243.840809
Saint Lucia,LCA,2018,42437.91694,5667.118776,6221.528474
Saint Lucia,LCA,2019,43198.54924,5598.620499,6205.371779
Saint Vincent and the Grenadines,VCT,1990,20879.23172,9169.654223,4007.025043
Saint Vincent and the Grenadines,VCT,1991,21151.91173,8691.694185,3991.921728
Saint Vincent and the Grenadines,VCT,1992,21395.57745,8474.10077,4095.245854
Saint Vincent and the Grenadines,VCT,1993,21588.12077,8369.352816,3908.927612
Saint Vincent and the Grenadines,VCT,1994,21765.45536,8293.71515,3932.454229
Saint Vincent and the Grenadines,VCT,1995,21797.98953,8216.016471,4175.319219
Saint Vincent and the Grenadines,VCT,1996,21949.37397,8383.6755,3976.935199
Saint Vincent and the Grenadines,VCT,1997,21875.34411,8012.624055,3987.537926
Saint Vincent and the Grenadines,VCT,1998,22009.02069,7810.449774,4047.145692
Saint Vincent and the Grenadines,VCT,1999,22169.58987,7924.251913,3897.275776
Saint Vincent and the Grenadines,VCT,2000,22186.36283,8067.374167,3805.515837
Saint Vincent and the Grenadines,VCT,2001,22066.9284,7628.598086,3814.620937
Saint Vincent and the Grenadines,VCT,2002,22153.72465,7459.330046,4281.848755
Saint Vincent and the Grenadines,VCT,2003,22396.37068,7058.136202,3780.857098
Saint Vincent and the Grenadines,VCT,2004,22458.3443,6857.703866,3957.773697
Saint Vincent and the Grenadines,VCT,2005,22621.75306,6518.629245,4299.584751
Saint Vincent and the Grenadines,VCT,2006,22851.26798,6437.254845,4121.703805
Saint Vincent and the Grenadines,VCT,2007,23060.58373,6194.357893,4197.992506
Saint Vincent and the Grenadines,VCT,2008,23791.6036,5942.725027,4051.707273
Saint Vincent and the Grenadines,VCT,2009,24312.99924,5808.617793,4084.624625
Saint Vincent and the Grenadines,VCT,2010,24741.63852,5726.929585,3824.312383
Saint Vincent and the Grenadines,VCT,2011,25242.53814,5511.719133,3655.999742
Saint Vincent and the Grenadines,VCT,2012,26031.14742,5440.164765,3717.905533
Saint Vincent and the Grenadines,VCT,2013,26804.07374,5419.080881,4562.298119
Saint Vincent and the Grenadines,VCT,2014,27495.0082,5540.361473,3855.298943
Saint Vincent and the Grenadines,VCT,2015,27974.03583,5606.261843,3835.888476
Saint Vincent and the Grenadines,VCT,2016,28468.87293,5306.231249,3994.139007
Saint Vincent and the Grenadines,VCT,2017,28953.66334,5156.407614,3955.124032
Saint Vincent and the Grenadines,VCT,2018,29385.66287,5033.925602,3933.543956
Saint Vincent and the Grenadines,VCT,2019,29802.82908,4921.998709,3907.454847
Samoa,WSM,1990,31215.02139,13387.03086,6469.297329
Samoa,WSM,1991,31493.11115,12787.13999,6777.183304
Samoa,WSM,1992,31815.86484,12287.16386,6001.370423
Samoa,WSM,1993,32102.99214,11874.8054,6031.982642
Samoa,WSM,1994,32449.29652,11492.11954,6068.751628
Samoa,WSM,1995,32843.22069,11115.51501,6098.005037
Samoa,WSM,1996,33196.81663,10768.98319,6109.063916
Samoa,WSM,1997,33547.92084,10436.88948,6136.004216
Samoa,WSM,1998,33898.23422,10093.53718,6146.837414
Samoa,WSM,1999,34487.18417,9784.902075,6221.215396
Samoa,WSM,2000,34967.66515,9562.755079,6213.22108
Samoa,WSM,2001,35417.63084,9353.72334,6181.009571
Samoa,WSM,2002,35855.35032,9144.296545,6129.212751
Samoa,WSM,2003,36329.17901,9081.610013,6091.227837
Samoa,WSM,2004,36796.52332,8962.682116,6130.143682
Samoa,WSM,2005,37241.57372,8848.706839,6605.101092
Samoa,WSM,2006,37649.92837,8797.147264,6066.429096
Samoa,WSM,2007,37929.01062,8739.058791,6031.876234
Samoa,WSM,2008,38213.37756,8678.448492,5995.532715
Samoa,WSM,2009,38556.89561,8658.844028,15012.08444
Samoa,WSM,2010,38898.30008,8627.319187,6176.82665
Samoa,WSM,2011,39343.92016,8637.943448,6202.063165
Samoa,WSM,2012,39794.95386,8680.422759,6966.622103
Samoa,WSM,2013,40239.2834,8715.339114,6312.043905
Samoa,WSM,2014,40766.81041,8774.203418,6364.496868
Samoa,WSM,2015,41367.5494,8806.613686,6445.017987
Samoa,WSM,2016,41984.04351,8838.605339,6538.845997
Samoa,WSM,2017,42609.98231,8848.154299,6621.835412
Samoa,WSM,2018,43300.48334,8783.206618,6710.324459
Samoa,WSM,2019,43798.61812,9095.192807,6652.835187
San Marino,SMR,1990,5051.601541,318.7107702,588.7756991
San Marino,SMR,1991,5131.86121,321.1065631,592.4991842
San Marino,SMR,1992,5215.933103,323.9864454,596.8101606
San Marino,SMR,1993,5296.412812,325.6164598,601.0704883
San Marino,SMR,1994,5400.155462,331.3210404,607.5465276
San Marino,SMR,1995,5465.719946,331.707059,606.7933431
San Marino,SMR,1996,5536.169585,332.4052095,608.4582937
San Marino,SMR,1997,5613.303909,332.4945485,610.5221934
San Marino,SMR,1998,5707.211284,331.937235,613.4793265
San Marino,SMR,1999,5802.359936,328.3814016,616.2630162
San Marino,SMR,2000,5920.757274,329.9438564,620.8254437
San Marino,SMR,2001,6033.233157,330.1593222,622.1068775
San Marino,SMR,2002,6147.698025,330.3926938,623.6310313
San Marino,SMR,2003,6285.417515,332.9372211,625.439347
San Marino,SMR,2004,6447.94114,333.2479896,632.6824035
San Marino,SMR,2005,6590.168495,335.8610642,638.3598331
San Marino,SMR,2006,6701.510046,337.5411121,644.7865853
San Marino,SMR,2007,6798.550533,338.6773248,649.9624739
San Marino,SMR,2008,6893.11517,340.3904289,654.8961192
San Marino,SMR,2009,7000.462004,341.4142698,662.1728099
San Marino,SMR,2010,7107.543183,343.0280528,668.0593813
San Marino,SMR,2011,7211.829629,344.6969336,675.694213
San Marino,SMR,2012,7322.710694,346.7506228,684.4528425
San Marino,SMR,2013,7434.255858,348.6034923,694.0663087
San Marino,SMR,2014,7548.894403,350.3237085,703.7618047
San Marino,SMR,2015,7660.076987,353.0966722,713.2814607
San Marino,SMR,2016,7764.559471,353.1965057,729.1811516
San Marino,SMR,2017,7858.883345,352.9380805,744.4044086
San Marino,SMR,2018,7943.651927,355.0411696,752.2435717
San Marino,SMR,2019,8023.1002,357.1872538,757.6215811
Sao Tome and Principe,STP,1990,22333.33739,44878.15646,3801.934216
Sao Tome and Principe,STP,1991,22733.5998,44016.6505,3847.172342
Sao Tome and Principe,STP,1992,23169.20251,43978.73385,3901.039122
Sao Tome and Principe,STP,1993,23382.24536,43559.46159,3768.485816
Sao Tome and Principe,STP,1994,23793.06436,44041.71647,3836.395428
Sao Tome and Principe,STP,1995,24031.6689,44126.29289,3806.560358
Sao Tome and Principe,STP,1996,24546.22867,43663.70064,3893.219552
Sao Tome and Principe,STP,1997,24912.90469,43090.81941,3934.92793
Sao Tome and Principe,STP,1998,25297.31202,42374.20639,3978.293545
Sao Tome and Principe,STP,1999,25639.07593,41038.67596,4022.785257
Sao Tome and Principe,STP,2000,24338.87404,41129.71968,3408.355495
Sao Tome and Principe,STP,2001,24498.77898,39262.77176,3361.280758
Sao Tome and Principe,STP,2002,25804.54186,36011.64424,3781.086702
Sao Tome and Principe,STP,2003,24566.30668,36798.71381,3268.34101
Sao Tome and Principe,STP,2004,26464.66745,33050.61702,3888.149101
Sao Tome and Principe,STP,2005,24876.269,35858.69725,3303.502071
Sao Tome and Principe,STP,2006,26649.58625,31177.02694,3832.707131
Sao Tome and Principe,STP,2007,27384.35548,28289.04052,4698.143195
Sao Tome and Principe,STP,2008,27121.42571,27718.05348,4948.353331
Sao Tome and Principe,STP,2009,27489.5366,25773.80941,3792.050112
Sao Tome and Principe,STP,2010,28459.76211,23395.06207,3945.292109
Sao Tome and Principe,STP,2011,27821.02961,23856.9531,3659.297969
Sao Tome and Principe,STP,2012,27950.50885,24466.10134,3597.158727
Sao Tome and Principe,STP,2013,28865.31819,23236.74726,3761.593121
Sao Tome and Principe,STP,2014,30638.16471,20123.0857,4149.003669
Sao Tome and Principe,STP,2015,31084.17971,19209.20826,4162.915801
Sao Tome and Principe,STP,2016,31549.50804,18418.71122,4170.613904
Sao Tome and Principe,STP,2017,32227.23901,17406.40769,4243.954245
Sao Tome and Principe,STP,2018,32774.20829,16675.35704,4266.360249
Sao Tome and Principe,STP,2019,33337.53817,16170.28932,4293.104776
Saudi Arabia,SAU,1990,2518353.497,1831728.429,1051896.865
Saudi Arabia,SAU,1991,2609943.438,1723845.132,1018147.008
Saudi Arabia,SAU,1992,2687825.307,1622468.568,1015777.18
Saudi Arabia,SAU,1993,2762311.83,1521198.256,1032702.485
Saudi Arabia,SAU,1994,2834743.857,1415244.093,1060015.87
Saudi Arabia,SAU,1995,2912794.034,1319377.659,1082450.496
Saudi Arabia,SAU,1996,2970479.761,1251044.544,1083161.144
Saudi Arabia,SAU,1997,3025786.068,1189869.058,1119598.435
Saudi Arabia,SAU,1998,3079794.821,1141103.086,1103778.237
Saudi Arabia,SAU,1999,3145671.765,1079472.67,1121522.697
Saudi Arabia,SAU,2000,3203946.254,1038564.402,1131903.775
Saudi Arabia,SAU,2001,3255472.177,982640.8685,1154674.352
Saudi Arabia,SAU,2002,3314963.194,936917.9016,1185236.474
Saudi Arabia,SAU,2003,3392473.944,899803.7125,1229326.533
Saudi Arabia,SAU,2004,3470455.559,861072.0524,1272700.881
Saudi Arabia,SAU,2005,3589279.036,830022.7877,1336192.759
Saudi Arabia,SAU,2006,3703688.835,802372.7925,1417401.131
Saudi Arabia,SAU,2007,3824522.829,780408.1875,1477694.417
Saudi Arabia,SAU,2008,3955524.471,760027.1189,1544044.483
Saudi Arabia,SAU,2009,4074296.316,740212.5212,1614283.591
Saudi Arabia,SAU,2010,4203214.744,724537.6983,1682103.34
Saudi Arabia,SAU,2011,4303808.305,704145.478,1737728.148
Saudi Arabia,SAU,2012,4416631.076,686517.2693,1792308.073
Saudi Arabia,SAU,2013,4563662.06,673769.5818,1835538.514
Saudi Arabia,SAU,2014,4713008.359,663708.4573,1891868.191
Saudi Arabia,SAU,2015,4881762.455,653651.8127,2084340.331
Saudi Arabia,SAU,2016,5044183.944,649277.2987,1980780.144
Saudi Arabia,SAU,2017,5217010.113,643663.6612,2000056.942
Saudi Arabia,SAU,2018,5406200.539,638091.4003,2044416.586
Saudi Arabia,SAU,2019,5614439.159,636590.6602,2080319.558
Scotland,,1990,1653202.246,114676.4445,142991.5683
Scotland,,1991,1640540.5,114098.825,140497.7041
Scotland,,1992,1636000.401,111700.2014,138948.8091
Scotland,,1993,1644381.26,111857.8146,137767.2576
Scotland,,1994,1617764.179,108121.4216,137713.7954
Scotland,,1995,1611902.019,107279.4421,135667.9697
Scotland,,1996,1611654.172,105830.2471,134683.8433
Scotland,,1997,1595894.791,101506.8824,132038.9418
Scotland,,1998,1595497.571,99676.92442,131479.6939
Scotland,,1999,1602339.518,96739.03447,131738.6059
Scotland,,2000,1581841.856,90640.51832,128301.4229
Scotland,,2001,1570748.546,86967.02519,128542.2121
Scotland,,2002,1573536.119,86659.74457,128355.5896
Scotland,,2003,1571101.416,87058.11466,125550.6588
Scotland,,2004,1556556.135,84972.72576,123360.6716
Scotland,,2005,1549497.704,85524.19491,121436.7303
Scotland,,2006,1554933.111,84558.00738,124790.5847
Scotland,,2007,1561413.299,85576.22921,125876.1546
Scotland,,2008,1566148.456,84280.04541,125174.0861
Scotland,,2009,1554704.099,82312.95601,124290.0116
Scotland,,2010,1555166.314,81009.82821,121674.8894
Scotland,,2011,1557100.315,80077.89946,120414.9207
Scotland,,2012,1558631.464,78814.71104,118447.866
Scotland,,2013,1564321.906,77353.08834,117249.0779
Scotland,,2014,1559274.167,75016.07051,114927.9625
Scotland,,2015,1578639.17,74866.45257,116456.5112
Scotland,,2016,1598977.403,75649.92864,120805.0074
Scotland,,2017,1610457.06,75855.05364,123266.1096
Scotland,,2018,1655315.548,78347.64424,124025.2586
Scotland,,2019,1667403.126,79368.41226,123731.3478
Senegal,SEN,1990,1290090.195,4581270.411,282585.4178
Senegal,SEN,1991,1314744.055,4571135.359,278225.283
Senegal,SEN,1992,1329333.564,4607565.261,297044.8719
Senegal,SEN,1993,1345842.62,4670857.605,293419.1603
Senegal,SEN,1994,1373962.321,4728190.403,278003.9371
Senegal,SEN,1995,1372645.055,4816037.2,293365.189
Senegal,SEN,1996,1376526.071,4846142.946,264146.6181
Senegal,SEN,1997,1382760.49,4864668.619,289491.1233
Senegal,SEN,1998,1408917.485,4893836.872,290446.676
Senegal,SEN,1999,1438359.003,4874953.233,278673.8156
Senegal,SEN,2000,1432057.863,4824104.965,258851.6162
Senegal,SEN,2001,1639502.568,4508804.205,319771.2936
Senegal,SEN,2002,1670474.237,4400201.141,389469.68
Senegal,SEN,2003,1641700.511,4376668.738,297691.2901
Senegal,SEN,2004,1733808.009,4201912.077,321997.2287
Senegal,SEN,2005,1764214.149,4130506.231,322491.0663
Senegal,SEN,2006,1771215.506,4042473.635,326343.5529
Senegal,SEN,2007,1805966.423,3901608.351,319157.9613
Senegal,SEN,2008,1841615.713,3768005.672,321085.9443
Senegal,SEN,2009,1894866.636,3653873.887,326440.7243
Senegal,SEN,2010,1830704.305,3716347.24,296715.8153
Senegal,SEN,2011,1878086.504,3621193.521,303726.5236
Senegal,SEN,2012,1886908.864,3579299.055,297815.9389
Senegal,SEN,2013,1943531.966,3473914.768,305516.4763
Senegal,SEN,2014,2045935.25,3317058.414,328669.4561
Senegal,SEN,2015,2091107.345,3264833.982,331271.4826
Senegal,SEN,2016,2155535.421,3175625.121,340945.552
Senegal,SEN,2017,2177014.174,3144770.083,344250.3425
Senegal,SEN,2018,2179622.92,3019433.105,336993.3862
Senegal,SEN,2019,2219121.171,2919710.606,334986.6955
Serbia,SRB,1990,2712892.236,345843.7127,420166.7957
Serbia,SRB,1991,2722678.968,298545.1187,601002.5051
Serbia,SRB,1992,2800534.336,298754.7165,439221.9548
Serbia,SRB,1993,2888792.963,299206.9026,418739.2377
Serbia,SRB,1994,2988488.44,317995.151,426215.8408
Serbia,SRB,1995,3065208.503,296904.6066,426671.4583
Serbia,SRB,1996,3147323.528,278272.7021,425732.2007
Serbia,SRB,1997,3222735.466,255890.8595,419162.9033
Serbia,SRB,1998,3023381.676,227125.6195,468816.7129
Serbia,SRB,1999,3030435.672,202483.672,901385.7399
Serbia,SRB,2000,3091838.99,201913.2851,422638.1298
Serbia,SRB,2001,3046386.32,202802.1823,384910.0345
Serbia,SRB,2002,3031146.716,200023.5921,370930.9037
Serbia,SRB,2003,3074737.05,200853.4454,362813.9034
Serbia,SRB,2004,3099577.106,186917.3324,355472.7001
Serbia,SRB,2005,3140391.949,171285.077,345214.3983
Serbia,SRB,2006,3110537.356,158697.8777,335125.9812
Serbia,SRB,2007,3080110.057,146829.7015,323246.0351
Serbia,SRB,2008,3084988.566,130231.3943,317004.3932
Serbia,SRB,2009,3051641.079,134592.1007,309311.3566
Serbia,SRB,2010,2989272.199,132606.2192,298582.939
Serbia,SRB,2011,2951693.113,136233.918,292953.5672
Serbia,SRB,2012,2925758.066,120970.6914,286496.7343
Serbia,SRB,2013,2905044.155,131575.0458,279935.6844
Serbia,SRB,2014,2908499.042,128049.4769,278555.1245
Serbia,SRB,2015,2912924.95,125280.9918,274641.4321
Serbia,SRB,2016,2854815.067,122266.4745,271283.7077
Serbia,SRB,2017,2862947.16,118619.3691,273324.1839
Serbia,SRB,2018,2880460.234,115978.2327,274175.3213
Serbia,SRB,2019,2889862.282,113109.9679,273205.7805
Seychelles,SYC,1990,14839.362,5066.327564,2328.429669
Seychelles,SYC,1991,14976.13112,4964.581823,2293.217628
Seychelles,SYC,1992,15233.5915,4829.490361,2310.813989
Seychelles,SYC,1993,15502.11435,5001.146236,2354.149791
Seychelles,SYC,1994,15985.46649,4675.520181,2592.141927
Seychelles,SYC,1995,16186.6491,4214.800477,2621.510023
Seychelles,SYC,1996,16450.26486,4109.176705,2628.674251
Seychelles,SYC,1997,16590.27099,3968.437479,2875.952747
Seychelles,SYC,1998,16787.74665,3908.019436,2606.497098
Seychelles,SYC,1999,16973.88369,3885.009082,2603.390273
Seychelles,SYC,2000,17076.76107,3869.006523,2590.688515
Seychelles,SYC,2001,17382.2411,3907.56475,2617.965751
Seychelles,SYC,2002,17944.00842,3990.192313,2705.110605
Seychelles,SYC,2003,18511.33748,4065.248684,2795.200411
Seychelles,SYC,2004,18696.7975,4054.399448,2942.904092
Seychelles,SYC,2005,18966.67814,4045.866398,2672.122592
Seychelles,SYC,2006,19222.39278,4066.714988,2678.351991
Seychelles,SYC,2007,19460.46181,4152.87134,2649.434134
Seychelles,SYC,2008,19694.37531,4103.119431,2538.563546
Seychelles,SYC,2009,19940.41231,4162.534595,2565.390675
Seychelles,SYC,2010,20116.52758,4217.621024,2721.895215
Seychelles,SYC,2011,20374.77831,4277.293269,2802.830576
Seychelles,SYC,2012,20826.86159,4364.385905,2727.744137
Seychelles,SYC,2013,21191.38126,4444.006562,2754.535561
Seychelles,SYC,2014,21642.79138,4519.708948,2862.355745
Seychelles,SYC,2015,22231.07793,4597.911803,2934.608928
Seychelles,SYC,2016,22870.3582,4636.289603,3007.183675
Seychelles,SYC,2017,23343.37435,4585.076193,2990.763012
Seychelles,SYC,2018,23868.73507,4494.217743,3009.924165
Seychelles,SYC,2019,24437.0568,4429.218283,3022.138093
Sierra Leone,SLE,1990,822838.3992,3573352.52,185001.9888
Sierra Leone,SLE,1991,808141.776,3484378.264,271153.0294
Sierra Leone,SLE,1992,805191.4302,3427608.12,223413.625
Sierra Leone,SLE,1993,806394.1774,3409731.626,221987.7736
Sierra Leone,SLE,1994,803874.3326,3448127.419,330527.9788
Sierra Leone,SLE,1995,809957.9655,3455082.317,394580.7601
Sierra Leone,SLE,1996,814719.1648,3452323.477,262637.187
Sierra Leone,SLE,1997,816622.0024,3475246.073,267185.383
Sierra Leone,SLE,1998,826631.6938,3510347.3,528758.191
Sierra Leone,SLE,1999,847380.0297,3636816.066,511237.9294
Sierra Leone,SLE,2000,881269.5234,3804151.126,287654.7308
Sierra Leone,SLE,2001,919964.0752,3974083.313,215749.1389
Sierra Leone,SLE,2002,960396.6221,4108946.369,219195.5521
Sierra Leone,SLE,2003,998688.008,4196099.948,228360.1898
Sierra Leone,SLE,2004,1046659.196,4222083.963,245496.9606
Sierra Leone,SLE,2005,1081435.508,4215134.36,253447.0976
Sierra Leone,SLE,2006,1104926.078,4187974.751,257917.4529
Sierra Leone,SLE,2007,1126324.989,4128718.053,272984.0281
Sierra Leone,SLE,2008,1126564.54,4095875.881,257011.402
Sierra Leone,SLE,2009,1142794.922,4016372.809,273162.1684
Sierra Leone,SLE,2010,1178263.762,3911711.827,267319.996
Sierra Leone,SLE,2011,1202219.086,3819282.919,269043.4915
Sierra Leone,SLE,2012,1228975.452,3717277.133,271775.5508
Sierra Leone,SLE,2013,1253119.602,3559689.402,278524.5773
Sierra Leone,SLE,2014,1278082.768,3730231.497,281476.5165
Sierra Leone,SLE,2015,1292235.021,3511791.97,276914.7588
Sierra Leone,SLE,2016,1314401.46,3307688.861,279141.7855
Sierra Leone,SLE,2017,1345818.128,3212165.462,370362.0624
Sierra Leone,SLE,2018,1377250.045,3111854.641,289937.4733
Sierra Leone,SLE,2019,1399862.432,3050253.713,290513.4975
Singapore,SGP,1990,515421.7081,66504.79314,77598.73569
Singapore,SGP,1991,520595.9793,64510.98492,79339.49184
Singapore,SGP,1992,528480.3319,64677.08134,80424.61206
Singapore,SGP,1993,535804.9996,65228.11571,80630.97404
Singapore,SGP,1994,549735.5949,66004.35904,82255.44919
Singapore,SGP,1995,562826.6163,67494.59075,83697.59028
Singapore,SGP,1996,577330.8816,68497.77666,86244.96208
Singapore,SGP,1997,584771.0097,66794.89706,88528.25803
Singapore,SGP,1998,595042.6918,66728.48221,88373.68553
Singapore,SGP,1999,592184.9914,64746.42968,85904.47183
Singapore,SGP,2000,593834.1757,64122.24171,85558.10509
Singapore,SGP,2001,602137.6122,63745.56267,84897.00956
Singapore,SGP,2002,605389.5897,64822.19337,83339.92606
Singapore,SGP,2003,598024.8255,64181.46524,79777.86184
Singapore,SGP,2004,604975.7639,64275.15975,78118.2666
Singapore,SGP,2005,610409.3723,64744.40062,77171.94136
Singapore,SGP,2006,627399.007,65726.66066,78642.9838
Singapore,SGP,2007,651860.4659,68146.83351,81466.49337
Singapore,SGP,2008,682920.1867,70160.38746,85586.08185
Singapore,SGP,2009,699697.4762,71573.43388,86393.86108
Singapore,SGP,2010,715019.0605,72250.9238,85959.81308
Singapore,SGP,2011,732877.8265,73235.74359,86545.46696
Singapore,SGP,2012,757595.3037,76258.56591,88049.56991
Singapore,SGP,2013,773833.8445,77646.93697,87850.96061
Singapore,SGP,2014,789329.1283,78771.6861,87584.47366
Singapore,SGP,2015,805629.5468,79422.821,88055.27733
Singapore,SGP,2016,819948.8271,80481.42032,89945.63213
Singapore,SGP,2017,826454.9683,81016.55541,90858.29463
Singapore,SGP,2018,848326.4777,82677.2358,91346.98063
Singapore,SGP,2019,871899.335,84309.17794,91559.87232
Slovakia,SVK,1990,1465723.574,163571.7031,265281.1407
Slovakia,SVK,1991,1456997.274,163552.5535,262266.1613
Slovakia,SVK,1992,1442599.464,155092.5641,257007.7408
Slovakia,SVK,1993,1422178.175,143066.8371,247363.3708
Slovakia,SVK,1994,1401174.936,134521.8696,241080.9239
Slovakia,SVK,1995,1418247.718,128943.0303,240649.0876
Slovakia,SVK,1996,1398768.077,121342.1206,234473.2742
Slovakia,SVK,1997,1438151.404,115638.6884,239255.8583
Slovakia,SVK,1998,1453015.415,111036.3752,243132.067
Slovakia,SVK,1999,1451898.869,105497.21,235405.5418
Slovakia,SVK,2000,1437136.788,100585.4442,230916.1494
Slovakia,SVK,2001,1442099.178,94714.85784,228123.7728
Slovakia,SVK,2002,1441598.932,95061.10894,228412.2172
Slovakia,SVK,2003,1448192.805,96924.36385,228113.2129
Slovakia,SVK,2004,1437445.441,95635.61068,222516.071
Slovakia,SVK,2005,1463290.147,96109.4484,224000.6193
Slovakia,SVK,2006,1460866.917,94196.24095,221391.7968
Slovakia,SVK,2007,1482457.24,94100.90475,222998.0115
Slovakia,SVK,2008,1471686.597,93155.96595,220842.7194
Slovakia,SVK,2009,1469985.364,92126.91939,216505.3378
Slovakia,SVK,2010,1446568.557,89727.07481,211508.5632
Slovakia,SVK,2011,1450478.143,87670.12309,209891.9422
Slovakia,SVK,2012,1440170.706,86737.1619,205144.8639
Slovakia,SVK,2013,1432505.9,85317.81501,200613.2706
Slovakia,SVK,2014,1431422.768,85378.88515,200253.0547
Slovakia,SVK,2015,1462504.862,85887.95369,202513.9155
Slovakia,SVK,2016,1440715.288,84318.60839,198094.0774
Slovakia,SVK,2017,1454697.678,83409.5673,198660.7782
Slovakia,SVK,2018,1465794.943,82347.51895,199471.8724
Slovakia,SVK,2019,1480252.466,81189.89687,199697.1064
Slovenia,SVN,1990,499125.8802,33097.81018,113374.6478
Slovenia,SVN,1991,498749.4458,31708.27081,112899.2512
Slovenia,SVN,1992,498363.7229,30656.64169,109692.0928
Slovenia,SVN,1993,499379.2952,29797.55603,108374.2867
Slovenia,SVN,1994,500700.8647,29111.25272,108294.0896
Slovenia,SVN,1995,502229.1934,28963.23861,107474.3679
Slovenia,SVN,1996,505089.1833,28538.17083,107599.3744
Slovenia,SVN,1997,509475.4096,28785.06878,107714.5446
Slovenia,SVN,1998,513984.4302,28966.24359,106487.2661
Slovenia,SVN,1999,513521.221,28486.08985,104911.3804
Slovenia,SVN,2000,508898.369,27711.32671,103157.0553
Slovenia,SVN,2001,516992.0249,27472.90286,104446.6849
Slovenia,SVN,2002,509671.3913,26693.41376,102860.42
Slovenia,SVN,2003,513516.475,26656.58043,104388.9483
Slovenia,SVN,2004,510436.7035,26362.32083,102634.2993
Slovenia,SVN,2005,499367.7016,25694.79801,99672.19563
Slovenia,SVN,2006,501720.1143,24918.69484,101023.821
Slovenia,SVN,2007,502874.9283,24249.49054,100177.203
Slovenia,SVN,2008,498690.3352,23660.99236,97082.52315
Slovenia,SVN,2009,496450.3986,23064.56973,94456.42636
Slovenia,SVN,2010,497767.6425,22791.80608,92954.64581
Slovenia,SVN,2011,496305.6997,22613.31566,90831.49822
Slovenia,SVN,2012,501986.7166,22341.90088,89844.63968
Slovenia,SVN,2013,500001.4621,22301.75095,87981.98236
Slovenia,SVN,2014,487237.0488,21276.10698,84191.16029
Slovenia,SVN,2015,502403.2668,21476.96282,85612.91666
Slovenia,SVN,2016,501700.2482,21440.94249,85807.00763
Slovenia,SVN,2017,508791.4077,21435.92811,86588.10943
Slovenia,SVN,2018,515164.0032,21445.60373,85605.4883
Slovenia,SVN,2019,520966.9749,21463.75749,83176.33022
Solomon Islands,SLB,1990,84233.92403,92108.22699,21057.31943
Solomon Islands,SLB,1991,87350.82125,93479.00788,23747.96676
Solomon Islands,SLB,1992,90169.93143,94472.68933,22542.84393
Solomon Islands,SLB,1993,92961.87166,95346.06292,23482.29549
Solomon Islands,SLB,1994,95888.02993,95895.22526,23939.53312
Solomon Islands,SLB,1995,98691.57833,96341.82386,24572.14654
Solomon Islands,SLB,1996,101884.6851,96939.11777,25301.10619
Solomon Islands,SLB,1997,105351.1937,97543.69644,26081.40544
Solomon Islands,SLB,1998,109586.72,96783.79265,27485.77146
Solomon Islands,SLB,1999,113247.0315,97085.26716,28667.46943
Solomon Islands,SLB,2000,117197.9374,98225.82906,29614.24728
Solomon Islands,SLB,2001,121254.1417,99375.76353,30629.38906
Solomon Islands,SLB,2002,124691.3667,101549.5466,31513.76921
Solomon Islands,SLB,2003,128173.7865,103604.0209,32004.10234
Solomon Islands,SLB,2004,131426.6681,106276.5166,32207.29552
Solomon Islands,SLB,2005,135125.4618,107279.7417,32765.91574
Solomon Islands,SLB,2006,138677.5867,107257.3911,33498.64179
Solomon Islands,SLB,2007,141602.7334,107135.3353,37628.80986
Solomon Islands,SLB,2008,140810.4672,111396.9021,33751.78214
Solomon Islands,SLB,2009,145928.683,108078.9695,36029.76414
Solomon Islands,SLB,2010,148553.1858,107162.615,35120.10214
Solomon Islands,SLB,2011,154455.5143,101426.829,35854.57006
Solomon Islands,SLB,2012,158281.0153,98601.35518,36013.06935
Solomon Islands,SLB,2013,162390.1709,96097.4274,37165.9979
Solomon Islands,SLB,2014,166812.5801,92632.02848,39869.95321
Solomon Islands,SLB,2015,170833.7249,89797.4072,38199.74983
Solomon Islands,SLB,2016,173317.159,89703.50922,37673.62095
Solomon Islands,SLB,2017,177283.5742,87626.31835,38268.29771
Solomon Islands,SLB,2018,182729.0696,84584.85796,38719.43788
Solomon Islands,SLB,2019,186451.8589,83840.79019,38972.31951
Somalia,SOM,1990,1289387.441,6696513.84,530620.287
Somalia,SOM,1991,1287253.453,6565805.406,926845.0397
Somalia,SOM,1992,1323610.874,6608833.873,663396.0037
Somalia,SOM,1993,1362373.542,6724753.163,413389.1721
Somalia,SOM,1994,1401639.484,7046683.437,455877.4931
Somalia,SOM,1995,1445556.267,7203674.717,454204.2372
Somalia,SOM,1996,1490892.509,7415139.012,506677.1222
Somalia,SOM,1997,1541896.728,7693641.886,670076.3773
Somalia,SOM,1998,1592646.628,7912591.004,524290.6414
Somalia,SOM,1999,1636467.629,8128782.645,544383.5261
Somalia,SOM,2000,1677557.693,8368912.364,535179.0106
Somalia,SOM,2001,1721710.68,8492605.389,578729.0547
Somalia,SOM,2002,1782664.334,8624116.738,603134.22
Somalia,SOM,2003,1843703.846,8727449.352,628318.7853
Somalia,SOM,2004,1902211.292,8810156.233,743884.8764
Somalia,SOM,2005,1955462.229,8867377.457,649124.2181
Somalia,SOM,2006,2004052.017,8962024.73,696015.2353
Somalia,SOM,2007,2102410.173,9063542.326,812506.408
Somalia,SOM,2008,2205104.68,8935770.331,860654.9477
Somalia,SOM,2009,2277249.665,8911677.746,888139.7251
Somalia,SOM,2010,2338540.7,9659188.066,984747.6958
Somalia,SOM,2011,2394501.107,9699173.779,936363.4256
Somalia,SOM,2012,2458187.342,8807091.923,1037133.092
Somalia,SOM,2013,2527297.014,8812377.222,937615.6492
Somalia,SOM,2014,2598701.957,8832418.116,927824.3998
Somalia,SOM,2015,2668800.413,8896476.217,938597.146
Somalia,SOM,2016,2762661.654,8974864.313,1044568.061
Somalia,SOM,2017,2831333.386,9023240.985,1201178.364
Somalia,SOM,2018,2933299.266,8986968.161,1150052.804
Somalia,SOM,2019,3026841.186,8975838.969,1031148.09
South Africa,ZAF,1990,6245148.943,8576574.528,3596859.626
South Africa,ZAF,1991,6421838.861,8526593.284,3623114.432
South Africa,ZAF,1992,6776209.587,8731035.53,3824640.837
South Africa,ZAF,1993,6754814.116,8747513.723,3615244.988
South Africa,ZAF,1994,7093658.218,9213395.68,3698742.412
South Africa,ZAF,1995,7256699.353,9848107.989,3666100.632
South Africa,ZAF,1996,7590845.751,10804440.29,3579945.354
South Africa,ZAF,1997,8324174.462,12299241.04,3884160.093
South Africa,ZAF,1998,8643321.794,14031400.32,4034779.3
South Africa,ZAF,1999,8715960.312,15771013.23,4020614.807
South Africa,ZAF,2000,9112609.096,17854746.28,4183932.982
South Africa,ZAF,2001,9140683.862,19716730.32,4151725.987
South Africa,ZAF,2002,9305393.216,21654426.91,4262136.48
South Africa,ZAF,2003,9485804.713,23438787.12,4371150.645
South Africa,ZAF,2004,9520560.092,24812788.85,4343025.734
South Africa,ZAF,2005,9560436.892,25566395.36,4255278.029
South Africa,ZAF,2006,9712678.983,25633313.36,4179514.365
South Africa,ZAF,2007,9635530.803,24867398.15,3983890.083
South Africa,ZAF,2008,9670774.64,23707915.28,3839038.771
South Africa,ZAF,2009,9714662.438,22010179.64,3659292.032
South Africa,ZAF,2010,9737605.199,20398176.2,3481498.837
South Africa,ZAF,2011,9656368.145,18802995.44,3249388.732
South Africa,ZAF,2012,9670388.369,17267220.16,3167744.127
South Africa,ZAF,2013,9752918.283,16095601.28,3086893.812
South Africa,ZAF,2014,9976272.1,15505942.05,3091471.335
South Africa,ZAF,2015,10134305.69,15134752.41,3056205.043
South Africa,ZAF,2016,10168732.47,15022794.19,2942310.941
South Africa,ZAF,2017,10241059.2,14686445.75,2977216.269
South Africa,ZAF,2018,10148229.39,13713971.05,3106360.432
South Africa,ZAF,2019,10214261.89,13198944.71,3174676.104
South Asia (WB),,1990,206837587,459605311.3,59876695.78
South Asia (WB),,1991,210820306.1,454611278.9,69718106.02
South Asia (WB),,1992,215137936.2,449843573.2,61387403.74
South Asia (WB),,1993,218854143.3,437904132.5,62001929.49
South Asia (WB),,1994,222945347.1,426054218.9,61882063.4
South Asia (WB),,1995,226265146.8,418347370.9,62475060.56
South Asia (WB),,1996,231593975,408479526.6,62441806.02
South Asia (WB),,1997,239858344.8,403937388.8,64432717.83
South Asia (WB),,1998,243399590.2,397250846.5,67071063.87
South Asia (WB),,1999,245372530,389749530.7,67116071.03
South Asia (WB),,2000,249444164.2,382145860.3,67042373.41
South Asia (WB),,2001,254033766.2,373305976,67866200.82
South Asia (WB),,2002,258001556.2,365178090.2,65475408.86
South Asia (WB),,2003,260596856.7,356117270.3,63972048.03
South Asia (WB),,2004,261920040.1,348717950.2,67364143.76
South Asia (WB),,2005,269377483.9,342159083.7,70796317.64
South Asia (WB),,2006,276858627.9,333755565.3,67058749.17
South Asia (WB),,2007,283787138.3,324130864.8,67855602.29
South Asia (WB),,2008,290933515.2,315562466.7,68762701.54
South Asia (WB),,2009,293779589.3,304084720.8,68774916.33
South Asia (WB),,2010,299900316.7,295348207,69668083.65
South Asia (WB),,2011,307221311.8,287139979.2,69132859.91
South Asia (WB),,2012,313316964.7,276475851.6,68805730.48
South Asia (WB),,2013,319514303.4,267333002.6,67620186.81
South Asia (WB),,2014,323288006.4,256406589.1,65461536.06
South Asia (WB),,2015,330994001.4,247127338.9,65674014.04
South Asia (WB),,2016,337326266.1,233655421.3,64960971.47
South Asia (WB),,2017,343741822.8,225230222.1,64844753.16
South Asia (WB),,2018,351524337,218041596.9,67098602.69
South Asia (WB),,2019,358450147.4,211337729.8,67881918.53
South Korea,KOR,1990,8276562.917,1202890.013,2178421.437
South Korea,KOR,1991,8299143.78,1116682.841,2208931.582
South Korea,KOR,1992,8251598.432,1037457.232,2195105.892
South Korea,KOR,1993,8238489.347,964756.4767,2200022.271
South Korea,KOR,1994,8289351.588,914887.4101,2203915.116
South Korea,KOR,1995,8246138.997,861022.6454,2212543.775
South Korea,KOR,1996,8244471.333,823253.0305,2153032.525
South Korea,KOR,1997,8264558.682,789494.3844,2079021.728
South Korea,KOR,1998,8309560.876,765589.4693,2021343.208
South Korea,KOR,1999,8356616.935,740571.8197,1896972.701
South Korea,KOR,2000,8391242.436,732777.5521,1831789.334
South Korea,KOR,2001,8372649.247,719594.6708,1764636.879
South Korea,KOR,2002,8405745.014,695899.077,1745015.544
South Korea,KOR,2003,8441117.238,672612.6773,1747465.526
South Korea,KOR,2004,8449702.301,644655.2845,1694932.778
South Korea,KOR,2005,8439436.011,620286.6921,1669919.462
South Korea,KOR,2006,8436767.67,604160.9376,1647564.328
South Korea,KOR,2007,8492569.085,596407.3683,1659705.196
South Korea,KOR,2008,8556334.418,590410.6361,1683011.524
South Korea,KOR,2009,8648155.759,589919.5288,1708162.007
South Korea,KOR,2010,8755581.607,598037.8264,1708982.353
South Korea,KOR,2011,8846051.454,606755.0524,1686036.343
South Korea,KOR,2012,8971601.482,618189.4199,1653046.947
South Korea,KOR,2013,9069824.914,623732.3587,1629790.419
South Korea,KOR,2014,9174735.214,627254.1839,1623680.555
South Korea,KOR,2015,9294423.149,632605.7985,1580117.209
South Korea,KOR,2016,9395067.546,634310.9993,1575524.088
South Korea,KOR,2017,9622340.365,640621.0324,1600043.008
South Korea,KOR,2018,9855004.686,644023.501,1626849.568
South Korea,KOR,2019,10101126.11,649590.2349,1650618.81
South Sudan,SSD,1990,1010848.041,4606719.471,242519.5669
South Sudan,SSD,1991,1014211.793,4642297.744,241122.9623
South Sudan,SSD,1992,1025071.018,4665977.576,245220.4528
South Sudan,SSD,1993,1032224.534,4686775.968,249580.5012
South Sudan,SSD,1994,1038367.645,4703648.9,251335.6217
South Sudan,SSD,1995,1060338.446,4692846.818,267949.8302
South Sudan,SSD,1996,1061537.64,4711923.813,265952.3024
South Sudan,SSD,1997,1047662.173,4748897.492,729929.4404
South Sudan,SSD,1998,1050761.231,4763311.809,598576.3897
South Sudan,SSD,1999,1051572.826,4776217.667,463338.1018
South Sudan,SSD,2000,1057491.838,4778054.608,396721.0829
South Sudan,SSD,2001,1053775.958,4801855.464,321245.7555
South Sudan,SSD,2002,1063299.308,4817154.497,319232.496
South Sudan,SSD,2003,1085595.329,4825616.259,324035.008
South Sudan,SSD,2004,1113671.869,4831268.141,276631.0714
South Sudan,SSD,2005,1146749.738,4830779.765,278087.1828
South Sudan,SSD,2006,1183631.291,4915625.155,334493.2807
South Sudan,SSD,2007,1216324.817,4882216.036,322559.4338
South Sudan,SSD,2008,1245995.562,4878371.663,309317.4194
South Sudan,SSD,2009,1272181.642,4876739.939,469662.8159
South Sudan,SSD,2010,1291844.732,4896288.322,352933.1711
South Sudan,SSD,2011,1315569.642,4903017.025,445679.9548
South Sudan,SSD,2012,1335759.405,4856688.512,393912.4658
South Sudan,SSD,2013,1345376.888,4741992.371,563604.4716
South Sudan,SSD,2014,1339024.072,4594240.197,596198.9272
South Sudan,SSD,2015,1307230.858,4297812.389,464497.8266
South Sudan,SSD,2016,1263717.05,3971992.3,420676.4506
South Sudan,SSD,2017,1255614.345,3765945.021,445340.5677
South Sudan,SSD,2018,1281883.67,3661446.733,403964.2191
South Sudan,SSD,2019,1305031.759,3601055.488,336753.7905
South-East Asia Region (WHO),,1990,241839214.5,468077996.4,70197472.68
South-East Asia Region (WHO),,1991,246153773.5,459914454.9,79752659.96
South-East Asia Region (WHO),,1992,250513817.5,451495717.2,71253439.74
South-East Asia Region (WHO),,1993,254398260.8,436013193,71593822.6
South-East Asia Region (WHO),,1994,258682587.9,420943108.4,71150726.01
South-East Asia Region (WHO),,1995,262181241.6,414575597.3,71913117.22
South-East Asia Region (WHO),,1996,267924744.2,402906430.7,72006783.19
South-East Asia Region (WHO),,1997,276025061.3,396331921.9,73309328.17
South-East Asia Region (WHO),,1998,280258653.5,388755049.2,74749885.34
South-East Asia Region (WHO),,1999,283056476.1,379969793,76012134.37
South-East Asia Region (WHO),,2000,287476028.7,369570222.6,75542250.55
South-East Asia Region (WHO),,2001,292048654.1,359455321.3,75963176.84
South-East Asia Region (WHO),,2002,296447898.5,349521523.6,73477151.01
South-East Asia Region (WHO),,2003,299168325.4,336695490.5,71507514.55
South-East Asia Region (WHO),,2004,300770787.6,328111822.5,84187210.78
South-East Asia Region (WHO),,2005,308485458.2,320552332.1,72545624.7
South-East Asia Region (WHO),,2006,316428170.5,310797393.1,73131979.73
South-East Asia Region (WHO),,2007,323892717.9,300885429.6,72958735.01
South-East Asia Region (WHO),,2008,331115816.8,291523910.5,81058197.69
South-East Asia Region (WHO),,2009,334032497.1,279240730.2,72782249.37
South-East Asia Region (WHO),,2010,340189903.9,269387615,72827330.65
South-East Asia Region (WHO),,2011,347777313.6,260167472.7,72483837.96
South-East Asia Region (WHO),,2012,354001430.5,248776734.2,71542759.94
South-East Asia Region (WHO),,2013,360144680,238889299.1,70003290.43
South-East Asia Region (WHO),,2014,364019810.3,227166791.8,67175026.38
South-East Asia Region (WHO),,2015,372061691.5,217827613.6,66819601.93
South-East Asia Region (WHO),,2016,378584504.2,203667963.7,65852469.33
South-East Asia Region (WHO),,2017,385279941.5,195116195.7,66678361.35
South-East Asia Region (WHO),,2018,393628588.9,189141454,68451174.52
South-East Asia Region (WHO),,2019,400920899.2,182827168.2,69035814.87
Spain,ESP,1990,9498010.761,685804.1193,1230526.005
Spain,ESP,1991,9557837.304,700538.9451,1217397.443
Spain,ESP,1992,9535334.137,728256.0301,1170720.743
Spain,ESP,1993,9560243.783,746978.2049,1126035.078
Spain,ESP,1994,9590460.775,763459.5823,1101351.155
Spain,ESP,1995,9671773.834,789874.424,1087797.454
Spain,ESP,1996,9761692.466,775744.7174,1085875.301
Spain,ESP,1997,9776471.581,638879.7588,1087435.825
Spain,ESP,1998,9899834.3,575794.7348,1094207.66
Spain,ESP,1999,10040418.55,574515.047,1104474.253
Spain,ESP,2000,10021332.45,560240.7804,1109542.015
Spain,ESP,2001,10087758.4,554637.5036,1105890.848
Spain,ESP,2002,10208135.62,564219.4515,1110105.977
Spain,ESP,2003,10366494.8,574299.1166,1121936.957
Spain,ESP,2004,10406636.9,570733.6504,1125231.171
Spain,ESP,2005,10509981.76,570654.2338,1088739.165
Spain,ESP,2006,10552362.09,561039.6441,1067647.31
Spain,ESP,2007,10674132.2,566827.4951,1049541.239
Spain,ESP,2008,10756770.07,563113.9174,1031307.514
Spain,ESP,2009,10781023.4,548897.1359,986580.4526
Spain,ESP,2010,10789191.33,538228.0921,957877.1326
Spain,ESP,2011,10864926.7,532269.6357,939226.5331
Spain,ESP,2012,10912937.74,523150.1749,917083.335
Spain,ESP,2013,10876308.25,507675.6622,896640.9675
Spain,ESP,2014,10912577.67,506672.6696,881953.4121
Spain,ESP,2015,11024053.46,505652.9072,880281.1633
Spain,ESP,2016,11013426.31,504087.6708,884009.4101
Spain,ESP,2017,11075081.76,498868.2963,892822.0533
Spain,ESP,2018,11148868.97,496820.7394,904550.9179
Spain,ESP,2019,11233598.7,494856.8769,923644.793
Sri Lanka,LKA,1990,2921809.982,1316546.429,1329545.892
Sri Lanka,LKA,1991,2867594.598,1225628.999,1369540.252
Sri Lanka,LKA,1992,2910905.267,1203346.472,1219626.208
Sri Lanka,LKA,1993,2922853.056,1086317.986,997882.8263
Sri Lanka,LKA,1994,3044860.201,1075324.707,968642.9798
Sri Lanka,LKA,1995,3166039.741,1077482.8,1369261.54
Sri Lanka,LKA,1996,3288350.14,1072169.327,1359894.333
Sri Lanka,LKA,1997,3449096.72,1060810.878,1328979.917
Sri Lanka,LKA,1998,3424091.132,959433.4261,1323780.209
Sri Lanka,LKA,1999,3498289.534,939322.2769,1170815.542
Sri Lanka,LKA,2000,3574784.935,934941.8511,1244404.35
Sri Lanka,LKA,2001,3538579.566,875560.4239,1058850.452
Sri Lanka,LKA,2002,3542236.805,820029.8192,909995.0242
Sri Lanka,LKA,2003,3627426.306,801085.5423,905036.7672
Sri Lanka,LKA,2004,3661596.408,765471.8108,2793428.236
Sri Lanka,LKA,2005,3779337.168,864752.7222,920999.3091
Sri Lanka,LKA,2006,3760404.748,725805.2405,1064073.08
Sri Lanka,LKA,2007,3781298.239,683224.2055,1017473.722
Sri Lanka,LKA,2008,3855831.563,687692.5549,1352126.373
Sri Lanka,LKA,2009,3875317.559,719501.2336,1397866.203
Sri Lanka,LKA,2010,3908467.996,683982.9874,1232293.651
Sri Lanka,LKA,2011,4003453.424,682394.0224,737535.61
Sri Lanka,LKA,2012,4051204.265,652911.3962,714278.5877
Sri Lanka,LKA,2013,4069353.599,638052.4475,689186.0777
Sri Lanka,LKA,2014,4143465.914,628171.8588,698580.3631
Sri Lanka,LKA,2015,4175119.4,604503.7321,699874.188
Sri Lanka,LKA,2016,4235907.763,590151.1978,721171.4803
Sri Lanka,LKA,2017,4291841.43,597449.6674,730252.132
Sri Lanka,LKA,2018,4330028.673,566939.2183,733148.8442
Sri Lanka,LKA,2019,4412887.338,561234.4396,747286.5327
Sub-Saharan Africa (WB),,1990,93385327.78,385433115.6,31292731.95
Sub-Saharan Africa (WB),,1991,95303300.74,394515406,29128215.2
Sub-Saharan Africa (WB),,1992,97537831.42,401610798.4,27969167.87
Sub-Saharan Africa (WB),,1993,99213185.73,409964331.6,28704498.87
Sub-Saharan Africa (WB),,1994,101270451.4,420823951.5,62322669.12
Sub-Saharan Africa (WB),,1995,103172614.6,430252282.2,29562765.49
Sub-Saharan Africa (WB),,1996,105261584.6,441473813.6,31950616.04
Sub-Saharan Africa (WB),,1997,107741084,448940100.6,33602319.84
Sub-Saharan Africa (WB),,1998,110079054.5,456860436.4,34513912.97
Sub-Saharan Africa (WB),,1999,112046986.3,463714147.9,36902058.62
Sub-Saharan Africa (WB),,2000,114279180.2,469198279.3,36616914.59
Sub-Saharan Africa (WB),,2001,116177811.7,472453279.2,32962536.44
Sub-Saharan Africa (WB),,2002,118725579.4,472967874.8,34244804.66
Sub-Saharan Africa (WB),,2003,121202826.3,473023401.2,34383943.53
Sub-Saharan Africa (WB),,2004,123666242.3,469341302.2,34516104.87
Sub-Saharan Africa (WB),,2005,126129171.7,462955509.2,33782574.1
Sub-Saharan Africa (WB),,2006,128920337.2,454214688.1,33610334.12
Sub-Saharan Africa (WB),,2007,131170445.1,443534916.5,33666121.03
Sub-Saharan Africa (WB),,2008,133230678.7,432585238.4,33935818.06
Sub-Saharan Africa (WB),,2009,135706178.2,422192940.4,34610665.29
Sub-Saharan Africa (WB),,2010,138081932.1,412513999.4,33877498.86
Sub-Saharan Africa (WB),,2011,140724986.8,401503873.9,34127019.84
Sub-Saharan Africa (WB),,2012,143704377.4,389226216.5,34227611.51
Sub-Saharan Africa (WB),,2013,146721068.6,378678389.4,35204530.98
Sub-Saharan Africa (WB),,2014,149828032.1,369689390,36182385.5
Sub-Saharan Africa (WB),,2015,152911721.6,359614830,36242908.55
Sub-Saharan Africa (WB),,2016,155999499.1,350752704.2,35838882.72
Sub-Saharan Africa (WB),,2017,158825634.8,340244093.5,36628490.07
Sub-Saharan Africa (WB),,2018,161658631.4,329545037.8,36569690.09
Sub-Saharan Africa (WB),,2019,164638942.6,322694044.6,35845440.76
Sudan,SDN,1990,5388472.105,11154326.21,1777747.02
Sudan,SDN,1991,5488365.922,11098322.99,1722924.732
Sudan,SDN,1992,5589435.065,11085925.02,1702231.52
Sudan,SDN,1993,5662732.64,11010964.52,1817793.133
Sudan,SDN,1994,5732274.656,10924089.83,1503941.77
Sudan,SDN,1995,5774967.7,10769210.8,1527535.592
Sudan,SDN,1996,5829643.571,10645700.66,1620862.759
Sudan,SDN,1997,5884571.997,10402152.52,1789654.883
Sudan,SDN,1998,5925749.449,10367817.79,1850297.517
Sudan,SDN,1999,5945482.904,10145466.72,1534121.117
Sudan,SDN,2000,5985833.097,9813144.929,1618991.193
Sudan,SDN,2001,6011769.225,9538031.338,1607027.101
Sudan,SDN,2002,6029084.015,9255054.571,1781360.416
Sudan,SDN,2003,6024222.228,8971072.383,1887946.742
Sudan,SDN,2004,6065398.977,8656537.005,2206442.569
Sudan,SDN,2005,6219922.47,8185517.269,1540987.976
Sudan,SDN,2006,6298624.186,7903124.655,1580827.566
Sudan,SDN,2007,6344351.557,7558731.988,1545620.198
Sudan,SDN,2008,6383086.91,7201594.424,1528468.191
Sudan,SDN,2009,6410583.813,6955980.694,1619250.954
Sudan,SDN,2010,6393744.625,6775142.35,1457685.861
Sudan,SDN,2011,6408379.056,6504760.088,1626500.658
Sudan,SDN,2012,6470355.318,6231287.602,1409929.054
Sudan,SDN,2013,6514674.552,5964967.096,1475280.526
Sudan,SDN,2014,6625696.535,5612200.261,1461511.402
Sudan,SDN,2015,6696063.113,5363737.039,1475782.997
Sudan,SDN,2016,6771233.182,5160833.962,1438030.294
Sudan,SDN,2017,6834392.537,5003909.715,1305714.681
Sudan,SDN,2018,6910893.633,4676922.92,1326289.664
Sudan,SDN,2019,6987040.025,4474028.621,1239503.413
Suriname,SUR,1990,75406.31339,49336.66634,19529.55284
Suriname,SUR,1991,77575.85284,47083.28411,20062.32048
Suriname,SUR,1992,79621.24952,45687.52791,20732.97361
Suriname,SUR,1993,82700.28139,46345.42574,21770.89244
Suriname,SUR,1994,80617.09461,45407.22032,20821.99422
Suriname,SUR,1995,75824.0263,44288.90898,18699.26043
Suriname,SUR,1996,75971.76241,45361.643,17755.07679
Suriname,SUR,1997,78212.58738,45506.41145,18003.24397
Suriname,SUR,1998,82899.58723,45953.18386,19163.69315
Suriname,SUR,1999,87857.62864,46861.39474,20115.29315
Suriname,SUR,2000,89823.41925,51058.07931,19226.28951
Suriname,SUR,2001,92625.35515,52180.63661,19663.87308
Suriname,SUR,2002,96879.09194,50885.74534,20139.9207
Suriname,SUR,2003,100073.1814,48564.29287,21436.67239
Suriname,SUR,2004,102017.1295,47422.57707,22291.22325
Suriname,SUR,2005,102824.7783,46130.36719,22512.71034
Suriname,SUR,2006,104250.9259,44351.0229,23057.08581
Suriname,SUR,2007,106069.0626,43093.16937,23621.91296
Suriname,SUR,2008,108374.6638,41929.48327,25094.26962
Suriname,SUR,2009,110082.07,41082.58275,24039.73062
Suriname,SUR,2010,112196.2448,40673.77386,24175.03416
Suriname,SUR,2011,113579.9648,39243.92325,23854.59712
Suriname,SUR,2012,115065.2632,38588.12769,23164.05219
Suriname,SUR,2013,118953.0008,37949.9787,23167.12129
Suriname,SUR,2014,122518.7909,38529.5866,22799.72059
Suriname,SUR,2015,126877.9762,37633.82295,23702.95564
Suriname,SUR,2016,129944.6318,36615.53199,24120.73771
Suriname,SUR,2017,132615.743,35739.78381,24127.59975
Suriname,SUR,2018,134940.3597,34944.94007,24113.95563
Suriname,SUR,2019,136846.2863,34225.85859,24146.61116
Sweden,SWE,1990,2350358.103,131761.3293,273898.8473
Sweden,SWE,1991,2356469.022,131380.4671,272262.4261
Sweden,SWE,1992,2345254.151,127489.1674,265109.1731
Sweden,SWE,1993,2340747.784,125079.1498,261116.4874
Sweden,SWE,1994,2305183.323,119646.9134,273198.3621
Sweden,SWE,1995,2308316.019,116076.0444,249845.3739
Sweden,SWE,1996,2304787.47,113124.9107,245188.6454
Sweden,SWE,1997,2300042.548,106712.8031,241338.7165
Sweden,SWE,1998,2300279.033,103779.7497,241392.103
Sweden,SWE,1999,2301036.829,102624.3827,236974.3132
Sweden,SWE,2000,2292230.424,101174.071,234141.589
Sweden,SWE,2001,2289027.277,100823.725,234811.4986
Sweden,SWE,2002,2286313.064,99985.03713,234623.2105
Sweden,SWE,2003,2276542.449,98821.87539,234749.3753
Sweden,SWE,2004,2274859.753,96815.41308,237296.3363
Sweden,SWE,2005,2261659.746,95541.1332,234427.8476
Sweden,SWE,2006,2265400.367,95582.2303,233785.1328
Sweden,SWE,2007,2264876.493,95496.18824,235573.4994
Sweden,SWE,2008,2262759.138,95522.77757,235079.2308
Sweden,SWE,2009,2267559.661,97264.61615,234726.3363
Sweden,SWE,2010,2270106.188,96994.35878,233586.6337
Sweden,SWE,2011,2280580.661,97848.98741,232986.6393
Sweden,SWE,2012,2290824.868,99974.06165,233071.0072
Sweden,SWE,2013,2301043.659,100400.6948,234278.9152
Sweden,SWE,2014,2309056.067,98951.17956,233387.5737
Sweden,SWE,2015,2325044.447,101450.013,234619.4132
Sweden,SWE,2016,2339413.658,102803.7143,236954.3123
Sweden,SWE,2017,2355683.061,103165.1737,240969.4096
Sweden,SWE,2018,2381676.646,102997.5998,241198.3566
Sweden,SWE,2019,2403126.024,103748.7047,241775.2131
Switzerland,CHE,1990,1735921.918,98319.16024,291611.0704
Switzerland,CHE,1991,1743994.688,97189.46632,294895.4309
Switzerland,CHE,1992,1739027.386,95483.52088,293043.6042
Switzerland,CHE,1993,1733272.756,92282.07724,288643.5804
Switzerland,CHE,1994,1734850.839,89160.62526,284233.1513
Switzerland,CHE,1995,1757085.317,110376.7753,269164.4746
Switzerland,CHE,1996,1745154.963,102951.0504,260324.26
Switzerland,CHE,1997,1744545.702,95139.3948,256541.7398
Switzerland,CHE,1998,1743245.188,90693.36712,251679.8427
Switzerland,CHE,1999,1739827.29,88249.25617,249328.6144
Switzerland,CHE,2000,1743202.65,86935.12011,250023.4617
Switzerland,CHE,2001,1735154.248,83610.68471,248188.079
Switzerland,CHE,2002,1737453.483,81585.26776,243623.8342
Switzerland,CHE,2003,1741694.518,80701.21754,239590.7121
Switzerland,CHE,2004,1733898.222,79630.4741,236241.8144
Switzerland,CHE,2005,1738439.808,78391.75634,233140.5318
Switzerland,CHE,2006,1746933.271,78700.39049,229174.524
Switzerland,CHE,2007,1759521.508,77606.32903,226343.7229
Switzerland,CHE,2008,1772613.136,77615.10619,223409.3199
Switzerland,CHE,2009,1793092.892,78929.86077,221920.5098
Switzerland,CHE,2010,1805859.577,78326.75893,218311.6651
Switzerland,CHE,2011,1817156.91,78602.33612,216254.5946
Switzerland,CHE,2012,1839644.574,79646.41112,215261.5505
Switzerland,CHE,2013,1858931.394,80597.95693,214059.57
Switzerland,CHE,2014,1871728.632,81637.18743,211493.7209
Switzerland,CHE,2015,1889027.169,83421.76962,212156.0876
Switzerland,CHE,2016,1900848.826,82664.29031,214359.6164
Switzerland,CHE,2017,1918975.576,82959.99837,218316.7711
Switzerland,CHE,2018,1931626.415,83449.87989,222056.4743
Switzerland,CHE,2019,1937774.527,84137.80895,222902.1382
Syria,SYR,1990,2501145.047,1937634.724,339959.7144
Syria,SYR,1991,2560411.941,1873707.016,341283.6437
Syria,SYR,1992,2638864.234,1788572.377,348080.3293
Syria,SYR,1993,2628816.29,1686808.155,343180.1888
Syria,SYR,1994,2662432.38,1584923.605,347936.1959
Syria,SYR,1995,2697909.323,1477611.431,347791.0696
Syria,SYR,1996,2729004.704,1341144.325,347783.1212
Syria,SYR,1997,2762673.919,1216703.97,353443.0393
Syria,SYR,1998,2813811.392,1110189.193,353923.7928
Syria,SYR,1999,2803154.391,999554.5972,349179.3747
Syria,SYR,2000,2771773.842,891551.4524,336164.3932
Syria,SYR,2001,2722555.985,816721.2866,329921.1091
Syria,SYR,2002,2733432.115,764899.5305,336582.1917
Syria,SYR,2003,2669427.56,669719.2088,306744.6391
Syria,SYR,2004,2720839.8,653914.0916,306264.2135
Syria,SYR,2005,2805052.804,668164.7447,322718.5224
Syria,SYR,2006,2899302.271,694799.8549,400641.3819
Syria,SYR,2007,2954275.708,698853.6974,371708.4134
Syria,SYR,2008,3064465.565,733622.0948,359455.1878
Syria,SYR,2009,3092263.037,714771.066,350794.0544
Syria,SYR,2010,3129367.199,709253.3484,355039.6314
Syria,SYR,2011,3119202.091,699696.7055,1192351.966
Syria,SYR,2012,3018139.327,648246.8548,4193353.573
Syria,SYR,2013,2928246.516,594836.8382,3491934.159
Syria,SYR,2014,2869875.023,538853.076,3872982.675
Syria,SYR,2015,2821688.283,488424.4855,3041705.411
Syria,SYR,2016,2806194.787,445271.8353,3725129.071
Syria,SYR,2017,2825422.095,414415.19,2367525.922
Syria,SYR,2018,2870371.346,388280.1288,747608.4423
Syria,SYR,2019,2924511.194,374932.2439,626030.0432
Taiwan,TWN,1990,3490894.738,380828.4995,915007.1467
Taiwan,TWN,1991,3540459.638,368415.7899,893256.7201
Taiwan,TWN,1992,3619269.202,366701.3233,885904.2644
Taiwan,TWN,1993,3690414.614,362182.5889,884199.2966
Taiwan,TWN,1994,3784298.185,365828.4429,887693.2765
Taiwan,TWN,1995,3885517.63,382543.2731,892116.063
Taiwan,TWN,1996,3984777.76,391290.7352,881600.9784
Taiwan,TWN,1997,4002553.815,382190.4301,841765.1243
Taiwan,TWN,1998,4061361.859,371429.66,813431.9646
Taiwan,TWN,1999,4093461.046,364601.1046,898368.2699
Taiwan,TWN,2000,4185599.833,363780.4403,774496.3063
Taiwan,TWN,2001,4237973.816,350704.1822,758242.8356
Taiwan,TWN,2002,4235807.774,343357.0801,729140.9511
Taiwan,TWN,2003,4319741.658,333279.5844,707877.9029
Taiwan,TWN,2004,4429002.586,334953.9546,713375.159
Taiwan,TWN,2005,4536098.238,336812.2923,722585.7452
Taiwan,TWN,2006,4553233.704,332433.9286,695264.6651
Taiwan,TWN,2007,4601900.969,335252.107,656280.1744
Taiwan,TWN,2008,4660226.462,345712.2773,628449.5798
Taiwan,TWN,2009,4690212.046,340957.3708,630112.5134
Taiwan,TWN,2010,4753505.558,341609.805,582414.3036
Taiwan,TWN,2011,4917698.598,366382.5999,583879.7259
Taiwan,TWN,2012,4964286.635,365875.1652,568449.3443
Taiwan,TWN,2013,4992066.817,358188.2441,542428.786
Taiwan,TWN,2014,5124761.643,370155.9067,540673.4854
Taiwan,TWN,2015,5143725.83,380760.9459,527218.1661
Taiwan,TWN,2016,5276798.406,386472.0156,538345.4839
Taiwan,TWN,2017,5357182.092,383444.6927,539921.7215
Taiwan,TWN,2018,5427536.697,382785.1009,549820.3892
Taiwan,TWN,2019,5477287.683,385266.0286,547317.2002
Tajikistan,TJK,1990,896833.8083,1501539.032,237239.3604
Tajikistan,TJK,1991,916903.7763,1467888.517,239401.5691
Tajikistan,TJK,1992,951643.4866,1480382.537,614781.7976
Tajikistan,TJK,1993,974385.1363,1482176.642,1343828.113
Tajikistan,TJK,1994,1032306.048,1470172.181,346743.5448
Tajikistan,TJK,1995,1024796.052,1445815.994,340004.0353
Tajikistan,TJK,1996,1018493.762,1410298.056,492635.4596
Tajikistan,TJK,1997,1014989.716,1371566.609,303841.1668
Tajikistan,TJK,1998,1024954.364,1309143.581,322646.6897
Tajikistan,TJK,1999,1033046.543,1247258.66,263643.0561
Tajikistan,TJK,2000,1044902.195,1191410.964,254327.4788
Tajikistan,TJK,2001,1064910.533,1135771.656,250407.9612
Tajikistan,TJK,2002,1084026.306,1077391.361,240171.1043
Tajikistan,TJK,2003,1102951.183,1024284.566,228674.674
Tajikistan,TJK,2004,1131924.136,976438.4418,226589.5325
Tajikistan,TJK,2005,1171673.565,943006.3105,225925.8792
Tajikistan,TJK,2006,1203896.309,923301.961,226210.4201
Tajikistan,TJK,2007,1241762.553,898324.2127,226227.4184
Tajikistan,TJK,2008,1278102.164,877239.5025,224377.5746
Tajikistan,TJK,2009,1313646.957,863697.6861,227736.888
Tajikistan,TJK,2010,1364156.974,844738.6715,239457.9977
Tajikistan,TJK,2011,1415154.119,826442.4036,230840.1443
Tajikistan,TJK,2012,1453465.055,814230.8926,233011.7425
Tajikistan,TJK,2013,1485118.422,801642.9495,227912.5706
Tajikistan,TJK,2014,1536926.495,794860.015,230074.4226
Tajikistan,TJK,2015,1592467.745,775728.2373,235117.1676
Tajikistan,TJK,2016,1656004.991,758088.5344,237944.4773
Tajikistan,TJK,2017,1683184.044,748344.8645,243363.5943
Tajikistan,TJK,2018,1694000.615,727860.8415,247193.8849
Tajikistan,TJK,2019,1720197.954,713234.8623,251082.567
Tanzania,TZA,1990,4496675.498,19140399.79,959017.7996
Tanzania,TZA,1991,4575776.799,19891283.8,954804.6281
Tanzania,TZA,1992,4664243.452,20797106.75,953450.5723
Tanzania,TZA,1993,4763555.116,21397920.37,963212.2753
Tanzania,TZA,1994,4849388.406,22149200.22,973403.0618
Tanzania,TZA,1995,4921585.61,22788997.96,971779.6947
Tanzania,TZA,1996,5007515.209,23257799.98,1030510.812
Tanzania,TZA,1997,5110135.27,23821560.79,1012856.838
Tanzania,TZA,1998,5229957.667,24084596.91,1028655.156
Tanzania,TZA,1999,5327992.415,24011264.87,1037190.546
Tanzania,TZA,2000,5395539.55,23869059.73,1035544.418
Tanzania,TZA,2001,5500812.388,23531447.73,1057619.258
Tanzania,TZA,2002,5669230.674,23057313.34,1117431.42
Tanzania,TZA,2003,5900775.632,22468524.91,1133846.161
Tanzania,TZA,2004,6083090.835,21982184.83,1162947.699
Tanzania,TZA,2005,6227868.621,21557410.37,1180760.48
Tanzania,TZA,2006,6456703.848,20873666.83,1236697.201
Tanzania,TZA,2007,6654043.828,19961897.5,1258273.868
Tanzania,TZA,2008,6776601.322,19265916.12,1264044.591
Tanzania,TZA,2009,6984309.682,18661267.73,1314777.363
Tanzania,TZA,2010,7111755.48,18104420.09,1325388.438
Tanzania,TZA,2011,7262892.153,17588670.86,1361380.27
Tanzania,TZA,2012,7477715.307,16794202.08,1393313.637
Tanzania,TZA,2013,7651634.662,15987629.6,1418615.328
Tanzania,TZA,2014,7664356.392,15573574,1381519.435
Tanzania,TZA,2015,7895135.185,15042934.66,1446560.258
Tanzania,TZA,2016,8051900.366,14726558.92,1460702.223
Tanzania,TZA,2017,8207830.304,14333067.67,1483112.461
Tanzania,TZA,2018,8338480.227,13717505.82,1489983.484
Tanzania,TZA,2019,8469064.374,13341065.72,1478236.121
Thailand,THA,1990,9609526.307,4004771.815,3438918.716
Thailand,THA,1991,9949482.128,3879350.678,3566495.82
Thailand,THA,1992,10227943.73,3836046.395,3646891.075
Thailand,THA,1993,10540543.68,3881293.706,3853895.782
Thailand,THA,1994,10900613.35,4010964.916,4138085.59
Thailand,THA,1995,11258564.03,4151328.606,4433666.11
Thailand,THA,1996,11604726.23,4257435.637,4615310.893
Thailand,THA,1997,11329563.39,4260366.424,4275315.714
Thailand,THA,1998,11543071.44,4324779.073,4029836.786
Thailand,THA,1999,12051672,4391816.293,4096114.026
Thailand,THA,2000,12119671.08,4381618.513,3987331.161
Thailand,THA,2001,11879825.13,4314043.741,3853836.667
Thailand,THA,2002,12076830.39,4238153.342,3845443.958
Thailand,THA,2003,12185650.34,4087341.812,3734354.509
Thailand,THA,2004,12239041.12,3883433.886,3887245.717
Thailand,THA,2005,12278717.43,3589906.114,3207563.321
Thailand,THA,2006,12477351.36,3253751.662,3104081.899
Thailand,THA,2007,12750627.31,3034923.481,3032515.297
Thailand,THA,2008,12892537.7,2886179.074,2937318.567
Thailand,THA,2009,12876762.35,2739691.964,2835107.265
Thailand,THA,2010,13064717.55,2668490.552,2813080.542
Thailand,THA,2011,13235877.17,2625710.207,2788362.989
Thailand,THA,2012,13412205.93,2650923.912,2716802.768
Thailand,THA,2013,13538432.53,2730364.608,2642597.845
Thailand,THA,2014,13804815.63,2806526.488,2569412.002
Thailand,THA,2015,14072331.45,2821774.214,2565360.744
Thailand,THA,2016,14486294.43,2816084.209,2612921.14
Thailand,THA,2017,14760222.71,2735363.032,2588422.508
Thailand,THA,2018,15086619.99,2668121.354,2585944.465
Thailand,THA,2019,15412177.71,2598556.817,2558536.21
Timor,TLS,1990,125556.8653,425868.6983,52485.79392
Timor,TLS,1991,126960.6457,419876.9132,62279.49471
Timor,TLS,1992,129770.6922,409490.0138,58809.58987
Timor,TLS,1993,131909.1278,398831.0562,64425.04522
Timor,TLS,1994,132490.1091,387820.2942,58576.91806
Timor,TLS,1995,133284.4757,376359.0206,63259.31314
Timor,TLS,1996,133327.6412,364412.7648,36978.56615
Timor,TLS,1997,132298.8795,355253.1045,65757.83084
Timor,TLS,1998,134316.3752,343144.9038,67032.46455
Timor,TLS,1999,135538.0145,338659.4745,209832.1656
Timor,TLS,2000,137854.0655,324782.3274,42839.6091
Timor,TLS,2001,139644.1921,310055.492,42953.74218
Timor,TLS,2002,141310.2847,295729.8042,42812.35644
Timor,TLS,2003,145420.9914,280171.923,39352.91145
Timor,TLS,2004,145384.2166,266607.4832,32400.84642
Timor,TLS,2005,148837.0216,247465.4896,32410.65267
Timor,TLS,2006,149249.4216,227348.688,33926.69916
Timor,TLS,2007,152912.2949,209834.9023,33003.61888
Timor,TLS,2008,154295.148,200099.6604,29005.26213
Timor,TLS,2009,160433.7633,188021.1266,29582.69436
Timor,TLS,2010,166551.5191,180451.3879,29706.37079
Timor,TLS,2011,175528.8944,168387.1151,31631.50348
Timor,TLS,2012,183023.2296,158040.4887,33204.39753
Timor,TLS,2013,188477.8533,152702.2772,33490.29754
Timor,TLS,2014,194196.5265,151693.3211,34083.05806
Timor,TLS,2015,200905.4398,152181.9705,34695.68377
Timor,TLS,2016,206719.4656,151702.9112,35508.73375
Timor,TLS,2017,211546.8015,150032.7657,35729.55744
Timor,TLS,2018,216571.8282,148533.2142,36093.27146
Timor,TLS,2019,221312.9041,147492.0136,36360.45908
Togo,TGO,1990,585455.7674,2230820.513,147986.3006
Togo,TGO,1991,602179.4608,2255484.342,158761.8511
Togo,TGO,1992,618714.0872,2281541.307,158467.1654
Togo,TGO,1993,636797.0599,2327691.329,167016.7727
Togo,TGO,1994,654464.4233,2377946.526,171885.644
Togo,TGO,1995,670410.4111,2424940.72,173595.4642
Togo,TGO,1996,686688.6541,2493581.159,176532.6234
Togo,TGO,1997,703794.1345,2589994.082,181436.9503
Togo,TGO,1998,721695.6615,2629777.764,185911.0894
Togo,TGO,1999,734679.8543,2673355.126,187546.8723
Togo,TGO,2000,750676.9241,2746673.726,188758.6034
Togo,TGO,2001,765884.8312,2816445.408,190442.4864
Togo,TGO,2002,789931.981,2860334.728,198596.4131
Togo,TGO,2003,808789.9379,2893773.849,201977.5618
Togo,TGO,2004,820545.791,2918800.694,201234.0877
Togo,TGO,2005,838432.0134,2931127.402,237367.7818
Togo,TGO,2006,858423.7448,2927679.322,205678.2967
Togo,TGO,2007,880980.1791,2938443.967,214250.7879
Togo,TGO,2008,914401.3826,2915004.771,218187.2502
Togo,TGO,2009,947402.7417,2848275.558,227044.3142
Togo,TGO,2010,972039.1459,2765905.691,231107.1465
Togo,TGO,2011,995472.4134,2681025.215,233789.4212
Togo,TGO,2012,1011255.286,2624143.026,230228.1914
Togo,TGO,2013,1026225.01,2568922.355,229444.1865
Togo,TGO,2014,1054239.772,2488549.267,238396.3336
Togo,TGO,2015,1081590.887,2405029.119,236202.6336
Togo,TGO,2016,1114774.543,2294813.981,241851.5679
Togo,TGO,2017,1146840.777,2173030.661,247347.6142
Togo,TGO,2018,1165497.776,2072528.416,245884.965
Togo,TGO,2019,1190315.757,1992666.227,246081.2608
Tokelau,TKL,1990,402.7486515,190.0137457,52.79815853
Tokelau,TKL,1991,396.5709382,178.055068,51.33402805
Tokelau,TKL,1992,390.8664991,168.2445823,50.31766019
Tokelau,TKL,1993,384.7699578,160.5216934,49.44527766
Tokelau,TKL,1994,378.6579087,154.0631031,48.6608001
Tokelau,TKL,1995,373.2692657,147.9561372,47.88286122
Tokelau,TKL,1996,369.7195793,142.2463665,47.22590263
Tokelau,TKL,1997,367.6591519,136.4482751,46.84478075
Tokelau,TKL,1998,366.6300061,131.0013881,46.71055803
Tokelau,TKL,1999,368.0749704,122.9210902,47.78094102
Tokelau,TKL,2000,368.1149639,117.4184422,47.63622092
Tokelau,TKL,2001,366.7037197,111.8447631,46.74249819
Tokelau,TKL,2002,360.077443,104.9504854,44.80509376
Tokelau,TKL,2003,348.2810025,97.52252611,42.02080412
Tokelau,TKL,2004,335.5365318,88.32584007,39.54690624
Tokelau,TKL,2005,323.4513335,80.49810153,37.08128146
Tokelau,TKL,2006,314.8919563,74.43901232,35.27418742
Tokelau,TKL,2007,309.7978302,69.95483016,34.25722228
Tokelau,TKL,2008,306.9449386,67.01814306,33.75569285
Tokelau,TKL,2009,305.420413,66.20680116,33.32521165
Tokelau,TKL,2010,305.7039891,64.71372059,33.5527886
Tokelau,TKL,2011,306.9249068,63.55024365,33.68733207
Tokelau,TKL,2012,307.8240708,62.27172242,33.62047347
Tokelau,TKL,2013,308.4015092,60.77296807,33.32875303
Tokelau,TKL,2014,310.3915309,59.81647695,33.1691164
Tokelau,TKL,2015,313.9945999,59.18547603,33.04320999
Tokelau,TKL,2016,320.2177696,58.96876032,33.17869803
Tokelau,TKL,2017,326.8182113,58.65970856,33.49550635
Tokelau,TKL,2018,332.5060196,58.49895305,33.71201381
Tokelau,TKL,2019,337.5954477,58.47051632,33.91400366
Tonga,TON,1990,15881.63516,7953.072773,2400.067874
Tonga,TON,1991,16014.35081,7747.344503,2316.822408
Tonga,TON,1992,16114.31396,7527.586947,2268.410392
Tonga,TON,1993,16372.98488,7483.419472,2280.622325
Tonga,TON,1994,16610.63297,7427.442407,2287.405722
Tonga,TON,1995,16728.53328,7300.443227,2257.069728
Tonga,TON,1996,16977.35689,7224.112921,2245.907243
Tonga,TON,1997,17350.1305,7233.6235,2256.039428
Tonga,TON,1998,17962.35667,7304.697295,2293.534232
Tonga,TON,1999,18652.32876,7177.57581,2384.945884
Tonga,TON,2000,18823.8656,7046.753703,2360.688103
Tonga,TON,2001,18837.47626,6968.641648,2333.307398
Tonga,TON,2002,19067.82345,6901.459786,2333.253103
Tonga,TON,2003,19302.89172,6828.251145,2331.498317
Tonga,TON,2004,19251.89974,6738.745956,2282.204806
Tonga,TON,2005,18960.89697,6524.569243,2262.657378
Tonga,TON,2006,19076.99116,6486.958357,2279.663483
Tonga,TON,2007,19276.77081,6466.165524,2288.292205
Tonga,TON,2008,19446.7655,6470.129916,2286.725002
Tonga,TON,2009,19571.52229,6384.187033,6811.930527
Tonga,TON,2010,19679.83046,6268.701937,2270.864008
Tonga,TON,2011,19765.2998,6110.114058,2249.584732
Tonga,TON,2012,19830.46963,5958.724205,2224.858939
Tonga,TON,2013,19897.84459,5811.227743,2188.532222
Tonga,TON,2014,19944.59222,5668.413061,2221.5778
Tonga,TON,2015,19985.648,5526.470311,2141.013024
Tonga,TON,2016,20033.03191,5391.820012,2132.112784
Tonga,TON,2017,20076.84403,5253.738808,2122.618839
Tonga,TON,2018,20125.9448,5107.5995,2105.094244
Tonga,TON,2019,20186.30655,4975.943705,2086.759627
Trinidad and Tobago,TTO,1990,258397.7008,71668.19528,46674.24939
Trinidad and Tobago,TTO,1991,260892.7261,70200.7086,44858.03105
Trinidad and Tobago,TTO,1992,265774.9215,71645.35522,45433.86145
Trinidad and Tobago,TTO,1993,276188.7917,71328.78594,46561.15087
Trinidad and Tobago,TTO,1994,283318.3703,72519.24796,46907.31557
Trinidad and Tobago,TTO,1995,280636.6037,71560.02364,45726.81735
Trinidad and Tobago,TTO,1996,289448.9115,73789.86196,46336.51805
Trinidad and Tobago,TTO,1997,286319.4968,72989.97033,43438.90497
Trinidad and Tobago,TTO,1998,296936.0223,74092.9796,45232.876
Trinidad and Tobago,TTO,1999,300273.4657,80996.43324,44940.08592
Trinidad and Tobago,TTO,2000,295826.6822,81251.21591,45192.59893
Trinidad and Tobago,TTO,2001,299839.382,79780.47946,48363.15989
Trinidad and Tobago,TTO,2002,298030.8821,76235.33988,48619.64313
Trinidad and Tobago,TTO,2003,306623.8284,71816.4771,52987.32396
Trinidad and Tobago,TTO,2004,308285.2032,65140.81478,56644.93259
Trinidad and Tobago,TTO,2005,308281.3411,62532.84096,61457.43434
Trinidad and Tobago,TTO,2006,306140.2099,59901.96059,61810.92645
Trinidad and Tobago,TTO,2007,309944.5066,55989.36215,65277.14302
Trinidad and Tobago,TTO,2008,319556.8775,55484.23273,71707.06963
Trinidad and Tobago,TTO,2009,314336.741,53871.77233,68446.76902
Trinidad and Tobago,TTO,2010,314737.0698,51936.07194,65071.39464
Trinidad and Tobago,TTO,2011,314475.4005,50196.48536,59140.82039
Trinidad and Tobago,TTO,2012,312705.6516,49592.13945,55815.09045
Trinidad and Tobago,TTO,2013,321121.8818,49653.77825,55156.17442
Trinidad and Tobago,TTO,2014,328971.0838,49118.89844,54036.10518
Trinidad and Tobago,TTO,2015,336228.8783,48408.33974,52815.77793
Trinidad and Tobago,TTO,2016,345368.5588,47728.7386,52245.44399
Trinidad and Tobago,TTO,2017,352172.2544,47040.57778,51684.71727
Trinidad and Tobago,TTO,2018,358625.9905,46304.10461,51150.59747
Trinidad and Tobago,TTO,2019,365108.41,45583.64831,50691.7149
Tunisia,TUN,1990,1493054.234,837111.7633,347919.526
Tunisia,TUN,1991,1529032.444,793095.8505,347819.7128
Tunisia,TUN,1992,1557757.858,750214.4569,349249.9222
Tunisia,TUN,1993,1585047.743,712348.5054,350866.6507
Tunisia,TUN,1994,1595549.728,673292.3888,349019.1934
Tunisia,TUN,1995,1631446.486,638133.1281,347896.4832
Tunisia,TUN,1996,1644256.166,599325.4945,341838.4947
Tunisia,TUN,1997,1667686.937,564552.3591,336122.0505
Tunisia,TUN,1998,1688596.851,529295.9481,333403.9911
Tunisia,TUN,1999,1710789.172,492776.1198,334879.5139
Tunisia,TUN,2000,1732375.716,471553.8401,335975.034
Tunisia,TUN,2001,1755917.589,452896.6577,334001.4787
Tunisia,TUN,2002,1780059.692,433190.0202,335310.789
Tunisia,TUN,2003,1803462.224,416406.4514,345407.2158
Tunisia,TUN,2004,1825755.516,398363.9974,332828.4626
Tunisia,TUN,2005,1853262.651,382555.7594,325757.5229
Tunisia,TUN,2006,1882326.161,367497.1343,324873.2526
Tunisia,TUN,2007,1911537.377,355679.6779,322211.256
Tunisia,TUN,2008,1943894.568,346203.1278,316781.9345
Tunisia,TUN,2009,1977017.425,339530.3179,318754.9563
Tunisia,TUN,2010,2013924.798,337080.1392,311964.9993
Tunisia,TUN,2011,2047029.964,330419.6677,329072.3939
Tunisia,TUN,2012,2076828.018,315127.5438,305014.0924
Tunisia,TUN,2013,2112693.814,304158.3993,305388.52
Tunisia,TUN,2014,2147724.36,293346.3116,304812.1234
Tunisia,TUN,2015,2184201.928,282398.6094,306137.9673
Tunisia,TUN,2016,2222393.494,271670.1177,299235.4908
Tunisia,TUN,2017,2261628.438,261565.4046,297045.773
Tunisia,TUN,2018,2301476.114,250472.2173,296670.6288
Tunisia,TUN,2019,2340692.286,241279.178,289270.6615
Turkey,TUR,1990,12775601.66,8932276.479,1824512.961
Turkey,TUR,1991,12842014.32,8422063.579,1789722.483
Turkey,TUR,1992,12900683.69,7985009.879,1984650.488
Turkey,TUR,1993,12978198.78,7564539.647,1877965.084
Turkey,TUR,1994,13089796.17,7282126.693,2031491.215
Turkey,TUR,1995,13169034.67,6984927.829,1916614.146
Turkey,TUR,1996,13129761.02,6564654.873,1876240.514
Turkey,TUR,1997,13162636.28,6165738.033,1772783.826
Turkey,TUR,1998,13158140.38,5763889.78,1753197.098
Turkey,TUR,1999,13098626.73,5370200.092,2781948.672
Turkey,TUR,2000,12910646.26,4932287.46,1623403.193
Turkey,TUR,2001,12990755.19,4532509.323,1513821.358
Turkey,TUR,2002,13056969.83,4195521.895,1394190.009
Turkey,TUR,2003,13168357.69,3794318.626,1376124.606
Turkey,TUR,2004,13245716.56,3382161.215,1344293.653
Turkey,TUR,2005,13285922.09,3050232.373,1312814.484
Turkey,TUR,2006,13408468.93,2749584.746,1283179.289
Turkey,TUR,2007,13568685.01,2519302.111,1268392.992
Turkey,TUR,2008,13829634.86,2325216.108,1241197.12
Turkey,TUR,2009,14293220.85,2230399.839,1243646.881
Turkey,TUR,2010,14569685.37,2153237.447,1277493.395
Turkey,TUR,2011,14744354.81,2048585.367,1319202.7
Turkey,TUR,2012,14917081.11,2006244.923,1347509.223
Turkey,TUR,2013,15231265.32,2014721.08,1411596.944
Turkey,TUR,2014,15558804.69,2029776.019,1461924.362
Turkey,TUR,2015,15739552.29,2009618.488,1477059.778
Turkey,TUR,2016,15940183.54,1988050.056,1567343.517
Turkey,TUR,2017,16130029.24,1923924.996,1454562.986
Turkey,TUR,2018,16238335.03,1859641.643,1504609.202
Turkey,TUR,2019,16402274.44,1801772.157,1425237.703
Turkmenistan,TKM,1990,693049.8056,804372.6374,187125.8094
Turkmenistan,TKM,1991,718320.39,778971.9312,215217.9347
Turkmenistan,TKM,1992,730312.9781,759745.9366,209295.7289
Turkmenistan,TKM,1993,791742.0052,745101.5729,203259.366
Turkmenistan,TKM,1994,813253.9702,731969.1236,192958.2675
Turkmenistan,TKM,1995,814962.623,710256.3887,187078.4085
Turkmenistan,TKM,1996,845197.0353,690185.2199,190498.8975
Turkmenistan,TKM,1997,853863.4171,672990.0836,192957.2509
Turkmenistan,TKM,1998,855325.4623,643249.3283,196141.5658
Turkmenistan,TKM,1999,848804.5883,602050.3791,190195.6526
Turkmenistan,TKM,2000,839587.2246,566096.6051,170484.1732
Turkmenistan,TKM,2001,850293.418,535314.5113,168597.2095
Turkmenistan,TKM,2002,887062.2441,505262.7934,169361.0138
Turkmenistan,TKM,2003,915858.3997,484584.0254,164907.336
Turkmenistan,TKM,2004,960579.0024,467841.4059,167142.319
Turkmenistan,TKM,2005,1008326.372,456272.0675,170335.2062
Turkmenistan,TKM,2006,1022445.701,442739.5672,164674.9973
Turkmenistan,TKM,2007,1029000.76,433250.1231,160259.8248
Turkmenistan,TKM,2008,1024487.923,423974.8363,155188.9017
Turkmenistan,TKM,2009,982866.1179,410614.4396,144174.7638
Turkmenistan,TKM,2010,981065.1561,395568.6948,145003.0602
Turkmenistan,TKM,2011,1008862.687,384934.8251,139354.2518
Turkmenistan,TKM,2012,1032618.684,371187.6324,137043.4617
Turkmenistan,TKM,2013,1065909.739,362325.0531,135003.9478
Turkmenistan,TKM,2014,1094926.215,350599.1561,132635.6828
Turkmenistan,TKM,2015,1113760.286,339430.5364,131258.157
Turkmenistan,TKM,2016,1125919.916,325280.3359,131708.3786
Turkmenistan,TKM,2017,1137603.996,312155.4191,131525.9505
Turkmenistan,TKM,2018,1156587.359,299501.5644,131320.34
Turkmenistan,TKM,2019,1171525.137,287422.3099,130922.5029
Tuvalu,TUV,1990,2820.515818,2041.623723,527.1304998
Tuvalu,TUV,1991,2812.504379,1895.356076,510.0161907
Tuvalu,TUV,1992,2806.429269,1764.384171,495.1619135
Tuvalu,TUV,1993,2803.386411,1651.108509,482.321149
Tuvalu,TUV,1994,2778.90525,1528.171147,465.2592381
Tuvalu,TUV,1995,2793.020803,1446.269125,460.508723
Tuvalu,TUV,1996,2804.024284,1376.991566,455.8834397
Tuvalu,TUV,1997,2822.441903,1298.967569,455.8895989
Tuvalu,TUV,1998,2811.298156,1212.800871,448.0041344
Tuvalu,TUV,1999,2819.775847,1119.325878,451.2270219
Tuvalu,TUV,2000,2814.801108,1043.664655,1162.282591
Tuvalu,TUV,2001,2804.71379,977.1507645,442.4040463
Tuvalu,TUV,2002,2806.279694,927.0055452,437.0068411
Tuvalu,TUV,2003,2818.134475,888.1194887,434.4688202
Tuvalu,TUV,2004,2829.539995,859.9523635,430.4922407
Tuvalu,TUV,2005,2850.848033,827.0112076,432.674415
Tuvalu,TUV,2006,2877.446401,780.2797057,439.897068
Tuvalu,TUV,2007,2904.157288,756.9554267,443.8370735
Tuvalu,TUV,2008,2927.71613,733.4133927,445.8449295
Tuvalu,TUV,2009,2953.522791,712.082541,448.9112768
Tuvalu,TUV,2010,2983.174983,696.3192116,452.3728141
Tuvalu,TUV,2011,3010.944746,685.3882393,452.0238568
Tuvalu,TUV,2012,3042.925253,671.7969403,455.4762253
Tuvalu,TUV,2013,3074.224186,658.0311217,458.1330511
Tuvalu,TUV,2014,3105.335071,648.2021027,460.7538372
Tuvalu,TUV,2015,3133.874624,638.8407052,462.5872476
Tuvalu,TUV,2016,3168.971407,631.0338986,466.247949
Tuvalu,TUV,2017,3204.723966,623.0391762,470.1240718
Tuvalu,TUV,2018,3239.636107,616.3751554,472.6701931
Tuvalu,TUV,2019,3273.189207,611.667441,474.3656269
Uganda,UGA,1990,2584740.712,17646541.98,675959.2862
Uganda,UGA,1991,2700863.621,18174838.8,718340.4581
Uganda,UGA,1992,2781617.561,18604148.41,673661.585
Uganda,UGA,1993,2884721.321,19059953.69,690271.5769
Uganda,UGA,1994,2983182.508,19281114.41,733172.0502
Uganda,UGA,1995,3083365.305,19564265.42,787161.978
Uganda,UGA,1996,3185668.196,19824168.01,929394.2804
Uganda,UGA,1997,3282207.998,20101669.57,915442.8446
Uganda,UGA,1998,3393576.303,20281188.71,934719.9188
Uganda,UGA,1999,3481039.939,20346356.57,949116.191
Uganda,UGA,2000,3589181.457,20353033.02,960962.644
Uganda,UGA,2001,3704969.74,20173728.72,912793.7881
Uganda,UGA,2002,3774056.034,19847295.92,1074871.353
Uganda,UGA,2003,3834705.972,19448354.28,1149188.219
Uganda,UGA,2004,3965421.67,19076345.47,1123145.429
Uganda,UGA,2005,4056306.708,18333602.59,1048187.459
Uganda,UGA,2006,4124209.261,17469558.24,998128.0144
Uganda,UGA,2007,4164441.317,16860400.04,978171.4545
Uganda,UGA,2008,4159415.465,16319456.67,944071.6451
Uganda,UGA,2009,4196515.218,15848437.99,939494.2872
Uganda,UGA,2010,4301843.863,15361819.23,992139.9687
Uganda,UGA,2011,4406339.421,14571706.19,970478.2142
Uganda,UGA,2012,4529091.476,13742252.41,982126.2184
Uganda,UGA,2013,4771554.969,12907875.8,1059277.812
Uganda,UGA,2014,4932531.592,12390715.46,1173810.447
Uganda,UGA,2015,4971138.682,12166070.37,1094873.742
Uganda,UGA,2016,5116218.62,12398329.45,1123402.694
Uganda,UGA,2017,5091861.914,11590015.68,1083543.73
Uganda,UGA,2018,5213183.693,10966789.74,1116262.16
Uganda,UGA,2019,5288253.751,10705517.62,1075386.681
Ukraine,UKR,1990,16876008.19,1346808.203,3349670.408
Ukraine,UKR,1991,17578933.05,1335623.009,3514215.106
Ukraine,UKR,1992,18246980.79,1324795.085,3691766.733
Ukraine,UKR,1993,18855778.77,1340545.568,3792581.787
Ukraine,UKR,1994,19418599.4,1390788.482,4008259.685
Ukraine,UKR,1995,20282479.43,1466543.504,4280034.522
Ukraine,UKR,1996,19899293.11,1459192.291,4151305.562
Ukraine,UKR,1997,19276736.75,1435792.031,3908042.855
Ukraine,UKR,1998,18404442.76,1372465.977,3701503.066
Ukraine,UKR,1999,18762967.67,1438157.953,3792765.956
Ukraine,UKR,2000,19117923.69,1504138.216,3880576.647
Ukraine,UKR,2001,18914355.11,1475901.036,3794205.082
Ukraine,UKR,2002,19150059.14,1446896.508,3746729.813
Ukraine,UKR,2003,19117507.94,1453838.212,3572333.536
Ukraine,UKR,2004,19419841.87,1489207.855,3510881.621
Ukraine,UKR,2005,19601692.02,1657489.627,3365664.441
Ukraine,UKR,2006,18947507.28,1631872.712,3171282.443
Ukraine,UKR,2007,19256047.94,1688969.755,3172920.11
Ukraine,UKR,2008,19132061.61,1688488.951,3022491.746
Ukraine,UKR,2009,17611611.19,1522581.55,2564710.174
Ukraine,UKR,2010,17050942.9,1445437.059,2362736.619
Ukraine,UKR,2011,16558788.61,1394747.137,2239060.684
Ukraine,UKR,2012,16558845.1,1369074.675,2206146.534
Ukraine,UKR,2013,16514830.92,1204938.86,2189977.632
Ukraine,UKR,2014,15881735.14,1258408.603,2542362.711
Ukraine,UKR,2015,18179882.61,1412922.908,2949060.324
Ukraine,UKR,2016,17760343.3,1390069.091,2833919.325
Ukraine,UKR,2017,17577101.86,1351307.581,2821131.91
Ukraine,UKR,2018,17715239.07,1315205.548,2736113.894
Ukraine,UKR,2019,17610060.43,1279508.704,2677198.106
United Arab Emirates,ARE,1990,275543.1867,71940.944,87767.61347
United Arab Emirates,ARE,1991,290114.0268,68005.29895,92385.63085
United Arab Emirates,ARE,1992,306057.2034,65620.81801,97213.65172
United Arab Emirates,ARE,1993,322856.8711,63045.54724,102123.0039
United Arab Emirates,ARE,1994,340835.2955,61344.55869,106431.4417
United Arab Emirates,ARE,1995,358324.0898,59437.24312,111108.3664
United Arab Emirates,ARE,1996,375532.6128,58208.82165,115566.0246
United Arab Emirates,ARE,1997,393576.807,58550.069,125535.03
United Arab Emirates,ARE,1998,413052.2435,60245.8812,126651.0783
United Arab Emirates,ARE,1999,435460.5259,61755.81765,134219.6787
United Arab Emirates,ARE,2000,458403.6613,63472.78016,137837.4829
United Arab Emirates,ARE,2001,481740.697,65271.90618,144678.1422
United Arab Emirates,ARE,2002,507749.1681,67064.5903,152185.2906
United Arab Emirates,ARE,2003,533947.1396,68604.42116,158023.1168
United Arab Emirates,ARE,2004,562289.6916,69572.28765,166721.145
United Arab Emirates,ARE,2005,589327.5708,70457.88461,169003.2636
United Arab Emirates,ARE,2006,649626.5382,75087.50001,191991.1658
United Arab Emirates,ARE,2007,758117.4827,85309.4171,243992.6959
United Arab Emirates,ARE,2008,905910.3494,99641.50678,304711.1375
United Arab Emirates,ARE,2009,1039224.776,111188.9093,358480.7623
United Arab Emirates,ARE,2010,1096321.032,114073.0531,367868.7222
United Arab Emirates,ARE,2011,1150518.741,115961.2856,372530.9678
United Arab Emirates,ARE,2012,1205051.188,117610.7481,375908.5945
United Arab Emirates,ARE,2013,1264983.466,118938.9347,375315.666
United Arab Emirates,ARE,2014,1319406.566,119748.5505,380725.336
United Arab Emirates,ARE,2015,1379068.245,120097.1008,380850.3024
United Arab Emirates,ARE,2016,1438908.361,120197.3136,381304.8012
United Arab Emirates,ARE,2017,1502019.101,120496.0835,382300.2933
United Arab Emirates,ARE,2018,1568154.315,120350.8875,382398.7028
United Arab Emirates,ARE,2019,1637717.399,120204.5115,382562.4092
United Kingdom,GBR,1990,17359627.2,1187476.724,1397779.36
United Kingdom,GBR,1991,17233145.92,1185444.293,1377832.169
United Kingdom,GBR,1992,17107474.65,1175751.884,1341343.166
United Kingdom,GBR,1993,17088612.26,1227338.616,1322283.653
United Kingdom,GBR,1994,16871784.9,1240869.89,1314475.783
United Kingdom,GBR,1995,16857856.46,1265576.012,1301952.432
United Kingdom,GBR,1996,16761997.22,1274776.195,1291841.251
United Kingdom,GBR,1997,16664266.54,1268848.36,1285078.121
United Kingdom,GBR,1998,16667241.5,1254119.874,1286913.907
United Kingdom,GBR,1999,16669479.64,1244926.381,1276487.711
United Kingdom,GBR,2000,16498920.86,1189711.991,1263735.718
United Kingdom,GBR,2001,16399003.09,1112338.812,1259910.056
United Kingdom,GBR,2002,16430129.64,1084666.866,1257323.273
United Kingdom,GBR,2003,16417159.67,1084310.57,1251409.155
United Kingdom,GBR,2004,16246383.11,1054566.562,1235315.803
United Kingdom,GBR,2005,16175728.55,1048445.021,1235891.417
United Kingdom,GBR,2006,16160663.05,1042261.586,1247052.262
United Kingdom,GBR,2007,16154797.37,1040437.692,1248457.667
United Kingdom,GBR,2008,16173966.93,1032945.394,1247804.837
United Kingdom,GBR,2009,16078148.87,1016576.253,1241980.854
United Kingdom,GBR,2010,16073404.35,1004807.323,1221344.509
United Kingdom,GBR,2011,16078595.31,996706.7636,1203634.567
United Kingdom,GBR,2012,16183374.25,989259.9784,1194374.991
United Kingdom,GBR,2013,16334511.96,984256.7143,1198171.475
United Kingdom,GBR,2014,16410158.58,980262.3801,1200015.451
United Kingdom,GBR,2015,16612137.64,997436.8871,1211396.082
United Kingdom,GBR,2016,16742623.76,1001216.916,1241383.178
United Kingdom,GBR,2017,16863088.23,1003700.033,1270755.977
United Kingdom,GBR,2018,17161465.67,1019009.136,1294478.196
United Kingdom,GBR,2019,17390579.55,1032897.071,1288814.641
United States,USA,1990,67282310.81,6270460.78,9935373.45
United States,USA,1991,67490943.09,6413573.04,9924106.887
United States,USA,1992,67708365.87,6523525.819,9792860.786
United States,USA,1993,68723488.25,6715931.966,9919218.426
United States,USA,1994,69262443.67,6867908.738,9879222.384
United States,USA,1995,70017949.79,6793971.313,9793011.862
United States,USA,1996,70434811.73,6158924.679,9589660.335
United States,USA,1997,71047773.99,5425829.85,9342587.86
United States,USA,1998,71991640.23,5251385.107,9128740.739
United States,USA,1999,73246081.4,5266013.891,8978493.902
United States,USA,2000,74217798.49,5185065.26,8971999.758
United States,USA,2001,75084511.16,5130329.574,9309465.84
United States,USA,2002,75985352.59,5161991.024,9181725.828
United States,USA,2003,76608660.74,5184451.513,9241871.801
United States,USA,2004,76706825.05,5139749.653,9226345.534
United States,USA,2005,77679918.33,5173587.737,9557153.091
United States,USA,2006,78323856.88,5174840.413,9483908.398
United States,USA,2007,78932934.29,5155211.536,9474762.89
United States,USA,2008,79951728.24,5090579.577,9357473.205
United States,USA,2009,80752382.91,4988516.172,9260416.675
United States,USA,2010,81408526.69,4853056.734,9180413.524
United States,USA,2011,82659770.15,4845739.015,9275729.967
United States,USA,2012,83800975.21,4839113.476,9300454.25
United States,USA,2013,85182531.4,4868199.407,9347766.062
United States,USA,2014,86706771.17,4890436.699,9469808.676
United States,USA,2015,88510700.99,4915047.69,9767940.254
United States,USA,2016,90538405.96,4954745.236,10076308.82
United States,USA,2017,91918644.11,4922672.638,10037852.7
United States,USA,2018,93958048.53,4932258.134,10022875.26
United States,USA,2019,95976524.31,4968922.314,10129022.26
United States Virgin Islands,VIR,1990,21185.84352,4471.836984,5076.305147
United States Virgin Islands,VIR,1991,21402.40544,4322.465985,5087.751537
United States Virgin Islands,VIR,1992,21785.18604,4227.910425,5015.795357
United States Virgin Islands,VIR,1993,22269.56054,4180.647445,4972.579748
United States Virgin Islands,VIR,1994,22866.68765,4206.532089,4983.518063
United States Virgin Islands,VIR,1995,23135.52663,4073.965296,5544.517986
United States Virgin Islands,VIR,1996,23605.26398,4025.272391,5162.185202
United States Virgin Islands,VIR,1997,23942.07758,3783.545724,5127.211217
United States Virgin Islands,VIR,1998,24356.30581,3642.034969,5097.392541
United States Virgin Islands,VIR,1999,24994.62264,3687.355472,5307.567107
United States Virgin Islands,VIR,2000,25392.2281,3676.42663,5219.911595
United States Virgin Islands,VIR,2001,25866.56138,3598.6106,5265.943471
United States Virgin Islands,VIR,2002,26132.80858,3466.662616,5217.561704
United States Virgin Islands,VIR,2003,26477.49898,3319.428245,5163.737298
United States Virgin Islands,VIR,2004,26884.9559,3238.067499,5130.375558
United States Virgin Islands,VIR,2005,27250.86712,3106.255598,5091.513603
United States Virgin Islands,VIR,2006,28060.95953,3049.057403,5007.413018
United States Virgin Islands,VIR,2007,30917.98607,2997.136562,3968.945202
United States Virgin Islands,VIR,2008,31392.69521,2929.09037,3942.787021
United States Virgin Islands,VIR,2009,31835.21055,2877.886477,3943.38234
United States Virgin Islands,VIR,2010,32276.7882,2853.239051,3955.335331
United States Virgin Islands,VIR,2011,32641.48469,2790.86188,3853.125396
United States Virgin Islands,VIR,2012,33084.69786,2753.455472,3823.719128
United States Virgin Islands,VIR,2013,33426.69453,2715.482015,3784.734257
United States Virgin Islands,VIR,2014,33752.85724,2687.224944,3750.951858
United States Virgin Islands,VIR,2015,34121.42306,2761.608461,3718.355298
United States Virgin Islands,VIR,2016,34127.13775,2621.249745,3668.696394
United States Virgin Islands,VIR,2017,34391.89299,2561.227627,3972.285263
United States Virgin Islands,VIR,2018,34591.26697,2520.788957,3654.169213
United States Virgin Islands,VIR,2019,34745.49542,2483.914681,3627.106589
Uruguay,URY,1990,809707.2365,119832.4646,132500.2081
Uruguay,URY,1991,806680.667,121092.8061,130493.368
Uruguay,URY,1992,812778.9647,116336.0842,134713.6795
Uruguay,URY,1993,822433.7401,119044.7386,140057.5932
Uruguay,URY,1994,818965.7477,116069.8107,141289.3771
Uruguay,URY,1995,824050.4702,116455.3167,142081.4802
Uruguay,URY,1996,821406.7859,114312.2676,141096.7674
Uruguay,URY,1997,817569.8788,109571.6158,145452.8682
Uruguay,URY,1998,826551.2914,106919.7284,142712.2462
Uruguay,URY,1999,825299.116,102540.764,139647.6795
Uruguay,URY,2000,816269.6108,99060.74025,135373.7698
Uruguay,URY,2001,813401.7161,98023.06045,132065.565
Uruguay,URY,2002,818923.0761,97607.5137,132655.3155
Uruguay,URY,2003,825732.2867,100127.8868,129793.5966
Uruguay,URY,2004,823377.2631,95133.8529,127726.1115
Uruguay,URY,2005,817561.7884,91430.1868,126492.0058
Uruguay,URY,2006,810110.4066,85863.95372,127296.2221
Uruguay,URY,2007,824557.6469,88219.806,130775.6215
Uruguay,URY,2008,812102.5131,84841.97533,129816.9201
Uruguay,URY,2009,807971.4695,82625.99792,130713.1106
Uruguay,URY,2010,814647.5696,83475.84609,132756.4858
Uruguay,URY,2011,825602.4979,83963.23531,136370.79
Uruguay,URY,2012,827044.3009,82595.26164,138621.5917
Uruguay,URY,2013,826341.4333,80229.51106,138608.9745
Uruguay,URY,2014,824476.11,77652.96315,136578.4839
Uruguay,URY,2015,831733.848,76504.12099,136599.4431
Uruguay,URY,2016,834572.3195,76600.73202,135291.1885
Uruguay,URY,2017,842492.7736,75921.40444,133496.6238
Uruguay,URY,2018,848692.8281,74904.44171,131804.5113
Uruguay,URY,2019,857057.5214,74036.97803,130120.4922
Uzbekistan,UZB,1990,3445972.558,3347152.393,931354.977
Uzbekistan,UZB,1991,3605274.526,3326474.523,939557.3078
Uzbekistan,UZB,1992,3813839.343,3349058.219,944837.9707
Uzbekistan,UZB,1993,4113205.781,3374040.486,972349.365
Uzbekistan,UZB,1994,4385346.517,3382156.646,987444.3392
Uzbekistan,UZB,1995,4587303.857,3391182.729,1009226.91
Uzbekistan,UZB,1996,4778921.348,3342030.821,1041430.035
Uzbekistan,UZB,1997,4842565.608,3249198.09,1038598
Uzbekistan,UZB,1998,4928405.387,3158477.339,1047389.518
Uzbekistan,UZB,1999,4997305.329,3048523.659,1053849.202
Uzbekistan,UZB,2000,5188662.775,2960465.798,1084436.192
Uzbekistan,UZB,2001,5317644.419,2865791.811,1069725.165
Uzbekistan,UZB,2002,5473093.265,2799471.903,1066204.542
Uzbekistan,UZB,2003,5617673.338,2760204.913,1052570.767
Uzbekistan,UZB,2004,5755934.149,2727333.547,1062729.35
Uzbekistan,UZB,2005,5988537.431,2714642.35,1084746.327
Uzbekistan,UZB,2006,5926179.328,2679347.729,1057376.991
Uzbekistan,UZB,2007,5959510.116,2646273.928,1057431.72
Uzbekistan,UZB,2008,5970965.951,2597441.213,1038962.748
Uzbekistan,UZB,2009,5943333.099,2537001.566,1018359.371
Uzbekistan,UZB,2010,5986582.337,2478444.373,1016841.981
Uzbekistan,UZB,2011,6141571.016,2432981.625,1023657.31
Uzbekistan,UZB,2012,6292295.349,2375124.424,1046763.64
Uzbekistan,UZB,2013,6372448.633,2312223.41,1052822.923
Uzbekistan,UZB,2014,6486328.235,2254922.841,1048503.798
Uzbekistan,UZB,2015,6599658.847,2189289.618,1077251.105
Uzbekistan,UZB,2016,6726519.516,2117923.619,1096097.052
Uzbekistan,UZB,2017,6832682.067,2041644.672,1089076.859
Uzbekistan,UZB,2018,6953481.721,1972919.214,1084747.952
Uzbekistan,UZB,2019,7059738.931,1913988.835,1087494.198
Vanuatu,VUT,1990,28388.79685,27681.7495,5823.550133
Vanuatu,VUT,1991,29909.92472,26663.38478,6312.011615
Vanuatu,VUT,1992,31302.70985,26050.71812,6858.723516
Vanuatu,VUT,1993,32452.05851,25800.61139,7280.751177
Vanuatu,VUT,1994,33874.51071,25143.68278,7350.576046
Vanuatu,VUT,1995,34470.87791,25674.24859,7514.338589
Vanuatu,VUT,1996,35636.73631,25671.14025,7779.176531
Vanuatu,VUT,1997,36594.70022,25973.34539,14475.52185
Vanuatu,VUT,1998,37596.13747,26106.9927,8370.297033
Vanuatu,VUT,1999,39093.34235,25932.07632,11603.81105
Vanuatu,VUT,2000,39540.41059,27022.60942,8939.158243
Vanuatu,VUT,2001,40980.93818,27165.71884,9316.86775
Vanuatu,VUT,2002,41071.55591,29206.94676,9122.653209
Vanuatu,VUT,2003,41554.30755,30743.30719,9029.130698
Vanuatu,VUT,2004,42894.70293,31285.57809,9293.580305
Vanuatu,VUT,2005,45276.84021,30569.41186,9632.522778
Vanuatu,VUT,2006,47069.05999,30166.57561,9876.87444
Vanuatu,VUT,2007,49358.12788,29080.81554,10360.80171
Vanuatu,VUT,2008,51265.33857,28659.69849,10623.81473
Vanuatu,VUT,2009,52843.30998,28748.08318,10802.6629
Vanuatu,VUT,2010,54428.35116,28250.08084,10985.23713
Vanuatu,VUT,2011,56563.8675,27590.94831,11241.17276
Vanuatu,VUT,2012,58051.90962,27274.50317,11318.49023
Vanuatu,VUT,2013,59693.83924,26851.54156,11464.4084
Vanuatu,VUT,2014,61338.91031,26451.29962,12370.09703
Vanuatu,VUT,2015,62843.49018,26435.49087,12433.0564
Vanuatu,VUT,2016,64585.52591,26150.21956,12069.1695
Vanuatu,VUT,2017,66130.7262,26047.19286,12256.16281
Vanuatu,VUT,2018,67688.09844,25984.62809,12390.39895
Vanuatu,VUT,2019,69213.56335,26032.55517,12484.17657
Venezuela,VEN,1990,2840184.192,1619840.191,931188.7661
Venezuela,VEN,1991,2891156.164,1387493.568,941398.66
Venezuela,VEN,1992,2987328.853,1413967.596,994201.3176
Venezuela,VEN,1993,3069803.451,1456868.087,1056433.23
Venezuela,VEN,1994,3197372.822,1550627.547,1135094.158
Venezuela,VEN,1995,3269393.77,1524868.497,1116107.83
Venezuela,VEN,1996,3304811.646,1480670.631,1072089.458
Venezuela,VEN,1997,3319753.475,1412136.01,1029318.728
Venezuela,VEN,1998,3427907.804,1386497.773,1085080.715
Venezuela,VEN,1999,3497269.746,1307573.173,2942295.239
Venezuela,VEN,2000,3567126.817,1252130.093,1300649.262
Venezuela,VEN,2001,3690940.487,1250095.462,1377141.923
Venezuela,VEN,2002,3811542.324,1236981.686,1372051.897
Venezuela,VEN,2003,3974628.83,1373956.497,1473789.49
Venezuela,VEN,2004,3941144.432,1244667.544,1405012.726
Venezuela,VEN,2005,4026178.171,1182792.16,1359173.022
Venezuela,VEN,2006,4191728.663,1145988.103,1395520.768
Venezuela,VEN,2007,4350109.04,1164001.332,1463802.618
Venezuela,VEN,2008,4532754.42,1173557.385,1531391.943
Venezuela,VEN,2009,4630103.452,1203735.652,1571434.895
Venezuela,VEN,2010,4627571.545,1215331.501,1604640.816
Venezuela,VEN,2011,4748177.011,1219102.562,1630406.588
Venezuela,VEN,2012,4919911.118,1229276.529,1727950.376
Venezuela,VEN,2013,5010428.741,1233891.737,1757033.894
Venezuela,VEN,2014,5170194.652,1234937.447,1751040.051
Venezuela,VEN,2015,5296528.111,1209408.999,1748960.039
Venezuela,VEN,2016,5381237.326,1152306.47,1647635.701
Venezuela,VEN,2017,5412246.954,1090456.941,1544521.914
Venezuela,VEN,2018,5511802.007,1061096.818,1506027.161
Venezuela,VEN,2019,5769235.136,1062596.22,1477324.982
Vietnam,VNM,1990,10875558.32,8563879.651,2937542.928
Vietnam,VNM,1991,11011666.77,8252371.713,2950667.518
Vietnam,VNM,1992,11139607.16,7933348.749,2887428.484
Vietnam,VNM,1993,11278163.83,7593904.147,2856584.266
Vietnam,VNM,1994,11422678.62,7274625.057,2820895.508
Vietnam,VNM,1995,11572062.29,6949258.66,2786359.229
Vietnam,VNM,1996,11738701.49,6645873.103,2797333.251
Vietnam,VNM,1997,11902770.04,6340638.887,2935027.191
Vietnam,VNM,1998,12077741.76,6089651.966,2724327.201
Vietnam,VNM,1999,12273777.17,5823938.869,2729827.736
Vietnam,VNM,2000,12468739.73,5628826.37,2688849.81
Vietnam,VNM,2001,12763734.45,5466480.611,2704748.482
Vietnam,VNM,2002,13075489.28,5324552.558,2725612.161
Vietnam,VNM,2003,13434886.98,5164997.295,2804478.477
Vietnam,VNM,2004,13807772.03,5018633.656,2876652.319
Vietnam,VNM,2005,14154591.85,4927531.217,2926027.744
Vietnam,VNM,2006,14490524.09,4863279.112,2950251.744
Vietnam,VNM,2007,14884172.18,4779188.669,3005583.987
Vietnam,VNM,2008,15277495.04,4656562.963,3094544.828
Vietnam,VNM,2009,15665668.89,4532433.041,3127554.215
Vietnam,VNM,2010,16008602.35,4397798.888,3146870.041
Vietnam,VNM,2011,16367289.36,4303663.952,3157833.628
Vietnam,VNM,2012,16727175.25,4169813.688,3164890.139
Vietnam,VNM,2013,17101850.03,4074775.194,3144255.009
Vietnam,VNM,2014,17497680.01,3923026.731,3128545.469
Vietnam,VNM,2015,17852566.19,3771358.827,3137512.236
Vietnam,VNM,2016,18243139.86,3638231.183,3144550.876
Vietnam,VNM,2017,18633103.08,3504320.892,3145771.921
Vietnam,VNM,2018,19029269.74,3376954.297,3131023.143
Vietnam,VNM,2019,19429515.98,3281846.282,3100141.169
Wales,,1990,900933.9837,56677.73347,66587.92016
Wales,,1991,895346.574,56586.80096,68237.67475
Wales,,1992,893561.0217,56723.10736,65825.7069
Wales,,1993,895529.4151,59785.55326,65587.84582
Wales,,1994,885642.5975,60892.05737,65296.83546
Wales,,1995,884143.9899,62379.72285,66285.57095
Wales,,1996,876195.6683,63170.04696,65432.45201
Wales,,1997,870931.6878,63460.14624,65400.22462
Wales,,1998,868752.4897,62618.77898,66137.88549
Wales,,1999,871093.0779,62078.38963,65932.37187
Wales,,2000,860908.1844,59125.54305,65373.64264
Wales,,2001,854803.1564,54438.92165,64458.0491
Wales,,2002,853884.9868,52974.05388,63821.95479
Wales,,2003,851667.2428,52893.68569,64430.72524
Wales,,2004,845297.0476,52000.09742,63552.18414
Wales,,2005,841682.2576,51826.48406,63296.48222
Wales,,2006,837000.9919,51126.32356,64220.65109
Wales,,2007,836645.1732,51491.48394,64300.02548
Wales,,2008,836858.8042,51322.0969,63771.77109
Wales,,2009,833831.7735,51107.71675,63547.88941
Wales,,2010,831991.7883,50906.20571,63482.87536
Wales,,2011,833153.9562,50970.77634,63210.66999
Wales,,2012,839699.7277,51433.8691,63136.65703
Wales,,2013,847254.9092,51668.65933,62649.45494
Wales,,2014,845740.4206,51322.82616,61638.42755
Wales,,2015,853766.1141,52357.88757,62944.29599
Wales,,2016,856897.8328,52300.86455,64255.91736
Wales,,2017,862779.8057,52460.85895,65414.34499
Wales,,2018,875018.851,52873.74407,65795.41536
Wales,,2019,885705.3997,53459.7676,65984.37203
Western Pacific Region (WHO),,1990,319211753.4,142474232.3,70631994.48
Western Pacific Region (WHO),,1991,322526618.1,138572070.2,70155199.78
Western Pacific Region (WHO),,1992,325334304.3,132999096.1,68522334.34
Western Pacific Region (WHO),,1993,327785811.4,126673533.5,67820150.6
Western Pacific Region (WHO),,1994,330110193.1,120772731,68076314.51
Western Pacific Region (WHO),,1995,333125870.6,114212628.5,68120482.21
Western Pacific Region (WHO),,1996,335782497.3,107583900.8,67103486
Western Pacific Region (WHO),,1997,337658408.8,100769646,65862062.19
Western Pacific Region (WHO),,1998,341159923.7,94604717.54,65578209.44
Western Pacific Region (WHO),,1999,346336866.4,88479890.16,64447483.83
Western Pacific Region (WHO),,2000,352204097.5,83039052.21,63724337.43
Western Pacific Region (WHO),,2001,355864963.3,77672322.76,62193619.83
Western Pacific Region (WHO),,2002,360046958.6,72611929.98,60881662.28
Western Pacific Region (WHO),,2003,364479994.9,68050932.08,60722129.23
Western Pacific Region (WHO),,2004,370573501.1,64658103.59,61008824.67
Western Pacific Region (WHO),,2005,373093992.9,61492317.05,60069318.29
Western Pacific Region (WHO),,2006,371498155,58720091.31,58662068.19
Western Pacific Region (WHO),,2007,372387446,56250123.34,57641811.31
Western Pacific Region (WHO),,2008,376196900.4,54422986.41,61905948.89
Western Pacific Region (WHO),,2009,380615343,52882802.63,57545535.38
Western Pacific Region (WHO),,2010,385917461.1,51098384.24,56938340.73
Western Pacific Region (WHO),,2011,390356321.3,49906381.09,55500258.87
Western Pacific Region (WHO),,2012,393361416.5,48932123.82,53639560.25
Western Pacific Region (WHO),,2013,396622266.2,47822639.97,53099683.17
Western Pacific Region (WHO),,2014,400883463.1,46830830.92,51775493.88
Western Pacific Region (WHO),,2015,405238397.1,46997252.86,50929437.31
Western Pacific Region (WHO),,2016,412139076.9,46973293.93,50867590.36
Western Pacific Region (WHO),,2017,418157606,45508100.03,50700633.54
Western Pacific Region (WHO),,2018,424153579.2,43871645.09,50524013.34
Western Pacific Region (WHO),,2019,431431334.1,42926763.55,50432854.76
World,OWID_WRL,1990,1119788873,1203278170,270411008.9
World,OWID_WRL,1991,1133995031,1196744199,275916963
World,OWID_WRL,1992,1150759737,1186349293,267099093.8
World,OWID_WRL,1993,1171789370,1171290575,270929999.2
World,OWID_WRL,1994,1189305830,1159414998,305820204.4
World,OWID_WRL,1995,1201058042,1153443251,273276736.5
World,OWID_WRL,1996,1211345841,1141356472,271848005.8
World,OWID_WRL,1997,1224315639,1130643452,271902017.2
World,OWID_WRL,1998,1236782712,1120685921,274993790.9
World,OWID_WRL,1999,1254320795,1109396219,279510490.4
World,OWID_WRL,2000,1271917122,1095394399,275328537.6
World,OWID_WRL,2001,1287484406,1079651110,270800183.3
World,OWID_WRL,2002,1306232675,1062799426,268292384.1
World,OWID_WRL,2003,1322635358,1042762556,267858060.2
World,OWID_WRL,2004,1335035887,1023640625,279028921.1
World,OWID_WRL,2005,1354908665,1003668861,270030371.4
World,OWID_WRL,2006,1363884513,979381635.3,263868017.1
World,OWID_WRL,2007,1377309971,952838035.4,262450254.6
World,OWID_WRL,2008,1396451987,927815540.7,273990347.3
World,OWID_WRL,2009,1408716911,900780586.9,260673854.9
World,OWID_WRL,2010,1426538901,877133361.6,272866382.9
World,OWID_WRL,2011,1443327263,853395517.3,257257944.1
World,OWID_WRL,2012,1460680044,825952178.3,257484516.2
World,OWID_WRL,2013,1478929374,802332967.6,255642028.8
World,OWID_WRL,2014,1496704212,778577210.9,254870363.7
World,OWID_WRL,2015,1522734644,756948583.5,253420354.8
World,OWID_WRL,2016,1546159391,731379843.6,252968463.3
World,OWID_WRL,2017,1567395158,707800371.5,252003254.8
World,OWID_WRL,2018,1593366797,685307898.2,250815170.9
World,OWID_WRL,2019,1620165811,668730453.8,249123806
World Bank High Income,,1990,250750713.9,21990624.87,37449270.96
World Bank High Income,,1991,251828220.6,21880561.71,37456810.76
World Bank High Income,,1992,252297379.4,21730623.21,36906157.28
World Bank High Income,,1993,253940784.8,21706037.24,36798992.38
World Bank High Income,,1994,254731143.7,21697362.67,36664587.53
World Bank High Income,,1995,256409908.7,21380590.34,36514452.16
World Bank High Income,,1996,256624810.7,20329728.21,35769124.98
World Bank High Income,,1997,257276440.9,18841591.46,35294149.18
World Bank High Income,,1998,259199093.8,18291468.05,34937987.06
World Bank High Income,,1999,261261871.6,18131442.16,34628169.87
World Bank High Income,,2000,261776291.1,17727574.73,34128743.88
World Bank High Income,,2001,262860485.2,17346147.74,34245062.62
World Bank High Income,,2002,264581130.9,17176000.76,33925140.33
World Bank High Income,,2003,266414621.5,17139360.48,33820137.22
World Bank High Income,,2004,266410490.8,16892239.64,33499625.55
World Bank High Income,,2005,268417615.9,16874594.3,33709033.44
World Bank High Income,,2006,269577152.4,16769243.47,33536826.54
World Bank High Income,,2007,271590647.9,16763083.48,33490985.68
World Bank High Income,,2008,273709187.4,16687835.63,33380045.57
World Bank High Income,,2009,275479287.9,16532827.06,33263013.42
World Bank High Income,,2010,276857367.8,16344410.75,32967627.02
World Bank High Income,,2011,279381205.1,16317461.57,33248376.06
World Bank High Income,,2012,281817370.3,16288536.17,32695891.72
World Bank High Income,,2013,284239268.3,16269024.09,32513524.4
World Bank High Income,,2014,286587622.5,16241015.3,32601729.21
World Bank High Income,,2015,290790233,16345515.76,32981667.94
World Bank High Income,,2016,294016903,16388159.68,33265234.11
World Bank High Income,,2017,297329074.3,16280536.16,33506232.86
World Bank High Income,,2018,302003723,16329331.11,33652917.88
World Bank High Income,,2019,306410001.8,16409398.37,33948522.69
World Bank Low Income,,1990,65339385.93,256107179.6,22980896.73
World Bank Low Income,,1991,66428678.94,260358253.6,21045745.87
World Bank Low Income,,1992,67782822.49,264424309,19457267.56
World Bank Low Income,,1993,68959700.46,268948503.7,19618562.62
World Bank Low Income,,1994,70001587.71,274627497.3,54017836.03
World Bank Low Income,,1995,71066627.26,282760924.6,21239092.29
World Bank Low Income,,1996,72098827.86,287052588.3,23416003.6
World Bank Low Income,,1997,73063505.86,289859009,23621457.22
World Bank Low Income,,1998,74082802.9,291472419.2,24422265.42
World Bank Low Income,,1999,75028017.84,291976989,26418638.75
World Bank Low Income,,2000,75892576.81,290565523.2,25674188.63
World Bank Low Income,,2001,77042034.01,288550776.2,22184745.35
World Bank Low Income,,2002,78377976.19,285848093.8,23117418.48
World Bank Low Income,,2003,80007203.7,279506765.2,22853405.61
World Bank Low Income,,2004,81616313.05,274842768.1,22835005.85
World Bank Low Income,,2005,83192219.38,269258885.2,22620506.98
World Bank Low Income,,2006,84697950.34,262826667.6,22353756.1
World Bank Low Income,,2007,86214248.07,256345538,22639008.33
World Bank Low Income,,2008,87721391.72,249809350.1,22937141.71
World Bank Low Income,,2009,89310638.92,244146389.5,23543538.27
World Bank Low Income,,2010,90824390.63,239286854.6,36620481.26
World Bank Low Income,,2011,92699191.22,233516267.9,23346781.63
World Bank Low Income,,2012,94649353.4,225890796.7,23874618.7
World Bank Low Income,,2013,96806067.78,219247000,24631724.93
World Bank Low Income,,2014,98859401.72,213783134.3,25374939.38
World Bank Low Income,,2015,100802202.8,207693471.9,26220459.57
World Bank Low Income,,2016,102958639.4,202789232.5,26422612.8
World Bank Low Income,,2017,105000718.2,196746545.7,26659701.63
World Bank Low Income,,2018,107211664.9,190964442.7,26554043.89
World Bank Low Income,,2019,109315895.8,187426320.8,26016760.34
World Bank Lower Middle Income,,1990,360409432.3,722656798.3,97276455.8
World Bank Lower Middle Income,,1991,367424279.6,718089137.7,107115506.4
World Bank Lower Middle Income,,1992,374887913.5,711796199.4,99179855.5
World Bank Lower Middle Income,,1993,382000708.1,699636963.8,101198139.9
World Bank Lower Middle Income,,1994,389432210.8,688249123.2,99371940.28
World Bank Lower Middle Income,,1995,395901745.6,681411060.7,99865182.33
World Bank Lower Middle Income,,1996,403263452.4,673344811.7,99769158.69
World Bank Lower Middle Income,,1997,413561313.1,668230299.2,102531008
World Bank Lower Middle Income,,1998,419289003.6,663078138.1,105895483.4
World Bank Lower Middle Income,,1999,424730087,656593312,105165954.7
World Bank Lower Middle Income,,2000,432378244.3,649064797.5,105385027.5
World Bank Lower Middle Income,,2001,440420548.3,640587756.3,105896537.4
World Bank Lower Middle Income,,2002,448599021.8,630775162.7,103524194.3
World Bank Lower Middle Income,,2003,454630217.9,620691983.8,101896943.8
World Bank Lower Middle Income,,2004,459815798.5,610252688.4,115186034.3
World Bank Lower Middle Income,,2005,471293757,599629232.1,108087946.8
World Bank Lower Middle Income,,2006,481833629.6,586590821.1,104932705.4
World Bank Lower Middle Income,,2007,492283989.6,571198219,104880704.4
World Bank Lower Middle Income,,2008,502769713.9,556757007.6,113984282.2
World Bank Lower Middle Income,,2009,507802988.9,539716935.1,105983401.9
World Bank Lower Middle Income,,2010,516610592.6,525314791,105765180
World Bank Lower Middle Income,,2011,527000999.6,510997915.1,106403690.6
World Bank Lower Middle Income,,2012,536987656.8,494037938.2,109148246.3
World Bank Lower Middle Income,,2013,546619717.6,479684307.1,107725749.8
World Bank Lower Middle Income,,2014,553531871.4,463471702.5,105837134.4
World Bank Lower Middle Income,,2015,568103429.9,448926652.8,105464585.5
World Bank Lower Middle Income,,2016,577733542.8,429169181.4,104969876.8
World Bank Lower Middle Income,,2017,587461648,414752765.5,104728903.9
World Bank Lower Middle Income,,2018,599106335,401164189.7,105315530.3
World Bank Lower Middle Income,,2019,609845452.6,390133710.8,104536709.8
World Bank Upper Middle Income,,1990,442692828.5,201948166,112561280.4
World Bank Upper Middle Income,,1991,447710764.8,195836923.7,110156914.6
World Bank Upper Middle Income,,1992,455179710.1,187818416.2,111416561
World Bank Upper Middle Income,,1993,466266591.5,180416743.9,113171546.4
World Bank Upper Middle Income,,1994,474512233.4,174255251.4,115596624.3
World Bank Upper Middle Income,,1995,477041946.1,167304613.9,115516581.6
World Bank Upper Middle Income,,1996,478711312.5,160046898.9,112751245.7
World Bank Upper Middle Income,,1997,479757374.7,153133641.1,110309712.6
World Bank Upper Middle Income,,1998,483542079.5,147264875,109585467.3
World Bank Upper Middle Income,,1999,492617310.2,142119120,113150635.9
World Bank Upper Middle Income,,2000,501175627.3,137463533.4,109995004.3
World Bank Upper Middle Income,,2001,506452525.1,132596650.8,108330078.9
World Bank Upper Middle Income,,2002,513953015.5,128434493.4,107581532.3
World Bank Upper Middle Income,,2003,520843515.8,124862991.1,109139446.5
World Bank Upper Middle Income,,2004,526437082.2,121096606.8,107330030.5
World Bank Upper Middle Income,,2005,531232438,117359712.8,105462290
World Bank Upper Middle Income,,2006,526991568.3,112659493.5,102892629.8
World Bank Upper Middle Income,,2007,526422715.4,108009237.7,101284929.7
World Bank Upper Middle Income,,2008,531440079.5,104050824.6,103523075.4
World Bank Upper Middle Income,,2009,535301328.8,99881657.78,97728837.6
World Bank Upper Middle Income,,2010,541415792.5,95689910.01,96885720.31
World Bank Upper Middle Income,,2011,543405434,92066734.62,94102071.95
World Bank Upper Middle Income,,2012,546373180.7,89265060.94,91604254.38
World Bank Upper Middle Income,,2013,550398495.5,86670883.38,90610243.42
World Bank Upper Middle Income,,2014,556845777.9,84631483.04,90893923.72
World Bank Upper Middle Income,,2015,562142743.2,83541852.62,88590621.97
World Bank Upper Middle Income,,2016,570540592.6,82600294.07,88143994.47
World Bank Upper Middle Income,,2017,576678483.7,79600542.42,86940332.92
World Bank Upper Middle Income,,2018,584103577.6,76441489.55,85129861.18
World Bank Upper Middle Income,,2019,593637991.5,74360110.73,84461745.02
Yemen,YEM,1990,2943682.677,7241495.075,989905.1544
Yemen,YEM,1991,2982161.029,7188451.158,984783.8443
Yemen,YEM,1992,3029282.032,7137625.542,994691.4202
Yemen,YEM,1993,3074650.274,7107207.431,987589.9343
Yemen,YEM,1994,3119698.361,7052224.152,1093314.157
Yemen,YEM,1995,3167896.151,6974340.479,999882.7156
Yemen,YEM,1996,3220313.705,6911441.464,1022008.401
Yemen,YEM,1997,3275967.312,6849385.829,1002940.764
Yemen,YEM,1998,3324195.753,6759657.496,1023782.244
Yemen,YEM,1999,3385683.854,6634590.19,1017428.256
Yemen,YEM,2000,3448409.297,6514970.611,1027446.849
Yemen,YEM,2001,3512754.574,6390690.461,1034133.335
Yemen,YEM,2002,3625842.645,6197308.831,1078040.111
Yemen,YEM,2003,3705519.472,6087009.455,1097634.271
Yemen,YEM,2004,3786055.408,5956623.13,1101824.855
Yemen,YEM,2005,3860164.436,5796718.879,1109374.612
Yemen,YEM,2006,3946880.095,5656972.105,1115952.178
Yemen,YEM,2007,4081281.997,5459702.254,1188748.524
Yemen,YEM,2008,4201740.803,5301899.264,1227492.633
Yemen,YEM,2009,4269981.185,5209304.782,1222722.598
Yemen,YEM,2010,4307799.071,5102203.125,1206172.381
Yemen,YEM,2011,4407702.785,4950828.582,1310527.113
Yemen,YEM,2012,4476776.638,4832412.034,1389317.377
Yemen,YEM,2013,4589408.52,4607041.094,1274331.919
Yemen,YEM,2014,4662830.486,4445562.855,1424459.833
Yemen,YEM,2015,4792757.705,4282169.46,1774899.593
Yemen,YEM,2016,4903728.723,4222794.065,2333896.18
Yemen,YEM,2017,5029621.421,4258650.819,2447706.893
Yemen,YEM,2018,5165628.164,4086031.322,2857174.082
Yemen,YEM,2019,5278869.569,4086199.755,2259481.356
Zambia,ZMB,1990,1433664.409,6474971.377,355687.2748
Zambia,ZMB,1991,1472069.172,6900081.601,358627.4339
Zambia,ZMB,1992,1503238.894,7284982.381,364751.5257
Zambia,ZMB,1993,1528527.286,7543185.411,369502.3942
Zambia,ZMB,1994,1556384.737,7882922.199,373534.5665
Zambia,ZMB,1995,1582479.758,8223531.798,378421.3261
Zambia,ZMB,1996,1601390.859,8496569.58,386109.4823
Zambia,ZMB,1997,1614590.925,8703117.548,380322.9984
Zambia,ZMB,1998,1629849.152,8880683.5,380881.8379
Zambia,ZMB,1999,1642403.459,9051363.973,381799.2752
Zambia,ZMB,2000,1661553.98,9108812.895,383794.9349
Zambia,ZMB,2001,1678493.064,9409758.137,391890.7396
Zambia,ZMB,2002,1705971.185,9112680.038,386299.8624
Zambia,ZMB,2003,1751025.272,8969310.665,402061.1484
Zambia,ZMB,2004,1814024.875,8697366.777,417552.3221
Zambia,ZMB,2005,1863803.536,8445949.533,437126.8911
Zambia,ZMB,2006,1919620.325,8145660.104,441060.4078
Zambia,ZMB,2007,1955771.982,7665265.029,446885.2556
Zambia,ZMB,2008,2001264.173,7043666.794,451612.0497
Zambia,ZMB,2009,2032598.375,6594447.329,448760.5135
Zambia,ZMB,2010,2091138.618,6343330.615,454697.472
Zambia,ZMB,2011,2153563.555,6091832.773,468173.4496
Zambia,ZMB,2012,2191035.352,5845327.005,463128.6109
Zambia,ZMB,2013,2252997.101,5620478.82,470975.9982
Zambia,ZMB,2014,2306969.213,5484188.872,477110.3609
Zambia,ZMB,2015,2366657.887,5382022.476,487045.929
Zambia,ZMB,2016,2435959.903,5256716.782,493151.8583
Zambia,ZMB,2017,2515400.803,5152430.901,500913.9384
Zambia,ZMB,2018,2576394.125,4986249.825,504640.6758
Zambia,ZMB,2019,2649687.816,4837094.003,510982.749
Zimbabwe,ZWE,1990,1291611.937,3460358.305,368256.0389
Zimbabwe,ZWE,1991,1315766.171,3755572.484,368841.5842
Zimbabwe,ZWE,1992,1354486.102,4183978.181,370681.9397
Zimbabwe,ZWE,1993,1370611.695,4733183.918,361511.5847
Zimbabwe,ZWE,1994,1407219.596,5254011.808,378644.4997
Zimbabwe,ZWE,1995,1428738.063,5881368.053,382374.2296
Zimbabwe,ZWE,1996,1429144.468,6552438.863,358209.8393
Zimbabwe,ZWE,1997,1450952.067,7009553.298,358188.7258
Zimbabwe,ZWE,1998,1496537.628,7560608.005,379361.7967
Zimbabwe,ZWE,1999,1548662.163,8029663.558,392939.4498
Zimbabwe,ZWE,2000,1610135.179,8444775.662,419094.8523
Zimbabwe,ZWE,2001,1641713.172,8698108.218,415710.2146
Zimbabwe,ZWE,2002,1687422.173,8931698.075,428020.8199
Zimbabwe,ZWE,2003,1721984.419,9081924.111,427960.6904
Zimbabwe,ZWE,2004,1762435.55,9149877.926,427304.48
Zimbabwe,ZWE,2005,1783247.78,9044541.656,433277.1751
Zimbabwe,ZWE,2006,1826192.454,8822462.08,443334.0332
Zimbabwe,ZWE,2007,1865665.767,8495066.949,456047.0061
Zimbabwe,ZWE,2008,1953714.528,8201565.328,526598.3222
Zimbabwe,ZWE,2009,1997505.287,7759798.128,516331.8259
Zimbabwe,ZWE,2010,2026311.5,6911187.157,522321.9934
Zimbabwe,ZWE,2011,2047951.438,6198229.831,535671.8649
Zimbabwe,ZWE,2012,2073488.745,5658194.132,538461.9206
Zimbabwe,ZWE,2013,2091782.641,5320259.073,540075.162
Zimbabwe,ZWE,2014,2133039.24,5116508.561,537357.5321
Zimbabwe,ZWE,2015,2183134.862,4914787.341,558777.6847
Zimbabwe,ZWE,2016,2231062.453,4705251.429,576934.8736
Zimbabwe,ZWE,2017,2272515.939,4521261.679,602042.8904
Zimbabwe,ZWE,2018,2314452.553,4303993.57,595808.2441
Zimbabwe,ZWE,2019,2364031.476,4187087.311,644798.9347